date,symbol,future,spot,days,ann_pct
2021-02-03,BTCUSDT_210326,38664.1000,37618.8700,50.3333,20.1485
2021-02-04,BTCUSDT_210326,38328.3000,36936.6600,49.3333,27.8754
2021-02-05,BTCUSDT_210326,39848.1000,38290.2400,48.3333,30.7246
2021-02-06,BTCUSDT_210326,41245.1000,39186.9400,47.3333,40.5008
2021-02-07,BTCUSDT_210326,40592.0000,38795.6900,46.3333,36.4752
2021-02-08,BTCUSDT_210326,48946.5000,46374.8700,45.3333,44.6479
2021-02-09,BTCUSDT_210326,48922.2000,46420.4200,44.3333,44.3713
2021-02-10,BTCUSDT_210326,47261.5000,44807.5800,43.3333,46.1296
2021-02-11,BTCUSDT_210326,50824.9000,47969.5100,42.3333,51.3228
2021-02-12,BTCUSDT_210326,50232.5000,47287.6000,41.3333,54.9941
2021-02-13,BTCUSDT_210326,50071.1000,47153.6900,40.3333,55.9900
2021-02-14,BTCUSDT_210326,51738.4000,48577.7900,39.3333,60.3761
2021-02-15,BTCUSDT_210326,50815.0000,47911.1000,38.3333,57.7114
2021-02-16,BTCUSDT_210326,52111.9000,49133.4500,37.3333,59.2665
2021-02-17,BTCUSDT_210326,55612.5000,52119.7100,36.3333,67.3222
2021-02-18,BTCUSDT_210326,54481.4000,51552.6000,35.3333,58.6877
2021-02-19,BTCUSDT_210326,58598.0000,55906.0000,34.3333,51.1910
2021-02-20,BTCUSDT_210326,58277.5000,55841.1900,33.3333,47.7740
2021-02-21,BTCUSDT_210326,59954.8000,57408.5700,32.3333,50.0684
2021-02-22,BTCUSDT_210326,56512.3000,54087.6700,31.3333,52.2196
2021-02-23,BTCUSDT_210326,50848.8000,48891.0000,30.3333,48.1850
2021-02-24,BTCUSDT_210326,51504.1000,49676.2000,29.3333,45.7863
2021-02-25,BTCUSDT_210326,48682.0000,47073.7300,28.3333,44.0124
2021-02-26,BTCUSDT_210326,47569.4000,46276.8700,27.3333,37.2973
2021-02-27,BTCUSDT_210326,47432.4000,46106.4300,26.3333,39.8620
2021-02-28,BTCUSDT_210326,46023.1000,45135.6600,25.3333,28.3282
2021-03-01,BTCUSDT_210326,50698.0000,49587.0300,24.3333,33.6067
2021-03-02,BTCUSDT_210326,49414.5000,48440.6500,23.3333,31.4484
2021-03-03,BTCUSDT_210326,51345.1000,50349.3700,22.3333,32.3212
2021-03-04,BTCUSDT_210326,48981.7000,48374.0900,21.3333,21.4905
2021-03-05,BTCUSDT_210326,49418.6000,48751.7100,20.3333,24.5555
2021-03-06,BTCUSDT_210326,49497.5000,48882.2000,19.3333,23.7642
2021-03-07,BTCUSDT_210326,51799.6000,50971.7500,18.3333,32.3351
2021-03-08,BTCUSDT_210326,53194.0000,52375.1700,17.3333,32.9215
2021-03-09,BTCUSDT_210326,55873.7000,54884.5000,16.3333,40.2766
2021-03-10,BTCUSDT_210326,56935.2000,55851.5900,15.3333,46.1842
2021-03-11,BTCUSDT_210326,59048.3000,57773.1600,14.3333,56.2053
2021-03-12,BTCUSDT_210326,58231.5000,57221.7200,13.3333,48.3081
2021-03-13,BTCUSDT_210326,62791.0000,61188.3900,12.3333,77.5124
2021-03-14,BTCUSDT_210326,60288.5000,58968.3100,11.3333,72.1029
2021-03-15,BTCUSDT_210326,56251.5000,55605.2000,10.3333,41.0555
2021-03-16,BTCUSDT_210326,57588.0000,56900.7500,9.3333,47.2338
2021-03-17,BTCUSDT_210326,59544.9000,58912.9700,8.3333,46.9821
2021-03-18,BTCUSDT_210326,58069.5000,57648.1600,7.3333,36.3780
2021-03-19,BTCUSDT_210326,58476.7000,58030.0100,6.3333,44.3623
2021-03-20,BTCUSDT_210326,58407.1000,58102.2800,5.3333,35.9041
2021-03-21,BTCUSDT_210326,57586.1000,57351.5600,4.3333,34.4463
2021-03-22,BTCUSDT_210326,54249.7000,54083.2500,3.3333,33.7004
2021-03-23,BTCUSDT_210326,54451.1000,54340.8900,2.3333,31.7256
2021-03-24,BTCUSDT_210326,52322.6000,52303.6500,1.3333,9.9182
2021-03-25,BTCUSDT_210625,53976.5000,51293.7800,91.3333,20.9013
2021-03-26,BTCUSDT_210625,58031.3000,55025.5900,90.3333,22.0713
2021-03-27,BTCUSDT_210625,59332.3000,55817.1400,89.3333,25.7310
2021-03-28,BTCUSDT_210625,59269.2000,55777.6300,88.3333,25.8660
2021-03-29,BTCUSDT_210625,61740.9000,57635.4700,87.3333,29.7702
2021-03-30,BTCUSDT_210625,63283.5000,58746.5700,86.3333,32.6508
2021-03-31,BTCUSDT_210625,63605.2000,58740.5500,85.3333,35.4232
2021-04-01,BTCUSDT_210625,63553.3000,58720.4400,84.3333,35.6212
2021-04-02,BTCUSDT_210625,64000.4000,58950.0100,83.3333,37.5245
2021-04-03,BTCUSDT_210625,61546.8000,57051.9400,82.3333,34.9271
2021-04-04,BTCUSDT_210625,62840.0000,58202.0100,81.3333,35.7615
2021-04-05,BTCUSDT_210625,64650.7000,59129.9900,80.3333,42.4213
2021-04-06,BTCUSDT_210625,62870.3000,57991.1500,79.3333,38.7097
2021-04-07,BTCUSDT_210625,59873.5000,55953.4500,78.3333,32.6446
2021-04-08,BTCUSDT_210625,62632.3000,58077.5200,77.3333,37.0157
2021-04-09,BTCUSDT_210625,62743.5000,58142.5400,76.3333,37.8384
2021-04-10,BTCUSDT_210625,65711.2000,59769.1300,75.3333,48.1689
2021-04-11,BTCUSDT_210625,66158.2000,60002.4300,74.3333,50.3759
2021-04-12,BTCUSDT_210625,65551.0000,59860.0000,73.3333,47.3198
2021-04-13,BTCUSDT_210625,70340.5000,63575.0000,72.3333,53.6992
2021-04-14,BTCUSDT_210625,68573.4000,62959.5300,71.3333,45.6248
2021-04-15,BTCUSDT_210625,69033.1000,63159.9800,70.3333,48.2568
2021-04-16,BTCUSDT_210625,66314.8000,61334.8000,69.3333,42.7438
2021-04-17,BTCUSDT_210625,64481.3000,60006.6600,68.3333,39.8308
2021-04-18,BTCUSDT_210625,58866.7000,56150.0100,67.3333,26.2273
2021-04-19,BTCUSDT_210625,58539.9000,55633.1400,66.3333,28.7499
2021-04-20,BTCUSDT_210625,59077.1000,56425.0000,65.3333,26.2589
2021-04-21,BTCUSDT_210625,56238.2000,53787.6300,64.3333,25.8489
2021-04-22,BTCUSDT_210625,53714.5000,51690.9600,63.3333,22.5610
2021-04-23,BTCUSDT_210625,52706.3000,51125.1400,62.3333,18.1098
2021-04-24,BTCUSDT_210625,51621.1000,50047.8400,61.3333,18.7073
2021-04-25,BTCUSDT_210625,50739.6000,49066.7700,60.3333,20.6253
2021-04-26,BTCUSDT_210625,56074.7000,54001.3900,59.3333,23.6186
2021-04-27,BTCUSDT_210625,56994.8000,55011.9700,58.3333,22.5530
2021-04-28,BTCUSDT_210625,56941.1000,54846.2200,57.3333,24.3163
2021-04-29,BTCUSDT_210625,55473.2000,53555.0000,56.3333,23.2071
2021-04-30,BTCUSDT_210625,59952.5000,57694.2700,55.3333,25.8191
2021-05-01,BTCUSDT_210625,60185.5000,57800.3700,54.3333,27.7209
2021-05-02,BTCUSDT_210625,58668.0000,56578.2100,53.3333,25.2783
2021-05-03,BTCUSDT_210625,59287.8000,57169.3900,52.3333,25.8441
2021-05-04,BTCUSDT_210625,54704.4000,53200.0100,51.3333,20.1068
2021-05-05,BTCUSDT_210625,59828.5000,57436.1100,50.3333,30.2054
2021-05-06,BTCUSDT_210625,58422.9000,56393.6800,49.3333,26.6226
2021-05-07,BTCUSDT_210625,59261.5000,57314.7500,48.3333,25.6501
2021-05-08,BTCUSDT_210625,61436.3000,58862.0500,47.3333,33.7242
2021-05-09,BTCUSDT_210625,60571.8000,58240.8400,46.3333,31.5287
2021-05-10,BTCUSDT_210625,57642.0000,55816.1400,45.3333,26.3380
2021-05-11,BTCUSDT_210625,58613.1000,56670.0200,44.3333,28.2293
2021-05-12,BTCUSDT_210625,50782.8000,49631.3200,43.3333,19.5421
2021-05-13,BTCUSDT_210625,50980.6000,49670.9700,42.3333,22.7330
2021-05-14,BTCUSDT_210625,50991.4000,49841.4500,41.3333,20.3742
2021-05-15,BTCUSDT_210625,47729.9000,46762.9900,40.3333,18.7117
2021-05-16,BTCUSDT_210625,47333.1000,46431.5000,39.3333,18.0191
2021-05-17,BTCUSDT_210625,44396.3000,43538.0400,38.3333,18.7701
2021-05-18,BTCUSDT_210625,43473.3000,42849.7800,37.3333,14.2265
2021-05-19,BTCUSDT_210625,37082.5000,36690.0900,36.3333,10.7443
2021-05-20,BTCUSDT_210625,40952.7000,40526.6400,35.3333,10.8602
2021-05-21,BTCUSDT_210625,37547.4000,37252.0100,34.3333,8.4299
2021-05-22,BTCUSDT_210625,37724.9000,37449.7300,33.3333,8.0457
2021-05-23,BTCUSDT_210625,34935.9000,34655.2500,32.3333,9.1419
2021-05-24,BTCUSDT_210625,39070.4000,38796.2900,31.3333,8.2304
2021-05-25,BTCUSDT_210625,38698.4000,38324.7200,30.3333,11.7326
2021-05-26,BTCUSDT_210625,39551.9000,39241.9100,29.3333,9.8294
2021-05-27,BTCUSDT_210625,38774.3000,38529.9800,28.3333,8.1687
2021-05-28,BTCUSDT_210625,35819.9000,35663.4900,27.3333,5.8565
2021-05-29,BTCUSDT_210625,34685.9000,34605.1500,26.3333,3.2344
2021-05-30,BTCUSDT_210625,35760.3000,35641.2700,25.3333,4.8118
2021-05-31,BTCUSDT_210625,37468.9000,37253.8100,24.3333,8.6605
2021-06-01,BTCUSDT_210625,36981.6000,36693.0900,23.3333,12.2996
2021-06-02,BTCUSDT_210625,37840.5000,37568.6800,22.3333,11.8248
2021-06-03,BTCUSDT_210625,39481.0000,39246.7900,21.3333,10.2102
2021-06-04,BTCUSDT_210625,36989.0000,36829.0000,20.3333,7.7986
2021-06-05,BTCUSDT_210625,35520.7000,35513.2000,19.3333,0.3987
2021-06-06,BTCUSDT_210625,35812.1000,35796.3100,18.3333,0.8782
2021-06-07,BTCUSDT_210625,33548.9000,33552.7900,17.3333,-0.2441
2021-06-08,BTCUSDT_210625,33358.4000,33380.8100,16.3333,-1.5002
2021-06-09,BTCUSDT_210625,37473.0000,37388.0500,15.3333,5.4086
2021-06-10,BTCUSDT_210625,36857.9000,36675.7200,14.3333,12.6493
2021-06-11,BTCUSDT_210625,37492.6000,37331.9800,13.3333,11.7780
2021-06-12,BTCUSDT_210625,35646.0000,35546.1100,12.3333,8.3165
2021-06-13,BTCUSDT_210625,39149.0000,39020.5700,11.3333,10.6001
2021-06-14,BTCUSDT_210625,40619.8000,40516.2900,10.3333,9.0241
2021-06-15,BTCUSDT_210625,40243.9000,40144.0400,9.3333,9.7281
2021-06-16,BTCUSDT_210625,38402.7000,38349.0100,8.3333,6.1322
2021-06-17,BTCUSDT_210625,38176.2000,38092.9700,7.3333,10.8749
2021-06-18,BTCUSDT_210625,35861.6000,35819.8400,6.3333,6.7189
2021-06-19,BTCUSDT_210625,35494.8000,35483.7200,5.3333,2.1370
2021-06-20,BTCUSDT_210625,35583.8000,35600.1600,4.3333,-3.8708
2021-06-21,BTCUSDT_210625,31618.9000,31608.9300,3.3333,3.4538
2021-06-22,BTCUSDT_210625,32492.3000,32509.5600,2.3333,-8.3051
2021-06-23,BTCUSDT_210625,33734.0000,33678.0700,1.3333,45.4623
2021-06-24,BTCUSDT_210924,35082.9000,34663.0900,91.3333,4.8400
2021-06-25,BTCUSDT_210924,32022.5000,31584.4500,90.3333,5.6040
2021-06-26,BTCUSDT_210924,32624.0000,32283.6500,89.3333,4.3075
2021-06-27,BTCUSDT_210924,35049.6000,34700.3400,88.3333,4.1589
2021-06-28,BTCUSDT_210924,34941.7000,34494.8900,87.3333,5.4135
2021-06-29,BTCUSDT_210924,36345.2000,35911.7300,86.3333,5.1031
2021-06-30,BTCUSDT_210924,35490.6000,35045.0000,85.3333,5.4387
2021-07-01,BTCUSDT_210924,33863.6000,33504.6900,84.3333,4.6363
2021-07-02,BTCUSDT_210924,34111.3000,33786.5500,83.3333,4.2100
2021-07-03,BTCUSDT_210924,35001.7000,34669.1300,82.3333,4.2526
2021-07-04,BTCUSDT_210924,35587.8000,35286.5100,81.3333,3.8318
2021-07-05,BTCUSDT_210924,33954.1000,33690.1400,80.3333,3.5599
2021-07-06,BTCUSDT_210924,34558.8000,34220.0100,79.3333,4.5550
2021-07-07,BTCUSDT_210924,34147.7000,33862.1200,78.3333,3.9297
2021-07-08,BTCUSDT_210924,33117.9000,32875.7100,77.3333,3.4770
2021-07-09,BTCUSDT_210924,34183.5000,33815.8100,76.3333,5.1992
2021-07-10,BTCUSDT_210924,33776.2000,33502.8700,75.3333,3.9529
2021-07-11,BTCUSDT_210924,34703.4000,34258.9900,74.3333,6.3697
2021-07-12,BTCUSDT_210924,33472.9000,33086.6300,73.3333,5.8107
2021-07-13,BTCUSDT_210924,33024.6000,32729.7700,72.3333,4.5455
2021-07-14,BTCUSDT_210924,33038.0000,32820.0200,71.3333,3.3984
2021-07-15,BTCUSDT_210924,32083.6000,31880.0000,70.3333,3.3143
2021-07-16,BTCUSDT_210924,31538.6000,31383.8700,69.3333,2.5955
2021-07-17,BTCUSDT_210924,31675.4000,31520.0700,68.3333,2.6323
2021-07-18,BTCUSDT_210924,32018.7000,31778.5600,67.3333,4.0963
2021-07-19,BTCUSDT_210924,30907.3000,30839.6500,66.3333,1.2070
2021-07-20,BTCUSDT_210924,29863.8000,29790.3500,65.3333,1.3774
2021-07-21,BTCUSDT_210924,32314.8000,32144.5100,64.3333,3.0057
2021-07-22,BTCUSDT_210924,32447.3000,32287.8300,63.3333,2.8464
2021-07-23,BTCUSDT_210924,33848.9000,33634.0900,62.3333,3.7398
2021-07-24,BTCUSDT_210924,34546.7000,34258.1400,61.3333,5.0127
2021-07-25,BTCUSDT_210924,35702.4000,35381.0200,60.3333,5.4952
2021-07-26,BTCUSDT_210924,37525.5000,37237.6000,59.3333,4.7561
2021-07-27,BTCUSDT_210924,39828.8000,39457.8700,58.3333,5.8821
2021-07-28,BTCUSDT_210924,40426.3000,40019.5600,57.3333,6.4704
2021-07-29,BTCUSDT_210924,40469.5000,40016.4800,56.3333,7.3351
2021-07-30,BTCUSDT_210924,42694.0000,42206.3700,55.3333,7.6211
2021-07-31,BTCUSDT_210924,41912.7000,41461.8300,54.3333,7.3052
2021-08-01,BTCUSDT_210924,40207.3000,39845.4400,53.3333,6.2152
2021-08-02,BTCUSDT_210924,39532.3000,39147.8200,52.3333,6.8498
2021-08-03,BTCUSDT_210924,38553.1000,38207.0500,51.3333,6.4400
2021-08-04,BTCUSDT_210924,40116.8000,39723.1800,50.3333,7.1857
2021-08-05,BTCUSDT_210924,41281.6000,40862.4600,49.3333,7.5890
2021-08-06,BTCUSDT_210924,43267.9000,42836.8700,48.3333,7.5986
2021-08-07,BTCUSDT_210924,45023.5000,44572.5400,47.3333,7.8018
2021-08-08,BTCUSDT_210924,44229.5000,43794.3700,46.3333,7.8271
2021-08-09,BTCUSDT_210924,46777.0000,46253.4000,45.3333,9.1145
2021-08-10,BTCUSDT_210924,46027.5000,45584.9900,44.3333,7.9922
2021-08-11,BTCUSDT_210924,45923.8000,45511.0000,43.3333,7.6400
2021-08-12,BTCUSDT_210924,44803.5000,44399.0000,42.3333,7.8552
2021-08-13,BTCUSDT_210924,48403.6000,47800.0000,41.3333,11.1510
2021-08-14,BTCUSDT_210924,47600.5000,47068.5100,40.3333,10.2283
2021-08-15,BTCUSDT_210924,47469.3000,46973.8200,39.3333,9.7882
2021-08-16,BTCUSDT_210924,46294.1000,45901.2900,38.3333,8.1484
2021-08-17,BTCUSDT_210924,45059.2000,44695.9500,37.3333,7.9457
2021-08-18,BTCUSDT_210924,45047.8000,44705.2900,36.3333,7.6967
2021-08-19,BTCUSDT_210924,47253.8000,46760.6200,35.3333,10.8952
2021-08-20,BTCUSDT_210924,49786.3000,49322.4700,34.3333,9.9975
2021-08-21,BTCUSDT_210924,49253.3000,48821.8700,33.3333,9.6763
2021-08-22,BTCUSDT_210924,49769.5000,49239.2200,32.3333,12.1573
2021-08-23,BTCUSDT_210924,49958.2000,49488.8500,31.3333,11.0478
2021-08-24,BTCUSDT_210924,47981.2000,47674.0100,30.3333,7.7535
2021-08-25,BTCUSDT_210924,49368.1000,48973.3200,29.3333,10.0306
2021-08-26,BTCUSDT_210924,47098.4000,46843.8700,28.3333,6.9997
2021-08-27,BTCUSDT_210924,49438.0000,49069.9000,27.3333,10.0173
2021-08-28,BTCUSDT_210924,49273.0000,48895.3500,26.3333,10.7055
2021-08-29,BTCUSDT_210924,49062.6000,48767.8300,25.3333,8.7086
2021-08-30,BTCUSDT_210924,47261.3000,46982.9100,24.3333,8.8880
2021-08-31,BTCUSDT_210924,47416.7000,47100.8900,23.3333,10.4885
2021-09-01,BTCUSDT_210924,49181.7000,48810.5200,22.3333,12.4283
2021-09-02,BTCUSDT_210924,49666.0000,49246.6400,21.3333,14.5695
2021-09-03,BTCUSDT_210924,50448.5000,49999.1400,20.3333,16.1330
2021-09-04,BTCUSDT_210924,50307.8000,49915.6400,19.3333,14.8324
2021-09-05,BTCUSDT_210924,52268.9000,51756.8800,18.3333,19.6956
2021-09-06,BTCUSDT_210924,53199.9000,52663.9000,17.3333,21.4320
2021-09-07,BTCUSDT_210924,47056.4000,46863.7300,16.3333,9.1875
2021-09-08,BTCUSDT_210924,46177.0000,46048.3100,15.3333,6.6525
2021-09-09,BTCUSDT_210924,46517.0000,46395.1400,14.3333,6.6886
2021-09-10,BTCUSDT_210924,44925.9000,44850.9100,13.3333,4.5771
2021-09-11,BTCUSDT_210924,45283.2000,45173.6900,12.3333,7.1743
2021-09-12,BTCUSDT_210924,46113.4000,46025.2400,11.3333,6.1689
2021-09-13,BTCUSDT_210924,45003.9000,44940.7300,10.3333,4.9650
2021-09-14,BTCUSDT_210924,47176.2000,47111.5200,9.3333,5.3691
2021-09-15,BTCUSDT_210924,48162.4000,48121.4100,8.3333,3.7309
2021-09-16,BTCUSDT_210924,47831.8000,47737.8200,7.3333,9.7986
2021-09-17,BTCUSDT_210924,47372.9000,47299.9800,6.3333,8.8848
2021-09-18,BTCUSDT_210924,48337.3000,48292.7400,5.3333,6.3148
2021-09-19,BTCUSDT_210924,47283.4000,47241.7500,4.3333,7.4261
2021-09-20,BTCUSDT_210924,43052.2000,43015.6200,3.3333,9.3118
2021-09-21,BTCUSDT_210924,40796.4000,40734.3800,2.3333,23.8170
2021-09-22,BTCUSDT_210924,43561.6000,43543.6100,1.3333,11.3100
2021-09-23,BTCUSDT_211231,45774.7000,44865.2600,98.3333,7.5241
2021-09-24,BTCUSDT_211231,43542.6000,42810.5700,97.3333,6.4122
2021-09-25,BTCUSDT_211231,43407.4000,42670.6400,96.3333,6.5420
2021-09-26,BTCUSDT_211231,44073.8000,43160.9000,95.3333,8.0981
2021-09-27,BTCUSDT_211231,42922.1000,42147.3500,94.3333,7.1124
2021-09-28,BTCUSDT_211231,41705.3000,41026.5400,93.3333,6.4700
2021-09-29,BTCUSDT_211231,42214.9000,41524.2800,92.3333,6.5746
2021-09-30,BTCUSDT_211231,44668.9000,43824.1000,91.3333,7.7038
2021-10-01,BTCUSDT_211231,49161.9000,48141.6100,90.3333,8.5634
2021-10-02,BTCUSDT_211231,48643.6000,47634.9000,89.3333,8.6520
2021-10-03,BTCUSDT_211231,49325.1000,48200.0100,88.3333,9.6451
2021-10-04,BTCUSDT_211231,50461.2000,49224.9400,87.3333,10.4963
2021-10-05,BTCUSDT_211231,52764.5000,51471.9900,86.3333,10.6164
2021-10-06,BTCUSDT_211231,56710.1000,55315.0000,85.3333,10.7879
2021-10-07,BTCUSDT_211231,55176.4000,53785.2200,84.3333,11.1947
2021-10-08,BTCUSDT_211231,55367.1000,53951.4300,83.3333,11.4930
2021-10-09,BTCUSDT_211231,56531.6000,54949.7200,82.3333,12.7622
2021-10-10,BTCUSDT_211231,56221.0000,54659.0000,81.3333,12.8246
2021-10-11,BTCUSDT_211231,59422.9000,57471.3500,80.3333,15.4286
2021-10-12,BTCUSDT_211231,57771.7000,55996.9300,79.3333,14.5819
2021-10-13,BTCUSDT_211231,59275.1000,57367.0000,78.3333,15.4983
2021-10-14,BTCUSDT_211231,59246.0000,57347.9400,77.3333,15.6213
2021-10-15,BTCUSDT_211231,63806.6000,61672.4200,76.3333,16.5470
2021-10-16,BTCUSDT_211231,62823.8000,60875.5700,75.3333,15.5061
2021-10-17,BTCUSDT_211231,63691.6000,61528.3300,74.3333,17.2641
2021-10-18,BTCUSDT_211231,64146.9000,62009.8400,73.3333,17.1533
2021-10-19,BTCUSDT_211231,66514.4000,64280.5900,72.3333,17.5356
2021-10-20,BTCUSDT_211231,68726.2000,66001.4100,71.3333,21.1242
2021-10-21,BTCUSDT_211231,64596.8000,62193.1500,70.3333,20.0567
2021-10-22,BTCUSDT_211231,62900.6000,60688.2200,69.3333,19.1914
2021-10-23,BTCUSDT_211231,63577.1000,61286.7500,68.3333,19.9616
2021-10-24,BTCUSDT_211231,63073.5000,60852.2200,67.3333,19.7874
2021-10-25,BTCUSDT_211231,65532.4000,63078.7800,66.3333,21.4035
2021-10-26,BTCUSDT_211231,62306.9000,60328.8100,65.3333,18.3181
2021-10-27,BTCUSDT_211231,60091.9000,58413.4400,64.3333,16.3025
2021-10-28,BTCUSDT_211231,62592.5000,60575.8900,63.3333,19.1859
2021-10-29,BTCUSDT_211231,64460.0000,62253.7100,62.3333,20.7525
2021-10-30,BTCUSDT_211231,64011.7000,61859.1900,61.3333,20.7080
2021-10-31,BTCUSDT_211231,63327.2000,61299.8000,60.3333,20.0086
2021-11-01,BTCUSDT_211231,62809.6000,60911.1100,59.3333,19.1737
2021-11-02,BTCUSDT_211231,65454.3000,63219.9900,58.3333,22.1139
2021-11-03,BTCUSDT_211231,65149.7000,62896.4800,57.3333,22.8067
2021-11-04,BTCUSDT_211231,63522.7000,61395.0100,56.3333,22.4545
2021-11-05,BTCUSDT_211231,62906.0000,60937.1200,55.3333,21.3129
2021-11-06,BTCUSDT_211231,63294.1000,61470.6100,54.3333,19.9279
2021-11-07,BTCUSDT_211231,65269.3000,63273.5900,53.3333,21.5858
2021-11-08,BTCUSDT_211231,70217.5000,67525.8300,52.3333,27.8014
2021-11-09,BTCUSDT_211231,69339.9000,66947.6600,51.3333,25.4075
2021-11-10,BTCUSDT_211231,66479.6000,64882.4300,50.3333,17.8509
2021-11-11,BTCUSDT_211231,66450.0000,64774.2600,49.3333,19.1406
2021-11-12,BTCUSDT_211231,65689.5000,64122.2300,48.3333,18.4579
2021-11-13,BTCUSDT_211231,65899.3000,64380.0000,47.3333,18.1978
2021-11-14,BTCUSDT_211231,67079.0000,65519.1000,46.3333,18.7555
2021-11-15,BTCUSDT_211231,65039.2000,63606.7400,45.3333,18.1324
2021-11-16,BTCUSDT_211231,61113.7000,60058.8700,44.3333,14.4600
2021-11-17,BTCUSDT_211231,61425.5000,60344.8700,43.3333,15.0837
2021-11-18,BTCUSDT_211231,57745.5000,56891.6200,42.3333,12.9407
2021-11-19,BTCUSDT_211231,58962.3000,58052.2400,41.3333,13.8434
2021-11-20,BTCUSDT_211231,60663.9000,59707.5100,40.3333,14.4956
2021-11-21,BTCUSDT_211231,59570.3000,58622.0200,39.3333,15.0109
2021-11-22,BTCUSDT_211231,57037.7000,56247.1800,38.3333,13.3822
2021-11-23,BTCUSDT_211231,58374.0000,57541.2700,37.3333,14.1488
2021-11-24,BTCUSDT_211231,57950.7000,57138.2900,36.3333,14.2835
2021-11-25,BTCUSDT_211231,59846.7000,58960.3600,35.3333,15.5292
2021-11-26,BTCUSDT_211231,54230.2000,53726.5300,34.3333,9.9663
2021-11-27,BTCUSDT_211231,55298.7000,54721.0300,33.3333,11.5595
2021-11-28,BTCUSDT_211231,58029.7000,57274.8800,32.3333,14.8772
2021-11-29,BTCUSDT_211231,58431.6000,57776.2500,31.3333,13.2133
2021-11-30,BTCUSDT_211231,57584.6000,56950.5600,30.3333,13.3965
2021-12-01,BTCUSDT_211231,57826.1000,57184.0700,29.3333,13.9705
2021-12-02,BTCUSDT_211231,56985.1000,56480.3400,28.3333,11.5128
2021-12-03,BTCUSDT_211231,53986.2000,53601.0500,27.3333,9.5953
2021-12-04,BTCUSDT_211231,49367.7000,49152.4700,26.3333,6.0694
2021-12-05,BTCUSDT_211231,49554.4000,49396.3300,25.3333,4.6106
2021-12-06,BTCUSDT_211231,50715.7000,50441.9200,24.3333,8.1414
2021-12-07,BTCUSDT_211231,50809.1000,50588.9500,23.3333,6.8074
2021-12-08,BTCUSDT_211231,50701.7000,50471.1900,22.3333,7.4642
2021-12-09,BTCUSDT_211231,47731.8000,47545.5900,21.3333,6.7008
2021-12-10,BTCUSDT_211231,47320.2000,47140.5400,20.3333,6.8413
2021-12-11,BTCUSDT_211231,49612.5000,49389.9900,19.3333,8.5054
2021-12-12,BTCUSDT_211231,50239.6000,50053.9000,18.3333,7.3863
2021-12-13,BTCUSDT_211231,46783.3000,46702.7500,17.3333,3.6319
2021-12-14,BTCUSDT_211231,48529.5000,48343.2800,16.3333,8.6081
2021-12-15,BTCUSDT_211231,49057.7000,48864.9800,15.3333,9.3883
2021-12-16,BTCUSDT_211231,47764.2000,47632.3800,14.3333,7.0473
2021-12-17,BTCUSDT_211231,46271.4000,46131.2000,13.3333,8.3197
2021-12-18,BTCUSDT_211231,46980.1000,46834.4800,12.3333,9.2017
2021-12-19,BTCUSDT_211231,46827.3000,46681.2300,11.3333,10.0775
2021-12-20,BTCUSDT_211231,47028.3000,46914.1600,10.3333,8.5938
2021-12-21,BTCUSDT_211231,49072.5000,48889.8800,9.3333,14.6078
2021-12-22,BTCUSDT_211231,48746.4000,48588.1600,8.3333,14.2646
2021-12-23,BTCUSDT_211231,50934.4000,50838.8100,7.3333,9.3585
2021-12-24,BTCUSDT_211231,50891.7000,50820.0000,6.3333,8.1310
2021-12-25,BTCUSDT_211231,50455.7000,50399.6600,5.3333,7.6096
2021-12-26,BTCUSDT_211231,50838.9000,50775.4900,4.3333,10.5190
2021-12-27,BTCUSDT_211231,50760.0000,50701.4400,3.3333,12.6472
2021-12-28,BTCUSDT_211231,47568.4000,47543.7400,2.3333,8.1136
2021-12-29,BTCUSDT_211231,46451.0000,46464.6600,1.3333,-8.0479
2021-12-30,BTCUSDT_220325,48178.1000,47120.8700,84.3333,9.7107
2021-12-31,BTCUSDT_220325,47205.9000,46216.9300,83.3333,9.3725
2022-01-01,BTCUSDT_220325,48797.5000,47722.6500,82.3333,9.9848
2022-01-02,BTCUSDT_220325,48345.9000,47286.1800,81.3333,10.0573
2022-01-03,BTCUSDT_220325,47461.6000,46446.1000,80.3333,9.9341
2022-01-04,BTCUSDT_220325,46841.8000,45832.0100,79.3333,10.1368
2022-01-05,BTCUSDT_220325,44294.7000,43451.1300,78.3333,9.0462
2022-01-06,BTCUSDT_220325,43892.6000,43082.3100,77.3333,8.8770
2022-01-07,BTCUSDT_220325,42280.0000,41566.4800,76.3333,8.2081
2022-01-08,BTCUSDT_220325,42417.8000,41679.7400,75.3333,8.5797
2022-01-09,BTCUSDT_220325,42589.8000,41864.6200,74.3333,8.5057
2022-01-10,BTCUSDT_220325,42516.2000,41822.4900,73.3333,8.2558
2022-01-11,BTCUSDT_220325,43403.8000,42729.2900,72.3333,7.9656
2022-01-12,BTCUSDT_220325,44539.8000,43902.6600,71.3333,7.4258
2022-01-13,BTCUSDT_220325,43125.2000,42560.1100,70.3333,6.8904
2022-01-14,BTCUSDT_220325,43670.1000,43059.9600,69.3333,7.4594
2022-01-15,BTCUSDT_220325,43700.0000,43084.2900,68.3333,7.6334
2022-01-16,BTCUSDT_220325,43662.9000,43071.6600,67.3333,7.4411
2022-01-17,BTCUSDT_220325,42743.8000,42201.6200,66.3333,7.0693
2022-01-18,BTCUSDT_220325,42872.4000,42352.1200,65.3333,6.8631
2022-01-19,BTCUSDT_220325,42068.5000,41660.0100,64.3333,5.5631
2022-01-20,BTCUSDT_220325,41084.5000,40680.9100,63.3333,5.7176
2022-01-21,BTCUSDT_220325,36727.4000,36445.3100,62.3333,4.5323
2022-01-22,BTCUSDT_220325,35408.5000,35071.4200,61.3333,5.7197
2022-01-23,BTCUSDT_220325,36702.3000,36244.5500,60.3333,7.6405
2022-01-24,BTCUSDT_220325,37033.3000,36660.3500,59.3333,6.2582
2022-01-25,BTCUSDT_220325,37253.5000,36958.3200,58.3333,4.9975
2022-01-26,BTCUSDT_220325,37081.3000,36809.3400,57.3333,4.7036
2022-01-27,BTCUSDT_220325,37449.3000,37160.1000,56.3333,5.0425
2022-01-28,BTCUSDT_220325,37961.0000,37716.5600,55.3333,4.2751
2022-01-29,BTCUSDT_220325,38422.3000,38166.8400,54.3333,4.4964
2022-01-30,BTCUSDT_220325,38174.9000,37881.7600,53.3333,5.2959
2022-01-31,BTCUSDT_220325,38682.9000,38466.9000,52.3333,3.9163
2022-02-01,BTCUSDT_220325,38937.3000,38694.5900,51.3333,4.4600
2022-02-02,BTCUSDT_220325,37106.9000,36896.3600,50.3333,4.1380
2022-02-03,BTCUSDT_220325,37530.5000,37311.6100,49.3333,4.3404
2022-02-04,BTCUSDT_220325,41813.2000,41574.2500,48.3333,4.3404
2022-02-05,BTCUSDT_220325,41615.0000,41382.5900,47.3333,4.3307
2022-02-06,BTCUSDT_220325,42602.3000,42380.8700,46.3333,4.1159
2022-02-07,BTCUSDT_220325,44059.7000,43839.9900,45.3333,4.0351
2022-02-08,BTCUSDT_220325,44206.2000,44042.9900,44.3333,3.0509
2022-02-09,BTCUSDT_220325,44504.8000,44372.7200,43.3333,2.5072
2022-02-10,BTCUSDT_220325,43599.8000,43495.4400,42.3333,2.0687
2022-02-11,BTCUSDT_220325,42488.3000,42373.7300,41.3333,2.3876
2022-02-12,BTCUSDT_220325,42315.0000,42217.8700,40.3333,2.0820
2022-02-13,BTCUSDT_220325,42159.8000,42053.6600,39.3333,2.3421
2022-02-14,BTCUSDT_220325,42603.3000,42535.9400,38.3333,1.5079
2022-02-15,BTCUSDT_220325,44642.1000,44544.8600,37.3333,2.1342
2022-02-16,BTCUSDT_220325,43951.6000,43873.5600,36.3333,1.7869
2022-02-17,BTCUSDT_220325,40598.0000,40515.7000,35.3333,2.0984
2022-02-18,BTCUSDT_220325,40067.4000,39974.4400,34.3333,2.4722
2022-02-19,BTCUSDT_220325,40201.3000,40079.1700,33.3333,3.3367
2022-02-20,BTCUSDT_220325,38444.9000,38386.8900,32.3333,1.7059
2022-02-21,BTCUSDT_220325,37087.0000,37008.1600,31.3333,2.4816
2022-02-22,BTCUSDT_220325,38293.1000,38230.3300,30.3333,1.9757
2022-02-23,BTCUSDT_220325,37321.9000,37250.0100,29.3333,2.4014
2022-02-24,BTCUSDT_220325,38403.0000,38327.2100,28.3333,2.5474
2022-02-25,BTCUSDT_220325,39291.7000,39219.1700,27.3333,2.4696
2022-02-26,BTCUSDT_220325,39150.0000,39116.7200,26.3333,1.1793
2022-02-27,BTCUSDT_220325,37747.0000,37699.0700,25.3333,1.8318
2022-02-28,BTCUSDT_220325,43243.6000,43160.0000,24.3333,2.9055
2022-03-01,BTCUSDT_220325,44487.5000,44421.2000,23.3333,2.3347
2022-03-02,BTCUSDT_220325,43989.8000,43892.9800,22.3333,3.6050
2022-03-03,BTCUSDT_220325,42520.8000,42454.0000,21.3333,2.6921
2022-03-04,BTCUSDT_220325,39181.2000,39148.6600,20.3333,1.4921
2022-03-05,BTCUSDT_220325,39425.6000,39397.9600,19.3333,1.3245
2022-03-06,BTCUSDT_220325,38450.0000,38420.8100,18.3333,1.5126
2022-03-07,BTCUSDT_220325,38008.1000,37988.0000,17.3333,1.1142
2022-03-08,BTCUSDT_220325,38779.7000,38730.6300,16.3333,2.8313
2022-03-09,BTCUSDT_220325,41978.0000,41941.7100,15.3333,2.0597
2022-03-10,BTCUSDT_220325,39430.7000,39422.0000,14.3333,0.5620
2022-03-11,BTCUSDT_220325,38750.2000,38729.5700,13.3333,1.4582
2022-03-12,BTCUSDT_220325,38834.3000,38807.3600,12.3333,2.0545
2022-03-13,BTCUSDT_220325,37773.3000,37777.3400,11.3333,-0.3444
2022-03-14,BTCUSDT_220325,39716.3000,39671.3700,10.3333,4.0005
2022-03-15,BTCUSDT_220325,39327.7000,39280.3300,9.3333,4.7161
2022-03-16,BTCUSDT_220325,41151.5000,41114.0000,8.3333,3.9950
2022-03-17,BTCUSDT_220325,40922.6000,40917.9000,7.3333,0.5717
2022-03-18,BTCUSDT_220325,41784.7000,41757.5100,6.3333,3.7526
2022-03-19,BTCUSDT_220325,42214.6000,42201.1300,5.3333,2.1844
2022-03-20,BTCUSDT_220325,41284.5000,41262.1100,4.3333,4.5706
2022-03-21,BTCUSDT_220325,41001.5000,41002.2500,3.3333,-0.2003
2022-03-22,BTCUSDT_220325,42367.6000,42364.1300,2.3333,1.2813
2022-03-23,BTCUSDT_220325,42845.1000,42882.7600,1.3333,-24.0410
2022-03-24,BTCUSDT_220624,44640.1000,43991.4600,91.3333,5.8925
2022-03-25,BTCUSDT_220624,44941.8000,44313.1600,90.3333,5.7321
2022-03-26,BTCUSDT_220624,45065.3000,44511.2700,89.3333,5.0856
2022-03-27,BTCUSDT_220624,47409.4000,46827.7600,88.3333,5.1324
2022-03-28,BTCUSDT_220624,47714.6000,47122.2100,87.3333,5.2541
2022-03-29,BTCUSDT_220624,48009.8000,47434.8000,86.3333,5.1249
2022-03-30,BTCUSDT_220624,47659.3000,47067.9900,85.3333,5.3736
2022-03-31,BTCUSDT_220624,46105.9000,45510.3400,84.3333,5.6638
2022-04-01,BTCUSDT_220624,46866.8000,46283.4900,83.3333,5.5201
2022-04-02,BTCUSDT_220624,46388.2000,45811.0000,82.3333,5.5856
2022-04-03,BTCUSDT_220624,47053.1000,46407.3500,81.3333,6.2446
2022-04-04,BTCUSDT_220624,47246.4000,46580.5100,80.3333,6.4952
2022-04-05,BTCUSDT_220624,46053.9000,45497.5500,79.3333,5.6260
2022-04-06,BTCUSDT_220624,43604.8000,43170.4700,78.3333,4.6879
2022-04-07,BTCUSDT_220624,43867.5000,43444.1900,77.3333,4.5989
2022-04-08,BTCUSDT_220624,42621.6000,42252.0100,76.3333,4.1826
2022-04-09,BTCUSDT_220624,43097.1000,42753.9700,75.3333,3.8886
2022-04-10,BTCUSDT_220624,42498.1000,42158.8500,74.3333,3.9513
2022-04-11,BTCUSDT_220624,39785.8000,39530.4500,73.3333,3.2151
2022-04-12,BTCUSDT_220624,40254.2000,40074.9400,72.3333,2.2572
2022-04-13,BTCUSDT_220624,41325.4000,41147.7900,71.3333,2.2086
2022-04-14,BTCUSDT_220624,40112.8000,39942.3800,70.3333,2.2142
2022-04-15,BTCUSDT_220624,40700.6000,40551.9000,69.3333,1.9304
2022-04-16,BTCUSDT_220624,40569.6000,40378.7100,68.3333,2.5252
2022-04-17,BTCUSDT_220624,39822.0000,39678.1200,67.3333,1.9657
2022-04-18,BTCUSDT_220624,40966.2000,40801.1300,66.3333,2.2262
2022-04-19,BTCUSDT_220624,41668.1000,41493.1800,65.3333,2.3552
2022-04-20,BTCUSDT_220624,41501.2000,41358.1900,64.3333,1.9618
2022-04-21,BTCUSDT_220624,40619.2000,40480.0100,63.3333,1.9817
2022-04-22,BTCUSDT_220624,39800.8000,39709.1800,62.3333,1.3511
2022-04-23,BTCUSDT_220624,39545.5000,39441.6000,61.3333,1.5677
2022-04-24,BTCUSDT_220624,39570.5000,39450.1300,60.3333,1.8459
2022-04-25,BTCUSDT_220624,40579.6000,40426.0800,59.3333,2.3361
2022-04-26,BTCUSDT_220624,38263.0000,38112.6500,58.3333,2.4684
2022-04-27,BTCUSDT_220624,39364.1000,39235.7200,57.3333,2.0831
2022-04-28,BTCUSDT_220624,39898.4000,39742.0700,56.3333,2.5487
2022-04-29,BTCUSDT_220624,38725.4000,38596.1100,55.3333,2.2097
2022-04-30,BTCUSDT_220624,37729.4000,37630.8000,54.3333,1.7602
2022-05-01,BTCUSDT_220624,38603.5000,38468.3500,53.3333,2.4044
2022-05-02,BTCUSDT_220624,38672.7000,38525.1600,52.3333,2.6710
2022-05-03,BTCUSDT_220624,37845.7000,37728.9500,51.3333,2.2003
2022-05-04,BTCUSDT_220624,39868.5000,39690.0000,50.3333,3.2613
2022-05-05,BTCUSDT_220624,36621.5000,36552.9700,49.3333,1.3871
2022-05-06,BTCUSDT_220624,36134.5000,36013.7700,48.3333,2.5316
2022-05-07,BTCUSDT_220624,35600.1000,35472.3900,47.3333,2.7763
2022-05-08,BTCUSDT_220624,34100.0000,34038.4000,46.3333,1.4256
2022-05-09,BTCUSDT_220624,30135.5000,30076.3100,45.3333,1.5845
2022-05-10,BTCUSDT_220624,31072.7000,31017.1000,44.3333,1.4758
2022-05-11,BTCUSDT_220624,29159.6000,29103.9400,43.3333,1.6109
2022-05-12,BTCUSDT_220624,29106.6000,29029.7500,42.3333,2.2825
2022-05-13,BTCUSDT_220624,29373.6000,29287.0500,41.3333,2.6097
2022-05-14,BTCUSDT_220624,30151.1000,30086.7400,40.3333,1.9358
2022-05-15,BTCUSDT_220624,31361.7000,31328.8900,39.3333,0.9718
2022-05-16,BTCUSDT_220624,29933.8000,29874.0100,38.3333,1.9057
2022-05-17,BTCUSDT_220624,30518.0000,30444.9300,37.3333,2.3465
2022-05-18,BTCUSDT_220624,28739.5000,28715.3200,36.3333,0.8459
2022-05-19,BTCUSDT_220624,30393.1000,30319.2300,35.3333,2.5169
2022-05-20,BTCUSDT_220624,29250.9000,29201.0100,34.3333,1.8163
2022-05-21,BTCUSDT_220624,29506.7000,29445.0600,33.3333,2.2923
2022-05-22,BTCUSDT_220624,30348.8000,30293.9400,32.3333,2.0443
2022-05-23,BTCUSDT_220624,29172.2000,29109.1500,31.3333,2.5231
2022-05-24,BTCUSDT_220624,29743.8000,29654.5800,30.3333,3.6203
2022-05-25,BTCUSDT_220624,29590.6000,29542.1500,29.3333,2.0407
2022-05-26,BTCUSDT_220624,29264.7000,29201.3500,28.3333,2.7947
2022-05-27,BTCUSDT_220624,28674.6000,28629.8000,27.3333,2.0896
2022-05-28,BTCUSDT_220624,29093.0000,29031.3300,26.3333,2.9444
2022-05-29,BTCUSDT_220624,29539.2000,29468.1000,25.3333,3.4763
2022-05-30,BTCUSDT_220624,31819.5000,31734.2200,24.3333,4.0310
2022-05-31,BTCUSDT_220624,31877.3000,31801.0400,23.3333,3.7512
2022-06-01,BTCUSDT_220624,29862.4000,29805.8300,22.3333,3.1019
2022-06-02,BTCUSDT_220624,30514.8000,30452.6200,21.3333,3.4935
2022-06-03,BTCUSDT_220624,29774.7000,29700.2100,20.3333,4.5022
2022-06-04,BTCUSDT_220624,29953.4000,29864.0400,19.3333,5.6491
2022-06-05,BTCUSDT_220624,29991.7000,29919.2100,18.3333,4.8237
2022-06-06,BTCUSDT_220624,31456.9000,31373.1000,17.3333,5.6247
2022-06-07,BTCUSDT_220624,31182.5000,31125.3300,16.3333,4.1046
2022-06-08,BTCUSDT_220624,30238.3000,30204.7700,15.3333,2.6425
2022-06-09,BTCUSDT_220624,30148.4000,30109.9300,14.3333,3.2536
2022-06-10,BTCUSDT_220624,29099.3000,29091.8800,13.3333,0.6982
2022-06-11,BTCUSDT_220624,28430.4000,28424.7000,12.3333,0.5935
2022-06-12,BTCUSDT_220624,26598.1000,26574.5300,11.3333,2.8565
2022-06-13,BTCUSDT_220624,22475.0000,22487.4100,10.3333,-1.9493
2022-06-14,BTCUSDT_220624,22120.1000,22136.4100,9.3333,-2.8814
2022-06-15,BTCUSDT_220624,22584.2000,22583.7200,8.3333,0.0931
2022-06-16,BTCUSDT_220624,20368.6000,20401.3100,7.3333,-7.9802
2022-06-17,BTCUSDT_220624,20459.3000,20468.8100,6.3333,-2.6776
2022-06-18,BTCUSDT_220624,18950.0000,18970.7900,5.3333,-7.5000
2022-06-19,BTCUSDT_220624,20571.1000,20574.0000,4.3333,-1.1873
2022-06-20,BTCUSDT_220624,20565.3000,20573.8900,3.3333,-4.5718
2022-06-21,BTCUSDT_220624,20662.4000,20723.5200,2.3333,-46.1356
2022-06-22,BTCUSDT_220624,19981.0000,19987.9900,1.3333,-9.5733
2022-06-23,BTCUSDT_220930,21177.2000,21110.1300,98.3333,1.1793
2022-06-24,BTCUSDT_220930,21312.3000,21237.6900,97.3333,1.3174
2022-06-25,BTCUSDT_220930,21564.7000,21491.1900,96.3333,1.2960
2022-06-26,BTCUSDT_220930,21110.1000,21038.0700,95.3333,1.3109
2022-06-27,BTCUSDT_220930,20785.5000,20742.5600,94.3333,0.8010
2022-06-28,BTCUSDT_220930,20326.0000,20281.2900,93.3333,0.8621
2022-06-29,BTCUSDT_220930,20154.4000,20123.0100,92.3333,0.6166
2022-06-30,BTCUSDT_220930,19970.9000,19942.2100,91.3333,0.5749
2022-07-01,BTCUSDT_220930,19335.5000,19279.8000,90.3333,1.1673
2022-07-02,BTCUSDT_220930,19336.0000,19252.8100,89.3333,1.7655
2022-07-03,BTCUSDT_220930,19407.4000,19315.8300,88.3333,1.9589
2022-07-04,BTCUSDT_220930,20344.5000,20236.7100,87.3333,2.2261
2022-07-05,BTCUSDT_220930,20315.9000,20175.8300,86.3333,2.9351
2022-07-06,BTCUSDT_220930,20682.6000,20564.5100,85.3333,2.4562
2022-07-07,BTCUSDT_220930,21703.0000,21624.9800,84.3333,1.5615
2022-07-08,BTCUSDT_220930,21660.0000,21594.7500,83.3333,1.3234
2022-07-09,BTCUSDT_220930,21693.6000,21591.8300,82.3333,2.0895
2022-07-10,BTCUSDT_220930,20972.8000,20862.4700,81.3333,2.3733
2022-07-11,BTCUSDT_220930,20058.4000,19963.6100,80.3333,2.1573
2022-07-12,BTCUSDT_220930,19413.0000,19328.7500,79.3333,2.0054
2022-07-13,BTCUSDT_220930,20306.4000,20234.8700,78.3333,1.6472
2022-07-14,BTCUSDT_220930,20692.0000,20588.8400,77.3333,2.3649
2022-07-15,BTCUSDT_220930,20924.9000,20830.0400,76.3333,2.1776
2022-07-16,BTCUSDT_220930,21306.3000,21195.6000,75.3333,2.5305
2022-07-17,BTCUSDT_220930,20899.7000,20798.1600,74.3333,2.3973
2022-07-18,BTCUSDT_220930,22578.5000,22432.5800,73.3333,3.2376
2022-07-19,BTCUSDT_220930,23513.1000,23396.6200,72.3333,2.5122
2022-07-20,BTCUSDT_220930,23345.0000,23223.3000,71.3333,2.6814
2022-07-21,BTCUSDT_220930,23274.5000,23152.1900,70.3333,2.7416
2022-07-22,BTCUSDT_220930,22808.8000,22684.8300,69.3333,2.8769
2022-07-23,BTCUSDT_220930,22571.8000,22451.0700,68.3333,2.8724
2022-07-24,BTCUSDT_220930,22716.7000,22579.6800,67.3333,3.2895
2022-07-25,BTCUSDT_220930,21416.8000,21310.9000,66.3333,2.7344
2022-07-26,BTCUSDT_220930,21384.1000,21254.6700,65.3333,3.4020
2022-07-27,BTCUSDT_220930,23092.2000,22952.4500,64.3333,3.4545
2022-07-28,BTCUSDT_220930,24029.5000,23842.9300,63.3333,4.5096
2022-07-29,BTCUSDT_220930,23983.4000,23773.7500,62.3333,5.1638
2022-07-30,BTCUSDT_220930,23858.6000,23643.5100,61.3333,5.4138
2022-07-31,BTCUSDT_220930,23484.9000,23293.3200,60.3333,4.9757
2022-08-01,BTCUSDT_220930,23433.5000,23268.0100,59.3333,4.3753
2022-08-02,BTCUSDT_220930,23132.2000,22987.7900,58.3333,3.9308
2022-08-03,BTCUSDT_220930,22963.6000,22818.3700,57.3333,4.0519
2022-08-04,BTCUSDT_220930,22736.7000,22622.9800,56.3333,3.2570
2022-08-05,BTCUSDT_220930,23487.3000,23312.4200,55.3333,4.9483
2022-08-06,BTCUSDT_220930,23143.3000,22954.2100,54.3333,5.5339
2022-08-07,BTCUSDT_220930,23347.3000,23174.3900,53.3333,5.1063
2022-08-08,BTCUSDT_220930,23975.3000,23810.0000,52.3333,4.8420
2022-08-09,BTCUSDT_220930,23287.4000,23149.9500,51.3333,4.2217
2022-08-10,BTCUSDT_220930,24086.7000,23954.0500,50.3333,4.0157
2022-08-11,BTCUSDT_220930,24076.7000,23934.3900,49.3333,4.3991
2022-08-12,BTCUSDT_220930,24539.8000,24403.6800,48.3333,4.2122
2022-08-13,BTCUSDT_220930,24576.3000,24441.3800,47.3333,4.2567
2022-08-14,BTCUSDT_220930,24419.9000,24305.2400,46.3333,3.7163
2022-08-15,BTCUSDT_220930,24207.5000,24094.8200,45.3333,3.7653
2022-08-16,BTCUSDT_220930,23963.6000,23854.7400,44.3333,3.7571
2022-08-17,BTCUSDT_220930,23409.0000,23342.6600,43.3333,2.3938
2022-08-18,BTCUSDT_220930,23239.0000,23191.2000,42.3333,1.7771
2022-08-19,BTCUSDT_220930,20853.9000,20834.3900,41.3333,0.8269
2022-08-20,BTCUSDT_220930,21174.8000,21140.0700,40.3333,1.4867
2022-08-21,BTCUSDT_220930,21526.1000,21515.6100,39.3333,0.4524
2022-08-22,BTCUSDT_220930,21404.8000,21399.8300,38.3333,0.2211
2022-08-23,BTCUSDT_220930,21536.2000,21529.1200,37.3333,0.3215
2022-08-24,BTCUSDT_220930,21381.1000,21368.0800,36.3333,0.6121
2022-08-25,BTCUSDT_220930,21567.4000,21559.0400,35.3333,0.4006
2022-08-26,BTCUSDT_220930,20228.9000,20241.0500,34.3333,-0.6381
2022-08-27,BTCUSDT_220930,20030.4000,20037.6000,33.3333,-0.3935
2022-08-28,BTCUSDT_220930,19519.5000,19555.6100,32.3333,-2.0845
2022-08-29,BTCUSDT_220930,20280.7000,20285.7300,31.3333,-0.2888
2022-08-30,BTCUSDT_220930,19780.4000,19811.6600,30.3333,-1.8986
2022-08-31,BTCUSDT_220930,20035.8000,20050.0200,29.3333,-0.8825
2022-09-01,BTCUSDT_220930,20089.4000,20131.4600,28.3333,-2.6915
2022-09-02,BTCUSDT_220930,19940.1000,19951.8600,27.3333,-0.7871
2022-09-03,BTCUSDT_220930,19820.9000,19831.9000,26.3333,-0.7688
2022-09-04,BTCUSDT_220930,20003.4000,20000.3000,25.3333,0.2233
2022-09-05,BTCUSDT_220930,19776.3000,19796.8400,24.3333,-1.5563
2022-09-06,BTCUSDT_220930,18765.5000,18790.6100,23.3333,-2.0904
2022-09-07,BTCUSDT_220930,19280.2000,19292.8400,22.3333,-1.0708
2022-09-08,BTCUSDT_220930,19310.6000,19319.7700,21.3333,-0.8121
2022-09-09,BTCUSDT_220930,21370.5000,21360.1100,20.3333,0.8732
2022-09-10,BTCUSDT_220930,21647.8000,21648.3400,19.3333,-0.0471
2022-09-11,BTCUSDT_220930,21846.2000,21826.8700,18.3333,1.7632
2022-09-12,BTCUSDT_220930,22400.0000,22395.7400,17.3333,0.4005
2022-09-13,BTCUSDT_220930,20173.6000,20173.5700,16.3333,0.0033
2022-09-14,BTCUSDT_220930,20231.5000,20226.7100,15.3333,0.5637
2022-09-15,BTCUSDT_220930,19707.6000,19701.8800,14.3333,0.7393
2022-09-16,BTCUSDT_220930,19797.4000,19803.3000,13.3333,-0.8156
2022-09-17,BTCUSDT_220930,20119.7000,20113.6200,12.3333,0.8946
2022-09-18,BTCUSDT_220930,19404.6000,19416.1800,11.3333,-1.9208
2022-09-19,BTCUSDT_220930,19517.6000,19537.0200,10.3333,-3.5111
2022-09-20,BTCUSDT_220930,18878.0000,18875.0000,9.3333,0.6216
2022-09-21,BTCUSDT_220930,18449.6000,18461.3600,8.3333,-2.7901
2022-09-22,BTCUSDT_220930,19398.9000,19401.6300,7.3333,-0.7004
2022-09-23,BTCUSDT_220930,19299.6000,19289.9100,6.3333,2.8950
2022-09-24,BTCUSDT_220930,18915.6000,18920.5000,5.3333,-1.7724
2022-09-25,BTCUSDT_220930,18816.0000,18807.3800,4.3333,3.8606
2022-09-26,BTCUSDT_220930,19231.3000,19227.8200,3.3333,1.9818
2022-09-27,BTCUSDT_220930,19074.5000,19079.1300,2.3333,-3.7961
2022-09-28,BTCUSDT_220930,19406.3000,19412.8200,1.3333,-9.1942
2022-09-29,BTCUSDT_221230,19700.0000,19591.5100,91.3333,2.2130
2022-09-30,BTCUSDT_221230,19516.2000,19422.6100,90.3333,1.9470
2022-10-01,BTCUSDT_221230,19396.9000,19310.9500,89.3333,1.8185
2022-10-02,BTCUSDT_221230,19153.5000,19056.8000,88.3333,2.0967
2022-10-03,BTCUSDT_221230,19731.5000,19629.0800,87.3333,2.1807
2022-10-04,BTCUSDT_221230,20447.9000,20337.8200,86.3333,2.2883
2022-10-05,BTCUSDT_221230,20259.3000,20158.2600,85.3333,2.1439
2022-10-06,BTCUSDT_221230,20071.9000,19960.6700,84.3333,2.4118
2022-10-07,BTCUSDT_221230,19619.8000,19530.0900,83.3333,2.0119
2022-10-08,BTCUSDT_221230,19506.7000,19417.9600,82.3333,2.0260
2022-10-09,BTCUSDT_221230,19519.3000,19439.0200,81.3333,1.8533
2022-10-10,BTCUSDT_221230,19210.6000,19131.8700,80.3333,1.8697
2022-10-11,BTCUSDT_221230,19157.2000,19060.0000,79.3333,2.3463
2022-10-12,BTCUSDT_221230,19244.3000,19155.5300,78.3333,2.1593
2022-10-13,BTCUSDT_221230,19472.4000,19375.1300,77.3333,2.3695
2022-10-14,BTCUSDT_221230,19257.3000,19176.9300,76.3333,2.0040
2022-10-15,BTCUSDT_221230,19147.1000,19069.3900,75.3333,1.9744
2022-10-16,BTCUSDT_221230,19334.6000,19262.9800,74.3333,1.8257
2022-10-17,BTCUSDT_221230,19633.4000,19549.8600,73.3333,2.1269
2022-10-18,BTCUSDT_221230,19409.8000,19327.4400,72.3333,2.1503
2022-10-19,BTCUSDT_221230,19214.3000,19123.9700,71.3333,2.4169
2022-10-20,BTCUSDT_221230,19117.9000,19041.9200,70.3333,2.0707
2022-10-21,BTCUSDT_221230,19250.5000,19164.3700,69.3333,2.3660
2022-10-22,BTCUSDT_221230,19292.5000,19204.3500,68.3333,2.4518
2022-10-23,BTCUSDT_221230,19667.9000,19570.4000,67.3333,2.7006
2022-10-24,BTCUSDT_221230,19413.5000,19329.7200,66.3333,2.3849
2022-10-25,BTCUSDT_221230,20198.0000,20080.0700,65.3333,3.2811
2022-10-26,BTCUSDT_221230,20873.1000,20771.5900,64.3333,2.7727
2022-10-27,BTCUSDT_221230,20401.4000,20295.1100,63.3333,3.0183
2022-10-28,BTCUSDT_221230,20699.5000,20591.8400,62.3333,3.0615
2022-10-29,BTCUSDT_221230,20921.5000,20809.6700,61.3333,3.1981
2022-10-30,BTCUSDT_221230,20720.5000,20627.4800,60.3333,2.7281
2022-10-31,BTCUSDT_221230,20589.2000,20490.7400,59.3333,2.9559
2022-11-01,BTCUSDT_221230,20584.1000,20483.6200,58.3333,3.0694
2022-11-02,BTCUSDT_221230,20241.9000,20151.8400,57.3333,2.8451
2022-11-03,BTCUSDT_221230,20302.6000,20207.8200,56.3333,3.0390
2022-11-04,BTCUSDT_221230,21249.6000,21148.5200,55.3333,3.1528
2022-11-05,BTCUSDT_221230,21412.9000,21299.3700,54.3333,3.5807
2022-11-06,BTCUSDT_221230,21018.0000,20905.5800,53.3333,3.6802
2022-11-07,BTCUSDT_221230,20701.3000,20591.1300,52.3333,3.7316
2022-11-08,BTCUSDT_221230,18615.3000,18547.2300,51.3333,2.6096
2022-11-09,BTCUSDT_221230,15877.7000,15922.8100,50.3333,-2.0544
2022-11-10,BTCUSDT_221230,17509.6000,17601.1500,49.3333,-3.8483
2022-11-11,BTCUSDT_221230,16980.4000,17070.3100,48.3333,-3.9775
2022-11-12,BTCUSDT_221230,16747.4000,16812.0800,47.3333,-2.9667
2022-11-13,BTCUSDT_221230,16287.1000,16329.8500,46.3333,-2.0623
2022-11-14,BTCUSDT_221230,16548.8000,16619.4600,45.3333,-3.4232
2022-11-15,BTCUSDT_221230,16830.1000,16900.5700,44.3333,-3.4329
2022-11-16,BTCUSDT_221230,16617.7000,16662.7600,43.3333,-2.2778
2022-11-17,BTCUSDT_221230,16635.2000,16692.5600,42.3333,-2.9628
2022-11-18,BTCUSDT_221230,16657.2000,16700.4500,41.3333,-2.2869
2022-11-19,BTCUSDT_221230,16667.8000,16700.6800,40.3333,-1.7817
2022-11-20,BTCUSDT_221230,16253.5000,16280.2300,39.3333,-1.5236
2022-11-21,BTCUSDT_221230,15733.0000,15781.2900,38.3333,-2.9136
2022-11-22,BTCUSDT_221230,16189.5000,16226.9400,37.3333,-2.2558
2022-11-23,BTCUSDT_221230,16566.1000,16603.1100,36.3333,-2.2393
2022-11-24,BTCUSDT_221230,16545.1000,16598.9500,35.3333,-3.3513
2022-11-25,BTCUSDT_221230,16470.6000,16522.1400,34.3333,-3.3163
2022-11-26,BTCUSDT_221230,16402.5000,16458.5700,33.3333,-3.7304
2022-11-27,BTCUSDT_221230,16400.4000,16428.7800,32.3333,-1.9501
2022-11-28,BTCUSDT_221230,16167.8000,16212.9100,31.3333,-3.2411
2022-11-29,BTCUSDT_221230,16416.0000,16442.5300,30.3333,-1.9415
2022-11-30,BTCUSDT_221230,17155.0000,17163.6400,29.3333,-0.6264
2022-12-01,BTCUSDT_221230,16955.8000,16977.3700,28.3333,-1.6367
2022-12-02,BTCUSDT_221230,17073.9000,17092.7400,27.3333,-1.4719
2022-12-03,BTCUSDT_221230,16869.4000,16885.2000,26.3333,-1.2970
2022-12-04,BTCUSDT_221230,17096.4000,17105.7000,25.3333,-0.7833
2022-12-05,BTCUSDT_221230,16950.6000,16966.3500,24.3333,-1.3925
2022-12-06,BTCUSDT_221230,17080.9000,17088.9600,23.3333,-0.7378
2022-12-07,BTCUSDT_221230,16824.5000,16836.6400,22.3333,-1.1784
2022-12-08,BTCUSDT_221230,17219.4000,17224.1000,21.3333,-0.4669
2022-12-09,BTCUSDT_221230,17126.5000,17128.5600,20.3333,-0.2159
2022-12-10,BTCUSDT_221230,17125.9000,17127.4900,19.3333,-0.1753
2022-12-11,BTCUSDT_221230,17087.1000,17085.0500,18.3333,0.2389
2022-12-12,BTCUSDT_221230,17213.0000,17209.8300,17.3333,0.3879
2022-12-13,BTCUSDT_221230,17810.4000,17774.7000,16.3333,4.4883
2022-12-14,BTCUSDT_221230,17829.0000,17803.1500,15.3333,3.4564
2022-12-15,BTCUSDT_221230,17382.8000,17356.3400,14.3333,3.8822
2022-12-16,BTCUSDT_221230,16634.9000,16632.1200,13.3333,0.4576
2022-12-17,BTCUSDT_221230,16764.7000,16776.5200,12.3333,-2.0851
2022-12-18,BTCUSDT_221230,16731.2000,16738.2100,11.3333,-1.3488
2022-12-19,BTCUSDT_221230,16441.7000,16438.8800,10.3333,0.6059
2022-12-20,BTCUSDT_221230,16901.9000,16895.5600,9.3333,1.4675
2022-12-21,BTCUSDT_221230,16847.9000,16824.6700,8.3333,6.0475
2022-12-22,BTCUSDT_221230,16827.7000,16821.4300,7.3333,1.8552
2022-12-23,BTCUSDT_221230,16821.4000,16778.5000,6.3333,14.7355
2022-12-24,BTCUSDT_221230,16852.6000,16836.1200,5.3333,6.6990
2022-12-25,BTCUSDT_221230,16859.9000,16832.1100,4.3333,13.9066
2022-12-26,BTCUSDT_221230,16946.1000,16919.3900,3.3333,17.2864
2022-12-27,BTCUSDT_221230,16711.6000,16706.3600,2.3333,4.9064
2022-12-28,BTCUSDT_221230,16561.8000,16547.3100,1.3333,23.9715
2022-12-29,BTCUSDT_230331,16710.0000,16633.4700,91.3333,1.8387
2022-12-30,BTCUSDT_230331,16676.3000,16607.4800,90.3333,1.6744
2022-12-31,BTCUSDT_230331,16621.2000,16542.4000,89.3333,1.9463
2023-01-01,BTCUSDT_230331,16700.3000,16616.7500,88.3333,2.0776
2023-01-02,BTCUSDT_230331,16755.3000,16672.8700,87.3333,2.0663
2023-01-03,BTCUSDT_230331,16743.2000,16675.1800,86.3333,1.7246
2023-01-04,BTCUSDT_230331,16945.5000,16850.3600,85.3333,2.4151
2023-01-05,BTCUSDT_230331,16917.8000,16831.8500,84.3333,2.2101
2023-01-06,BTCUSDT_230331,17044.8000,16950.6500,83.3333,2.4328
2023-01-07,BTCUSDT_230331,17035.0000,16943.5700,82.3333,2.3922
2023-01-08,BTCUSDT_230331,17219.2000,17127.8300,81.3333,2.3940
2023-01-09,BTCUSDT_230331,17278.9000,17178.2600,80.3333,2.6619
2023-01-10,BTCUSDT_230331,17539.8000,17440.6600,79.3333,2.6153
2023-01-11,BTCUSDT_230331,18057.8000,17943.2600,78.3333,2.9744
2023-01-12,BTCUSDT_230331,18969.3000,18846.6200,77.3333,3.0723
2023-01-13,BTCUSDT_230331,20058.0000,19930.0100,76.3333,3.0708
2023-01-14,BTCUSDT_230331,21133.6000,20954.9200,75.3333,4.1314
2023-01-15,BTCUSDT_230331,21063.5000,20871.5000,74.3333,4.5171
2023-01-16,BTCUSDT_230331,21371.5000,21185.6500,73.3333,4.3663
2023-01-17,BTCUSDT_230331,21307.4000,21134.8100,72.3333,4.1207
2023-01-18,BTCUSDT_230331,20859.6000,20677.4700,71.3333,4.5070
2023-01-19,BTCUSDT_230331,21248.0000,21071.5900,70.3333,4.3447
2023-01-20,BTCUSDT_230331,22868.6000,22667.2100,69.3333,4.6773
2023-01-21,BTCUSDT_230331,22982.3000,22783.5500,68.3333,4.6596
2023-01-22,BTCUSDT_230331,22907.1000,22707.8800,67.3333,4.7558
2023-01-23,BTCUSDT_230331,23111.1000,22916.4500,66.3333,4.6738
2023-01-24,BTCUSDT_230331,22856.1000,22632.8900,65.3333,5.5097
2023-01-25,BTCUSDT_230331,23298.0000,23060.9400,64.3333,5.8323
2023-01-26,BTCUSDT_230331,23240.9000,23009.6500,63.3333,5.7920
2023-01-27,BTCUSDT_230331,23313.4000,23074.1600,62.3333,6.0713
2023-01-28,BTCUSDT_230331,23258.7000,23022.6000,61.3333,6.1029
2023-01-29,BTCUSDT_230331,24009.0000,23742.3000,60.3333,6.7957
2023-01-30,BTCUSDT_230331,23046.8000,22826.1500,59.3333,5.9466
2023-01-31,BTCUSDT_230331,23357.9000,23125.1300,58.3333,6.2982
2023-02-01,BTCUSDT_230331,23970.6000,23732.6600,57.3333,6.3827
2023-02-02,BTCUSDT_230331,23725.1000,23488.9400,56.3333,6.5143
2023-02-03,BTCUSDT_230331,23659.7000,23431.9000,55.3333,6.4129
2023-02-04,BTCUSDT_230331,23518.3000,23326.8400,54.3333,5.5138
2023-02-05,BTCUSDT_230331,23121.4000,22932.9100,53.3333,5.6250
2023-02-06,BTCUSDT_230331,22949.0000,22762.5200,52.3333,5.7138
2023-02-07,BTCUSDT_230331,23430.3000,23240.4600,51.3333,5.8081
2023-02-08,BTCUSDT_230331,23148.8000,22963.0000,50.3333,5.8675
2023-02-09,BTCUSDT_230331,21972.4000,21796.3500,49.3333,5.9759
2023-02-10,BTCUSDT_230331,21769.0000,21625.1900,48.3333,5.0220
2023-02-11,BTCUSDT_230331,21985.5000,21862.5500,47.3333,4.3366
2023-02-12,BTCUSDT_230331,21893.0000,21783.5400,46.3333,3.9585
2023-02-13,BTCUSDT_230331,21891.2000,21773.9700,45.3333,4.3349
2023-02-14,BTCUSDT_230331,22340.1000,22199.8400,44.3333,5.2017
2023-02-15,BTCUSDT_230331,24521.8000,24324.0500,43.3333,6.8478
2023-02-16,BTCUSDT_230331,23677.7000,23517.7200,42.3333,5.8652
2023-02-17,BTCUSDT_230331,24758.0000,24569.9700,41.3333,6.7579
2023-02-18,BTCUSDT_230331,24825.8000,24631.9500,40.3333,7.1219
2023-02-19,BTCUSDT_230331,24460.4000,24271.7600,39.3333,7.2121
2023-02-20,BTCUSDT_230331,25071.5000,24842.2000,38.3333,8.7888
2023-02-21,BTCUSDT_230331,24664.5000,24452.1600,37.3333,8.4901
2023-02-22,BTCUSDT_230331,24366.1000,24182.2100,36.3333,7.6392
2023-02-23,BTCUSDT_230331,24118.0000,23940.2000,35.3333,7.6721
2023-02-24,BTCUSDT_230331,23329.1000,23185.2900,34.3333,6.5941
2023-02-25,BTCUSDT_230331,23301.1000,23157.0700,33.3333,6.8106
2023-02-26,BTCUSDT_230331,23707.6000,23554.8500,32.3333,7.3205
2023-02-27,BTCUSDT_230331,23629.1000,23492.0900,31.3333,6.7939
2023-02-28,BTCUSDT_230331,23273.4000,23141.5700,30.3333,6.8548
2023-03-01,BTCUSDT_230331,23778.0000,23628.9700,29.3333,7.8480
2023-03-02,BTCUSDT_230331,23593.4000,23465.3200,28.3333,7.0315
2023-03-03,BTCUSDT_230331,22463.1000,22354.3400,27.3333,6.4969
2023-03-04,BTCUSDT_230331,22441.5000,22346.5700,26.3333,5.8882
2023-03-05,BTCUSDT_230331,22513.1000,22430.2400,25.3333,5.3224
2023-03-06,BTCUSDT_230331,22483.0000,22410.0000,24.3333,4.8862
2023-03-07,BTCUSDT_230331,22263.7000,22197.9600,23.3333,4.6327
2023-03-08,BTCUSDT_230331,21763.1000,21705.4400,22.3333,4.3416
2023-03-09,BTCUSDT_230331,20413.9000,20362.2200,21.3333,4.3424
2023-03-10,BTCUSDT_230331,20184.0000,20150.6900,20.3333,2.9674
2023-03-11,BTCUSDT_230331,20479.7000,20455.7300,19.3333,2.2123
2023-03-12,BTCUSDT_230331,22058.2000,21997.1100,18.3333,5.5291
2023-03-13,BTCUSDT_230331,24192.6000,24113.4800,17.3333,6.9093
2023-03-14,BTCUSDT_230331,24753.2000,24670.4100,16.3333,7.4993
2023-03-15,BTCUSDT_230331,24365.7000,24285.6600,15.3333,7.8454
2023-03-16,BTCUSDT_230331,25045.9000,24998.7800,14.3333,4.7999
2023-03-17,BTCUSDT_230331,27443.7000,27395.1300,13.3333,4.8534
2023-03-18,BTCUSDT_230331,26978.5000,26907.4900,12.3333,7.8101
2023-03-19,BTCUSDT_230331,28017.8000,27972.8700,11.3333,5.1729
2023-03-20,BTCUSDT_230331,27792.2000,27717.0100,10.3333,9.5822
2023-03-21,BTCUSDT_230331,28155.7000,28105.4700,9.3333,6.9892
2023-03-22,BTCUSDT_230331,27275.7000,27250.9700,8.3333,3.9748
2023-03-23,BTCUSDT_230331,28346.1000,28295.4100,7.3333,8.9166
2023-03-24,BTCUSDT_230331,27472.2000,27454.4700,6.3333,3.7218
2023-03-25,BTCUSDT_230331,27490.6000,27462.9500,5.3333,6.8904
2023-03-26,BTCUSDT_230331,27997.7000,27968.0500,4.3333,8.9296
2023-03-27,BTCUSDT_230331,27133.1000,27124.9100,3.3333,3.3062
2023-03-28,BTCUSDT_230331,27245.3000,27261.0700,2.3333,-9.0491
2023-03-29,BTCUSDT_230331,28334.6000,28348.6000,1.3333,-13.5192
2023-03-30,BTCUSDT_230630,28367.4000,28028.5300,91.3333,4.8317
2023-03-31,BTCUSDT_230630,28819.3000,28465.3600,90.3333,5.0241
2023-04-01,BTCUSDT_230630,28822.1000,28452.7300,89.3333,5.3042
2023-04-02,BTCUSDT_230630,28545.9000,28171.8700,88.3333,5.4860
2023-04-03,BTCUSDT_230630,28140.5000,27800.0000,87.3333,5.1190
2023-04-04,BTCUSDT_230630,28534.3000,28165.4700,86.3333,5.5364
2023-04-05,BTCUSDT_230630,28518.4000,28170.0100,85.3333,5.2900
2023-04-06,BTCUSDT_230630,28380.0000,28033.8200,84.3333,5.3446
2023-04-07,BTCUSDT_230630,28226.0000,27906.3300,83.3333,5.0173
2023-04-08,BTCUSDT_230630,28267.4000,27938.3800,82.3333,5.2208
2023-04-09,BTCUSDT_230630,28656.6000,28323.7600,81.3333,5.2736
2023-04-10,BTCUSDT_230630,29982.8000,29637.3400,80.3333,5.2961
2023-04-11,BTCUSDT_230630,30535.2000,30200.4200,79.3333,5.1002
2023-04-12,BTCUSDT_230630,30219.9000,29888.0700,78.3333,5.1733
2023-04-13,BTCUSDT_230630,30713.2000,30373.8400,77.3333,5.2734
2023-04-14,BTCUSDT_230630,30758.4000,30466.9300,76.3333,4.5745
2023-04-15,BTCUSDT_230630,30613.7000,30295.0900,75.3333,5.0956
2023-04-16,BTCUSDT_230630,30639.6000,30304.6500,74.3333,5.4273
2023-04-17,BTCUSDT_230630,29718.1000,29430.2700,73.3333,4.8678
2023-04-18,BTCUSDT_230630,30692.4000,30380.0100,72.3333,5.1888
2023-04-19,BTCUSDT_230630,29070.8000,28797.1000,71.3333,4.8632
2023-04-20,BTCUSDT_230630,28502.2000,28243.6500,70.3333,4.7507
2023-04-21,BTCUSDT_230630,27484.9000,27262.8400,69.3333,4.2880
2023-04-22,BTCUSDT_230630,28034.0000,27816.8500,68.3333,4.1698
2023-04-23,BTCUSDT_230630,27788.5000,27590.6000,67.3333,3.8882
2023-04-24,BTCUSDT_230630,27717.3000,27510.9300,66.3333,4.1276
2023-04-25,BTCUSDT_230630,28540.4000,28300.7900,65.3333,4.7300
2023-04-26,BTCUSDT_230630,28638.3000,28415.2900,64.3333,4.4528
2023-04-27,BTCUSDT_230630,29692.9000,29472.7700,63.3333,4.3045
2023-04-28,BTCUSDT_230630,29523.5000,29311.7000,62.3333,4.2311
2023-04-29,BTCUSDT_230630,29468.7000,29230.4500,61.3333,4.8506
2023-04-30,BTCUSDT_230630,29469.7000,29233.2100,60.3333,4.8941
2023-05-01,BTCUSDT_230630,28290.0000,28068.2600,59.3333,4.8598
2023-05-02,BTCUSDT_230630,28883.4000,28669.8600,58.3333,4.6605
2023-05-03,BTCUSDT_230630,29263.2000,29026.1600,57.3333,5.1990
2023-05-04,BTCUSDT_230630,29074.2000,28838.1600,56.3333,5.3033
2023-05-05,BTCUSDT_230630,29762.9000,29505.6100,55.3333,5.7521
2023-05-06,BTCUSDT_230630,29044.1000,28848.2000,54.3333,4.5619
2023-05-07,BTCUSDT_230630,28627.0000,28430.1000,53.3333,4.7398
2023-05-08,BTCUSDT_230630,27854.0000,27668.7900,52.3333,4.6686
2023-05-09,BTCUSDT_230630,27795.3000,27628.2700,51.3333,4.2987
2023-05-10,BTCUSDT_230630,27745.6000,27598.7500,50.3333,3.8585
2023-05-11,BTCUSDT_230630,27087.8000,26968.6200,49.3333,3.2696
2023-05-12,BTCUSDT_230630,26910.0000,26795.0100,48.3333,3.2408
2023-05-13,BTCUSDT_230630,26891.6000,26775.2800,47.3333,3.3500
2023-05-14,BTCUSDT_230630,27047.1000,26917.6200,46.3333,3.7894
2023-05-15,BTCUSDT_230630,27303.4000,27162.1400,45.3333,4.1873
2023-05-16,BTCUSDT_230630,27157.8000,27033.8400,44.3333,3.7752
2023-05-17,BTCUSDT_230630,27523.8000,27405.6100,43.3333,3.6326
2023-05-18,BTCUSDT_230630,26922.7000,26821.2800,42.3333,3.2603
2023-05-19,BTCUSDT_230630,26995.6000,26880.2600,41.3333,3.7891
2023-05-20,BTCUSDT_230630,27221.8000,27102.4300,40.3333,3.9858
2023-05-21,BTCUSDT_230630,26866.0000,26747.7800,39.3333,4.1014
2023-05-22,BTCUSDT_230630,26967.4000,26849.2700,38.3333,4.1893
2023-05-23,BTCUSDT_230630,27335.4000,27219.6100,37.3333,4.1590
2023-05-24,BTCUSDT_230630,26413.9000,26329.0100,36.3333,3.2390
2023-05-25,BTCUSDT_230630,26558.4000,26473.7900,35.3333,3.3015
2023-05-26,BTCUSDT_230630,26808.4000,26705.9200,34.3333,4.0795
2023-05-27,BTCUSDT_230630,26946.9000,26854.2700,33.3333,3.7770
2023-05-28,BTCUSDT_230630,28200.5000,28065.0000,32.3333,5.4503
2023-05-29,BTCUSDT_230630,27864.0000,27736.4000,31.3333,5.3590
2023-05-30,BTCUSDT_230630,27826.5000,27694.4000,30.3333,5.7396
2023-05-31,BTCUSDT_230630,27307.2000,27210.3500,29.3333,4.4289
2023-06-01,BTCUSDT_230630,26904.6000,26817.9300,28.3333,4.1633
2023-06-02,BTCUSDT_230630,27348.3000,27242.5900,27.3333,5.1816
2023-06-03,BTCUSDT_230630,27175.3000,27069.2200,26.3333,5.4318
2023-06-04,BTCUSDT_230630,27210.6000,27115.2100,25.3333,5.0686
2023-06-05,BTCUSDT_230630,25788.9000,25728.2000,24.3333,3.5389
2023-06-06,BTCUSDT_230630,27317.7000,27230.0800,23.3333,5.0335
2023-06-07,BTCUSDT_230630,26420.3000,26339.3400,22.3333,5.0235
2023-06-08,BTCUSDT_230630,26582.9000,26498.6100,21.3333,5.4424
2023-06-09,BTCUSDT_230630,26554.3000,26477.8100,20.3333,5.1857
2023-06-10,BTCUSDT_230630,25918.6000,25841.2100,19.3333,5.6540
2023-06-11,BTCUSDT_230630,25993.0000,25925.5500,18.3333,5.1797
2023-06-12,BTCUSDT_230630,25981.1000,25905.1900,17.3333,6.1705
2023-06-13,BTCUSDT_230630,25991.0000,25934.2500,16.3333,4.8900
2023-06-14,BTCUSDT_230630,25175.1000,25128.6000,15.3333,4.4049
2023-06-15,BTCUSDT_230630,25633.2000,25598.4900,14.3333,3.4529
2023-06-16,BTCUSDT_230630,26367.1000,26345.0000,13.3333,2.2964
2023-06-17,BTCUSDT_230630,26532.4000,26516.9900,12.3333,1.7199
2023-06-18,BTCUSDT_230630,26366.7000,26339.9700,11.3333,3.2683
2023-06-19,BTCUSDT_230630,26851.9000,26844.3500,10.3333,0.9935
2023-06-20,BTCUSDT_230630,28318.7000,28307.9900,9.3333,1.4796
2023-06-21,BTCUSDT_230630,30033.7000,29993.8900,8.3333,5.8134
2023-06-22,BTCUSDT_230630,29901.7000,29884.9200,7.3333,2.7947
2023-06-23,BTCUSDT_230630,30714.9000,30688.5000,6.3333,4.9578
2023-06-24,BTCUSDT_230630,30554.8000,30527.4300,5.3333,6.1359
2023-06-25,BTCUSDT_230630,30472.3000,30462.6600,4.3333,2.6655
2023-06-26,BTCUSDT_230630,30259.4000,30267.9900,3.3333,-3.1076
2023-06-27,BTCUSDT_230630,30687.0000,30692.4400,2.3333,-2.7726
2023-06-28,BTCUSDT_230630,30058.0000,30077.4100,1.3333,-17.6660
2023-06-29,BTCUSDT_230929,30998.1000,30447.3100,91.3333,7.2294
2023-06-30,BTCUSDT_230929,30994.5000,30472.0000,90.3333,6.9284
2023-07-01,BTCUSDT_230929,31133.1000,30585.9000,89.3333,7.3098
2023-07-02,BTCUSDT_230929,31178.1000,30617.0300,88.3333,7.5722
2023-07-03,BTCUSDT_230929,31730.8000,31156.2000,87.3333,7.7079
2023-07-04,BTCUSDT_230929,31314.1000,30766.5100,86.3333,7.5247
2023-07-05,BTCUSDT_230929,31053.2000,30504.8100,85.3333,7.6895
2023-07-06,BTCUSDT_230929,30441.5000,29895.4300,84.3333,7.9056
2023-07-07,BTCUSDT_230929,30910.8000,30344.7000,83.3333,8.1712
2023-07-08,BTCUSDT_230929,30826.0000,30284.6300,82.3333,7.9248
2023-07-09,BTCUSDT_230929,30696.4000,30160.7100,81.3333,7.9707
2023-07-10,BTCUSDT_230929,30941.0000,30411.5700,80.3333,7.9098
2023-07-11,BTCUSDT_230929,31184.4000,30622.1000,79.3333,8.4483
2023-07-12,BTCUSDT_230929,30910.5000,30380.0000,78.3333,8.1366
2023-07-13,BTCUSDT_230929,31984.4000,31454.2300,77.3333,7.9554
2023-07-14,BTCUSDT_230929,30824.2000,30312.0100,76.3333,8.0797
2023-07-15,BTCUSDT_230929,30794.7000,30289.5200,75.3333,8.0809
2023-07-16,BTCUSDT_230929,30736.8000,30231.9900,74.3333,8.1992
2023-07-17,BTCUSDT_230929,30590.0000,30138.0000,73.3333,7.4648
2023-07-18,BTCUSDT_230929,30308.3000,29859.1300,72.3333,7.5908
2023-07-19,BTCUSDT_230929,30352.1000,29909.2100,71.3333,7.5769
2023-07-20,BTCUSDT_230929,30260.1000,29800.0000,70.3333,8.0125
2023-07-21,BTCUSDT_230929,30344.7000,29901.7200,69.3333,7.7990
2023-07-22,BTCUSDT_230929,30208.1000,29794.0000,68.3333,7.4240
2023-07-23,BTCUSDT_230929,30501.5000,30083.7500,67.3333,7.5274
2023-07-24,BTCUSDT_230929,29579.5000,29176.5000,66.3333,7.6003
2023-07-25,BTCUSDT_230929,29632.4000,29228.9100,65.3333,7.7122
2023-07-26,BTCUSDT_230929,29763.3000,29351.9600,64.3333,7.9510
2023-07-27,BTCUSDT_230929,29613.9000,29222.7800,63.3333,7.7135
2023-07-28,BTCUSDT_230929,29703.6000,29314.1400,62.3333,7.7796
2023-07-29,BTCUSDT_230929,29736.4000,29352.9000,61.3333,7.7752
2023-07-30,BTCUSDT_230929,29645.5000,29281.0900,60.3333,7.5290
2023-07-31,BTCUSDT_230929,29593.3000,29232.2500,59.3333,7.5980
2023-08-01,BTCUSDT_230929,30086.0000,29705.9900,58.3333,8.0044
2023-08-02,BTCUSDT_230929,29571.3000,29186.0100,57.3333,8.4042
2023-08-03,BTCUSDT_230929,29577.1000,29193.6400,56.3333,8.5106
2023-08-04,BTCUSDT_230929,29494.0000,29113.9900,55.3333,8.6099
2023-08-05,BTCUSDT_230929,29473.0000,29072.1300,54.3333,9.2630
2023-08-06,BTCUSDT_230929,29471.0000,29088.4200,53.3333,9.0011
2023-08-07,BTCUSDT_230929,29581.7000,29211.0600,52.3333,8.8495
2023-08-08,BTCUSDT_230929,30074.9000,29770.4200,51.3333,7.2722
2023-08-09,BTCUSDT_230929,29925.9000,29581.9900,50.3333,8.4305
2023-08-10,BTCUSDT_230929,29795.5000,29455.7500,49.3333,8.5338
2023-08-11,BTCUSDT_230929,29760.8000,29426.0300,48.3333,8.5913
2023-08-12,BTCUSDT_230929,29756.4000,29430.1700,47.3333,8.5479
2023-08-13,BTCUSDT_230929,29615.4000,29303.8400,46.3333,8.3756
2023-08-14,BTCUSDT_230929,29743.0000,29430.9300,45.3333,8.5374
2023-08-15,BTCUSDT_230929,29504.7000,29200.0000,44.3333,8.5912
2023-08-16,BTCUSDT_230929,29023.5000,28730.5100,43.3333,8.5897
2023-08-17,BTCUSDT_230929,26861.0000,26623.4100,42.3333,7.6944
2023-08-18,BTCUSDT_230929,26259.1000,26054.0000,41.3333,6.9516
2023-08-19,BTCUSDT_230929,26303.7000,26100.0100,40.3333,7.0625
2023-08-20,BTCUSDT_230929,26368.6000,26189.9900,39.3333,6.3285
2023-08-21,BTCUSDT_230929,26286.4000,26126.9200,38.3333,5.8121
2023-08-22,BTCUSDT_230929,26232.3000,26056.0000,37.3333,6.6152
2023-08-23,BTCUSDT_230929,26572.3000,26432.7200,36.3333,5.3048
2023-08-24,BTCUSDT_230929,26306.9000,26180.0500,35.3333,5.0053
2023-08-25,BTCUSDT_230929,26176.0000,26060.0100,34.3333,4.7318
2023-08-26,BTCUSDT_230929,26121.7000,26017.3700,33.3333,4.3910
2023-08-27,BTCUSDT_230929,26194.9000,26101.7700,32.3333,4.0277
2023-08-28,BTCUSDT_230929,26208.5000,26120.0000,31.3333,3.9469
2023-08-29,BTCUSDT_230929,27800.8000,27716.3400,30.3333,3.6668
2023-08-30,BTCUSDT_230929,27384.0000,27299.9900,29.3333,3.8291
2023-08-31,BTCUSDT_230929,26009.7000,25940.7800,28.3333,3.4226
2023-09-01,BTCUSDT_230929,25877.7000,25805.0500,27.3333,3.7595
2023-09-02,BTCUSDT_230929,25935.7000,25869.5100,26.3333,3.5464
2023-09-03,BTCUSDT_230929,26033.0000,25971.2100,25.3333,3.4279
2023-09-04,BTCUSDT_230929,25855.7000,25826.0200,24.3333,1.7238
2023-09-05,BTCUSDT_230929,25829.3000,25792.1000,23.3333,2.2562
2023-09-06,BTCUSDT_230929,25799.8000,25759.9500,22.3333,2.5283
2023-09-07,BTCUSDT_230929,26301.7000,26255.0000,21.3333,3.0433
2023-09-08,BTCUSDT_230929,25955.1000,25910.5000,20.3333,3.0899
2023-09-09,BTCUSDT_230929,25942.9000,25901.6100,19.3333,3.0096
2023-09-10,BTCUSDT_230929,25866.2000,25841.6100,18.3333,1.8945
2023-09-11,BTCUSDT_230929,25186.6000,25162.5200,17.3333,2.0152
2023-09-12,BTCUSDT_230929,25876.5000,25840.1000,16.3333,3.1479
2023-09-13,BTCUSDT_230929,26253.6000,26222.0000,15.3333,2.8686
2023-09-14,BTCUSDT_230929,26552.7000,26522.7300,14.3333,2.8775
2023-09-15,BTCUSDT_230929,26630.1000,26600.0000,13.3333,3.0977
2023-09-16,BTCUSDT_230929,26580.3000,26559.6700,12.3333,2.2987
2023-09-17,BTCUSDT_230929,26535.8000,26527.5100,11.3333,1.0065
2023-09-18,BTCUSDT_230929,26775.5000,26762.5100,10.3333,1.7145
2023-09-19,BTCUSDT_230929,27204.0000,27210.2600,9.3333,-0.8997
2023-09-20,BTCUSDT_230929,27129.6000,27125.0000,8.3333,0.7428
2023-09-21,BTCUSDT_230929,26579.4000,26568.0800,7.3333,2.1207
2023-09-22,BTCUSDT_230929,26588.6000,26580.1400,6.3333,1.8343
2023-09-23,BTCUSDT_230929,26577.3000,26575.9600,5.3333,0.3451
2023-09-24,BTCUSDT_230929,26254.5000,26248.3800,4.3333,1.9639
2023-09-25,BTCUSDT_230929,26308.1000,26304.8100,3.3333,1.3695
2023-09-26,BTCUSDT_230929,26221.8000,26221.6700,2.3333,0.0776
2023-09-27,BTCUSDT_230929,26365.7000,26372.9900,1.3333,-7.5670
2023-09-28,BTCUSDT_231229,27348.7000,27021.3900,91.3333,4.8408
2023-09-29,BTCUSDT_231229,27236.3000,26906.9600,90.3333,4.9457
2023-09-30,BTCUSDT_231229,27281.8000,26962.5600,89.3333,4.8377
2023-10-01,BTCUSDT_231229,28340.7000,27992.5700,88.3333,5.1389
2023-10-02,BTCUSDT_231229,27837.6000,27494.5100,87.3333,5.2152
2023-10-03,BTCUSDT_231229,27776.5000,27426.4600,86.3333,5.3959
2023-10-04,BTCUSDT_231229,28157.7000,27778.5700,85.3333,5.8378
2023-10-05,BTCUSDT_231229,27765.9000,27410.3900,84.3333,5.6135
2023-10-06,BTCUSDT_231229,28296.7000,27931.0900,83.3333,5.7333
2023-10-07,BTCUSDT_231229,28313.8000,27956.6700,82.3333,5.6631
2023-10-08,BTCUSDT_231229,28262.7000,27917.0500,81.3333,5.5564
2023-10-09,BTCUSDT_231229,27923.6000,27590.1200,80.3333,5.4918
2023-10-10,BTCUSDT_231229,27718.1000,27390.1200,79.3333,5.5092
2023-10-11,BTCUSDT_231229,27167.6000,26875.5200,78.3333,5.0640
2023-10-12,BTCUSDT_231229,27067.6000,26759.6300,77.3333,5.4319
2023-10-13,BTCUSDT_231229,27137.6000,26862.0000,76.3333,4.9059
2023-10-14,BTCUSDT_231229,27122.2000,26852.4800,75.3333,4.8667
2023-10-15,BTCUSDT_231229,27411.9000,27154.1500,74.3333,4.6609
2023-10-16,BTCUSDT_231229,28761.5000,28500.7800,73.3333,4.5531
2023-10-17,BTCUSDT_231229,28653.6000,28395.9100,72.3333,4.5793
2023-10-18,BTCUSDT_231229,28610.4000,28320.0000,71.3333,5.2469
2023-10-19,BTCUSDT_231229,28984.9000,28713.7100,70.3333,4.9014
2023-10-20,BTCUSDT_231229,29930.1000,29669.0400,69.3333,4.6322
2023-10-21,BTCUSDT_231229,30171.2000,29909.8000,68.3333,4.6682
2023-10-22,BTCUSDT_231229,30279.9000,29992.4600,67.3333,5.1951
2023-10-23,BTCUSDT_231229,33414.4000,33069.9900,66.3333,5.7306
2023-10-24,BTCUSDT_231229,34299.9000,33922.7300,65.3333,6.2116
2023-10-25,BTCUSDT_231229,34908.9000,34496.0500,64.3333,6.7902
2023-10-26,BTCUSDT_231229,34628.9000,34151.6600,63.3333,8.0535
2023-10-27,BTCUSDT_231229,34344.0000,33892.0200,62.3333,7.8090
2023-10-28,BTCUSDT_231229,34551.8000,34081.0000,61.3333,8.2209
2023-10-29,BTCUSDT_231229,35005.4000,34525.8900,60.3333,8.4021
2023-10-30,BTCUSDT_231229,34959.2000,34474.7300,59.3333,8.6449
2023-10-31,BTCUSDT_231229,35135.1000,34639.7700,58.3333,8.9474
2023-11-01,BTCUSDT_231229,35948.0000,35421.4300,57.3333,9.4640
2023-11-02,BTCUSDT_231229,35442.0000,34941.5900,56.3333,9.2792
2023-11-03,BTCUSDT_231229,35199.7000,34716.7800,55.3333,9.1758
2023-11-04,BTCUSDT_231229,35548.8000,35062.0700,54.3333,9.3256
2023-11-05,BTCUSDT_231229,35557.1000,35011.8800,53.3333,10.6574
2023-11-06,BTCUSDT_231229,35589.1000,35046.0900,52.3333,10.8064
2023-11-07,BTCUSDT_231229,35935.8000,35399.1200,51.3333,10.7799
2023-11-08,BTCUSDT_231229,36141.5000,35624.7200,50.3333,10.5194
2023-11-09,BTCUSDT_231229,37212.8000,36701.0900,49.3333,10.3157
2023-11-10,BTCUSDT_231229,37861.1000,37301.6300,48.3333,11.3265
2023-11-11,BTCUSDT_231229,37658.8000,37130.0000,47.3333,10.9823
2023-11-12,BTCUSDT_231229,37604.6000,37064.1300,46.3333,11.4873
2023-11-13,BTCUSDT_231229,36992.0000,36462.9300,45.3333,11.6825
2023-11-14,BTCUSDT_231229,36057.0000,35551.1900,44.3333,11.7137
2023-11-15,BTCUSDT_231229,38444.8000,37858.2000,43.3333,13.0513
2023-11-16,BTCUSDT_231229,36656.7000,36163.5100,42.3333,11.7586
2023-11-17,BTCUSDT_231229,37065.5000,36613.9200,41.3333,10.8913
2023-11-18,BTCUSDT_231229,36979.4000,36568.1000,40.3333,10.1785
2023-11-19,BTCUSDT_231229,37792.8000,37359.8600,39.3333,10.7536
2023-11-20,BTCUSDT_231229,37846.8000,37448.7800,38.3333,10.1201
2023-11-21,BTCUSDT_231229,36045.1000,35741.6500,37.3333,8.3006
2023-11-22,BTCUSDT_231229,37771.4000,37408.3400,36.3333,9.7498
2023-11-23,BTCUSDT_231229,37636.1000,37294.2800,35.3333,9.4681
2023-11-24,BTCUSDT_231229,38054.0000,37713.5700,34.3333,9.5964
2023-11-25,BTCUSDT_231229,38136.1000,37780.6700,33.3333,10.3015
2023-11-26,BTCUSDT_231229,37806.7000,37447.4300,32.3333,10.8303
2023-11-27,BTCUSDT_231229,37547.1000,37242.7000,31.3333,9.5212
2023-11-28,BTCUSDT_231229,38130.9000,37818.8700,30.3333,9.9280
2023-11-29,BTCUSDT_231229,38141.3000,37854.6400,29.3333,9.4228
2023-11-30,BTCUSDT_231229,38007.6000,37723.9600,28.3333,9.6860
2023-12-01,BTCUSDT_231229,38983.7000,38682.5200,27.3333,10.3971
2023-12-02,BTCUSDT_231229,39773.5000,39450.3500,26.3333,11.3538
2023-12-03,BTCUSDT_231229,40283.1000,39972.2600,25.3333,11.2041
2023-12-04,BTCUSDT_231229,42303.7000,41991.1000,24.3333,11.1667
2023-12-05,BTCUSDT_231229,44284.6000,44073.3200,23.3333,7.4989
2023-12-06,BTCUSDT_231229,43997.7000,43762.6900,22.3333,8.7765
2023-12-07,BTCUSDT_231229,43561.3000,43273.1400,21.3333,11.3933
2023-12-08,BTCUSDT_231229,44464.3000,44170.9900,20.3333,11.9199
2023-12-09,BTCUSDT_231229,43997.9000,43713.6000,19.3333,12.2785
2023-12-10,BTCUSDT_231229,44075.8000,43789.5100,18.3333,13.0163
2023-12-11,BTCUSDT_231229,41521.3000,41253.4000,17.3333,13.6749
2023-12-12,BTCUSDT_231229,41714.9000,41492.3900,16.3333,11.9839
2023-12-13,BTCUSDT_231229,43081.1000,42869.0300,15.3333,11.7758
2023-12-14,BTCUSDT_231229,43159.3000,43022.2600,14.3333,8.1115
2023-12-15,BTCUSDT_231229,42093.5000,41940.3000,13.3333,9.9996
2023-12-16,BTCUSDT_231229,42443.2000,42278.0300,12.3333,11.5619
2023-12-17,BTCUSDT_231229,41498.4000,41374.6500,11.3333,9.6327
2023-12-18,BTCUSDT_231229,42780.6000,42657.8000,10.3333,10.1684
2023-12-19,BTCUSDT_231229,42358.7000,42275.9900,9.3333,7.6510
2023-12-20,BTCUSDT_231229,43817.2000,43668.9300,8.3333,14.8715
2023-12-21,BTCUSDT_231229,44025.9000,43861.8000,7.3333,18.6215
2023-12-22,BTCUSDT_231229,44128.5000,43969.0400,6.3333,20.9009
2023-12-23,BTCUSDT_231229,43859.8000,43702.1600,5.3333,24.6864
2023-12-24,BTCUSDT_231229,43125.6000,42991.5000,4.3333,26.2734
2023-12-25,BTCUSDT_231229,43752.7000,43576.1300,3.3333,44.3693
2023-12-26,BTCUSDT_231229,42601.3000,42508.9300,2.3333,33.9912
2023-12-27,BTCUSDT_231229,43483.1000,43428.8500,1.3333,34.1960
2023-12-28,BTCUSDT_240329,44324.8000,42563.7600,91.3333,16.5346
2023-12-29,BTCUSDT_240329,43880.1000,42066.9500,90.3333,17.4156
2023-12-30,BTCUSDT_240329,44153.4000,42140.2800,89.3333,19.5187
2023-12-31,BTCUSDT_240329,44400.4000,42283.5800,88.3333,20.6862
2024-01-01,BTCUSDT_240329,46488.7000,44179.5500,87.3333,21.8446
2024-01-02,BTCUSDT_240329,47241.5000,44946.9100,86.3333,21.5834
2024-01-03,BTCUSDT_240329,44427.0000,42845.2300,85.3333,15.7912
2024-01-04,BTCUSDT_240329,45786.1000,44151.1000,84.3333,16.0276
2024-01-05,BTCUSDT_240329,45446.1000,44145.1100,83.3333,12.9082
2024-01-06,BTCUSDT_240329,45251.0000,43968.3200,82.3333,12.9329
2024-01-07,BTCUSDT_240329,45285.2000,43929.0200,81.3333,13.8545
2024-01-08,BTCUSDT_240329,48395.3000,46951.0400,80.3333,13.9765
2024-01-09,BTCUSDT_240329,47494.8000,46110.0000,79.3333,13.8175
2024-01-10,BTCUSDT_240329,47953.1000,46653.9900,78.3333,12.9749
2024-01-11,BTCUSDT_240329,47449.5000,46339.1600,77.3333,11.3093
2024-01-12,BTCUSDT_240329,43678.4000,42782.7300,76.3333,10.0106
2024-01-13,BTCUSDT_240329,43715.4000,42847.9900,75.3333,9.8084
2024-01-14,BTCUSDT_240329,42502.9000,41732.3500,74.3333,9.0664
2024-01-15,BTCUSDT_240329,43306.3000,42511.1000,73.3333,9.3103
2024-01-16,BTCUSDT_240329,43965.1000,43137.9500,72.3333,9.6756
2024-01-17,BTCUSDT_240329,43640.7000,42776.1000,71.3333,10.3422
2024-01-18,BTCUSDT_240329,42088.2000,41327.5000,70.3333,9.5523
2024-01-19,BTCUSDT_240329,42468.5000,41659.0300,69.3333,10.2292
2024-01-20,BTCUSDT_240329,42465.8000,41696.0400,68.3333,9.8610
2024-01-21,BTCUSDT_240329,42354.8000,41580.3300,67.3333,10.0967
2024-01-22,BTCUSDT_240329,40222.0000,39568.0200,66.3333,9.0945
2024-01-23,BTCUSDT_240329,40570.7000,39897.6000,65.3333,9.4252
2024-01-24,BTCUSDT_240329,40756.2000,40084.8800,64.3333,9.5018
2024-01-25,BTCUSDT_240329,40624.3000,39961.0900,63.3333,9.5648
2024-01-26,BTCUSDT_240329,42452.3000,41823.5100,62.3333,8.8035
2024-01-27,BTCUSDT_240329,42772.8000,42120.6300,61.3333,9.2143
2024-01-28,BTCUSDT_240329,42672.0000,42031.0600,60.3333,9.2253
2024-01-29,BTCUSDT_240329,43961.1000,43302.7000,59.3333,9.3534
2024-01-30,BTCUSDT_240329,43587.2000,42941.1000,58.3333,9.4146
2024-01-31,BTCUSDT_240329,43160.0000,42580.0000,57.3333,8.6718
2024-02-01,BTCUSDT_240329,43613.2000,43082.9400,56.3333,7.9746
2024-02-02,BTCUSDT_240329,43757.8000,43200.0000,55.3333,8.5173
2024-02-03,BTCUSDT_240329,43539.9000,43011.0900,54.3333,8.2593
2024-02-04,BTCUSDT_240329,43073.2000,42582.8800,53.3333,7.8802
2024-02-05,BTCUSDT_240329,43162.9000,42708.7000,52.3333,7.4173
2024-02-06,BTCUSDT_240329,43585.2000,43098.9500,51.3333,8.0221
2024-02-07,BTCUSDT_240329,44889.1000,44349.6000,50.3333,8.8214
2024-02-08,BTCUSDT_240329,45821.8000,45288.6500,49.3333,8.7099
2024-02-09,BTCUSDT_240329,47725.2000,47132.7700,48.3333,9.4921
2024-02-10,BTCUSDT_240329,48355.7000,47751.0900,47.3333,9.7638
2024-02-11,BTCUSDT_240329,48993.5000,48299.9900,46.3333,11.3111
2024-02-12,BTCUSDT_240329,50678.0000,49917.2700,45.3333,12.2703
2024-02-13,BTCUSDT_240329,50361.2000,49699.5900,44.3333,10.9600
2024-02-14,BTCUSDT_240329,52540.0000,51795.1700,43.3333,12.1126
2024-02-15,BTCUSDT_240329,52652.7000,51880.0000,42.3333,12.8417
2024-02-16,BTCUSDT_240329,52899.3000,52124.1100,41.3333,13.1329
2024-02-17,BTCUSDT_240329,52445.2000,51642.6400,40.3333,14.0636
2024-02-18,BTCUSDT_240329,52922.2000,52137.6700,39.3333,13.9634
2024-02-19,BTCUSDT_240329,52552.1000,51774.7300,38.3333,14.2964
2024-02-20,BTCUSDT_240329,52998.7000,52258.8200,37.3333,13.8420
2024-02-21,BTCUSDT_240329,52496.9000,51849.3900,36.3333,12.5456
2024-02-22,BTCUSDT_240329,51937.5000,51288.4200,35.3333,13.0734
2024-02-23,BTCUSDT_240329,51364.4000,50744.1500,34.3333,12.9944
2024-02-24,BTCUSDT_240329,52241.5000,51568.2200,33.3333,14.2964
2024-02-25,BTCUSDT_240329,52469.4000,51728.8500,32.3333,16.1608
2024-02-26,BTCUSDT_240329,55310.6000,54476.4700,31.3333,17.8366
2024-02-27,BTCUSDT_240329,57947.6000,57037.3400,30.3333,19.2034
2024-02-28,BTCUSDT_240329,63328.3000,62432.1000,29.3333,17.8619
2024-02-29,BTCUSDT_240329,62117.3000,61130.9800,28.3333,20.7851
2024-03-01,BTCUSDT_240329,63330.4000,62387.9000,27.3333,20.1735
2024-03-02,BTCUSDT_240329,62994.9000,61987.2800,26.3333,22.5310
2024-03-03,BTCUSDT_240329,64268.7000,63113.9700,25.3333,26.3606
2024-03-04,BTCUSDT_240329,69669.5000,68245.7100,24.3333,31.2941
2024-03-05,BTCUSDT_240329,65054.8000,63724.0100,23.3333,32.6680
2024-03-06,BTCUSDT_240329,67215.0000,66074.0400,22.3333,28.2214
2024-03-07,BTCUSDT_240329,68115.5000,66823.1700,21.3333,33.0888
2024-03-08,BTCUSDT_240329,69276.2000,68124.1900,20.3333,30.3556
2024-03-09,BTCUSDT_240329,69557.4000,68313.2700,19.3333,34.3832
2024-03-10,BTCUSDT_240329,70319.6000,68955.8800,18.3333,39.3736
2024-03-11,BTCUSDT_240329,73582.4000,72078.1000,17.3333,43.9483
2024-03-12,BTCUSDT_240329,72622.8000,71452.0100,16.3333,36.6170
2024-03-13,BTCUSDT_240329,73950.0000,73072.4100,15.3333,28.5887
2024-03-14,BTCUSDT_240329,72319.0000,71388.9400,14.3333,33.1761
2024-03-15,BTCUSDT_240329,70256.1000,69499.8500,13.3333,29.7876
2024-03-16,BTCUSDT_240329,65869.6000,65300.6300,12.3333,25.7860
2024-03-17,BTCUSDT_240329,68992.6000,68393.4800,11.3333,28.2120
2024-03-18,BTCUSDT_240329,68001.1000,67609.9900,10.3333,20.4334
2024-03-19,BTCUSDT_240329,62262.7000,61937.4000,9.3333,20.5394
2024-03-20,BTCUSDT_240329,68219.9000,67840.5100,8.3333,24.4946
2024-03-21,BTCUSDT_240329,65811.7000,65501.2700,7.3333,23.5888
2024-03-22,BTCUSDT_240329,63989.4000,63796.6400,6.3333,17.4132
2024-03-23,BTCUSDT_240329,64144.8000,63990.0100,5.3333,16.5548
2024-03-24,BTCUSDT_240329,67397.9000,67209.9900,4.3333,23.5498
2024-03-25,BTCUSDT_240329,69979.1000,69880.0100,3.3333,15.5271
2024-03-26,BTCUSDT_240329,70043.2000,69988.0000,2.3333,12.3376
2024-03-27,BTCUSDT_240329,69550.3000,69469.9900,1.3333,31.6466
2024-03-28,BTCUSDT_240628,75163.8000,70780.6000,91.3333,24.7480
2024-03-29,BTCUSDT_240628,74258.9000,69850.5400,90.3333,25.5007
2024-03-30,BTCUSDT_240628,74146.5000,69582.1800,89.3333,26.8014
2024-03-31,BTCUSDT_240628,77179.4000,71280.0100,88.3333,34.1985
2024-04-01,BTCUSDT_240628,74225.5000,69649.8000,87.3333,27.4568
2024-04-02,BTCUSDT_240628,68897.1000,65463.9900,86.3333,22.1717
2024-04-03,BTCUSDT_240628,69142.1000,65963.2800,85.3333,20.6128
2024-04-04,BTCUSDT_240628,71800.1000,68487.7900,84.3333,20.9320
2024-04-05,BTCUSDT_240628,70971.3000,67820.6200,83.3333,20.3478
2024-04-06,BTCUSDT_240628,71728.5000,68896.0000,82.3333,18.2261
2024-04-07,BTCUSDT_240628,72301.3000,69360.3900,81.3333,19.0281
2024-04-08,BTCUSDT_240628,75572.5000,71620.0000,80.3333,25.0746
2024-04-09,BTCUSDT_240628,72238.0000,69146.0000,79.3333,20.5736
2024-04-10,BTCUSDT_240628,73738.6000,70631.0800,78.3333,20.5005
2024-04-11,BTCUSDT_240628,72927.8000,70006.2300,77.3333,19.6973
2024-04-12,BTCUSDT_240628,69231.8000,67116.5200,76.3333,15.0701
2024-04-13,BTCUSDT_240628,65425.9000,63924.5100,75.3333,11.3797
2024-04-14,BTCUSDT_240628,67379.8000,65661.8400,74.3333,12.8472
2024-04-15,BTCUSDT_240628,65038.9000,63419.9900,73.3333,12.7054
2024-04-16,BTCUSDT_240628,65407.4000,63793.3900,72.3333,12.7669
2024-04-17,BTCUSDT_240628,62593.6000,61277.3700,71.3333,10.9909
2024-04-18,BTCUSDT_240628,64918.2000,63470.0800,70.3333,11.8404
2024-04-19,BTCUSDT_240628,65010.8000,63818.0100,69.3333,9.8395
2024-04-20,BTCUSDT_240628,66264.4000,64940.5900,68.3333,10.8885
2024-04-21,BTCUSDT_240628,66314.4000,64941.1500,67.3333,11.4628
2024-04-22,BTCUSDT_240628,68338.5000,66819.3200,66.3333,12.5103
2024-04-23,BTCUSDT_240628,67892.2000,66414.0000,65.3333,12.4346
2024-04-24,BTCUSDT_240628,65656.9000,64289.5900,64.3333,12.0666
2024-04-25,BTCUSDT_240628,65734.2000,64498.3400,63.3333,11.0429
2024-04-26,BTCUSDT_240628,64961.8000,63770.0100,62.3333,10.9435
2024-04-27,BTCUSDT_240628,64606.5000,63461.9800,61.3333,10.7326
2024-04-28,BTCUSDT_240628,64182.2000,63118.6200,60.3333,10.1941
2024-04-29,BTCUSDT_240628,64944.2000,63866.0000,59.3333,10.3854
2024-04-30,BTCUSDT_240628,61563.1000,60672.0000,58.3333,9.1900
2024-05-01,BTCUSDT_240628,59073.8000,58364.9700,57.3333,7.7317
2024-05-02,BTCUSDT_240628,59851.6000,59060.6100,56.3333,8.6776
2024-05-03,BTCUSDT_240628,63749.9000,62882.0100,55.3333,9.1043
2024-05-04,BTCUSDT_240628,64819.0000,63892.0400,54.3333,9.7463
2024-05-05,BTCUSDT_240628,65000.3000,64012.0000,53.3333,10.5663
2024-05-06,BTCUSDT_240628,64134.5000,63165.1900,52.3333,10.7028
2024-05-07,BTCUSDT_240628,63190.5000,62312.0800,51.3333,10.0236
2024-05-08,BTCUSDT_240628,62040.9000,61193.0300,50.3333,10.0476
2024-05-09,BTCUSDT_240628,63897.2000,63074.0100,49.3333,9.6561
2024-05-10,BTCUSDT_240628,61510.4000,60799.9900,48.3333,8.8237
2024-05-11,BTCUSDT_240628,61560.2000,60825.9900,47.3333,9.3080
2024-05-12,BTCUSDT_240628,62218.0000,61483.9900,46.3333,9.4046
2024-05-13,BTCUSDT_240628,63693.9000,62940.0800,45.3333,9.6431
2024-05-14,BTCUSDT_240628,62259.4000,61577.4900,44.3333,9.1173
2024-05-15,BTCUSDT_240628,66971.3000,66206.5000,43.3333,9.7301
2024-05-16,BTCUSDT_240628,65987.7000,65235.2100,42.3333,9.9456
2024-05-17,BTCUSDT_240628,67790.5000,67024.0000,41.3333,10.0989
2024-05-18,BTCUSDT_240628,67710.4000,66915.2000,40.3333,10.7543
2024-05-19,BTCUSDT_240628,67040.5000,66274.0100,39.3333,10.7324
2024-05-20,BTCUSDT_240628,72340.8000,71446.6200,38.3333,11.9168
2024-05-21,BTCUSDT_240628,71131.4000,70148.3400,37.3333,13.7012
2024-05-22,BTCUSDT_240628,70150.0000,69166.6200,36.3333,14.2828
2024-05-23,BTCUSDT_240628,68845.3000,67969.6500,35.3333,13.3083
2024-05-24,BTCUSDT_240628,69367.1000,68549.9900,34.3333,12.6721
2024-05-25,BTCUSDT_240628,70052.4000,69290.5700,33.3333,12.0392
2024-05-26,BTCUSDT_240628,69229.3000,68507.6700,32.3333,11.8910
2024-05-27,BTCUSDT_240628,70188.1000,69436.4300,31.3333,12.6103
2024-05-28,BTCUSDT_240628,69181.9000,68398.3900,30.3333,13.7839
2024-05-29,BTCUSDT_240628,68280.7000,67652.4200,29.3333,11.5558
2024-05-30,BTCUSDT_240628,68939.7000,68352.1700,28.3333,11.0732
2024-05-31,BTCUSDT_240628,68116.7000,67540.0100,27.3333,11.4020
2024-06-01,BTCUSDT_240628,68336.0000,67766.8500,26.3333,11.6412
2024-06-02,BTCUSDT_240628,68355.4000,67765.6300,25.3333,12.5393
2024-06-03,BTCUSDT_240628,69420.9000,68809.9000,24.3333,13.3193
2024-06-04,BTCUSDT_240628,71119.9000,70537.8400,23.3333,12.9081
2024-06-05,BTCUSDT_240628,71617.0000,71108.0000,22.3333,11.6987
2024-06-06,BTCUSDT_240628,71345.9000,70799.0600,21.3333,13.2150
2024-06-07,BTCUSDT_240628,69861.2000,69355.6000,20.3333,13.0861
2024-06-08,BTCUSDT_240628,69793.9000,69310.4600,19.3333,13.1683
2024-06-09,BTCUSDT_240628,70135.7000,69648.1400,18.3333,13.9370
2024-06-10,BTCUSDT_240628,69958.9000,69540.0000,17.3333,12.6849
2024-06-11,BTCUSDT_240628,67620.3000,67314.2400,16.3333,10.1606
2024-06-12,BTCUSDT_240628,68622.6000,68263.9900,15.3333,12.5051
2024-06-13,BTCUSDT_240628,67110.9000,66773.0100,14.3333,12.8861
2024-06-14,BTCUSDT_240628,66295.7000,66043.9900,13.3333,10.4333
2024-06-15,BTCUSDT_240628,66441.6000,66228.2500,12.3333,9.5337
2024-06-16,BTCUSDT_240628,66928.7000,66676.8700,11.3333,12.1637
2024-06-17,BTCUSDT_240628,66669.7000,66504.3300,10.3333,8.7833
2024-06-18,BTCUSDT_240628,65333.6000,65175.3200,9.3333,9.4973
2024-06-19,BTCUSDT_240628,65098.7000,64974.3700,8.3333,8.3812
2024-06-20,BTCUSDT_240628,64987.0000,64869.9900,7.3333,8.9778
2024-06-21,BTCUSDT_240628,64238.9000,64143.5600,6.3333,8.5661
2024-06-22,BTCUSDT_240628,64350.8000,64262.0100,5.3333,9.4559
2024-06-23,BTCUSDT_240628,63281.2000,63210.0100,4.3333,9.4865
2024-06-24,BTCUSDT_240628,60339.8000,60293.3000,3.3333,8.4450
2024-06-25,BTCUSDT_240628,61857.7000,61806.0100,2.3333,13.0825
2024-06-26,BTCUSDT_240628,60893.5000,60864.9900,1.3333,12.8228
2024-06-27,BTCUSDT_240927,63459.9000,61706.4700,91.3333,11.3559
2024-06-28,BTCUSDT_240927,62138.3000,60427.8400,90.3333,11.4372
2024-06-29,BTCUSDT_240927,62705.2000,60986.6800,89.3333,11.5133
2024-06-30,BTCUSDT_240927,64620.3000,62772.0100,88.3333,12.1667
2024-07-01,BTCUSDT_240927,64704.8000,62899.9900,87.3333,11.9921
2024-07-02,BTCUSDT_240927,63695.1000,62135.4700,86.3333,10.6120
2024-07-03,BTCUSDT_240927,61569.3000,60208.5800,85.3333,9.6668
2024-07-04,BTCUSDT_240927,58274.3000,57050.0100,84.3333,9.2880
2024-07-05,BTCUSDT_240927,57892.8000,56628.7900,83.3333,9.7766
2024-07-06,BTCUSDT_240927,59539.0000,58230.1300,82.3333,9.9647
2024-07-07,BTCUSDT_240927,57033.2000,55857.8100,81.3333,9.4433
2024-07-08,BTCUSDT_240927,57945.4000,56714.6200,80.3333,9.8601
2024-07-09,BTCUSDT_240927,59269.1000,58050.0000,79.3333,9.6622
2024-07-10,BTCUSDT_240927,58962.0000,57725.8500,78.3333,9.9781
2024-07-11,BTCUSDT_240927,58438.5000,57339.8900,77.3333,9.0430
2024-07-12,BTCUSDT_240927,59079.8000,57889.1000,76.3333,9.8352
2024-07-13,BTCUSDT_240927,60466.9000,59204.0200,75.3333,10.3351
2024-07-14,BTCUSDT_240927,62204.1000,60797.9100,74.3333,11.3570
2024-07-15,BTCUSDT_240927,66204.1000,64724.1400,73.3333,11.3809
2024-07-16,BTCUSDT_240927,66523.5000,65043.9900,72.3333,11.4780
2024-07-17,BTCUSDT_240927,65512.7000,64087.9900,71.3333,11.3750
2024-07-18,BTCUSDT_240927,65389.4000,63987.9200,70.3333,11.3663
2024-07-19,BTCUSDT_240927,68145.7000,66660.0000,69.3333,11.7332
2024-07-20,BTCUSDT_240927,68671.4000,67139.9600,68.3333,12.1837
2024-07-21,BTCUSDT_240927,69797.4000,68165.3400,67.3333,12.9788
2024-07-22,BTCUSDT_240927,69003.8000,67532.0100,66.3333,11.9922
2024-07-23,BTCUSDT_240927,67266.4000,65936.0100,65.3333,11.2723
2024-07-24,BTCUSDT_240927,66647.8000,65376.0000,64.3333,11.0372
2024-07-25,BTCUSDT_240927,66997.7000,65799.9500,63.3333,10.4906
2024-07-26,BTCUSDT_240927,69178.3000,67907.9900,62.3333,10.9537
2024-07-27,BTCUSDT_240927,69191.9000,67896.5000,61.3333,11.3541
2024-07-28,BTCUSDT_240927,69506.9000,68249.8800,60.3333,11.1423
2024-07-29,BTCUSDT_240927,67945.4000,66784.6900,59.3333,10.6916
2024-07-30,BTCUSDT_240927,67385.5000,66188.0000,58.3333,11.3207
2024-07-31,BTCUSDT_240927,65704.1000,64628.0000,57.3333,10.6003
2024-08-01,BTCUSDT_240927,66268.5000,65354.0200,56.3333,9.0663
2024-08-02,BTCUSDT_240927,62222.4000,61498.3300,55.3333,7.7665
2024-08-03,BTCUSDT_240927,61427.5000,60697.9900,54.3333,8.0739
2024-08-04,BTCUSDT_240927,58828.6000,58161.0000,53.3333,7.8556
2024-08-05,BTCUSDT_240927,54578.1000,54018.8100,52.3333,7.2212
2024-08-06,BTCUSDT_240927,56615.0000,56022.0100,51.3333,7.5263
2024-08-07,BTCUSDT_240927,55577.9000,55134.1600,50.3333,5.8364
2024-08-08,BTCUSDT_240927,62323.5000,61685.9900,49.3333,7.6463
2024-08-09,BTCUSDT_240927,61477.3000,60837.9900,48.3333,7.9357
2024-08-10,BTCUSDT_240927,61600.5000,60923.5100,47.3333,8.5689
2024-08-11,BTCUSDT_240927,59319.8000,58712.5900,46.3333,8.1472
2024-08-12,BTCUSDT_240927,59925.0000,59346.6400,45.3333,7.8465
2024-08-13,BTCUSDT_240927,61184.4000,60587.1500,44.3333,8.1159
2024-08-14,BTCUSDT_240927,59197.5000,58683.3900,43.3333,7.3792
2024-08-15,BTCUSDT_240927,58013.8000,57541.0600,42.3333,7.0836
2024-08-16,BTCUSDT_240927,59357.0000,58874.6000,41.3333,7.2356
2024-08-17,BTCUSDT_240927,59948.7000,59491.9900,40.3333,6.9472
2024-08-18,BTCUSDT_240927,58849.3000,58427.3500,39.3333,6.7016
2024-08-19,BTCUSDT_240927,59838.1000,59438.5000,38.3333,6.4014
2024-08-20,BTCUSDT_240927,59392.6000,59013.8000,37.3333,6.2756
2024-08-21,BTCUSDT_240927,61560.1000,61156.0300,36.3333,6.6375
2024-08-22,BTCUSDT_240927,60736.6000,60375.8400,35.3333,6.1725
2024-08-23,BTCUSDT_240927,64402.4000,64037.2400,34.3333,6.0622
2024-08-24,BTCUSDT_240927,64519.5000,64157.0100,33.3333,6.1868
2024-08-25,BTCUSDT_240927,64534.4000,64220.0000,32.3333,5.5266
2024-08-26,BTCUSDT_240927,63161.0000,62834.0000,31.3333,6.0623
2024-08-27,BTCUSDT_240927,59702.0000,59415.0000,30.3333,5.8124
2024-08-28,BTCUSDT_240927,59270.3000,59034.9000,29.3333,4.9617
2024-08-29,BTCUSDT_240927,59621.8000,59359.0100,28.3333,5.7032
2024-08-30,BTCUSDT_240927,59360.8000,59123.9900,27.3333,5.3486
2024-08-31,BTCUSDT_240927,59207.0000,58973.9900,26.3333,5.4765
2024-09-01,BTCUSDT_240927,57523.8000,57301.8600,25.3333,5.5804
2024-09-02,BTCUSDT_240927,59377.9000,59132.1300,24.3333,6.2344
2024-09-03,BTCUSDT_240927,57685.1000,57487.7300,23.3333,5.3706
2024-09-04,BTCUSDT_240927,58168.4000,57970.9000,22.3333,5.5680
2024-09-05,BTCUSDT_240927,56357.4000,56180.0000,21.3333,5.4026
2024-09-06,BTCUSDT_240927,54146.2000,53962.9700,20.3333,6.0952
2024-09-07,BTCUSDT_240927,54335.8000,54160.8600,19.3333,6.0980
2024-09-08,BTCUSDT_240927,55047.3000,54869.9500,18.3333,6.4350
2024-09-09,BTCUSDT_240927,57264.0000,57042.0000,17.3333,8.1954
2024-09-10,BTCUSDT_240927,57836.6000,57635.9900,16.3333,7.7782
2024-09-11,BTCUSDT_240927,57500.2000,57338.0000,15.3333,6.7339
2024-09-12,BTCUSDT_240927,58270.2000,58132.3200,14.3333,6.0399
2024-09-13,BTCUSDT_240927,60637.1000,60498.0000,13.3333,6.2942
2024-09-14,BTCUSDT_240927,60134.1000,59993.0300,12.3333,6.9590
2024-09-15,BTCUSDT_240927,59263.8000,59132.0000,11.3333,7.1784
2024-09-16,BTCUSDT_240927,58318.0000,58213.9900,10.3333,6.3110
2024-09-17,BTCUSDT_240927,60410.0000,60313.9900,9.3333,6.2252
2024-09-18,BTCUSDT_240927,61861.4000,61759.9900,8.3333,7.1920
2024-09-19,BTCUSDT_240927,63060.7000,62947.9900,7.3333,8.9119
2024-09-20,BTCUSDT_240927,63307.5000,63201.0500,6.3333,9.7069
2024-09-21,BTCUSDT_240927,63429.2000,63348.9600,5.3333,8.6685
2024-09-22,BTCUSDT_240927,63656.7000,63578.7600,4.3333,10.3257
2024-09-23,BTCUSDT_240927,63377.3000,63339.9900,3.3333,6.4500
2024-09-24,BTCUSDT_240927,64316.2000,64262.7000,2.3333,13.0230
2024-09-25,BTCUSDT_240927,63164.9000,63152.0100,1.3333,5.5875
2024-09-26,BTCUSDT_241227,66304.2000,65173.9900,91.3333,6.9302
2024-09-27,BTCUSDT_241227,67079.0000,65769.9500,90.3333,8.0422
2024-09-28,BTCUSDT_241227,67156.2000,65858.0000,89.3333,8.0540
2024-09-29,BTCUSDT_241227,66903.1000,65602.0100,88.3333,8.1952
2024-09-30,BTCUSDT_241227,64459.0000,63327.5900,87.3333,7.4669
2024-10-01,BTCUSDT_241227,61866.9000,60805.7800,86.3333,7.3779
2024-10-02,BTCUSDT_241227,61711.6000,60649.2800,85.3333,7.4921
2024-10-03,BTCUSDT_241227,61788.3000,60752.7100,84.3333,7.3776
2024-10-04,BTCUSDT_241227,63153.5000,62086.0000,83.3333,7.5309
2024-10-05,BTCUSDT_241227,63139.6000,62058.0000,82.3333,7.7266
2024-10-06,BTCUSDT_241227,63992.3000,62819.9100,81.3333,8.3753
2024-10-07,BTCUSDT_241227,63340.0000,62224.0000,80.3333,8.1490
2024-10-08,BTCUSDT_241227,63216.8000,62160.4900,79.3333,7.8183
2024-10-09,BTCUSDT_241227,61639.8000,60636.0200,78.3333,7.7135
2024-10-10,BTCUSDT_241227,61283.0000,60326.3900,77.3333,7.4843
2024-10-11,BTCUSDT_241227,63657.1000,62540.0000,76.3333,8.5411
2024-10-12,BTCUSDT_241227,64257.7000,63206.2200,75.3333,8.0602
2024-10-13,BTCUSDT_241227,63955.0000,62870.0200,74.3333,8.4740
2024-10-14,BTCUSDT_241227,67361.9000,66083.9900,73.3333,9.6249
2024-10-15,BTCUSDT_241227,68237.7000,67074.1400,72.3333,8.7536
2024-10-16,BTCUSDT_241227,68774.5000,67620.0100,71.3333,8.7361
2024-10-17,BTCUSDT_241227,68517.6000,67421.7800,70.3333,8.4347
2024-10-18,BTCUSDT_241227,69620.3000,68428.0000,69.3333,9.1728
2024-10-19,BTCUSDT_241227,69513.4000,68378.0000,68.3333,8.8694
2024-10-20,BTCUSDT_241227,70345.2000,69031.9900,67.3333,10.3121
2024-10-21,BTCUSDT_241227,68549.2000,67377.5000,66.3333,9.5689
2024-10-22,BTCUSDT_241227,68610.0000,67426.0000,65.3333,9.8103
2024-10-23,BTCUSDT_241227,67807.7000,66668.6500,64.3333,9.6934
2024-10-24,BTCUSDT_241227,69467.6000,68198.2800,63.3333,10.7265
2024-10-25,BTCUSDT_241227,67817.7000,66698.3300,62.3333,9.8272
2024-10-26,BTCUSDT_241227,68196.3000,67092.7600,61.3333,9.7883
2024-10-27,BTCUSDT_241227,69239.1000,68021.7000,60.3333,10.8273
2024-10-28,BTCUSDT_241227,71234.9000,69962.2100,59.3333,11.1906
2024-10-29,BTCUSDT_241227,74185.7000,72736.4200,58.3333,12.4674
2024-10-30,BTCUSDT_241227,73736.6000,72344.7400,57.3333,12.2483
2024-10-31,BTCUSDT_241227,71546.8000,70292.0100,56.3333,11.5662
2024-11-01,BTCUSDT_241227,70656.7000,69496.0100,55.3333,11.0170
2024-11-02,BTCUSDT_241227,70445.5000,69374.7400,54.3333,10.3685
2024-11-03,BTCUSDT_241227,69791.1000,68775.9900,53.3333,10.1011
2024-11-04,BTCUSDT_241227,68810.5000,67850.0100,52.3333,9.8732
2024-11-05,BTCUSDT_241227,70367.4000,69372.0100,51.3333,10.2024
2024-11-06,BTCUSDT_241227,76832.6000,75571.9900,50.3333,12.0964
2024-11-07,BTCUSDT_241227,77189.3000,75857.8900,49.3333,12.9856
2024-11-08,BTCUSDT_241227,77784.8000,76509.7800,48.3333,12.5848
2024-11-09,BTCUSDT_241227,78003.1000,76677.4600,47.3333,13.3316
2024-11-10,BTCUSDT_241227,81963.2000,80370.0100,46.3333,15.6161
2024-11-11,BTCUSDT_241227,90474.4000,88647.9900,45.3333,16.5884
2024-11-12,BTCUSDT_241227,89596.0000,87952.0100,44.3333,15.3892
2024-11-13,BTCUSDT_241227,92018.2000,90375.2000,43.3333,15.3130
2024-11-14,BTCUSDT_241227,88747.6000,87325.5900,42.3333,14.0401
2024-11-15,BTCUSDT_241227,92557.0000,91032.0700,41.3333,14.7927
2024-11-16,BTCUSDT_241227,92108.8000,90586.9200,40.3333,15.2035
2024-11-17,BTCUSDT_241227,91485.1000,89855.9900,39.3333,16.8242
2024-11-18,BTCUSDT_241227,92056.7000,90464.0800,38.3333,16.7630
2024-11-19,BTCUSDT_241227,93939.3000,92310.7900,37.3333,17.2478
2024-11-20,BTCUSDT_241227,95852.9000,94286.5600,36.3333,16.6888
2024-11-21,BTCUSDT_241227,99962.2000,98317.1200,35.3333,17.2849
2024-11-22,BTCUSDT_241227,100462.7000,98892.0000,34.3333,16.8853
2024-11-23,BTCUSDT_241227,99265.1000,97672.4000,33.3333,17.8557
2024-11-24,BTCUSDT_241227,99424.9000,97900.0400,32.3333,17.5829
2024-11-25,BTCUSDT_241227,94442.4000,93010.0100,31.3333,17.9398
2024-11-26,BTCUSDT_241227,93262.8000,91965.1600,30.3333,16.9787
2024-11-27,BTCUSDT_241227,97255.8000,95863.1100,29.3333,18.0773
2024-11-28,BTCUSDT_241227,97172.3000,95643.9800,28.3333,20.5850
2024-11-29,BTCUSDT_241227,98923.0000,97460.0000,27.3333,20.0456
2024-11-30,BTCUSDT_241227,97848.9000,96407.9900,26.3333,20.7162
2024-12-01,BTCUSDT_241227,98690.0000,97185.1800,25.3333,22.3093
2024-12-02,BTCUSDT_241227,97062.6000,95840.6200,24.3333,19.1252
2024-12-03,BTCUSDT_241227,97116.9000,95849.6900,23.3333,20.6811
2024-12-04,BTCUSDT_241227,99920.4000,98587.3200,22.3333,22.0991
2024-12-05,BTCUSDT_241227,98217.3000,96945.6300,21.3333,22.4430
2024-12-06,BTCUSDT_241227,101031.0000,99740.8400,20.3333,23.2196
2024-12-07,BTCUSDT_241227,100971.5000,99831.9900,19.3333,21.5494
2024-12-08,BTCUSDT_241227,102360.0000,101109.5900,18.3333,24.6213
2024-12-09,BTCUSDT_241227,98200.0000,97276.4700,17.3333,19.9919
2024-12-10,BTCUSDT_241227,97369.8000,96593.0000,16.3333,17.9714
2024-12-11,BTCUSDT_241227,101924.3000,101125.0000,15.3333,18.8151
2024-12-12,BTCUSDT_241227,100710.6000,100004.2900,14.3333,17.9855
2024-12-13,BTCUSDT_241227,102030.0000,101424.2500,13.3333,16.3495
2024-12-14,BTCUSDT_241227,101955.3000,101420.0000,12.3333,15.6202
2024-12-15,BTCUSDT_241227,105115.2000,104463.9900,11.3333,20.0766
2024-12-16,BTCUSDT_241227,106534.9000,106058.6600,10.3333,15.8611
2024-12-17,BTCUSDT_241227,106557.8000,106133.7400,9.3333,15.6254
2024-12-18,BTCUSDT_241227,100548.2000,100204.0100,8.3333,15.0448
2024-12-19,BTCUSDT_241227,97732.4000,97461.8600,7.3333,13.8162
2024-12-20,BTCUSDT_241227,97980.0000,97805.4400,6.3333,10.2859
2024-12-21,BTCUSDT_241227,97480.1000,97291.9900,5.3333,13.2321
2024-12-22,BTCUSDT_241227,95382.8000,95186.2700,4.3333,17.3910
2024-12-23,BTCUSDT_241227,95113.4000,94881.4700,3.3333,26.7664
2024-12-24,BTCUSDT_241227,98874.1000,98663.5800,2.3333,33.3774
2024-12-25,BTCUSDT_241227,99622.2000,99429.6000,1.3333,53.0267
2024-12-26,BTCUSDT_250328,98732.1000,95791.6000,91.3333,12.2675
2024-12-27,BTCUSDT_250328,97314.4000,94299.0300,90.3333,12.9205
2024-12-28,BTCUSDT_250328,98302.4000,95300.0000,89.3333,12.8723
2024-12-29,BTCUSDT_250328,96832.4000,93738.2000,88.3333,13.6395
2024-12-30,BTCUSDT_250328,95750.6000,92792.0500,87.3333,13.3254
2024-12-31,BTCUSDT_250328,96660.2000,93576.0000,86.3333,13.9345
2025-01-01,BTCUSDT_250328,97700.9000,94591.7900,85.3333,14.0591
2025-01-02,BTCUSDT_250328,100330.6000,96984.7900,84.3333,14.9311
2025-01-03,BTCUSDT_250328,101371.0000,98174.1800,83.3333,14.2625
2025-01-04,BTCUSDT_250328,101239.6000,98220.5000,82.3333,13.6268
2025-01-05,BTCUSDT_250328,101193.3000,98363.6100,81.3333,12.9101
2025-01-06,BTCUSDT_250328,105088.5000,102235.6000,80.3333,12.6789
2025-01-07,BTCUSDT_250328,99541.8000,96954.6100,79.3333,12.2771
2025-01-08,BTCUSDT_250328,97487.8000,95060.6100,78.3333,11.8973
2025-01-09,BTCUSDT_250328,94953.7000,92552.4900,77.3333,12.2453
2025-01-10,BTCUSDT_250328,96968.8000,94726.1100,76.3333,11.3208
2025-01-11,BTCUSDT_250328,96707.1000,94599.9900,75.3333,10.7920
2025-01-12,BTCUSDT_250328,96590.9000,94545.0600,74.3333,10.6253
2025-01-13,BTCUSDT_250328,96646.7000,94536.1000,73.3333,11.1122
2025-01-14,BTCUSDT_250328,98701.1000,96560.8600,72.3333,11.1845
2025-01-15,BTCUSDT_250328,102866.3000,100497.3500,71.3333,12.0615
2025-01-16,BTCUSDT_250328,102444.4000,99987.3000,70.3333,12.7529
2025-01-17,BTCUSDT_250328,106640.8000,104077.4800,69.3333,12.9657
2025-01-18,BTCUSDT_250328,106967.8000,104556.2300,68.3333,12.3200
2025-01-19,BTCUSDT_250328,103761.0000,101331.5700,67.3333,12.9964
2025-01-20,BTCUSDT_250328,104642.0000,102260.0100,66.3333,12.8173
2025-01-21,BTCUSDT_250328,108529.8000,106143.8200,65.3333,12.5583
2025-01-22,BTCUSDT_250328,105891.3000,103706.6600,64.3333,11.9517
2025-01-23,BTCUSDT_250328,106171.9000,103910.3400,63.3333,12.5432
2025-01-24,BTCUSDT_250328,106938.7000,104870.5000,62.3333,11.5481
2025-01-25,BTCUSDT_250328,106742.0000,104746.8500,61.3333,11.3352
2025-01-26,BTCUSDT_250328,104624.2000,102620.0000,60.3333,11.8153
2025-01-27,BTCUSDT_250328,103934.5000,102082.8300,59.3333,11.1585
2025-01-28,BTCUSDT_250328,103079.7000,101335.5200,58.3333,10.7698
2025-01-29,BTCUSDT_250328,105575.1000,103733.2400,57.3333,11.3038
2025-01-30,BTCUSDT_250328,106372.0000,104722.9400,56.3333,10.2029
2025-01-31,BTCUSDT_250328,104123.7000,102429.5600,55.3333,10.9101
2025-02-01,BTCUSDT_250328,102337.0000,100635.6500,54.3333,11.3571
2025-02-02,BTCUSDT_250328,99229.9000,97700.5900,53.3333,10.7125
2025-02-03,BTCUSDT_250328,102703.8000,101328.5200,52.3333,9.4662
2025-02-04,BTCUSDT_250328,98969.6000,97763.1300,51.3333,8.7748
2025-02-05,BTCUSDT_250328,97743.7000,96612.4300,50.3333,8.4912
2025-02-06,BTCUSDT_250328,97685.2000,96554.3500,49.3333,8.6653
2025-02-07,BTCUSDT_250328,97532.3000,96506.8000,48.3333,8.0246
2025-02-08,BTCUSDT_250328,97424.1000,96444.7400,47.3333,7.8305
2025-02-09,BTCUSDT_250328,97435.6000,96462.7500,46.3333,7.9448
2025-02-10,BTCUSDT_250328,98372.0000,97430.8200,45.3333,7.7777
2025-02-11,BTCUSDT_250328,96676.6000,95778.2000,44.3333,7.7226
2025-02-12,BTCUSDT_250328,98765.1000,97869.9900,43.3333,7.7037
2025-02-13,BTCUSDT_250328,97446.9000,96608.1400,42.3333,7.4857
2025-02-14,BTCUSDT_250328,98351.5000,97500.4800,41.3333,7.7077
2025-02-15,BTCUSDT_250328,98415.5000,97569.6600,40.3333,7.8452
2025-02-16,BTCUSDT_250328,96968.7000,96118.1200,39.3333,8.2119
2025-02-17,BTCUSDT_250328,96449.9000,95780.0000,38.3333,6.6597
2025-02-18,BTCUSDT_250328,96274.5000,95671.7400,37.3333,6.1597
2025-02-19,BTCUSDT_250328,97202.3000,96644.3700,36.3333,5.7995
2025-02-20,BTCUSDT_250328,98929.5000,98305.0000,35.3333,6.5624
2025-02-21,BTCUSDT_250328,96723.9000,96181.9800,34.3333,5.9899
2025-02-22,BTCUSDT_250328,97104.1000,96551.0100,33.3333,6.2727
2025-02-23,BTCUSDT_250328,96818.1000,96258.0000,32.3333,6.5686
2025-02-24,BTCUSDT_250328,92029.4000,91552.8800,31.3333,6.0631
2025-02-25,BTCUSDT_250328,89200.1000,88680.4000,30.3333,7.0518
2025-02-26,BTCUSDT_250328,84650.2000,84250.0900,29.3333,5.9094
2025-02-27,BTCUSDT_250328,85209.5000,84708.5800,28.3333,7.6179
2025-02-28,BTCUSDT_250328,84811.3000,84349.9400,27.3333,7.3039
2025-03-01,BTCUSDT_250328,86521.3000,86064.5300,26.3333,7.3563
2025-03-02,BTCUSDT_250328,94602.1000,94270.0000,25.3333,5.0757
2025-03-03,BTCUSDT_250328,86578.4000,86220.6100,24.3333,6.2246
2025-03-04,BTCUSDT_250328,87552.5000,87281.9800,23.3333,4.8483
2025-03-05,BTCUSDT_250328,90908.3000,90606.0100,22.3333,5.4526
2025-03-06,BTCUSDT_250328,90210.2000,89931.8900,21.3333,5.2948
2025-03-07,BTCUSDT_250328,87091.7000,86801.7500,20.3333,5.9962
2025-03-08,BTCUSDT_250328,86424.9000,86222.4500,19.3333,4.4329
2025-03-09,BTCUSDT_250328,80906.5000,80734.3700,18.3333,4.2447
2025-03-10,BTCUSDT_250328,78774.5000,78595.8600,17.3333,4.7862
2025-03-11,BTCUSDT_250328,83124.9000,82932.9900,16.3333,5.1712
2025-03-12,BTCUSDT_250328,83849.8000,83680.1200,15.3333,4.8269
2025-03-13,BTCUSDT_250328,81284.9000,81115.7800,14.3333,5.3093
2025-03-14,BTCUSDT_250328,84178.6000,83983.2000,13.3333,6.3692
2025-03-15,BTCUSDT_250328,84481.9000,84338.4400,12.3333,5.0341
2025-03-16,BTCUSDT_250328,82717.9000,82574.5300,11.3333,5.5917
2025-03-17,BTCUSDT_250328,84242.7000,84010.0300,10.3333,9.7828
2025-03-18,BTCUSDT_250328,82763.5000,82715.0300,9.3333,2.2916
2025-03-19,BTCUSDT_250328,86878.2000,86845.9400,8.3333,1.6270
2025-03-20,BTCUSDT_250328,84240.6000,84223.3900,7.3333,1.0170
2025-03-21,BTCUSDT_250328,84135.0000,84088.7900,6.3333,3.1671
2025-03-22,BTCUSDT_250328,83911.1000,83840.5900,5.3333,5.7556
2025-03-23,BTCUSDT_250328,86163.6000,86082.5000,4.3333,7.9355
2025-03-24,BTCUSDT_250328,87557.0000,87498.1600,3.3333,7.3636
2025-03-25,BTCUSDT_250328,87453.0000,87392.8700,2.3333,10.7629
2025-03-26,BTCUSDT_250328,86909.7000,86909.1700,1.3333,0.1669
2025-03-27,BTCUSDT_250627,88281.5000,87232.0100,91.3333,4.8080
2025-03-28,BTCUSDT_250627,85389.2000,84424.3800,90.3333,4.6177
2025-03-29,BTCUSDT_250627,83490.0000,82648.5400,89.3333,4.1598
2025-03-30,BTCUSDT_250627,83165.1000,82389.9900,88.3333,3.8874
2025-03-31,BTCUSDT_250627,83392.8000,82550.0100,87.3333,4.2669
2025-04-01,BTCUSDT_250627,86156.0000,85158.3400,86.3333,4.9530
2025-04-02,BTCUSDT_250627,83368.9000,82516.2900,85.3333,4.4196
2025-04-03,BTCUSDT_250627,84140.6000,83213.0900,84.3333,4.8241
2025-04-04,BTCUSDT_250627,84884.6000,83889.8700,83.3333,5.1936
2025-04-05,BTCUSDT_250627,84478.8000,83537.9900,82.3333,4.9927
2025-04-06,BTCUSDT_250627,79200.8000,78430.0000,81.3333,4.4105
2025-04-07,BTCUSDT_250627,80076.1000,79163.2400,80.3333,5.2394
2025-04-08,BTCUSDT_250627,77316.3000,76322.4200,79.3333,5.9913
2025-04-09,BTCUSDT_250627,83705.4000,82615.2200,78.3333,6.1487
2025-04-10,BTCUSDT_250627,80502.8000,79607.3000,77.3333,5.3093
2025-04-11,BTCUSDT_250627,84186.7000,83423.8400,76.3333,4.3725
2025-04-12,BTCUSDT_250627,86153.1000,85276.9000,75.3333,4.9783
2025-04-13,BTCUSDT_250627,84657.9000,83760.0000,74.3333,5.2638
2025-04-14,BTCUSDT_250627,85377.9000,84591.5800,73.3333,4.6266
2025-04-15,BTCUSDT_250627,84501.9000,83643.9900,72.3333,5.1756
2025-04-16,BTCUSDT_250627,84915.2000,84030.3800,71.3333,5.3879
2025-04-17,BTCUSDT_250627,85806.6000,84947.9100,70.3333,5.2458
2025-04-18,BTCUSDT_250627,85301.9000,84474.6900,69.3333,5.1551
2025-04-19,BTCUSDT_250627,85983.5000,85077.0100,68.3333,5.6913
2025-04-20,BTCUSDT_250627,85941.3000,85179.2400,67.3333,4.8497
2025-04-21,BTCUSDT_250627,88240.8000,87516.2300,66.3333,4.5557
2025-04-22,BTCUSDT_250627,94229.9000,93442.9900,65.3333,4.7047
2025-04-23,BTCUSDT_250627,94477.3000,93691.0800,64.3333,4.7610
2025-04-24,BTCUSDT_250627,94808.5000,93980.4700,63.3333,5.0777
2025-04-25,BTCUSDT_250627,95490.0000,94638.6800,62.3333,5.2674
2025-04-26,BTCUSDT_250627,95565.2000,94628.0000,61.3333,5.8940
2025-04-27,BTCUSDT_250627,94583.3000,93749.3000,60.3333,5.3819
2025-04-28,BTCUSDT_250627,95829.4000,95011.1800,59.3333,5.2977
2025-04-29,BTCUSDT_250627,95186.8000,94256.8200,58.3333,6.1736
2025-04-30,BTCUSDT_250627,95100.5000,94172.0000,57.3333,6.2769
2025-05-01,BTCUSDT_250627,97349.6000,96489.9100,56.3333,5.7728
2025-05-02,BTCUSDT_250627,97635.6000,96887.1400,55.3333,5.0958
2025-05-03,BTCUSDT_250627,96554.9000,95856.4200,54.3333,4.8951
2025-05-04,BTCUSDT_250627,94800.0000,94277.6200,53.3333,3.7920
2025-05-05,BTCUSDT_250627,95384.4000,94733.6800,52.3333,4.7908
2025-05-06,BTCUSDT_250627,97370.3000,96834.0200,51.3333,3.9378
2025-05-07,BTCUSDT_250627,97570.2000,97030.5000,50.3333,4.0335
2025-05-08,BTCUSDT_250627,103921.6000,103261.6000,49.3333,4.7289
2025-05-09,BTCUSDT_250627,103646.2000,102971.9900,48.3333,4.9445
2025-05-10,BTCUSDT_250627,105589.5000,104809.5300,47.3333,5.7386
2025-05-11,BTCUSDT_250627,104851.3000,104118.0000,46.3333,5.5482
2025-05-12,BTCUSDT_250627,103417.7000,102791.3200,45.3333,4.9063
2025-05-13,BTCUSDT_250627,104838.7000,104103.7200,44.3333,5.8126
2025-05-14,BTCUSDT_250627,104205.3000,103507.8200,43.3333,5.6758
2025-05-15,BTCUSDT_250627,104337.8000,103763.7100,42.3333,4.7703
2025-05-16,BTCUSDT_250627,104045.0000,103463.9000,41.3333,4.9597
2025-05-17,BTCUSDT_250627,103606.0000,103126.6500,40.3333,4.2064
2025-05-18,BTCUSDT_250627,107142.7000,106454.2600,39.3333,6.0012
2025-05-19,BTCUSDT_250627,106155.5000,105573.7400,38.3333,5.2469
2025-05-20,BTCUSDT_250627,107386.8000,106849.9900,37.3333,4.9118
2025-05-21,BTCUSDT_250627,110294.0000,109643.9900,36.3333,5.9556
2025-05-22,BTCUSDT_250627,112417.5000,111696.2100,35.3333,6.6708
2025-05-23,BTCUSDT_250627,107967.4000,107318.3000,34.3333,6.4301
2025-05-24,BTCUSDT_250627,108373.9000,107761.9100,33.3333,6.2186
2025-05-25,BTCUSDT_250627,109596.2000,109004.1900,32.3333,6.1310
2025-05-26,BTCUSDT_250627,110033.5000,109434.7900,31.3333,6.3731
2025-05-27,BTCUSDT_250627,109500.8000,108938.1700,30.3333,6.2146
2025-05-28,BTCUSDT_250627,108347.6000,107781.7800,29.3333,6.5323
2025-05-29,BTCUSDT_250627,106104.5000,105589.7500,28.3333,6.2801
2025-05-30,BTCUSDT_250627,104449.4000,103985.4800,27.3333,5.9576
2025-05-31,BTCUSDT_250627,105025.5000,104591.8800,26.3333,5.7464
2025-06-01,BTCUSDT_250627,106079.4000,105642.9300,25.3333,5.9527
2025-06-02,BTCUSDT_250627,106290.6000,105857.9900,24.3333,6.1301
2025-06-03,BTCUSDT_250627,105777.5000,105376.8900,23.3333,5.9469
2025-06-04,BTCUSDT_250627,105008.0000,104696.8600,22.3333,4.8569
2025-06-05,BTCUSDT_250627,101773.4000,101508.6800,21.3333,4.4619
2025-06-06,BTCUSDT_250627,104580.1000,104288.4400,20.3333,5.0202
2025-06-07,BTCUSDT_250627,105788.3000,105552.1500,19.3333,4.2238
2025-06-08,BTCUSDT_250627,106009.5000,105734.0000,18.3333,5.1875
2025-06-09,BTCUSDT_250627,110499.9000,110263.0200,17.3333,4.5239
2025-06-10,BTCUSDT_250627,110527.2000,110274.3900,16.3333,5.1232
2025-06-11,BTCUSDT_250627,108831.6000,108645.1200,15.3333,4.0858
2025-06-12,BTCUSDT_250627,105796.6000,105671.7300,14.3333,3.0092
2025-06-13,BTCUSDT_250627,106180.2000,106066.5900,13.3333,2.9322
2025-06-14,BTCUSDT_250627,105506.2000,105414.6400,12.3333,2.5705
2025-06-15,BTCUSDT_250627,105666.1000,105594.0100,11.3333,2.1987
2025-06-16,BTCUSDT_250627,106868.3000,106794.5300,10.3333,2.4400
2025-06-17,BTCUSDT_250627,104649.9000,104551.1700,9.3333,3.6930
2025-06-18,BTCUSDT_250627,104905.9000,104886.7800,8.3333,0.7984
2025-06-19,BTCUSDT_250627,104688.3000,104658.5900,7.3333,1.4129
2025-06-20,BTCUSDT_250627,103303.2000,103297.9900,6.3333,0.2907
2025-06-21,BTCUSDT_250627,102134.1000,102120.0100,5.3333,0.9443
2025-06-22,BTCUSDT_250627,100984.0000,100963.8700,4.3333,1.6794
2025-06-23,BTCUSDT_250627,105354.3000,105333.9300,3.3333,2.1176
2025-06-24,BTCUSDT_250627,106087.4000,106083.0000,2.3333,0.6488
2025-06-25,BTCUSDT_250627,107330.3000,107340.5800,1.3333,-2.6217
2025-06-26,BTCUSDT_250926,108161.0000,106947.0600,91.3333,4.5362
2025-06-27,BTCUSDT_250926,108190.6000,107047.5900,90.3333,4.3144
2025-06-28,BTCUSDT_250926,108381.2000,107296.7900,89.3333,4.1294
2025-06-29,BTCUSDT_250926,109520.5000,108356.9300,88.3333,4.4371
2025-06-30,BTCUSDT_250926,108219.7000,107146.5000,87.3333,4.1862
2025-07-01,BTCUSDT_250926,106625.9000,105681.1400,86.3333,3.7795
2025-07-02,BTCUSDT_250926,109887.4000,108849.6000,85.3333,4.0781
2025-07-03,BTCUSDT_250926,110722.6000,109584.7800,84.3333,4.4938
2025-07-04,BTCUSDT_250926,109085.3000,107984.2400,83.3333,4.4661
2025-07-05,BTCUSDT_250926,109210.0000,108198.1200,82.3333,4.1460
2025-07-06,BTCUSDT_250926,110321.8000,109203.8400,81.3333,4.5942
2025-07-07,BTCUSDT_250926,109323.9000,108262.9400,80.3333,4.4526
2025-07-08,BTCUSDT_250926,110049.2000,108922.9800,79.3333,4.7571
2025-07-09,BTCUSDT_250926,112618.9000,111233.9900,78.3333,5.8014
2025-07-10,BTCUSDT_250926,117429.4000,116010.0000,77.3333,5.7748
2025-07-11,BTCUSDT_250926,119067.9000,117527.6600,76.3333,6.2665
2025-07-12,BTCUSDT_250926,119013.8000,117420.0000,75.3333,6.5765
2025-07-13,BTCUSDT_250926,120791.4000,119086.6400,74.3333,7.0293
2025-07-14,BTCUSDT_250926,121517.0000,119841.1800,73.3333,6.9601
2025-07-15,BTCUSDT_250926,119451.5000,117758.0900,72.3333,7.2565
2025-07-16,BTCUSDT_250926,120395.7000,118630.4300,71.3333,7.6140
2025-07-17,BTCUSDT_250926,120732.8000,119177.5600,70.3333,6.7723
2025-07-18,BTCUSDT_250926,119526.1000,117924.8400,69.3333,7.1484
2025-07-19,BTCUSDT_250926,119577.1000,117840.0000,68.3333,7.8739
2025-07-20,BTCUSDT_250926,118995.0000,117265.1200,67.3333,7.9967
2025-07-21,BTCUSDT_250926,119046.9000,117380.3600,66.3333,7.8123
2025-07-22,BTCUSDT_250926,121738.7000,119954.4200,65.3333,8.3101
2025-07-23,BTCUSDT_250926,120519.9000,118755.9900,64.3333,8.4271
2025-07-24,BTCUSDT_250926,119899.6000,118340.9900,63.3333,7.5904
2025-07-25,BTCUSDT_250926,119190.9000,117614.3100,62.3333,7.8493
2025-07-26,BTCUSDT_250926,119524.8000,117919.9900,61.3333,8.0990
2025-07-27,BTCUSDT_250926,121177.8000,119415.5500,60.3333,8.9278
2025-07-28,BTCUSDT_250926,119684.3000,118062.3200,59.3333,8.4514
2025-07-29,BTCUSDT_250926,119490.8000,117950.7600,58.3333,8.1697
2025-07-30,BTCUSDT_250926,119040.5000,117840.3000,57.3333,6.4840
2025-07-31,BTCUSDT_250926,116912.2000,115764.0800,56.3333,6.4260
2025-08-01,BTCUSDT_250926,114172.1000,113297.9300,55.3333,5.0896
2025-08-02,BTCUSDT_250926,113594.2000,112546.3500,54.3333,6.2545
2025-08-03,BTCUSDT_250926,115233.0000,114208.8000,53.3333,6.1373
2025-08-04,BTCUSDT_250926,116120.8000,115055.0300,52.3333,6.4606
2025-08-05,BTCUSDT_250926,115191.0000,114129.7500,51.3333,6.6117
2025-08-06,BTCUSDT_250926,116016.7000,114992.2700,50.3333,6.4603
2025-08-07,BTCUSDT_250926,118583.1000,117472.0100,49.3333,6.9979
2025-08-08,BTCUSDT_250926,117828.8000,116674.7400,48.3333,7.4696
2025-08-09,BTCUSDT_250926,117685.8000,116462.2500,47.3333,8.1014
2025-08-10,BTCUSDT_250926,120530.9000,119294.0100,46.3333,8.1679
2025-08-11,BTCUSDT_250926,119919.2000,118686.0000,45.3333,8.3658
2025-08-12,BTCUSDT_250926,121338.2000,120134.0800,44.3333,8.2521
2025-08-13,BTCUSDT_250926,124626.3000,123306.4300,43.3333,9.0160
2025-08-14,BTCUSDT_250926,119443.2000,118295.0900,42.3333,8.3681
2025-08-15,BTCUSDT_250926,118424.1000,117342.0500,41.3333,8.1430
2025-08-16,BTCUSDT_250926,118400.8000,117380.6600,40.3333,7.8649
2025-08-17,BTCUSDT_250926,118269.2000,117405.0100,39.3333,6.8305
2025-08-18,BTCUSDT_250926,116960.8000,116227.0500,38.3333,6.0111
2025-08-19,BTCUSDT_250926,113520.0000,112872.9400,37.3333,5.6047
2025-08-20,BTCUSDT_250926,114936.5000,114271.2400,36.3333,5.8485
2025-08-21,BTCUSDT_250926,113219.3000,112500.0000,35.3333,6.6049
2025-08-22,BTCUSDT_250926,117830.6000,116935.9900,34.3333,8.1332
2025-08-23,BTCUSDT_250926,116341.7000,115438.0500,33.3333,8.5717
2025-08-24,BTCUSDT_250926,114443.6000,113493.5900,32.3333,9.4493
2025-08-25,BTCUSDT_250926,110774.1000,110111.9800,31.3333,7.0047
2025-08-26,BTCUSDT_250926,112474.2000,111763.2200,30.3333,7.6548
2025-08-27,BTCUSDT_250926,111956.3000,111262.0100,29.3333,7.7647
2025-08-28,BTCUSDT_250926,113210.5000,112566.9000,28.3333,7.3655
2025-08-29,BTCUSDT_250926,108944.8000,108377.4000,27.3333,6.9912
2025-08-30,BTCUSDT_250926,109295.3000,108816.3300,26.3333,6.1010
2025-08-31,BTCUSDT_250926,108700.0000,108246.3500,25.3333,6.0382
2025-09-01,BTCUSDT_250926,109700.3000,109237.4200,24.3333,6.3561
2025-09-02,BTCUSDT_250926,111681.3000,111240.0100,23.3333,6.2055
2025-09-03,BTCUSDT_250926,112157.8000,111705.7100,22.3333,6.6144
2025-09-04,BTCUSDT_250926,111046.5000,110730.8700,21.3333,4.8769
2025-09-05,BTCUSDT_250926,110942.7000,110659.9900,20.3333,4.5860
2025-09-06,BTCUSDT_250926,110509.0000,110187.9700,19.3333,5.5004
2025-09-07,BTCUSDT_250926,111470.9000,111137.3400,18.3333,5.9754
2025-09-08,BTCUSDT_250926,112335.3000,112065.2300,17.3333,5.0748
2025-09-09,BTCUSDT_250926,111877.7000,111546.3900,16.3333,6.6374
2025-09-10,BTCUSDT_250926,114276.7000,113960.0000,15.3333,6.6153
2025-09-11,BTCUSDT_250926,115833.6000,115482.6900,14.3333,7.7379
2025-09-12,BTCUSDT_250926,116300.0000,116029.4200,13.3333,6.3838
2025-09-13,BTCUSDT_250926,116209.0000,115918.2900,12.3333,7.4220
2025-09-14,BTCUSDT_250926,115674.4000,115268.0100,11.3333,11.3545
2025-09-15,BTCUSDT_250926,115539.9000,115349.7100,10.3333,5.8240
2025-09-16,BTCUSDT_250926,116944.3000,116788.9600,9.3333,5.2016
2025-09-17,BTCUSDT_250926,116580.5000,116447.5900,8.3333,4.9992
2025-09-18,BTCUSDT_250926,117209.7000,117073.5300,7.3333,5.7891
2025-09-19,BTCUSDT_250926,115751.0000,115632.3800,6.3333,5.9121
2025-09-20,BTCUSDT_250926,115781.9000,115685.6300,5.3333,5.6952
2025-09-21,BTCUSDT_250926,115330.2000,115232.2900,4.3333,7.1569
2025-09-22,BTCUSDT_250926,112659.7000,112650.9900,3.3333,0.8466
2025-09-23,BTCUSDT_250926,112017.9000,111998.8000,2.3333,2.6677
2025-09-24,BTCUSDT_250926,113302.1000,113307.0000,1.3333,-1.1838
2025-09-25,BTCUSDT_251226,110747.6000,108994.4900,91.3333,6.4279
2025-09-26,BTCUSDT_251226,111447.1000,109643.4600,90.3333,6.6468
2025-09-27,BTCUSDT_251226,111399.3000,109635.8500,89.3333,6.5719
2025-09-28,BTCUSDT_251226,113939.4000,112163.9500,88.3333,6.5407
2025-09-29,BTCUSDT_251226,116316.7000,114311.9600,87.3333,7.3296
2025-09-30,BTCUSDT_251226,115977.5000,114048.9300,86.3333,7.1492
2025-10-01,BTCUSDT_251226,120593.0000,118594.9900,85.3333,7.2062
2025-10-02,BTCUSDT_251226,122659.4000,120529.3500,84.3333,7.6488
2025-10-03,BTCUSDT_251226,124311.0000,122232.0000,83.3333,7.4498
2025-10-04,BTCUSDT_251226,124494.7000,122391.0000,82.3333,7.6199
2025-10-05,BTCUSDT_251226,125681.7000,123482.3100,81.3333,7.9932
2025-10-06,BTCUSDT_251226,126860.0000,124658.5400,80.3333,8.0239
2025-10-07,BTCUSDT_251226,123498.3000,121332.9500,79.3333,8.2108
2025-10-08,BTCUSDT_251226,125318.9000,123306.0000,78.3333,7.6065
2025-10-09,BTCUSDT_251226,123527.4000,121662.4000,77.3333,7.2352
2025-10-10,BTCUSDT_251226,114400.2000,112774.5000,76.3333,6.8930
2025-10-11,BTCUSDT_251226,112297.2000,110644.4000,75.3333,7.2376
2025-10-12,BTCUSDT_251226,116679.8000,114958.8000,74.3333,7.3510
2025-10-13,BTCUSDT_251226,116719.8000,115166.0000,73.3333,6.7153
2025-10-14,BTCUSDT_251226,114253.7000,113028.1400,72.3333,5.4714
2025-10-15,BTCUSDT_251226,112036.5000,110763.2800,71.3333,5.8818
2025-10-16,BTCUSDT_251226,109414.0000,108194.2800,70.3333,5.8504
2025-10-17,BTCUSDT_251226,107542.0000,106431.6800,69.3333,5.4920
2025-10-18,BTCUSDT_251226,108421.4000,107185.0100,68.3333,6.1614
2025-10-19,BTCUSDT_251226,109849.9000,108642.7800,67.3333,6.0230
2025-10-20,BTCUSDT_251226,111701.5000,110532.0900,66.3333,5.8216
2025-10-21,BTCUSDT_251226,109360.0000,108297.6700,65.3333,5.4802
2025-10-22,BTCUSDT_251226,108674.0000,107567.4400,64.3333,5.8365
2025-10-23,BTCUSDT_251226,111102.3000,110078.1800,63.3333,5.3618
2025-10-24,BTCUSDT_251226,112069.7000,111004.8900,62.3333,5.6170
2025-10-25,BTCUSDT_251226,112669.6000,111646.2700,61.3333,5.4547
2025-10-26,BTCUSDT_251226,115677.9000,114559.4000,60.3333,5.9066
2025-10-27,BTCUSDT_251226,115220.5000,114107.6500,59.3333,5.9995
2025-10-28,BTCUSDT_251226,113911.2000,112898.4500,58.3333,5.6129
2025-10-29,BTCUSDT_251226,110831.2000,110021.2900,57.3333,4.6865
2025-10-30,BTCUSDT_251226,109136.1000,108322.8800,56.3333,4.8642
2025-10-31,BTCUSDT_251226,110433.5000,109608.0100,55.3333,4.9679
2025-11-01,BTCUSDT_251226,110898.0000,110098.1000,54.3333,4.8807
2025-11-02,BTCUSDT_251226,111316.5000,110540.6800,53.3333,4.8032
2025-11-03,BTCUSDT_251226,107275.4000,106583.0400,52.3333,4.5306
2025-11-04,BTCUSDT_251226,101955.5000,101497.2200,51.3333,3.2105
2025-11-05,BTCUSDT_251226,104558.7000,103885.1600,50.3333,4.7016
2025-11-06,BTCUSDT_251226,101903.2000,101346.0400,49.3333,4.0675
2025-11-07,BTCUSDT_251226,103974.4000,103339.0800,48.3333,4.6427
2025-11-08,BTCUSDT_251226,102869.1000,102312.9400,47.3333,4.1917
2025-11-09,BTCUSDT_251226,105330.2000,104722.9600,46.3333,4.5679
2025-11-10,BTCUSDT_251226,106636.1000,106011.1300,45.3333,4.7466
2025-11-11,BTCUSDT_251226,103582.6000,103058.9900,44.3333,4.1830
2025-11-12,BTCUSDT_251226,102137.1000,101654.3700,43.3333,3.9999
2025-11-13,BTCUSDT_251226,100265.3000,99692.0200,42.3333,4.9581
2025-11-14,BTCUSDT_251226,95016.7000,94594.0000,41.3333,3.9460
2025-11-15,BTCUSDT_251226,96068.7000,95596.2400,40.3333,4.4725
2025-11-16,BTCUSDT_251226,94713.0000,94261.4400,39.3333,4.4454
2025-11-17,BTCUSDT_251226,92632.8000,92215.1400,38.3333,4.3126
2025-11-18,BTCUSDT_251226,93400.0000,92960.8300,37.3333,4.6188
2025-11-19,BTCUSDT_251226,92023.2000,91554.9600,36.3333,5.1378
2025-11-20,BTCUSDT_251226,87020.7000,86637.2300,35.3333,4.5723
2025-11-21,BTCUSDT_251226,85460.0000,85129.4300,34.3333,4.1282
2025-11-22,BTCUSDT_251226,85024.3000,84739.7400,33.3333,3.6771
2025-11-23,BTCUSDT_251226,87192.1000,86830.0000,32.3333,4.7076
2025-11-24,BTCUSDT_251226,88658.7000,88300.0100,31.3333,4.7320
2025-11-25,BTCUSDT_251226,87745.5000,87369.9600,30.3333,5.1721
2025-11-26,BTCUSDT_251226,90877.6000,90484.0200,29.3333,5.4124
2025-11-27,BTCUSDT_251226,91655.0000,91333.9500,28.3333,4.5283
2025-11-28,BTCUSDT_251226,91211.0000,90890.7000,27.3333,4.7058
2025-11-29,BTCUSDT_251226,91139.3000,90802.4400,26.3333,5.1421
2025-11-30,BTCUSDT_251226,90681.7000,90360.0000,25.3333,5.1295
2025-12-01,BTCUSDT_251226,86563.4000,86286.0100,24.3333,4.8222
2025-12-02,BTCUSDT_251226,91567.8000,91277.8800,23.3333,4.9685
2025-12-03,BTCUSDT_251226,93717.9000,93429.9500,22.3333,5.0370
2025-12-04,BTCUSDT_251226,92311.7000,92078.0600,21.3333,4.3414
2025-12-05,BTCUSDT_251226,89519.8000,89330.0400,20.3333,3.8132
2025-12-06,BTCUSDT_251226,89406.1000,89236.7900,19.3333,3.5820
2025-12-07,BTCUSDT_251226,90580.1000,90395.3100,18.3333,4.0699
2025-12-08,BTCUSDT_251226,90832.6000,90634.3400,17.3333,4.6063
2025-12-09,BTCUSDT_251226,92868.9000,92678.8000,16.3333,4.5837
2025-12-10,BTCUSDT_251226,92154.6000,92015.3700,15.3333,3.6019
2025-12-11,BTCUSDT_251226,92646.2000,92513.3800,14.3333,3.6560
2025-12-12,BTCUSDT_251226,90368.4000,90268.4200,13.3333,3.0320
2025-12-13,BTCUSDT_251226,90402.1000,90240.0100,12.3333,5.3158
2025-12-14,BTCUSDT_251226,88236.8000,88172.1700,11.3333,2.3607
2025-12-15,BTCUSDT_251226,86511.1000,86432.0800,10.3333,3.2293
2025-12-16,BTCUSDT_251226,87953.4000,87863.4200,9.3333,4.0049
2025-12-17,BTCUSDT_251226,86337.0000,86243.2200,8.3333,4.7628
2025-12-18,BTCUSDT_251226,85617.0000,85516.4100,7.3333,5.8546
2025-12-19,BTCUSDT_251226,88265.6000,88136.9400,6.3333,8.4129
2025-12-20,BTCUSDT_251226,88462.7000,88360.9000,5.3333,7.8846
2025-12-21,BTCUSDT_251226,88717.0000,88658.8600,4.3333,5.5236
2025-12-22,BTCUSDT_251226,88629.1000,88620.7900,3.3333,1.0268
2025-12-23,BTCUSDT_251226,87538.7000,87486.0000,2.3333,9.4230
2025-12-24,BTCUSDT_251226,87674.4000,87669.4500,1.3333,1.5456
2025-12-25,BTCUSDT_260327,88271.8000,87225.2700,91.3333,4.7948
2025-12-26,BTCUSDT_260327,88390.9000,87369.5600,90.3333,4.7234
2025-12-27,BTCUSDT_260327,88967.0000,87877.0100,89.3333,5.0679
2025-12-28,BTCUSDT_260327,89059.9000,87952.7100,88.3333,5.2017
2025-12-29,BTCUSDT_260327,88214.2000,87237.1300,87.3333,4.6810
2025-12-30,BTCUSDT_260327,89419.5000,88485.4900,86.3333,4.4627
2025-12-31,BTCUSDT_260327,88479.5000,87648.2200,85.3333,4.0568
2026-01-01,BTCUSDT_260327,89703.3000,88839.0400,84.3333,4.2105
2026-01-02,BTCUSDT_260327,90828.0000,89995.1300,83.3333,4.0535
2026-01-03,BTCUSDT_260327,91538.3000,90628.0100,82.3333,4.4528
2026-01-04,BTCUSDT_260327,92574.8000,91529.7300,81.3333,5.1240
2026-01-05,BTCUSDT_260327,94780.3000,93859.7100,80.3333,4.4564
2026-01-06,BTCUSDT_260327,94734.2000,93747.9700,79.3333,4.8401
2026-01-07,BTCUSDT_260327,92356.1000,91364.1600,78.3333,5.0589
2026-01-08,BTCUSDT_260327,91995.8000,91099.9900,77.3333,4.6411
2026-01-09,BTCUSDT_260327,91514.0000,90641.2800,76.3333,4.6039
2026-01-10,BTCUSDT_260327,91396.0000,90504.7000,75.3333,4.7715
2026-01-11,BTCUSDT_260327,91900.0000,91013.6500,74.3333,4.7820
2026-01-12,BTCUSDT_260327,92159.6000,91296.2000,73.3333,4.7071
2026-01-13,BTCUSDT_260327,96237.4000,95414.0000,72.3333,4.3546
2026-01-14,BTCUSDT_260327,97777.1000,96951.7800,71.3333,4.3558
2026-01-15,BTCUSDT_260327,96434.0000,95604.8000,70.3333,4.5010
2026-01-16,BTCUSDT_260327,96365.1000,95550.9400,69.3333,4.4857
2026-01-17,BTCUSDT_260327,95952.2000,95147.7700,68.3333,4.5160
2026-01-18,BTCUSDT_260327,94427.6000,93673.1400,67.3333,4.3660
2026-01-19,BTCUSDT_260327,93364.3000,92631.0000,66.3333,4.3560
2026-01-20,BTCUSDT_260327,89077.3000,88427.6600,65.3333,4.1043
2026-01-21,BTCUSDT_260327,90056.2000,89454.7300,64.3333,3.8148
2026-01-22,BTCUSDT_260327,90202.4000,89559.6700,63.3333,4.1360
2026-01-23,BTCUSDT_260327,90300.0000,89600.2600,62.3333,4.5730
2026-01-24,BTCUSDT_260327,89896.8000,89225.3400,61.3333,4.4785
2026-01-25,BTCUSDT_260327,87310.0000,86670.3600,60.3333,4.4648
2026-01-26,BTCUSDT_260327,89000.0000,88347.0800,59.3333,4.5463
2026-01-27,BTCUSDT_260327,89875.1000,89250.0000,58.3333,4.3825
2026-01-28,BTCUSDT_260327,89876.4000,89299.9900,57.3333,4.1093
2026-01-29,BTCUSDT_260327,85221.6000,84650.1600,56.3333,4.3739
2026-01-30,BTCUSDT_260327,84853.5000,84260.4900,55.3333,4.6424
2026-01-31,BTCUSDT_260327,79157.7000,78741.0900,54.3333,3.5543
2026-02-01,BTCUSDT_260327,77396.3000,76968.2100,53.3333,3.8064
2026-02-02,BTCUSDT_260327,79118.9000,78738.6100,52.3333,3.3685
2026-02-03,BTCUSDT_260327,76216.1000,75770.2100,51.3333,4.1843
2026-02-04,BTCUSDT_260327,73609.0000,73165.8300,50.3333,4.3924
2026-02-05,BTCUSDT_260327,63191.3000,62909.8600,49.3333,3.3099
2026-02-06,BTCUSDT_260327,70801.2000,70580.2600,48.3333,2.3639
2026-02-07,BTCUSDT_260327,69629.5000,69289.3800,47.3333,3.7852
2026-02-08,BTCUSDT_260327,70650.8000,70330.3800,46.3333,3.5890
2026-02-09,BTCUSDT_260327,70437.2000,70138.0000,45.3333,3.4347
2026-02-10,BTCUSDT_260327,69066.4000,68841.2900,44.3333,2.6922
2026-02-11,BTCUSDT_260327,67286.9000,67082.5200,43.3333,2.5663
2026-02-12,BTCUSDT_260327,66476.1000,66272.1700,42.3333,2.6531
2026-02-13,BTCUSDT_260327,69075.0000,68853.9600,41.3333,2.8349
2026-02-14,BTCUSDT_260327,70015.7000,69822.9500,40.3333,2.4982
2026-02-15,BTCUSDT_260327,69053.2000,68832.5800,39.3333,2.9743
2026-02-16,BTCUSDT_260327,69082.5000,68892.4300,38.3333,2.6270
2026-02-17,BTCUSDT_260327,67746.5000,67503.5200,37.3333,3.5192
2026-02-18,BTCUSDT_260327,66683.3000,66461.0000,36.3333,3.3602
2026-02-19,BTCUSDT_260327,67221.2000,67003.7300,35.3333,3.3528
2026-02-20,BTCUSDT_260327,68294.4000,68020.0100,34.3333,4.2885
2026-02-21,BTCUSDT_260327,68229.8000,67975.9300,33.3333,4.0895
2026-02-22,BTCUSDT_260327,67890.0000,67643.4000,32.3333,4.1154
2026-02-23,BTCUSDT_260327,64851.2000,64656.0200,31.3333,3.5165
2026-02-24,BTCUSDT_260327,64201.4000,64058.1500,30.3333,2.6909
2026-02-25,BTCUSDT_260327,68090.6000,67988.0400,29.3333,1.8771
2026-02-26,BTCUSDT_260327,67557.9000,67485.1800,28.3333,1.3882
2026-02-27,BTCUSDT_260327,66003.6000,65872.1000,27.3333,2.6658
2026-02-28,BTCUSDT_260327,67110.5000,66973.2600,26.3333,2.8403
2026-03-01,BTCUSDT_260327,65802.6000,65776.4700,25.3333,0.5724
2026-03-02,BTCUSDT_260327,68948.4000,68830.0600,24.3333,2.5790
2026-03-03,BTCUSDT_260327,68437.4000,68338.0000,23.3333,2.2753
2026-03-04,BTCUSDT_260327,72817.7000,72666.7700,22.3333,3.3945
2026-03-05,BTCUSDT_260327,71004.2000,70890.7200,21.3333,2.7388
2026-03-06,BTCUSDT_260327,68212.0000,68114.0200,20.3333,2.5822
2026-03-07,BTCUSDT_260327,67354.2000,67262.9100,19.3333,2.5623
2026-03-08,BTCUSDT_260327,66019.8000,65971.2000,18.3333,1.4667
2026-03-09,BTCUSDT_260327,68503.7000,68432.1600,17.3333,2.2014
2026-03-10,BTCUSDT_260327,70019.5000,69948.6300,16.3333,2.2641
2026-03-11,BTCUSDT_260327,70241.2000,70191.8600,15.3333,1.6733
2026-03-12,BTCUSDT_260327,70535.4000,70541.3400,14.3333,-0.2144
2026-03-13,BTCUSDT_260327,71032.9000,70930.0000,13.3333,3.9714
2026-03-14,BTCUSDT_260327,71268.7000,71211.9500,12.3333,2.3584
2026-03-15,BTCUSDT_260327,72896.3000,72815.2400,11.3333,3.5853
2026-03-16,BTCUSDT_260327,74919.1000,74884.6700,10.3333,1.6240
2026-03-17,BTCUSDT_260327,73947.5000,73909.3600,9.3333,2.0181
2026-03-18,BTCUSDT_260327,71320.1000,71246.5400,8.3333,4.5222
2026-03-19,BTCUSDT_260327,69985.1000,69930.0000,7.3333,3.9217
2026-03-20,BTCUSDT_260327,70598.0000,70510.7300,6.3333,7.1330
2026-03-21,BTCUSDT_260327,68972.7000,68918.1200,5.3333,5.4199
2026-03-22,BTCUSDT_260327,67925.9000,67859.0000,4.3333,8.3040
2026-03-23,BTCUSDT_260327,70964.4000,70906.4500,3.3333,8.9492
2026-03-24,BTCUSDT_260327,70598.1000,70556.7400,2.3333,9.1698
2026-03-25,BTCUSDT_260327,71389.8000,71336.5300,1.3333,20.4421
2026-03-26,BTCUSDT_260626,69182.7000,68820.3100,91.3333,2.1044
2026-03-27,BTCUSDT_260626,66734.0000,66407.2800,90.3333,1.9879
2026-03-28,BTCUSDT_260626,66711.1000,66377.0300,89.3333,2.0564
2026-03-29,BTCUSDT_260626,66305.5000,66010.9300,88.3333,1.8439
2026-03-30,BTCUSDT_260626,67150.0000,66797.3700,87.3333,2.2063
2026-03-31,BTCUSDT_260626,68571.2000,68284.4800,86.3333,1.7752
2026-04-01,BTCUSDT_260626,68390.0000,68113.9200,85.3333,1.7337
2026-04-02,BTCUSDT_260626,67161.7000,66901.9900,84.3333,1.6801
2026-04-03,BTCUSDT_260626,67262.7000,66964.3000,83.3333,1.9518
2026-04-04,BTCUSDT_260626,67556.9000,67300.4200,82.3333,1.6895
2026-04-05,BTCUSDT_260626,69308.2000,69034.1800,81.3333,1.7813
2026-04-06,BTCUSDT_260626,69226.6000,68853.6600,80.3333,2.4610
2026-04-07,BTCUSDT_260626,72235.1000,71924.2200,79.3333,1.9886
2026-04-08,BTCUSDT_260626,71325.0000,71069.9300,78.3333,1.6723
2026-04-09,BTCUSDT_260626,72053.2000,71787.9700,77.3333,1.7438
2026-04-10,BTCUSDT_260626,73202.8000,72962.7000,76.3333,1.5735
2026-04-11,BTCUSDT_260626,73220.2000,73043.1600,75.3333,1.1743
2026-04-12,BTCUSDT_260626,70885.5000,70740.9800,74.3333,1.0032
2026-04-13,BTCUSDT_260626,74547.4000,74417.9900,73.3333,0.8655
2026-04-14,BTCUSDT_260626,74332.4000,74131.5500,72.3333,1.3672
2026-04-15,BTCUSDT_260626,74957.1000,74809.9900,71.3333,1.0062
2026-04-16,BTCUSDT_260626,75324.0000,75154.2900,70.3333,1.1719
2026-04-17,BTCUSDT_260626,77204.3000,77072.0000,69.3333,0.9037
2026-04-18,BTCUSDT_260626,75888.8000,75691.7600,68.3333,1.3905
2026-04-19,BTCUSDT_260626,73941.8000,73801.7900,67.3333,1.0284
2026-04-20,BTCUSDT_260626,75870.5000,75840.9700,66.3333,0.2142
2026-04-21,BTCUSDT_260626,76404.1000,76336.1500,65.3333,0.4973
2026-04-22,BTCUSDT_260626,78181.7000,78178.2300,64.3333,0.0252
2026-04-23,BTCUSDT_260626,78322.7000,78257.4800,63.3333,0.4803
2026-04-24,BTCUSDT_260626,77525.0000,77437.1300,62.3333,0.6645
2026-04-25,BTCUSDT_260626,77669.9000,77625.0000,61.3333,0.3442
2026-04-26,BTCUSDT_260626,78707.1000,78657.5500,60.3333,0.3811
2026-04-27,BTCUSDT_260626,77461.2000,77371.3200,59.3333,0.7146
2026-04-28,BTCUSDT_260626,76441.3000,76342.7700,58.3333,0.8076
2026-04-29,BTCUSDT_260626,75916.5000,75780.0000,57.3333,1.1467
2026-04-30,BTCUSDT_260626,76430.0000,76346.5700,56.3333,0.7080
2026-05-01,BTCUSDT_260626,78330.4000,78231.1300,55.3333,0.8370
2026-05-02,BTCUSDT_260626,78773.5000,78686.8500,54.3333,0.7398
2026-05-03,BTCUSDT_260626,78655.3000,78568.5700,53.3333,0.7555
2026-05-04,BTCUSDT_260626,79944.2000,79861.0100,52.3333,0.7265
2026-05-05,BTCUSDT_260626,80977.8000,80905.5200,51.3333,0.6352
2026-05-06,BTCUSDT_260626,81563.6000,81447.0100,50.3333,1.0381
2026-05-07,BTCUSDT_260626,80103.5000,80006.0000,49.3333,0.9016
2026-05-08,BTCUSDT_260626,80331.1000,80193.1700,48.3333,1.2989
2026-05-09,BTCUSDT_260626,80787.2000,80678.4000,47.3333,1.0399
2026-05-10,BTCUSDT_260626,82294.8000,82210.0700,46.3333,0.8119
2026-05-11,BTCUSDT_260626,81854.0000,81745.6500,45.3333,1.0672
2026-05-12,BTCUSDT_260626,80630.3000,80504.4700,44.3333,1.2868
2026-05-13,BTCUSDT_260626,79469.1000,79313.6100,43.3333,1.6513
2026-05-14,BTCUSDT_260626,81136.8000,81089.9900,42.3333,0.4977
2026-05-15,BTCUSDT_260626,79186.8000,79113.2100,41.3333,0.8214
2026-05-16,BTCUSDT_260626,78219.8000,78148.0500,40.3333,0.8309
2026-05-17,BTCUSDT_260626,77574.6000,77457.6700,39.3333,1.4009
2026-05-18,BTCUSDT_260626,77094.6000,77001.8700,38.3333,1.1467
2026-05-19,BTCUSDT_260626,76945.9000,76834.3600,37.3333,1.4193
2026-05-20,BTCUSDT_260626,77670.8000,77552.2300,36.3333,1.5359
2026-05-21,BTCUSDT_260626,77757.5000,77615.5200,35.3333,1.8897
2026-05-22,BTCUSDT_260626,75686.3000,75539.5000,34.3333,2.0660
2026-05-23,BTCUSDT_260626,76832.5000,76752.0100,33.3333,1.1483
2026-05-24,BTCUSDT_260626,77189.2000,77064.9600,32.3333,1.8199
2026-05-25,BTCUSDT_260626,77510.9000,77322.0100,31.3333,2.8457
2026-05-26,BTCUSDT_260626,76071.7000,75930.0100,30.3333,2.2454
2026-05-27,BTCUSDT_260626,74633.2000,74449.3000,29.3333,3.0736
2026-05-28,BTCUSDT_260626,73798.7000,73617.5100,28.3333,3.1706
2026-05-29,BTCUSDT_260626,73597.0000,73460.7800,27.3333,2.4762
2026-05-30,BTCUSDT_260626,74000.5000,73884.3800,26.3333,2.1784
2026-05-31,BTCUSDT_260626,73793.5000,73674.3900,25.3333,2.3293
2026-06-01,BTCUSDT_260626,71560.6000,71408.9000,24.3333,3.1866
2026-06-02,BTCUSDT_260626,66868.9000,66760.8300,23.3333,2.5322
2026-06-03,BTCUSDT_260626,64230.7000,64142.7500,22.3333,2.2409
2026-06-04,BTCUSDT_260626,63988.2000,63885.9900,21.3333,2.7373
2026-06-05,BTCUSDT_260626,61163.3000,61056.4700,20.3333,3.1408
2026-06-06,BTCUSDT_260626,60983.3000,60884.6200,19.3333,3.0599
2026-06-07,BTCUSDT_260626,63424.3000,63332.0100,18.3333,2.9012
2026-06-08,BTCUSDT_260626,63185.0000,63085.9900,17.3333,3.3049
2026-06-09,BTCUSDT_260626,61805.3000,61730.0000,16.3333,2.7259
2026-06-10,BTCUSDT_260626,61608.6000,61510.9900,15.3333,3.7774
2026-06-11,BTCUSDT_260626,63695.9000,63625.9900,14.3333,2.7980
2026-06-12,BTCUSDT_260626,63640.1000,63580.0100,13.3333,2.5872
2026-06-13,BTCUSDT_260626,64490.4000,64458.0100,12.3333,1.4871
2026-06-14,BTCUSDT_260626,65795.8000,65746.4500,11.3333,2.4174
2026-06-15,BTCUSDT_260626,66367.1000,66328.7400,10.3333,2.0428
2026-06-16,BTCUSDT_260626,65711.9000,65675.0100,9.3333,2.1967
2026-06-17,BTCUSDT_260626,64515.9000,64509.4000,8.3333,0.4413
2026-06-18,BTCUSDT_260626,62997.8000,62958.0100,7.3333,3.1457
2026-06-19,BTCUSDT_260626,63562.6000,63543.9100,6.3333,1.6951
2026-06-20,BTCUSDT_260626,64310.6000,64298.0100,5.3333,1.3401
2026-06-21,BTCUSDT_260626,63310.0000,63311.9900,4.3333,-0.2648
2026-06-22,BTCUSDT_260626,64033.7000,64020.0100,3.3333,2.3415
2026-06-23,BTCUSDT_260626,62734.0000,62734.5700,2.3333,-0.1421
2026-06-24,BTCUSDT_260626,61076.8000,61077.9900,1.3333,-0.5334
2026-06-25,BTCUSDT_260925,60247.8000,59794.0000,91.3333,3.0330
2026-06-26,BTCUSDT_260925,60532.9000,60097.2700,90.3333,2.9289
2026-06-27,BTCUSDT_260925,60427.3000,60029.0000,89.3333,2.7110
2026-06-28,BTCUSDT_260925,60021.0000,59577.0100,88.3333,3.0794
2026-06-29,BTCUSDT_260925,60717.5000,60260.2100,87.3333,3.1716
2026-06-30,BTCUSDT_260925,59078.2000,58624.7100,86.3333,3.2704
2026-07-01,BTCUSDT_260925,60492.2000,60024.0000,85.3333,3.3364
2026-07-02,BTCUSDT_260925,62035.3000,61560.0000,84.3333,3.3417
2026-07-03,BTCUSDT_260925,63044.8000,62583.2600,83.3333,3.2302
2026-07-04,BTCUSDT_260925,63603.8000,63144.0100,82.3333,3.2281
2026-07-05,BTCUSDT_260925,64143.1000,63650.0000,81.3333,3.4766
2026-07-06,BTCUSDT_260925,64539.7000,64042.0200,80.3333,3.5309
2026-07-07,BTCUSDT_260925,63809.9000,63363.9900,79.3333,3.2377
2026-07-08,BTCUSDT_260925,62743.1000,62290.0000,78.3333,3.3894
2026-07-09,BTCUSDT_260925,63717.5000,63230.0000,77.3333,3.6390
2026-07-10,BTCUSDT_260925,64670.6000,64161.7200,76.3333,3.7924
2026-07-11,BTCUSDT_260925,64284.9000,63819.0000,75.3333,3.5371
2026-07-12,BTCUSDT_260925,64262.3000,63780.0000,74.3333,3.7131
2026-07-13,BTCUSDT_260925,62810.1000,62334.5200,73.3333,3.7974
2026-07-14,BTCUSDT_260925,65514.0000,65043.9800,72.3333,3.6464
2026-07-15,BTCUSDT_260925,65262.4000,64756.2800,71.3333,3.9992
2026-07-16,BTCUSDT_260925,64321.8000,63830.2000,70.3333,3.9968
2026-07-17,BTCUSDT_260925,64383.3000,63931.6700,69.3333,3.7189
2026-07-18,BTCUSDT_260925,65304.9000,64834.2200,68.3333,3.8778
2026-07-19,BTCUSDT_260925,65187.9000,64722.5400,67.3333,3.8976
2026-07-20,BTCUSDT_260925,65698.2000,65255.5100,66.3333,3.7329
2026-07-21,BTCUSDT_260925,67041.3000,66556.1600,65.3333,4.0723
2026-07-22,BTCUSDT_260925,66555.9000,66114.4900,64.3333,3.7879
2026-07-23,BTCUSDT_260925,65506.7000,65098.9700,63.3333,3.6096
2026-07-24,BTCUSDT_260925,64583.1000,64139.9900,62.3333,4.0453
2026-07-25,BTCUSDT_260925,64795.0000,64375.0000,61.3333,3.8827
2026-07-26,BTCUSDT_260925,65852.4000,65399.9900,60.3333,4.1849
2026-07-27,BTCUSDT_260925,64235.1000,63755.8600,59.3333,4.6241
2026-07-28,BTCUSDT_260925,64333.1000,63915.0000,58.3333,4.0931
2026-07-29,BTCUSDT_260925,64382.9000,63984.2800,57.3333,3.9662
2026-07-30,BTCUSDT_260925,65166.6000,64780.0200,56.3333,3.8666
2026-07-31,BTCUSDT_260925,63267.1000,62887.8800,55.3333,3.9777
2026-08-01,BTCUSDT_260925,63203.7000,62823.6400,54.3333,4.0640
2026-08-02,BTCUSDT_260925,63947.2000,63570.0000,53.3333,4.0608
2026-08-03,BTCUSDT_260925,63906.4000,63520.0000,52.3333,4.2427
2026-08-04,BTCUSDT_260925,64477.6000,64106.5600,51.3333,4.1154
2026-08-05,BTCUSDT_260925,65012.3000,64665.2300,50.3333,3.8921
2026-08-06,BTCUSDT_260925,64687.3000,64323.6100,49.3333,4.1832
2026-08-07,BTCUSDT_260925,65270.0000,64923.1900,48.3333,4.0340
2026-08-08,BTCUSDT_260925,65307.7000,64962.6000,47.3333,4.0964
2026-08-09,BTCUSDT_260925,65225.9000,64901.5900,46.3333,3.9364
2026-08-10,BTCUSDT_260925,64292.4000,63970.0100,45.3333,4.0577
2026-08-11,BTCUSDT_260925,63916.7000,63600.0000,44.3333,4.0997
2026-08-12,BTCUSDT_260925,63826.6000,63479.9900,43.3333,4.5991
2026-08-13,BTCUSDT_260925,63824.3000,63490.8600,42.3333,4.5281
2026-08-14,BTCUSDT_260925,63354.8000,63043.5600,41.3333,4.3596
2026-08-15,BTCUSDT_260925,63391.0000,63086.0100,40.3333,4.3750
2026-08-16,BTCUSDT_260925,63191.3000,62900.0000,39.3333,4.2976
2026-08-17,BTCUSDT_260925,64872.4000,64532.1000,38.3333,5.0211
2026-08-18,BTCUSDT_260925,65033.5000,64725.4200,37.3333,4.6536
2026-08-19,BTCUSDT_260925,69644.3000,69334.7900,36.3333,4.4845
2026-08-20,BTCUSDT_260925,73325.0000,73025.1500,35.3333,4.2417
2026-08-21,BTCUSDT_260925,78616.0000,78338.0300,34.3333,3.7723
2026-08-22,BTCUSDT_260925,77393.7000,77074.9300,33.3333,4.5288
2026-08-23,BTCUSDT_260925,78110.0000,77734.0000,32.3333,5.4603
2026-08-24,BTCUSDT_260925,79318.6000,78992.7500,31.3333,4.8053
2026-08-25,BTCUSDT_260925,78791.6000,78539.1400,30.3333,3.8679
2026-08-26,BTCUSDT_260925,79294.0000,79023.7500,29.3333,4.2554
2026-08-27,BTCUSDT_260925,80513.1000,80249.5800,28.3333,4.2302
2026-08-28,BTCUSDT_260925,78114.7000,77845.8700,27.3333,4.6115
2026-08-29,BTCUSDT_260925,78484.9000,78230.0000,26.3333,4.5163
2026-08-30,BTCUSDT_260925,77945.1000,77682.0000,25.3333,4.8798
2026-08-31,BTCUSDT_260925,78797.3000,78581.2900,24.3333,4.1233
2026-09-01,BTCUSDT_260925,77658.7000,77439.0000,23.3333,4.4380
2026-09-02,BTCUSDT_260925,77500.9000,77340.0100,22.3333,3.3999
2026-09-03,BTCUSDT_260925,81448.1000,81270.3700,21.3333,3.7416
2026-09-04,BTCUSDT_260925,79782.8000,79660.7700,20.3333,2.7498
2026-09-05,BTCUSDT_260925,79943.7000,79831.7500,19.3333,2.6475
2026-09-06,BTCUSDT_260925,80511.5000,80341.8300,18.3333,4.2045
2026-09-07,BTCUSDT_260925,79252.8000,79112.0100,17.3333,3.7475
2026-09-08,BTCUSDT_260925,78587.2000,78455.8000,16.3333,3.7427
2026-09-09,BTCUSDT_260925,78463.8000,78306.4300,15.3333,4.7839
2026-09-10,BTCUSDT_260925,76708.6000,76568.7200,14.3333,4.6521
2026-09-11,BTCUSDT_260925,77356.3000,77225.7000,13.3333,4.6295
2026-09-12,BTCUSDT_260925,77415.4000,77278.7300,12.3333,5.2339
2026-09-13,BTCUSDT_260925,76975.8000,76842.0100,11.3333,5.6074
2026-09-14,BTCUSDT_260925,78316.9000,78189.2100,10.3333,5.7685
2026-09-15,BTCUSDT_260925,75772.3000,75644.4800,9.3333,6.6081
2026-09-16,BTCUSDT_260925,76317.6000,76206.0100,8.3333,6.4137
2026-09-17,BTCUSDT_260925,76521.6000,76417.0100,7.3333,6.8123
2026-09-18,BTCUSDT_260925,80961.3000,80883.8700,6.3333,5.5171
2026-09-19,BTCUSDT_260925,81336.6000,81249.9900,5.3333,7.2952
2026-09-20,BTCUSDT_260925,81238.0000,81178.0000,4.3333,6.2256
2026-09-21,BTCUSDT_260925,86645.3000,86620.0000,3.3333,3.1983
2026-09-22,BTCUSDT_260925,86208.5000,86208.5600,2.3333,-0.0109
2026-09-23,BTCUSDT_260925,84409.4000,84397.6000,1.3333,3.8274
2026-09-24,BTCUSDT_261225,85361.4000,84410.2400,91.3333,4.5032
2026-09-25,BTCUSDT_261225,85109.7000,84099.9900,90.3333,4.8512
2026-09-26,BTCUSDT_261225,85493.8000,84433.1000,89.3333,5.1329
2026-09-27,BTCUSDT_261225,85506.3000,84472.0000,88.3333,5.0594
2026-09-28,BTCUSDT_261225,84500.0000,83500.0100,87.3333,5.0052
2026-09-29,BTCUSDT_261225,84679.1000,83663.6600,86.3333,5.1314
2026-09-30,BTCUSDT_261225,84612.9000,83623.6000,85.3333,5.0603
2026-10-01,BTCUSDT_261225,85870.3000,84880.0500,84.3333,5.0493
2026-10-02,BTCUSDT_261225,85545.1000,84518.0100,83.3333,5.3227
2026-10-03,BTCUSDT_261225,85653.0000,84753.5600,82.3333,4.7047
2026-10-04,BTCUSDT_261225,87422.8000,86530.0000,81.3333,4.6303
2026-10-05,BTCUSDT_261225,86778.0000,85766.8700,80.3333,5.3565
