date,age_0d_1d,age_1d_1w,age_1w_1m,age_1m_3m,age_3m_6m,age_6m_1y,age_1y_2y,age_2y_3y,age_3y_4y,age_4y_5y,age_5y_7y,age_7y_10y,age_10y
2022-10-06,191713.04670000,383426.09340000,709338.27279000,1246134.80355000,1687074.81096000,2319727.86507000,3930117.45735000,1226963.49888000,1437847.85025000,1246134.80355000,1054421.75685000,1226963.49888000,2530612.21644000
2022-10-07,249240.85446000,306757.97472000,728550.18996000,1207859.52546000,1744685.98122000,2300684.81040000,3930336.55110000,1227031.89888000,1437928.00650000,1246204.27230000,1054480.53810000,1227031.89888000,2530753.29144000
2022-10-08,134214.27019000,421816.27774000,747765.21963000,1207928.43171000,1744785.51247000,2300816.06040000,3930560.76985000,1227101.89888000,1438010.03775000,1246275.36605000,1054540.69435000,1227101.89888000,2530897.66644000
2022-10-09,115046.72802000,421838.00274000,728629.27746000,1207990.64421000,1744875.37497000,2300934.56040000,3930763.20735000,1227165.09888000,1438084.10025000,1246339.55355000,1054595.00685000,1227165.09888000,2531028.01644000
2022-10-10,134228.53269000,364334.58873000,767020.18680000,1208056.79421000,1744970.92497000,2301060.56040000,3950153.96202000,1227232.29888000,1438162.85025000,1246407.80355000,1054652.75685000,1208056.79421000,2531166.61644000
2022-10-11,191764.85920000,306823.77472000,786235.92272000,1188942.12704000,1745060.21872000,2301178.31040000,3931179.61360000,1227295.09888000,1438236.44400000,1246471.58480000,1054706.72560000,1227295.09888000,2531296.14144000
2022-10-12,210950.76387000,287660.13255000,805448.37114000,1188995.21454000,1725960.79530000,2301281.06040000,3950532.48702000,1227349.89888000,1438300.66275000,1246527.24105000,1054753.81935000,1227349.89888000,2531409.16644000
2022-10-13,210960.59512000,326030.01064000,767129.43680000,1189050.62704000,1726041.23280000,2282210.07448000,3950716.59952000,1246585.33480000,1438367.69400000,1246585.33480000,1073981.21152000,1227407.09888000,2531527.14144000
2022-10-14,191792.10920000,326046.58564000,786347.64772000,1189111.07704000,1726128.98280000,2282326.09948000,3950917.44952000,1246648.70980000,1419261.60808000,1246648.70980000,1074035.81152000,1227469.49888000,2531655.84144000
2022-10-15,115080.96552000,383603.21840000,728846.11496000,1246710.45980000,1726214.48280000,2282439.14948000,3951113.14952000,1246710.45980000,1419331.90808000,1227530.29888000,1093269.17244000,1227530.29888000,2531781.24144000
2022-10-16,95905.30460000,402802.27932000,709699.25404000,1265950.02072000,1726295.48280000,2282546.24948000,3951298.54952000,1246768.95980000,1438579.56900000,1208406.83796000,1093320.47244000,1227587.89888000,2531900.04144000
2022-10-17,191819.98420000,345275.97156000,690551.94312000,1189283.90204000,1803107.85148000,2282657.81198000,3951491.67452000,1246829.89730000,1419467.88308000,1208465.90046000,1093373.90994000,1227647.89888000,2532023.79144000
2022-10-18,230194.63104000,345291.94656000,728949.66496000,1170156.04112000,1745642.61872000,2321129.19632000,3932491.61360000,1246887.58480000,1381167.78624000,1189338.92704000,1112607.38336000,1227704.69888000,2532140.94144000
2022-10-19,211022.12637000,364492.76373000,748169.35713000,1093478.29119000,1803279.98898000,2321243.39007000,3932685.08235000,1266132.75822000,1381235.73624000,1189397.43954000,1112662.12086000,1227765.09888000,2532265.51644000
2022-10-20,172662.62328000,364509.98248000,767389.43680000,997606.26784000,1880104.12016000,2340537.78224000,3952055.59952000,1266192.57072000,1381300.98624000,1189453.62704000,1112714.68336000,1227823.09888000,2532385.14144000
2022-10-21,153485.68736000,364528.50748000,786614.14772000,997656.96784000,1880199.67016000,2340656.73224000,3952256.44952000,1266256.92072000,1400556.89716000,1189514.07704000,1112771.23336000,1227885.49888000,2532513.84144000
2022-10-22,134305.92644000,402917.77932000,767462.43680000,1016887.72876000,1880282.97016000,2321573.87132000,3971618.11044000,1266313.02072000,1381432.38624000,1189566.77704000,1132007.09428000,1227939.89888000,2532626.04144000
2022-10-23,115125.17802000,422125.65274000,767501.18680000,997751.54284000,1880377.90766000,2321691.09007000,3952631.11202000,1266376.95822000,1381502.13624000,1189626.83954000,1132064.25053000,1228001.89888000,2532753.91644000
2022-10-24,172695.41703000,345390.83406000,805911.94614000,997795.74284000,1880461.20766000,2283417.18073000,3914429.45268000,1343186.57690000,1381563.33624000,1170491.15987000,1132114.40053000,1228056.29888000,2532866.11644000
2022-10-25,191891.42170000,268647.99038000,863511.39765000,978646.25067000,1880535.93266000,2283507.91823000,3914585.00268000,1343239.95190000,1381618.23624000,1170537.67237000,1132159.38803000,1228105.09888000,2532966.76644000
2022-10-26,345421.99656000,211091.22012000,863554.99140000,978695.65692000,1803870.42648000,2283623.19948000,3914782.62768000,1362497.87532000,1381687.98624000,1170596.76612000,1132216.54428000,1228167.09888000,2533094.64144000
2022-10-27,268673.36538000,307055.27472000,844402.00548000,959547.73350000,1803949.73898000,2283723.60573000,3914954.75268000,1362557.78157000,1381748.73624000,1170648.23487000,1132266.32553000,1228221.09888000,2533206.01644000
2022-10-28,211111.43262000,383838.96840000,844445.73048000,959597.42100000,1804043.15148000,2283841.86198000,3915157.47768000,1362628.33782000,1381820.28624000,1170708.85362000,1132324.95678000,1228284.69888000,2533337.19144000
2022-10-29,153542.73736000,422242.52774000,767713.68680000,1017220.63501000,1784934.32181000,2283948.21823000,3915339.80268000,1362691.79407000,1381884.63624000,1151570.53020000,1132377.68803000,1228341.89888000,2533455.16644000
2022-10-30,134355.80144000,460648.46208000,710166.37904000,1074846.41152000,1785012.79056000,2284048.62448000,3915511.92768000,1362751.70032000,1381945.38624000,1151621.15520000,1151621.15520000,1228395.89888000,2533566.54144000
2022-10-31,230337.20604000,383895.34340000,710206.38529000,1055712.19435000,1785113.34681000,2284177.29323000,3915732.50268000,1362828.46907000,1382023.23624000,1151686.03020000,1151686.03020000,1228465.09888000,2533709.26644000
2022-11-01,211152.33887000,403109.01057000,729435.35246000,1055761.69435000,1766001.37964000,2265088.72606000,3935111.76985000,1382088.03624000,1382088.03624000,1151740.03020000,1151740.03020000,1228522.69888000,2533828.06644000
2022-11-02,268750.01538000,326339.30439000,787053.61647000,1055803.63185000,1727678.67030000,2265178.70106000,3916071.65268000,1382142.93624000,1382142.93624000,1151785.78020000,1151785.78020000,1228571.49888000,2533928.71644000
2022-11-03,230369.45604000,383949.09340000,806293.09614000,1036662.55218000,1727770.92030000,2246102.19639000,3935478.20735000,1382216.73624000,1382216.73624000,1151847.28020000,1151847.28020000,1228637.09888000,2534064.01644000
2022-11-04,307172.17472000,345568.69656000,787128.69772000,1055904.35060000,1708645.22188000,2246196.52764000,3954841.74952000,1343878.26440000,1382274.78624000,1151895.65520000,1171093.91612000,1228688.69888000,2534170.44144000
2022-11-05,153593.63736000,499179.32142000,767968.18680000,1075155.46152000,1689530.01096000,2246306.94639000,3955036.16202000,1343944.32690000,1382342.73624000,1151952.28020000,1171151.48487000,1228749.09888000,2534295.01644000
2022-11-06,172800.54828000,537601.70576000,748802.37588000,1094403.47244000,1632005.17820000,2265607.18856000,3955212.54952000,1344004.26440000,1382404.38624000,1132803.59428000,1171203.71612000,1228803.89888000,2534408.04144000
2022-11-07,249612.49196000,518425.94484000,748837.47588000,1056052.85060000,1612880.71728000,2265713.38856000,3936196.98860000,1344067.26440000,1382469.18624000,1132856.69428000,1171258.61612000,1228861.49888000,2534526.84144000
2022-11-08,326433.65439000,518453.45109000,729675.22746000,998502.94284000,1593764.31261000,2285035.58073000,3936405.83235000,1363340.55657000,1382542.53624000,1132916.80053000,1171320.75987000,1228926.69888000,2534661.31644000
2022-11-09,441666.95116000,518478.59484000,691304.79312000,960145.54600000,1574638.69544000,2285146.39948000,3917393.82768000,1363406.67532000,1382609.58624000,1132971.74428000,1171377.56612000,1228986.29888000,2534784.24144000
2022-11-10,384076.59340000,614522.54944000,710541.69779000,940987.65383000,1555510.20327000,2266051.90106000,3917581.25268000,1363471.90657000,1382675.73624000,1133025.95053000,1171433.60987000,1229045.09888000,2534905.51644000
2022-11-11,403298.01057000,614549.34944000,768186.68680000,921824.02416000,1517168.70643000,2285355.39323000,3917752.10268000,1363531.36907000,1382736.03624000,1113870.69586000,1171484.69737000,1229098.69888000,2535016.06644000
2022-11-12,288085.66380000,787434.14772000,729817.01496000,941079.83508000,1498045.45176000,2112628.20120000,4052405.00412000,1344399.76440000,1382811.18624000,1113931.23336000,1171548.36612000,1229165.49888000,2535153.84144000
2022-11-13,192065.17170000,845086.75548000,787467.20397000,921912.82416000,1498108.33926000,2112716.88870000,4052575.12287000,1344456.20190000,1382869.23624000,1113977.99586000,1190804.06454000,1229217.09888000,2535260.26644000
2022-11-14,307316.57472000,768291.43680000,787498.72272000,902742.43824000,1478961.01584000,2112801.45120000,4033530.04320000,1344510.01440000,1382924.58624000,1114022.58336000,1190851.72704000,1229266.29888000,2535361.74144000
2022-11-15,268915.56538000,806746.69614000,845163.20548000,883579.71482000,1459827.35492000,2093699.75903000,4052941.73537000,1344577.82690000,1382994.33624000,1114078.77086000,1190911.78954000,1229328.29888000,2554697.87111000
2022-11-16,326556.26689000,749158.49463000,883622.83982000,883622.83982000,1440689.41275000,2074592.75436000,4033930.35570000,1363852.64407000,1383061.83624000,1094923.95369000,1190969.91454000,1229388.29888000,2554822.55861000
2022-11-17,364991.03873000,749192.13213000,902872.56949000,845242.40548000,1459964.15492000,2036265.79502000,4034111.48070000,1363913.88157000,1383123.93624000,1094973.11619000,1191023.38954000,1229443.49888000,2554937.27111000
2022-11-18,518694.93234000,691593.24312000,979757.09442000,826069.70706000,1440819.25650000,1978725.11226000,3976661.14794000,1363975.56282000,1383186.48624000,1095022.63494000,1191077.25204000,1229499.09888000,2555052.81486000
2022-11-19,153694.73736000,999015.79284000,1037439.47718000,826109.21331000,1440888.16275000,1978819.74351000,3976851.32919000,1364040.79407000,1383252.63624000,1095075.00369000,1210346.05671000,1229557.89888000,2555175.00861000
2022-11-20,134489.41394000,999064.21784000,1056702.53810000,806936.48364000,1440958.00650000,1978915.66226000,3957831.32452000,1364106.91282000,1383319.68624000,1095128.08494000,1210404.72546000,1229617.49888000,2555298.86486000
2022-11-21,249776.53571000,845397.50548000,1133601.20053000,806970.34614000,1421804.89558000,1978998.70601000,3938783.83235000,1383377.73624000,1383377.73624000,1075960.46152000,1210455.51921000,1229669.09888000,2555406.09611000
2022-11-22,269001.14038000,826217.78831000,1172076.39737000,787789.05397000,1402648.80341000,1979079.81851000,3938945.26985000,1383434.43624000,1383434.43624000,1076004.56152000,1210505.13171000,1229719.49888000,2555510.83361000
2022-11-23,269013.47788000,845470.93048000,1229775.89888000,787825.18522000,1383497.88624000,1979170.58726000,3939125.92610000,1325852.14098000,1402713.13466000,1076053.91152000,1229775.89888000,1210560.65046000,2555628.03986000
2022-11-24,172944.49203000,845506.40548000,1345123.82690000,749426.13213000,1402771.99091000,1979253.63101000,3939291.20735000,1345123.82690000,1402771.99091000,1076099.06152000,1229827.49888000,1210611.44421000,2555735.27111000
2022-11-25,192168.23420000,576504.70260000,1594996.34386000,768672.93680000,1383611.28624000,1960115.98884000,3939448.80110000,1345177.63940000,1383611.28624000,1076142.11152000,1229876.69888000,1210659.87546000,2555837.51486000
2022-11-26,115305.02802000,614960.14944000,1633487.89695000,787917.69147000,1383660.33624000,1960185.47634000,3939588.45735000,1345225.32690000,1383660.33624000,1076180.26152000,1229920.29888000,1210702.79421000,2555928.12111000
2022-11-27,115310.18427000,614987.64944000,1633560.94382500,787952.92584500,1364503.84719500,1979491.49663500,3939764.62922500,1345285.48315000,1383722.21124000,1057010.02247500,1249193.66292500,1210756.93483500,2556042.41798500
2022-11-28,307507.57472000,480480.58550000,1575976.32044000,768768.93680000,1364564.86282000,1960360.78884000,3939940.80110000,1345345.63940000,1383784.08624000,1057057.28810000,1249249.52230000,1210811.07546000,2556156.71486000
2022-11-29,211420.46387000,557381.22293000,1633703.58445000,749581.64463000,1364622.99407000,1960444.30134000,3940108.64485000,1345402.95190000,1383843.03624000,1057102.31935000,1249302.74105000,1210862.65671000,2556265.60861000
2022-11-30,192209.04670000,499743.52142000,1691439.61096000,768836.18680000,1345463.32690000,1960532.27634000,3940285.45735000,1345463.32690000,1383905.13624000,1057149.75685000,1249358.80355000,1210916.99421000,2556380.32111000
2022-12-01,230662.33104000,480546.52300000,1691523.76096000,768874.43680000,1326308.40348000,1960629.81384000,3940481.48860000,1345530.26440000,1383973.98624000,1037980.48968000,1249420.95980000,1210977.23796000,2556507.50236000
2022-12-02,192226.42170000,499788.69642000,1710815.15313000,788128.32897000,1307139.66756000,1960709.50134000,3940641.64485000,1364807.59407000,1384030.23624000,1038022.67718000,1268694.38322000,1191803.81454000,2575834.05078000
2022-12-03,115340.76552000,576703.82760000,1672441.10004000,826608.81956000,1287971.88164000,1960793.01384000,3883139.10584000,1422536.10808000,1326418.80348000,1095737.27244000,1268748.42072000,1191854.57704000,2575943.76328000
2022-12-04,115346.01552000,557505.74168000,1576395.54544000,941992.46008000,1307254.84256000,1960882.26384000,3883315.85584000,1422600.85808000,1191908.82704000,1249581.83480000,1268806.17072000,1191908.82704000,2576061.01328000
2022-12-05,192252.48420000,403730.21682000,1711047.10938000,922811.92416000,1307316.89256000,1941750.09042000,3883500.18084000,1422668.38308000,1057388.66310000,1384217.88624000,1268866.39572000,1191965.40204000,2576183.28828000
2022-12-06,192260.92170000,403747.93557000,1653443.92662000,980530.70067000,1288148.17539000,1922609.21700000,3864444.52617000,1422730.82058000,1038208.97718000,1365052.54407000,1288148.17539000,1192017.71454000,2576296.35078000
2022-12-07,153817.33736000,422997.67774000,1672763.54379000,999812.69284000,1288220.20039000,1941943.88417000,3864660.60117000,1442037.53775000,1038267.02718000,1365128.86907000,1288220.20039000,1192084.36454000,2576440.40078000
2022-12-08,153825.68736000,365336.00748000,1711310.77188000,999866.96784000,1288290.13164000,1922821.09200000,3845642.18400000,1461344.02992000,1038323.38968000,1365202.97532000,1288290.13164000,1192149.07704000,2576580.26328000
2022-12-09,173062.44828000,346124.89656000,1634478.67820000,1076833.01152000,1288353.78164000,1922916.09200000,3845832.18400000,1461416.22992000,1038374.68968000,1365270.42532000,1288353.78164000,1192207.97704000,2576707.56328000
2022-12-10,115380.74052000,423062.71524000,1557639.99702000,1153807.40520000,1249958.02230000,1942242.46542000,3846024.68400000,1461489.37992000,1038426.66468000,1365338.76282000,1288418.26914000,1192267.65204000,2576836.53828000
2022-12-11,96155.21060000,403851.88452000,1500021.28536000,1230786.69568000,1250017.73780000,1961566.29624000,3846208.42400000,1480790.24324000,1038476.27448000,1346172.94840000,1307710.86416000,1192324.61144000,2576959.64408000
2022-12-12,173087.42256000,307710.97344000,1461627.12384000,1288539.70128000,1211611.95792000,1980889.39152000,3827155.23216000,1500090.99552000,1038524.53536000,1346235.50880000,1307771.63712000,1192380.02208000,2577079.40256000
2022-12-13,269261.53870000,288494.50575000,1404006.59465000,1307841.75940000,1173210.99005000,2019461.54025000,3788894.50885000,1519404.39695000,1038580.22070000,1327074.72645000,1327074.72645000,1192443.95710000,2577217.58470000
2022-12-14,230806.70424000,365443.94838000,1327138.54938000,1327138.54938000,1154033.52120000,2038792.55412000,3789076.72794000,1519477.46958000,1038630.16908000,1327138.54938000,1327138.54938000,1192501.30524000,2577341.53068000
2022-12-15,211582.36814000,403929.97554000,1269494.20884000,1346433.25180000,1134850.88366000,2058119.39918000,3789247.86578000,1519546.09846000,1038677.07996000,1327198.49106000,1327198.49106000,1192555.16588000,2577457.93916000
2022-12-16,230826.87840000,403947.03720000,1192605.53840000,1423432.41680000,1115663.24560000,2077441.90560000,3789407.92040000,1519610.28280000,1038720.95280000,1327254.55080000,1327254.55080000,1192605.53840000,2596802.38200000
2022-12-17,134655.04962000,519383.76282000,1115713.26828000,1500441.98148000,1096476.83262000,2077535.05128000,3789577.82502000,1538914.85280000,1038767.52564000,1327314.06054000,1327314.06054000,1192659.01092000,2596918.81410000
2022-12-18,115424.05122000,538645.57236000,961867.09350000,1635174.05895000,1096528.48659000,2096870.26383000,3655094.95530000,1673648.74269000,1038816.46098000,1308139.24716000,1346613.93090000,1192715.19594000,2597041.15245000
2022-12-19,250096.49379000,442478.41209000,981147.78333000,1635246.30555000,1038862.35882000,2096962.90947000,3636018.25587000,1673722.68921000,1038862.35882000,1308197.04444000,1346673.42810000,1192767.89346000,2597155.89705000
2022-12-20,192390.66790000,442498.53617000,1038909.60666000,1635320.67715000,1038909.60666000,2097058.28011000,3636183.62331000,1673798.81073000,1038909.60666000,1308256.54172000,1346734.67530000,1192822.14098000,2597274.01665000
2022-12-21,192399.60500000,404039.17050000,1019717.90650000,1673876.56350000,1019717.90650000,2097155.69450000,3636352.53450000,1693116.52400000,1038957.86700000,1308317.31400000,1346797.23500000,1192877.55100000,2597394.66750000
2022-12-22,192408.04210000,404056.88841000,1000521.81892000,1731672.37890000,1019762.62313000,2097247.65889000,3636511.99569000,1693190.77048000,1039003.42734000,1289133.88207000,1366097.09891000,1192929.86102000,2597508.56835000
2022-12-23,192416.29170000,384832.58340000,1000564.71684000,1770229.88364000,1000564.71684000,2097337.57953000,3636667.91313000,1693263.36696000,1039047.97518000,1289189.15439000,1366155.67107000,1192981.00854000,2597619.93795000
2022-12-24,96210.92695000,461812.44936000,1000593.64028000,1789523.24127000,981351.45489000,2097398.20751000,3636773.03871000,1693312.31432000,1039078.01106000,1289226.42113000,1366195.16269000,1193015.49418000,2597695.02765000
2022-12-25,96215.33310000,481076.66550000,981396.39762000,1808848.26228000,981396.39762000,2097494.26158000,3617696.52456000,1712632.92918000,1039125.59748000,1270042.39692000,1385500.79664000,1193070.13044000,2597813.99370000
2022-12-26,115463.23710000,365633.58415000,1058413.00675000,1808924.04790000,962193.64250000,2116826.01350000,3598604.22295000,1712704.68365000,1039169.13390000,1270095.60810000,1385558.84520000,1193120.11670000,2597922.83475000
2022-12-27,153956.73256000,327158.05669000,1077697.12792000,1789747.01601000,962229.57850000,2136149.66427000,3598738.62359000,1732013.24130000,1039207.94478000,1270143.04362000,1385610.59304000,1193164.67734000,2598019.86195000
2022-12-28,250193.33976000,288684.62280000,943036.43448000,1905318.51048000,923790.79296000,2136266.20872000,3579689.32272000,1751353.37832000,1039264.64208000,1270212.34032000,1385686.18944000,1193229.77424000,2598161.60520000
2022-12-29,230958.27276000,307944.36368000,943079.61377000,1924652.27300000,923833.09104000,2117117.50030000,3560606.70505000,1770680.09116000,1039312.22742000,1270270.50018000,1385749.63656000,1193284.40926000,2598280.56855000
2022-12-30,250217.63234000,288712.65270000,943127.99882000,1924751.01800000,904632.97846000,2136473.62998000,3522294.36294000,1809265.95692000,1039365.54972000,1251088.16170000,1405068.24314000,1193345.63116000,2598413.87430000
2022-12-31,153987.88120000,404218.18815000,885430.31690000,1963345.48530000,885430.31690000,2117333.36650000,3503224.29730000,1809357.60410000,1039418.19810000,1251151.53475000,1405139.41595000,1193406.07930000,2598545.49525000
2023-01-01,134746.19886000,461986.96752000,846976.10712000,1982694.06894000,885475.02108000,2117440.26780000,3484151.71338000,1828698.41310000,1039470.67692000,1231965.24672000,1424459.81652000,1193466.33276000,2598676.69230000
2023-01-02,134753.00167000,442759.86263000,847018.86764000,1982794.16743000,885519.72526000,2136797.59791000,3465077.18580000,1848041.16576000,1039523.15574000,1232027.44384000,1424531.73194000,1193526.58622000,2598807.88935000
2023-01-03,173262.52134000,442781.99898000,847061.21544000,1944390.51726000,885563.99796000,2136904.42986000,3465250.42680000,1848133.56096000,1039575.12804000,1232089.04064000,1424602.95324000,1193586.25812000,2598937.82010000
2023-01-04,211775.13467000,423550.26934000,847100.53868000,1925228.49700000,885605.10862000,2137003.63167000,3426906.72466000,1886723.92706000,1039623.38838000,1232146.23808000,1424669.08778000,1193641.66814000,2599058.47095000
2023-01-05,192532.66180000,442825.12214000,847143.71192000,1925326.61800000,904903.51046000,2137112.54598000,3407828.11386000,1906073.35182000,1020423.10754000,1212955.76934000,1443994.96350000,1193702.50316000,2599190.93430000
2023-01-06,192543.91140000,423596.60508000,904956.38358000,1906184.72286000,924210.77472000,2137237.41654000,3408027.23178000,1906184.72286000,1020482.73042000,1174517.85954000,1482588.11778000,1193772.25068000,2599342.80390000
2023-01-07,134787.45339500,442873.06115500,924256.82328000,1925535.04850000,905001.47279500,2118088.55335000,3408197.03584500,1906279.69801500,1020533.57570500,1155321.02910000,1482661.98734500,1193831.73007000,2599472.31547500
2023-01-08,115537.85898000,462151.43592000,905046.56201000,1944887.29283000,905046.56201000,2137450.39113000,3389110.53008000,1906374.67317000,1020584.42099000,1155378.58980000,1501992.16674000,1193891.20946000,2599601.82705000
2023-01-09,192572.59790000,385145.19580000,905091.21013000,1925725.97900000,905091.21013000,2137555.83669000,3370020.46325000,1944983.23879000,1039892.02866000,1155435.58740000,1502066.26362000,1193950.10698000,2599730.07165000
2023-01-10,192583.16000000,385166.32000000,924399.16800000,1925831.60000000,905140.85200000,2137673.07600000,3350946.98400000,1945089.91600000,1039949.06400000,1155498.96000000,1502148.64800000,1194015.59200000,2599872.66000000
2023-01-11,154073.87776000,365925.45968000,982220.97072000,1945182.70672000,905184.03184000,2137775.05392000,3351106.84128000,1945182.70672000,1039998.67488000,1155554.08320000,1502220.30816000,1194072.55264000,2599996.68720000
2023-01-12,231122.14128000,308162.85504000,943748.74356000,1964538.20088000,905228.38668000,2137879.80684000,3351271.04856000,1945278.02244000,1040049.63576000,1155610.70640000,1502293.91832000,1194131.06328000,2600124.08940000
2023-01-13,250395.23795000,346701.09870000,886013.91890000,1983900.73145000,886013.91890000,2118728.93650000,3351443.95410000,1945378.38715000,1020842.12395000,1155670.32900000,1502371.42770000,1194192.67330000,2600258.24025000
2023-01-14,173360.16783000,443031.54001000,866800.83915000,1984010.80961000,886063.08002000,2118846.49570000,3351629.91138000,1945486.32787000,943849.80263000,1232783.41568000,1521717.02873000,1194258.93394000,2600402.51745000
2023-01-15,154106.07672000,481581.48975000,847583.42196000,1984115.73777000,847583.42196000,2176748.33367000,3351807.16866000,1945589.21859000,943899.71991000,1232848.61376000,1521797.50761000,1194322.09458000,2619803.30424000
2023-01-16,173377.60479000,462340.27944000,828359.66733000,1984210.36593000,847623.84564000,2176852.14903000,3332702.84763000,1945682.00931000,943944.73719000,1213643.23353000,1521870.08649000,1175114.87691000,2619928.25016000
2023-01-17,211916.68608000,423833.37216000,847666.74432000,1984310.78784000,828401.59104000,2196227.47392000,3332871.51744000,1945780.48128000,963257.66400000,1213704.65664000,1541212.26240000,1175174.35008000,2620060.84608000
2023-01-18,192660.28250000,443118.64975000,789907.15825000,2022932.96625000,789907.15825000,2254125.30525000,3313756.85900000,1945868.85325000,963301.41250000,1213759.77975000,1541282.26000000,1175227.72325000,2620179.84200000
2023-01-19,192669.34470000,462406.42728000,809211.24774000,2042295.05382000,789944.31327000,2234964.39852000,3313912.72884000,1945960.38147000,963346.72350000,1213816.87161000,1541354.75760000,1175283.00267000,2620303.08792000
2023-01-20,211945.35384000,404622.94824000,809245.89648000,2061650.26008000,789978.13704000,2235060.09504000,3314054.62368000,1946043.70344000,944120.21256000,1213868.84472000,1541420.75520000,1175333.32584000,2620415.28384000
2023-01-21,173417.96286000,443179.23842000,809283.82668000,2061746.89178000,790015.16414000,2235164.85464000,3314209.95688000,1946134.91654000,963433.12700000,1213925.74002000,1541493.00320000,1175388.41494000,2620538.10544000
2023-01-22,115617.39384000,501008.70664000,770782.62560000,2081113.08912000,790052.19124000,2235269.61424000,3314365.29008000,1946226.12964000,963478.28200000,1194713.06968000,1541565.25120000,1175443.50404000,2620660.92704000
2023-01-23,173434.16236500,423950.17467000,790088.96188500,2081209.94838000,790088.96188500,2235373.64826000,3314519.54742000,1946316.71098500,963523.12425000,1194768.67407000,1541636.99880000,1175498.21158500,2620782.89796000
2023-01-24,154170.87464000,404698.54593000,828668.45119000,2081306.80764000,790125.73253000,2235477.68228000,3295402.44543000,1965678.65166000,963567.96650000,1194824.27846000,1541708.74640000,1175552.91913000,2620904.86888000
2023-01-25,192724.53050000,346904.15490000,847987.93420000,2062152.47635000,790170.57505000,2235604.55380000,3295589.47155000,1965790.21110000,963622.65250000,1194892.08910000,1541796.24400000,1175619.63605000,2621053.61480000
2023-01-26,269827.90478000,366195.01363000,867303.97965000,2023709.28585000,790210.29257000,2197170.08178000,3257208.27913000,1985162.44231000,944397.66673000,1194952.14974000,1541873.74160000,1175678.72797000,2621185.36072000
2023-01-27,212018.22664000,424036.45328000,867347.29080000,2043084.72944000,790249.75384000,2158731.03488000,3257370.93656000,1985261.57672000,944444.82776000,1195011.82288000,1561225.12344000,1175737.43864000,2621316.25664000
2023-01-28,96377.17100000,520436.72340000,867394.53900000,2062471.45940000,790292.80220000,2158848.63040000,3257548.37980000,1985369.72260000,963771.71000000,1195076.92040000,1561310.17020000,1175801.48620000,2621459.05120000
2023-01-29,115658.64246000,520463.89107000,828886.93763000,2081855.56428000,790334.05681000,2158961.32592000,3257718.42929000,1985473.36223000,963822.02050000,1195139.30542000,1561391.67321000,1175862.86501000,2621595.89576000
2023-01-30,192773.02870000,443377.96601000,809646.72054000,2101226.01283000,809646.72054000,2159057.92144000,3238586.88216000,2024116.80135000,963865.14350000,1175915.47507000,1561461.53247000,1175915.47507000,2621713.19032000
2023-01-31,212058.23749000,443394.49657000,828954.92837000,2082026.33172000,790398.88519000,2178416.43967000,3200151.58394000,2062748.31013000,963901.07950000,1175959.31699000,1561519.74879000,1175959.31699000,2621810.93624000
2023-02-01,250625.41153000,462693.06744000,809712.86802000,2005003.29224000,790433.99021000,2082118.80348000,3277409.22770000,2082118.80348000,963943.89050000,1176011.54641000,1561589.10261000,1176011.54641000,2621927.38216000
2023-02-02,154238.27216000,462714.81648000,906149.84894000,1908698.61798000,906149.84894000,2082216.67416000,3239003.71536000,2120776.24220000,963989.20100000,1176066.82522000,1580942.28964000,1176066.82522000,2622050.62672000
2023-02-03,212086.76775000,424173.53550000,906188.91675000,1908780.90975000,906188.91675000,2063025.83175000,3239143.36200000,2120867.67750000,964030.76250000,1176117.53025000,1581010.45050000,1176117.53025000,2622163.67400000
2023-02-04,115688.79126000,501318.09546000,867665.93445000,1928146.52100000,906228.86487000,2063116.77747000,3239286.15528000,2120961.17310000,964073.26050000,1176169.37781000,1581080.14722000,1176169.37781000,2622279.26856000
2023-02-05,96412.07595000,539907.62532000,848426.26836000,1947523.93419000,906273.51393000,2082500.84052000,3239445.75192000,2121065.67090000,964120.75950000,1176227.32659000,1581158.04558000,1176227.32659000,2622408.46584000
2023-02-06,154266.72128000,482083.50400000,829183.62688000,1928334.01600000,906316.98752000,2101884.07744000,3220317.80672000,2121167.41760000,964167.00800000,1176283.74976000,1581233.89312000,1176283.74976000,2641817.60192000
2023-02-07,154273.82104000,443537.23549000,887074.47098000,1851285.85248000,964211.38150000,2101980.81167000,3220466.01421000,2140549.26693000,964211.38150000,1157053.65780000,1600590.89329000,1176337.88543000,2641939.18531000
2023-02-08,154280.72072000,347131.62162000,983539.59459000,1812798.46846000,1022109.77477000,2082789.72972000,3201324.95494000,2159930.09008000,964254.50450000,1157105.40540000,1600662.47747000,1176390.49549000,2642057.34233000
2023-02-09,212147.12794000,289291.53810000,983591.22954000,1755035.33114000,1060735.63970000,2082899.07432000,3201493.02164000,2179329.58702000,964305.12700000,1157166.15240000,1600746.51082000,1176452.25494000,2642196.04798000
2023-02-10,212157.23375000,289305.31875000,983638.08375000,1716544.89125000,1099360.21125000,2063711.27375000,3163071.48500000,2218007.44375000,964351.06250000,1157221.27500000,1600822.76375000,1176508.29625000,2642321.91125000
2023-02-11,154303.56968000,366470.97799000,964397.31050000,1716627.21269000,1137988.82639000,2063810.24447000,3163223.17844000,2218113.81415000,964397.31050000,1157276.77260000,1600899.53543000,1176564.71881000,2642448.63077000
2023-02-12,96444.79335000,405068.13207000,945158.97483000,1697428.36296000,1157337.52020000,2063918.57769000,3144100.26321000,2237519.20572000,964447.93350000,1157337.52020000,1600983.56961000,1176626.47887000,2642587.33779000
2023-02-13,173609.40276000,347218.80552000,925916.81472000,1678224.22668000,1195975.88568000,2064022.89948000,3067099.44876000,2295502.10316000,964496.68200000,1138106.08476000,1601064.49212000,1176685.95204000,2642720.90868000
2023-02-14,212199.85699000,308654.33744000,906672.11623000,1659017.06374000,1234617.34976000,2064125.88163000,3047961.58222000,2314907.53080000,964544.80450000,1138162.86931000,1601144.37547000,1176744.66149000,2642852.76433000
2023-02-15,173627.23311000,366546.38101000,887428.08034000,1581937.01278000,1292558.29093000,2083526.79732000,3028830.62203000,2334321.68959000,945303.82471000,1157514.88740000,1601228.92757000,1176806.80219000,2642992.32623000
2023-02-16,192930.33490000,366567.63631000,848893.47356000,1485563.57873000,1408391.44477000,2083647.61692000,3029006.25793000,2353750.08578000,945358.64101000,1157582.00940000,1601321.77967000,1176875.04289000,2643145.58813000
2023-02-17,173646.58230000,366587.22930000,848938.84680000,1485642.98190000,1408466.72310000,2083758.98760000,3029168.15790000,2353875.89340000,945409.17030000,1157643.88200000,1601407.37010000,1176937.94670000,2643286.86390000
2023-02-18,96475.57265000,443787.63419000,829689.92479000,1505018.93334000,1427838.47522000,2083872.36924000,3029332.98121000,2354003.97266000,945460.61197000,1157706.87180000,1601494.50599000,1177001.98633000,2643430.69061000
2023-02-19,96480.63505000,463107.04824000,810437.33442000,1505097.90678000,1427913.39874000,2083981.71708000,3010195.81356000,2354127.49522000,945510.22349000,1157767.62060000,1620874.66884000,1177063.74761000,2643569.40037000
2023-02-20,115782.27426000,405237.95991000,810475.91982000,1466575.47396000,1485872.51967000,2084080.93668000,3010339.13076000,2354239.57662000,926258.19408000,1177119.78831000,1620951.83964000,1177119.78831000,2643695.26227000
2023-02-21,154384.71512000,328067.51963000,868414.02255000,1447356.70425000,1505250.97242000,2084193.65412000,3010501.94484000,2354366.90558000,926308.29072000,1177183.45279000,1621039.50876000,1196481.54218000,2643838.24643000
2023-02-22,173690.67888000,308783.42912000,868453.39440000,1447422.32400000,1505319.21696000,2064989.18224000,3010638.43392000,2335174.68272000,945649.25168000,1177236.82352000,1621113.00288000,1196535.78784000,2643958.11184000
2023-02-23,154400.26368000,308800.52736000,887801.51616000,1447502.47200000,1505402.57088000,2065103.52672000,2991505.10880000,2373904.05408000,945701.61504000,1177302.01056000,1621202.76864000,1196602.04352000,2644104.51552000
2023-02-24,212309.64271000,270212.27254000,887840.32406000,1447565.74575000,1505468.37558000,2065193.79727000,2991635.87455000,2374007.82303000,945742.95389000,1177353.47321000,1621273.63524000,1196654.34982000,2644220.09557000
2023-02-25,96508.67952500,386034.71810000,772069.43620000,1544138.87240000,1505535.40059000,2065285.74183500,2991769.06527500,2393415.25222000,945785.05934500,1158104.15430000,1621345.81602000,1196707.62611000,2644337.81898500
2023-02-26,96512.97600000,386051.90400000,733498.61760000,1428392.04480000,1640720.59200000,2065377.68640000,2972599.66080000,2393521.80480000,945827.16480000,1158155.71200000,1621417.99680000,1196760.90240000,2644455.54240000
2023-02-27,193034.60745000,347462.29341000,714228.04756500,1409152.63438500,1640794.16332500,2065470.29971500,2972732.95473000,2393629.13238000,907262.65501500,1196814.56619000,1621490.70258000,1196814.56619000,2644574.12206500
2023-02-28,231651.91548000,347477.87322000,714260.07273000,1389911.49288000,1660172.06094000,1911128.30271000,3107996.53269000,2393736.45996000,907303.33563000,1196868.22998000,1621563.40836000,1196868.22998000,2644692.70173000
2023-03-01,193053.88680000,386107.77360000,733604.76984000,1351377.20760000,1679568.81516000,1891928.09064000,3050251.41144000,2432478.97368000,907353.26796000,1196934.09816000,1621652.64912000,1196934.09816000,2644838.24916000
2023-03-02,135144.02006000,444044.63734000,714332.67746000,1370746.48918000,1698953.39504000,1872709.99226000,3031087.30706000,2471204.93824000,907395.56326000,1196989.89196000,1621728.24072000,1196989.89196000,2644961.53546000
2023-03-03,173766.04614000,347532.09228000,695064.18456000,1448050.38450000,1699045.78448000,1872811.83062000,3031252.13822000,2471339.32288000,907444.90762000,1197054.98452000,1641123.76910000,1197054.98452000,2645105.36902000
2023-03-04,96541.44180000,444090.63228000,656481.80424000,1448121.62700000,1699129.37568000,1872903.97092000,3031401.27252000,2471460.91008000,907489.55292000,1197113.87832000,1641204.51060000,1197113.87832000,2645235.50532000
2023-03-05,96546.28530000,463422.16944000,637205.48298000,1467503.53656000,1699214.62128000,1872997.93482000,3012244.10136000,2471584.90368000,907535.08182000,1197173.93772000,1621977.59304000,1197173.93772000,2645368.21722000
2023-03-06,173790.73782000,386201.63960000,637232.70534000,1448256.14850000,1718597.29622000,1873077.95206000,2954442.54294000,2529620.73938000,907573.85306000,1197225.08276000,1622046.88632000,1197225.08276000,2645481.23126000
2023-03-07,251044.47017000,328288.92253000,695200.07124000,1448333.48175000,1718689.06501000,1815244.63046000,2954600.30277000,2549066.92788000,907622.31523000,1197289.01158000,1622133.49956000,1197289.01158000,2645622.49333000
2023-03-08,193119.44230000,347614.99614000,733853.88074000,1429083.87302000,1718763.03647000,1815322.75762000,2935415.52296000,2549176.63836000,907661.37881000,1197340.54226000,1641515.25955000,1197340.54226000,2645736.35951000
2023-03-09,212440.66679000,366942.96991000,714573.15193000,1390520.72808000,1718838.12221000,1815402.06166000,2935543.75928000,2549288.00148000,907701.03083000,1197392.84918000,1641586.97065000,1197392.84918000,2645851.94093000
2023-03-10,231764.63785500,386274.39642500,695293.91356500,1390587.82713000,1718921.06409125,1815489.66319750,2935685.41283000,2549411.01640500,907744.83159875,1197450.62891750,1641666.18480625,1197450.62891750,2645979.61551125
2023-03-11,173831.86577250,463551.64206000,656698.15958500,1409969.57793250,1719004.00597250,1796262.61298250,2955141.71813250,2549534.03133000,907788.63236750,1197508.40865500,1641745.39896250,1197508.40865500,2646107.29009250
2023-03-12,135209.08578625,502205.17577750,656729.84524750,1410037.60891375,1719086.94785375,1796349.28258875,2955284.30361375,2549657.04625500,907832.43313625,1197566.18839250,1641824.61311875,1197566.18839250,2665550.54835750
2023-03-13,270431.21861000,444279.85914500,618128.49968000,1371472.60866500,1738486.40535000,1796435.95219500,2936110.37348000,2530463.54556500,946509.26513500,1197623.96813000,1641903.82727500,1197623.96813000,2665679.15487000
2023-03-14,251126.81810125,444301.29356375,637475.76902625,1332903.88069125,1738570.27916250,1796522.62180125,2936252.02703000,2530585.62855875,946554.92976625,1197681.74786750,1641983.04143125,1197681.74786750,2665807.76138250
2023-03-15,231820.55373000,502277.86641500,676143.28171250,1313649.80447000,1738654.15297500,1777290.91193000,2917075.30110250,2530707.71155250,946600.59439750,1197739.52760500,1642062.25558750,1197739.52760500,2665936.36789500
2023-03-16,231831.73690500,482982.78521875,676175.89930625,1313713.17579500,1738738.02678750,1777376.64960500,2917216.02272125,2530829.79454625,946646.25902875,1197797.30734250,1642141.46974375,1197797.30734250,2666064.97440750
2023-03-17,309123.89344000,483006.08350000,656888.27356000,1236495.57376000,1758142.14394000,1777462.38728000,2878716.25766000,2550272.12088000,985332.41034000,1178534.84374000,1642220.68390000,1197855.08708000,2666193.58092000
2023-03-18,154570.04576000,618280.18304000,676243.95020000,1236560.36608000,1758234.27052000,1758234.27052000,2898188.35800000,2550405.75504000,985384.04172000,1178596.59892000,1642306.73620000,1197917.85464000,2666333.28936000
2023-03-19,173899.62639000,579665.42130000,676276.32485000,1197975.20402000,1816284.98674000,1758318.44461000,2898327.10650000,2550527.85372000,985431.21621000,1178653.02331000,1642385.36035000,1197975.20402000,2666460.93798000
2023-03-20,251200.86173000,483078.58025000,734279.44198000,1178711.73581000,1816375.46174000,1758406.03211000,2898471.48150000,2550654.90372000,985480.30371000,1178711.73581000,1642467.17285000,1178711.73581000,2666593.76298000
2023-03-21,193240.49460000,502425.28596000,772961.97840000,1159442.96760000,1816460.64924000,1739164.45140000,2917931.46846000,2550774.52872000,985526.52246000,1178767.01706000,1642544.20410000,1178767.01706000,2666718.82548000
2023-03-22,193250.43210000,483126.08025000,811651.81482000,1140177.54939000,1835879.10495000,1739253.88890000,2898756.48150000,2550905.70372000,985577.20371000,1178827.63581000,1642628.67285000,1178827.63581000,2666855.96298000
2023-03-23,193261.86960000,483154.67400000,869678.41320000,1101592.65672000,1835987.76120000,1720030.63944000,2898928.04400000,2570382.86568000,985635.53496000,1178897.40456000,1642725.89160000,1178897.40456000,2667013.80048000
2023-03-24,193271.99460000,463852.78704000,869723.97570000,1101650.36922000,1836083.94870000,1720120.75194000,2899079.91900000,2551190.32872000,985687.17246000,1178959.16706000,1642811.95410000,1178959.16706000,2686480.72494000
2023-03-25,115968.65926000,521858.96667000,869764.94445000,1101702.26297000,1855498.54816000,1700873.66914667,2899216.48150000,2570638.61359667,985733.60371000,1179014.70247667,1642889.33951667,1179014.70247667,2686607.27285667
2023-03-26,96645.10146667,521883.54792000,889134.93349333,1121083.17701333,1836256.92786667,1720282.80610667,2899353.04400000,2570759.69901333,985780.03496000,1179070.23789333,1642966.72493333,1179070.23789333,2686733.82077333
2023-03-27,231959.16852000,367268.68349000,966496.53550000,1121135.98118000,1797683.55603000,1720363.83319000,2880159.67579000,2590210.71514000,985826.46621000,1179125.77331000,1643044.11035000,1179125.77331000,2686860.36869000
2023-03-28,193307.68210000,386615.36420000,985869.17871000,1082523.01976000,1817092.21174000,1701107.60248000,2899615.23150000,2590322.94014000,985869.17871000,1179176.86081000,1643115.29785000,1179176.86081000,2686976.78119000
2023-03-29,173985.18264000,405965.42616000,985916.03496000,1082574.46976000,1817178.57424000,1701188.45248000,2899753.04400000,2590446.05264000,985916.03496000,1179232.90456000,1643193.39160000,1179232.90456000,2687104.48744000
2023-03-30,405985.76991000,367320.45849000,947300.12979000,1082628.71976000,1817269.63674000,1701273.70248000,2725904.45511000,2590575.86514000,985965.44121000,1179291.99831000,1643275.73535000,1179291.99831000,2687239.14369000
2023-03-31,212668.90656000,560672.57184000,947343.31104000,1082678.06976000,1856019.54816000,1682017.71552000,2706695.17440000,2610027.48960000,986010.38496000,1179345.75456000,1643350.64160000,1179345.75456000,2687361.63744000
2023-04-01,116006.47176000,676704.41860000,928051.77408000,1082727.06976000,1836769.13620000,1682093.84052000,2687483.26244000,2629480.02656000,986055.00996000,1179399.12956000,1643425.01660000,1179399.12956000,2687483.26244000
2023-04-02,96676.71605000,676737.01235000,928096.47408000,1102114.56297000,1836857.60495000,1701510.20248000,2687612.70619000,2629606.67656000,986102.50371000,1179455.93581000,1643504.17285000,1179455.93581000,2687612.70619000
2023-04-03,174025.45764000,560748.69684000,986144.25996000,1082825.06976000,1836935.38620000,1701582.25248000,2687726.51244000,2629718.02656000,986144.25996000,1179505.87956000,1643573.76660000,1179505.87956000,2687726.51244000
2023-04-04,174034.57014000,560778.05934000,986195.89746000,1063544.59530000,1856368.74816000,1701671.35248000,2668530.07548000,2649192.90102000,986195.89746000,1179567.64206000,1643659.82910000,1179567.64206000,2687867.24994000
2023-04-05,232057.11852000,560804.70309000,966904.66050000,1044257.03334000,1837118.85495000,1701752.20248000,2649318.76977000,2668656.86298000,986242.75371000,1179623.68581000,1643737.92285000,1179623.68581000,2687994.95619000
2023-04-06,212729.13156000,367441.22724000,1141001.70564000,1063645.65780000,1856545.14816000,1701833.05248000,2649444.63852000,2668783.65048000,986289.60996000,1179679.72956000,1624477.00464000,1179679.72956000,2707461.67440000
2023-04-07,135379.51497000,406138.54491000,1179735.77331000,1083036.11976000,1856633.34816000,1682573.97177000,2630230.57656000,2668910.43798000,986336.46621000,1179735.77331000,1624554.17964000,1179735.77331000,2707590.29940000
2023-04-08,77363.39784000,444839.53758000,1179791.81706000,1102428.41922000,1856721.54816000,1682653.90302000,2630355.52656000,2669037.22548000,986383.32246000,1179791.81706000,1624631.35464000,1179791.81706000,2707718.92440000
2023-04-09,58025.19213000,444859.80633000,1141162.11189000,1141162.11189000,1856806.14816000,1682730.57177000,2630475.37656000,2669158.83798000,986428.26621000,1179845.57331000,1644047.11035000,1179845.57331000,2707842.29940000
2023-04-10,193426.11960000,328824.40332000,1121871.49368000,1141214.10564000,1876233.36012000,1682807.24052000,2630595.22656000,2669280.45048000,986473.20996000,1179899.32956000,1644122.01660000,1179899.32956000,2707965.67440000
2023-04-11,251465.41173000,367526.37099000,1102579.11297000,1121922.60618000,1856975.34816000,1663540.41606000,2611371.58335000,2688745.55619000,986518.15371000,1179953.08581000,1644196.92285000,1179953.08581000,2708089.04940000
2023-04-12,251477.38256333,367543.86682333,1102631.60047000,1121976.01451333,1876408.16220333,1663619.60772667,2592151.48180667,2688873.55202333,986565.11621000,1180009.25664333,1644275.19368333,1180009.25664333,2708217.96606667
2023-04-13,193453.34876667,406252.03241000,1122029.42284667,1141374.75772333,1876497.48303667,1644353.46451667,2572929.53859667,2708346.88273333,986612.07871000,1160720.09260000,1644353.46451667,1180065.42747667,2708346.88273333
2023-04-14,212808.81281000,425617.62562000,1083390.31976000,1141429.08689000,1876586.80387000,1644431.73535000,2573052.00943000,2708475.79940000,1006005.29692000,1180121.59831000,1625085.47964000,1180121.59831000,2708475.79940000
2023-04-15,96735.91605000,541721.12988000,1025400.71013000,1199525.35902000,1876676.77137000,1644510.57285000,2534481.00051000,2747300.01582000,1006053.52692000,1160830.99260000,1625163.38964000,1160830.99260000,2727952.83261000
2023-04-16,96740.55355000,561095.21059000,1006101.75692000,1199582.86402000,1876766.73887000,1663937.52106000,2534602.50301000,2747431.72082000,1006101.75692000,1160886.64260000,1625241.29964000,1160886.64260000,2728083.61011000
2023-04-17,232188.45852000,406329.80241000,1006149.98692000,1180291.33081000,1896205.74458000,1664017.28606000,2515374.96730000,2766912.46403000,1006149.98692000,1160942.29260000,1625319.20964000,1160942.29260000,2728214.38761000
2023-04-18,193499.65710000,425699.24562000,1044898.14834000,1180347.90831000,1896296.63958000,1664097.05106000,2515495.54230000,2767045.09653000,986848.25121000,1180347.90831000,1625397.11964000,1160997.94260000,2728345.16511000
2023-04-19,174158.03889000,406368.75741000,1064299.12655000,1199755.37902000,1896387.53458000,1664176.81606000,2496265.22409000,2767177.72903000,986895.55371000,1161053.59260000,1625475.02964000,1161053.59260000,2728475.94261000
2023-04-20,174165.85764000,387035.23920000,1064346.90780000,1199809.24152000,1896472.67208000,1644899.76660000,2515729.05480000,2786653.72224000,986939.85996000,1161105.71760000,1625548.00464000,1161105.71760000,2728598.43636000
2023-04-21,174173.67639000,367699.98349000,1083747.31976000,1199863.10402000,1896557.80958000,1625620.97964000,2535194.62301000,2786778.82224000,986984.16621000,1161157.84260000,1625620.97964000,1161157.84260000,2728720.93011000
2023-04-22,96767.80980000,425778.36312000,1064445.90780000,1238627.96544000,1896649.07208000,1606345.64268000,2554670.17872000,2786912.92224000,1006385.22192000,1161213.71760000,1645052.76660000,1161213.71760000,2728852.23636000
2023-04-23,96772.40355000,445153.05633000,1045141.95834000,1238686.76544000,1896739.10958000,1567712.93751000,2574145.93443000,2787045.22224000,1006432.99692000,1161268.84260000,1645130.86035000,1122559.88118000,2767690.74153000
2023-04-24,154842.49568000,329040.30332000,1103252.78172000,1238739.96544000,1896820.57208000,1587135.58072000,2554901.17872000,2806520.23420000,1006476.22192000,1141963.40564000,1645201.51660000,1122608.09368000,2767809.61028000
2023-04-25,174205.28889000,309698.29136000,1103300.16297000,1219437.02223000,1896902.03458000,1587203.74322000,2555010.90372000,2806640.76545000,1006519.44692000,1161368.59260000,1645272.17285000,1122656.30618000,2767928.47903000
2023-04-26,193569.55710000,309711.29136000,1064632.56405000,1200131.25402000,1935695.57100000,1587270.36822000,2555118.15372000,2806758.57795000,1006561.69692000,1161417.34260000,1645341.23535000,1122703.43118000,2787401.62224000
2023-04-27,154862.14568000,329082.05957000,1084035.01976000,1200181.62902000,1955134.58921000,1587336.99322000,2497152.09909000,2864949.69508000,1006603.94692000,1161466.09260000,1645410.29785000,1103392.78797000,2787518.62224000
2023-04-28,154869.49568000,290380.30440000,1084086.46976000,1219597.27848000,1935868.69600000,1568053.64376000,2497270.61784000,2865085.67008000,1006651.72192000,1161521.21760000,1645488.39160000,1103445.15672000,2807009.60920000
2023-04-29,96797.71605000,348471.77778000,890538.98766000,1432606.19754000,1935954.32100000,1587482.54322000,2497381.07409000,2865212.39508000,1006696.24692000,1142213.04939000,1645561.17285000,1103493.96297000,2807133.76545000
2023-04-30,96802.34105000,348488.42778000,851860.60124000,1452035.11575000,1936046.82100000,1587558.39322000,2497500.39909000,2865349.29508000,1006744.34692000,1161628.09260000,1645639.79785000,1103546.68797000,2807267.89045000
2023-05-01,135531.23997000,309785.69136000,832549.04553000,1452120.42825000,1955522.17671000,1587651.66822000,2497647.13659000,2865517.64508000,1006803.49692000,1161696.34260000,1645736.48535000,1103611.52547000,2807432.82795000
2023-05-02,174261.70764000,271073.76744000,871308.53820000,1374731.24916000,2013690.84384000,1587717.78072000,2459026.31892000,2904361.79400000,1006845.42192000,1161744.71760000,1645805.01660000,1103657.48172000,2807549.73420000
2023-05-03,271086.10494000,251722.81173000,890711.48766000,1355430.52470000,1820149.56174000,1684606.50927000,2459138.23767000,2904493.98150000,1026254.54013000,1161797.59260000,1645879.92285000,1103707.71297000,2807677.51545000
2023-05-04,174277.09201500,387282.42670000,871385.46007500,1355488.49345000,1820227.40549000,1684678.55614500,2459243.40954500,2904618.20025000,1026298.43075500,1161847.28010000,1645950.31347500,1103754.91609500,2807797.59357500
2023-05-05,154919.59568000,406663.93866000,813327.87732000,1394276.36112000,1820305.24924000,1684750.60302000,2459348.58142000,2904742.41900000,1026342.32138000,1161896.96760000,1646020.70410000,1103802.11922000,2807917.67170000
2023-05-06,116195.00926000,445414.20216333,774633.39506667,1433071.78087333,1820388.47840667,1684827.63427000,2459461.02933667,2904875.23150000,1026389.24846333,1142584.25772333,1646095.96451667,1103852.58797000,2808046.05711667
2023-05-07,309867.52469333,464801.28704000,735935.37114667,1375037.14082667,1665537.94522667,1704271.38581333,2459573.47725333,2905008.04400000,1026436.17554667,1142636.49730667,1646171.22493333,1103903.05672000,2808174.44253333
2023-05-08,213043.66281000,619763.38272000,716601.41127000,1375100.00541000,1588143.66822000,1743084.51390000,2459685.92517000,2905140.85650000,1026483.10263000,1142688.73689000,1646246.48535000,1103953.52547000,2808302.82795000
2023-05-09,193685.49460000,677899.23110000,716636.33002000,1355798.46220000,1549483.95680000,1781906.55032000,2440437.23196000,2944019.51792000,1026533.12138000,1142744.41814000,1646326.70410000,1104007.31922000,2808439.67170000
2023-05-10,193696.11960000,561718.74684000,794154.09036000,1375242.44916000,1510829.73288000,1801373.91228000,2401831.88304000,2963550.62988000,1045959.04584000,1142807.10564000,1646417.01660000,1104067.88172000,2808593.73420000
2023-05-11,174335.00139000,561746.11559000,774822.22840000,1414050.56683000,1491532.78967000,1820832.23674000,2401948.90804000,2963695.02363000,1046010.00834000,1142862.78689000,1646497.23535000,1104121.67547000,2808730.57795000
2023-05-12,193714.36960000,542400.23488000,755486.04144000,1433486.33504000,1472229.20896000,1801543.63728000,2421429.62000000,2963829.85488000,1046057.59584000,1162286.21760000,1646572.14160000,1104171.90672000,2808858.35920000
2023-05-13,96861.71605000,658659.66914000,736149.04198000,1452925.74075000,1433553.39754000,1821000.26174000,2421542.90125000,2963968.51113000,1046106.53334000,1162340.59260000,1646649.17285000,1104223.56297000,2808989.76545000
2023-05-14,96867.15355000,445588.90633000,910551.24337000,1491754.16467000,1414260.44183000,1840475.91745000,2421678.83875000,2983508.32934000,1046165.25834000,1162405.84260000,1646741.61035000,1104285.55047000,2809147.45295000
2023-05-15,174369.14514000,348738.29028000,949343.12354000,1472450.55896000,1394953.16112000,1859937.54816000,2421793.68250000,2983649.81684000,1046214.87084000,1143086.61814000,1646819.70410000,1104337.91922000,2809280.67170000
2023-05-16,155002.44568000,348755.50278000,988140.59121000,1472523.23396000,1336896.09399000,1898779.95958000,2441288.51946000,2983797.07934000,1046266.50834000,1104392.42547000,1685651.59677000,1085017.11976000,2828794.63366000
2023-05-17,174386.21701500,329396.18769500,988188.56308500,1491970.96779500,1259456.01177500,1976377.12617000,2441407.03821000,2983941.93559000,1046317.30209000,1104446.04109500,1685733.43114500,1085069.79476000,2828931.96491000
2023-05-18,155017.49568000,329412.17832000,988236.53496000,1492043.39592000,1240139.96544000,1995850.25688000,2441525.55696000,2984086.79184000,1046368.09584000,1104499.65672000,1685815.26552000,1085122.46976000,2829069.29616000
2023-05-19,174403.12014000,329428.11582000,988284.34746000,1472737.45896000,1240199.96544000,1976568.69492000,2422265.55750000,3003609.29130000,1046418.72084000,1123931.21868000,1685896.82802000,1085174.96976000,2829206.17116000
2023-05-20,77515.77284000,406957.80741000,988326.10371000,1492178.62717000,1220873.42223000,1996031.15063000,2422367.90125000,3023115.14076000,1046462.93334000,1123978.70618000,1685968.05927000,1085220.81976000,2829325.70866000
2023-05-21,77519.54784000,406977.62616000,968994.34800000,1511631.18288000,1182173.10456000,2034888.13080000,2422485.87000000,3023262.36576000,1046513.89584000,1124033.44368000,1686050.16552000,1085273.66976000,2829463.49616000
2023-05-22,213188.65656000,290711.80440000,1007800.92192000,1511701.38288000,1124085.64368000,2015601.84384000,2422598.37000000,3023402.76576000,1046562.49584000,1124085.64368000,1686128.46552000,1085324.06976000,2829594.89616000
2023-05-23,213199.24406000,290726.24190000,1046614.47084000,1492394.70842000,1124141.46868000,2035083.69330000,2422718.68250000,3023552.91576000,1046614.47084000,1124141.46868000,1666830.45356000,1085377.96976000,2829735.42116000
2023-05-24,155061.04568000,329504.72207000,1046662.05834000,1492462.56467000,1104809.95047000,2035176.22455000,2422828.83875000,3023690.39076000,1046662.05834000,1124192.58118000,1686288.87177000,1085427.31976000,2829864.08366000
2023-05-25,193835.74460000,348904.34028000,1027329.44638000,1492535.23342000,1104863.74422000,1996508.16938000,2422946.80750000,3023837.61576000,1046713.02084000,1104863.74422000,1666987.40356000,1085480.16976000,2830001.87116000
2023-05-26,174460.77639000,387690.61420000,1007995.59692000,1531377.92609000,1104918.25047000,1977222.13242000,2423066.33875000,3023986.79076000,1046764.65834000,1104918.25047000,1667069.64106000,1085533.71976000,2830141.48366000
2023-05-27,96927.18480000,465250.48704000,1008042.72192000,1531449.51984000,1104969.90672000,1977314.56992000,2442565.05696000,3024128.16576000,1046813.59584000,1124355.34368000,1667147.57856000,1085584.46976000,2830273.79616000
2023-05-28,96932.18480000,465274.48704000,988708.28496000,1531528.51984000,1105026.90672000,1996803.00688000,2442691.05696000,3024284.16576000,1027481.15888000,1124413.34368000,1686620.01552000,1085640.46976000,2830419.79616000
2023-05-29,135712.14622000,407136.43866000,1008147.37192000,1512221.05788000,1124472.06868000,1996907.29438000,2423431.18250000,3024442.11576000,1027534.82138000,1124472.06868000,1686708.10302000,1085697.16976000,2830567.62116000
2023-05-30,193884.11960000,329603.00332000,1046974.24584000,1473519.30896000,1143916.30564000,1997006.43188000,2442939.90696000,3024592.26576000,1027585.83388000,1124527.89368000,1667403.42856000,1085751.06976000,2830708.14616000
2023-05-31,193892.93210000,329617.98457000,1047021.83334000,1473586.28396000,1124579.00618000,1997097.20063000,2443050.94446000,3024729.74076000,1027632.54013000,1124579.00618000,1686868.50927000,1085800.41976000,2830836.80866000
2023-06-01,193901.18210000,310241.89136000,1105236.73797000,1473648.98396000,1124626.85618000,1977792.05742000,2443154.89446000,3024858.44076000,1027676.26513000,1124626.85618000,1686940.28427000,1085846.61976000,2830957.25866000
2023-06-02,193911.43200000,290867.14800000,988948.30320000,1590073.74240000,1124686.30560000,1977896.60640000,2443284.04320000,3025018.33920000,1047121.73280000,1124686.30560000,1667638.31520000,1085904.01920000,2831106.90720000
2023-06-03,116352.07170000,387840.23900000,950208.58555000,1609536.99185000,1124736.69310000,1958593.20695000,2462785.51765000,3025153.86420000,1047168.64530000,1124736.69310000,1687105.03965000,1085952.66920000,2831233.74470000
2023-06-04,116357.28420000,387857.61400000,930858.27360000,1609609.09810000,1124787.08060000,1958680.95070000,2462895.84890000,3025289.38920000,1047215.55780000,1124787.08060000,1687180.62090000,1086001.31920000,2831360.58220000
2023-06-05,213331.17520000,310299.89120000,930899.67360000,1551499.45600000,1163624.59200000,1958768.06320000,2463005.38640000,3025423.93920000,1047262.13280000,1124837.10560000,1687255.65840000,1086049.61920000,2831486.50720000
2023-06-06,213341.55645000,329709.67815000,756392.79105000,1726127.13855000,1163681.21700000,1939468.69500000,2482519.92960000,3025571.16420000,1047313.09530000,1124891.84310000,1687337.76465000,1086102.46920000,2831624.29470000
2023-06-07,174559.77630000,368515.08330000,756425.69730000,1726202.23230000,1163731.84200000,1958948.60070000,2463232.39890000,3025702.78920000,1047358.65780000,1124940.78060000,1687411.17090000,1086149.71920000,2831747.48220000
2023-06-08,174568.43871000,368533.37061000,737066.74122000,1726287.89391000,1183186.08459000,1959045.81219000,2463354.63513000,3045249.43083000,1047410.63226000,1124996.60502000,1687494.90753000,1086203.61864000,2831888.00574000
2023-06-09,135782.84608000,368553.43936000,737106.87872000,1726381.90016000,1183250.51584000,1959152.49344000,2463488.77888000,3045415.26208000,1047467.66976000,1125057.86752000,1687586.80128000,1086262.76864000,2832042.21824000
2023-06-10,116391.07164000,387970.23880000,737143.45372000,1745866.07460000,1183309.22834000,1959249.70594000,2463611.01638000,3045566.37458000,1047519.64476000,1125113.69252000,1687670.53878000,1086316.66864000,2832182.74324000
2023-06-11,116397.18414000,387990.61380000,717782.63553000,1745957.76210000,1183371.37209000,1978752.13038000,2463740.39763000,3045726.31833000,1047574.65726000,1125172.78002000,1687759.17003000,1086373.71864000,2832331.48074000
2023-06-12,194005.11930000,349209.21474000,717818.94141000,1707245.04984000,1183431.22773000,1978852.21686000,2463865.01511000,3045880.37301000,1047627.64422000,1125229.69194000,1687844.53791000,1086428.66808000,2832474.74178000
2023-06-13,174612.87612000,329824.32156000,756655.79652000,1668523.03848000,1202888.70216000,1959544.49868000,2463981.69636000,3046024.61676000,1047677.25672000,1125282.97944000,1687924.46916000,1086480.11808000,2852010.30996000
2023-06-14,174619.68237000,349239.36474000,776087.47720000,1668588.07598000,1202935.58966000,1940218.69300000,2483479.92704000,3046143.34801000,1047718.09422000,1125326.84194000,1687990.26291000,1086522.46808000,2852121.47871000
2023-06-15,213434.23112000,329852.90264000,756721.36488000,1668667.62512000,1202992.93904000,1920908.08008000,2483598.32576000,3065691.68336000,1047768.04368000,1125380.49136000,1688070.73704000,1086574.26752000,2852257.45224000
2023-06-16,194040.68170000,388081.36340000,737354.59046000,1649345.79445000,1183648.15837000,1921002.74883000,2503124.79393000,3065842.77086000,1047819.68118000,1125435.95386000,1688153.93079000,1086627.81752000,2852398.02099000
2023-06-17,135834.60219000,446313.69291000,737387.84046000,1630015.22628000,1183701.53337000,1901684.43066000,2522642.61210000,3046576.07769000,1047866.93118000,1125486.70386000,1688230.05579000,1086676.81752000,2852526.64599000
2023-06-18,116435.32146000,446335.39893000,756829.58949000,1630094.50044000,1203164.98842000,1882371.03027000,2542171.18521000,3046724.24487000,1047917.89314000,1125541.44078000,1688312.16117000,1086729.66696000,2852665.37577000
2023-06-19,252288.06733000,407542.26261000,795677.75081000,1474914.85516000,1203220.01342000,1882457.11777000,2542287.44771000,3066270.35678000,1047965.81814000,1125592.91578000,1688389.37367000,1086779.36696000,2852795.83827000
2023-06-20,232891.49292000,485190.61025000,776304.97640000,1455571.83075000,1203272.71342000,1882539.56777000,2522991.17330000,3066404.65678000,1048011.71814000,1106234.59137000,1688463.32367000,1086826.96696000,2852920.78827000
2023-06-21,232901.16774000,504619.19677000,756928.79515500,1436223.86773000,1203322.69999000,1882617.77256500,2523095.98385000,3066532.04191000,1028646.82418500,1106280.54676500,1688533.46611500,1086872.11612000,2853039.30481500
2023-06-22,213501.60568000,504640.15888000,756960.23832000,1475102.00288000,1203372.68656000,1882695.97736000,2523200.79440000,3066659.42704000,1028689.55464000,1106326.50216000,1688603.60856000,1086917.26528000,2853157.82136000
2023-06-23,194100.18130000,543480.50764000,756990.70707000,1494571.39601000,1184011.10593000,1863361.74048000,2523302.35690000,3047372.84641000,1048140.97902000,1106371.03341000,1688671.57731000,1086961.01528000,2853272.66511000
2023-06-24,135876.51441000,621149.78016000,679382.57205000,1533463.51977000,1203477.69906000,1863449.34048000,2523420.98190000,3047516.10891000,1028779.32339000,1106423.04591000,1688750.96481000,1087012.11528000,2853406.80261000
2023-06-25,116471.32128000,640592.26704000,679416.04080000,1514127.17664000,1222948.87344000,1863541.14048000,2542957.18128000,3067078.12704000,1028830.00464000,1106477.55216000,1688834.15856000,1087065.66528000,2853547.37136000
2023-06-26,194127.99380000,446494.38574000,795924.77458000,1494785.55226000,1203593.56156000,1883041.53986000,2543076.71878000,3067222.30204000,1028878.36714000,1125942.36404000,1688913.54606000,1087116.76528000,2853681.50886000
2023-06-27,213549.31812500,427098.63625000,854197.27250000,1456018.07812500,1184228.03687500,1883116.71437500,2543178.24312500,3067344.75125000,1028919.44187500,1125987.31375000,1688980.97062500,1087160.16500000,2853795.43312500
2023-06-28,194143.49370000,446530.03551000,893060.07102000,1261932.70905000,1359004.45590000,1863777.53952000,2543279.76747000,3067467.20046000,1028960.51661000,1126032.26346000,1689048.39519000,1087203.56472000,2853909.35739000
2023-06-29,213567.88057000,446551.02301000,931932.56976000,1223161.49781000,1339653.06903000,1883280.40139000,2543399.30497000,3067611.37546000,1029008.87911000,1126085.18846000,1689127.78269000,1087254.66472000,2854043.49489000
2023-06-30,232994.99244000,446573.73551000,893147.47102000,1242639.95968000,1320304.95716000,1863959.93952000,2562944.91684000,3067767.40046000,1029061.21661000,1126142.46346000,1689213.69519000,1087309.96472000,2854188.65739000
2023-07-01,155336.64496000,543678.25736000,912602.78914000,1242693.15968000,1320361.48216000,1844622.65890000,2563054.64184000,3067898.73796000,1029105.27286000,1106773.59534000,1689286.01394000,1087356.51472000,2854310.85114000
2023-07-02,97090.74685000,582544.48110000,873816.72165000,1281597.85842000,1320434.15716000,1864142.33952000,2563195.71684000,3068067.60046000,1029161.91661000,1106834.51409000,1689378.99519000,1087416.36472000,2854467.95739000
2023-07-03,174771.05058000,504894.14612000,912693.26414000,1262235.36530000,1320492.38216000,1864224.53952000,2563308.74184000,3068202.88796000,1029207.29786000,1106883.32034000,1689453.48894000,1087464.31472000,2854593.82614000
2023-07-04,135939.20809000,485497.17175000,951574.45663000,1242872.75968000,1320552.30716000,1864309.13952000,2563425.06684000,3068342.12546000,1029254.00411000,1106933.55159000,1689530.15769000,1087513.66472000,2874143.25676000
2023-07-05,135946.03309000,427258.96114000,990463.95537000,1204093.43594000,1340039.46903000,1883823.60139000,2582974.62871000,3068496.17546000,1009884.81724000,1106989.12659000,1689614.98269000,1087568.26472000,2874287.55676000
2023-07-06,233060.76744000,369012.88178000,1029351.72286000,1223569.02906000,1301255.95154000,1864486.13952000,2563668.44184000,3068633.43796000,1009929.99224000,1107038.64534000,1689690.56394000,1087616.91472000,2874416.13176000
2023-07-07,155382.59488000,369033.66284000,1087678.16416000,1243060.75904000,1301329.23212000,1864591.13856000,2563812.81552000,3068806.24888000,1009986.86672000,1107100.98852000,1689785.71932000,1087678.16416000,2874578.00528000
2023-07-08,97119.68430000,388478.73720000,1107164.40102000,1243131.95904000,1301403.76962000,1845274.00170000,2583383.60238000,3049558.08702000,1029468.65358000,1126588.33788000,1689882.50682000,1087740.46416000,2874742.65528000
2023-07-09,77699.97244000,407924.85531000,1087799.61416000,1223774.56593000,1320899.53148000,1864799.33856000,2583524.08363000,3049723.91827000,1029524.63483000,1126649.60038000,1689974.40057000,1087799.61416000,2874898.98028000
2023-07-10,174833.60049000,310815.28976000,1107279.46977000,1204409.24782000,1340390.93709000,1864891.73856000,2583652.09613000,3049875.03077000,1010149.69172000,1126705.42538000,1690058.13807000,1087853.51416000,2875041.43028000
2023-07-11,155414.39480000,349682.38830000,1087900.76360000,1185034.76035000,1359875.95450000,1884399.53695000,2583764.31355000,3050007.49795000,1010193.56620000,1126754.36230000,1690131.54345000,1087900.76360000,2875166.30380000
2023-07-12,174849.29415000,349698.58830000,1068523.46425000,1185089.66035000,1359938.95450000,1884486.83695000,2564456.31420000,3050148.79795000,1010240.36620000,1126806.56230000,1690209.84345000,1087951.16360000,2875299.50380000
2023-07-13,213712.94285000,291426.74025000,1087993.16360000,1185135.41035000,1359991.45450000,1884559.58695000,2564555.31420000,3050266.54795000,1010279.36620000,1126850.06230000,1690275.09345000,1087993.16360000,2875410.50380000
2023-07-14,174863.80665000,349727.61330000,1068612.15175000,1204617.33470000,1360051.82950000,1865213.93760000,2584098.47605000,3050401.96045000,1010324.21620000,1126900.08730000,1690350.13095000,1088041.46360000,2875538.15380000
2023-07-15,116581.04610000,388603.48700000,1010369.06620000,1262961.33275000,1340682.03015000,1865296.73760000,2584213.18855000,3050537.37295000,1010369.06620000,1126950.11230000,1690425.16845000,1088089.76360000,2875665.80380000
2023-07-16,77724.57240000,427485.14820000,990988.29810000,1263024.30150000,1360180.01700000,1884820.88070000,2545479.74610000,3089551.75290000,1010419.44120000,1127006.29980000,1690509.44970000,1088144.01360000,2875809.17880000
2023-07-17,155455.94480000,330343.88270000,1029895.63430000,1243647.55840000,1340807.52390000,1904335.32380000,2526159.10300000,3089686.90290000,1010463.64120000,1127055.59980000,1690583.39970000,1088191.61360000,2875934.97880000
2023-07-18,233196.06720000,330361.09520000,1029949.29680000,1185413.34160000,1340877.38640000,1885001.54320000,2487424.71680000,3148146.90720000,1010516.29120000,1127114.32480000,1690671.48720000,1088248.31360000,2876084.82880000
2023-07-19,233206.41714000,408111.22999500,893957.93237000,1243767.55808000,1340936.89855500,1885085.20521500,2468101.24806500,3167720.49948500,1010561.14094000,1127164.34951000,1690746.52426500,1088296.61332000,2876212.47806000
2023-07-20,155477.84472000,446998.80357000,932867.06832000,1263257.48835000,1321561.68012000,1885168.86723000,2468210.78493000,3167861.08617000,1010605.99068000,1127214.37422000,1690821.56133000,1088344.91304000,2876340.12732000
2023-07-21,155483.44472000,427579.47298000,913465.23773000,1282738.41894000,1321609.28012000,1885236.76723000,2468299.68493000,3167975.18617000,1010642.39068000,1127254.97422000,1690882.46133000,1088384.11304000,2876443.72732000
2023-07-22,97181.60919000,485908.04595000,913507.12638600,1302233.56314600,1321669.88498400,1865886.89644800,2487849.19526400,3168120.45959400,1010688.73557600,1127306.66660400,1690959.99990600,1088434.02292800,2876575.63202400
2023-07-23,97186.06543000,485930.32715000,874674.58887000,1321730.48984800,1321730.48984800,1885409.66934200,2487963.27500800,3168265.73301800,971860.65430000,1166232.78516000,1691037.53848200,1088483.93281600,2876707.53672800
2023-07-24,174942.93900600,408200.19101400,855276.59069600,1341229.19904600,1321791.09471200,1885496.12039800,2488077.35475200,3168411.00644200,971905.21670000,1166286.26004000,1691115.07705800,1088533.84270400,2876839.44143200
2023-07-25,136072.96907400,369340.91605800,952510.78351800,1321851.69957600,1302412.70399400,1905021.56703600,2488191.43449600,3168556.27986600,971949.77910000,1166339.73492000,1691192.61563400,1088583.75259200,2876971.34613600
2023-07-26,136079.20781000,291598.30245000,1010874.11516000,1341352.19127000,1302472.41761000,1905108.90934000,2488305.51424000,3168701.55329000,971994.34150000,1166393.20980000,1691270.15421000,1088633.66248000,2877103.25084000
2023-07-27,194407.49330000,252729.74129000,972037.46650000,1380293.20243000,1302530.20511000,1905193.43434000,2449534.41558000,3168842.14079000,991478.21583000,1166444.95980000,1691345.19171000,1088681.96248000,2877230.90084000
2023-07-28,291624.36495000,291624.36495000,952639.59217000,1399796.95176000,1302588.83011000,1885837.56001000,2352436.54393000,3168984.76579000,991522.84083000,1166497.45980000,1691421.31671000,1088730.96248000,2877360.40084000
2023-07-29,97212.24665000,486061.23325000,894352.66918000,1458183.69975000,1302644.10511000,1885917.58501000,2352536.36893000,3169119.24079000,991564.91583000,1166546.95980000,1691493.09171000,1088777.16248000,2877482.50084000
2023-07-30,97217.07477500,486085.37387500,855510.25802000,1497142.95153500,1283265.38703000,1905454.66559000,2352653.20955500,3169276.63766500,991614.16270500,1166604.89730000,1691577.10108500,1088831.23748000,2877625.41334000
2023-07-31,155555.04464000,388887.61160000,874997.12610000,1497217.30466000,1283329.11828000,1905549.29684000,2352770.05018000,3169434.03454000,991663.40958000,1166662.83480000,1691661.11046000,1088885.31248000,2877768.32584000
2023-08-01,155561.99464000,408350.23593000,875036.21985000,1497284.19841000,1283386.45578000,1905634.43434000,2352875.16893000,3169575.64079000,991707.71583000,1166714.95980000,1691736.69171000,1088933.96248000,2877896.90084000
2023-08-02,175015.90647000,427816.66026000,855633.32052000,1477912.09908000,1283449.98078000,1905728.75934000,2352991.63143000,3169732.52829000,991756.80333000,1166772.70980000,1691820.42921000,1088987.86248000,2878039.35084000
2023-08-03,136130.08906000,408390.26718000,894569.15668000,1477983.82408000,1283512.26828000,1905821.24684000,2353105.82518000,3169886.35954000,991804.93458000,1166829.33480000,1691902.53546000,1089040.71248000,2878179.02584000
2023-08-04,136135.38281000,272270.76562000,1050187.23882000,1497489.21091000,1283562.18078000,1905895.35934000,2333749.41960000,3170009.62829000,991843.50333000,1166874.70980000,1691968.32921000,1089083.06248000,2878290.95084000
2023-08-05,97245.13645000,311184.43664000,991900.39179000,1478126.07404000,1361431.91030000,1906004.67442000,2333883.27480000,3170191.44827000,991900.39179000,1166941.63740000,1692065.37423000,1089145.52824000,2897905.06621000
2023-08-06,77800.23416000,311200.93664000,972502.92700000,1478204.44904000,1361504.09780000,1906105.73692000,2334007.02480000,3170359.54202000,991952.98554000,1167003.51240000,1692155.09298000,1089203.27824000,2898058.72246000
2023-08-07,175058.73936000,233411.65248000,972548.55200000,1478273.79904000,1361567.97280000,1906195.16192000,2334116.52480000,3151057.30848000,1011450.49408000,1167058.26240000,1692234.48048000,1089254.37824000,2898194.68496000
2023-08-08,155614.01832000,252872.77977000,972587.61450000,1439429.66946000,1381074.41259000,1906271.72442000,2334210.27480000,3151183.87098000,1011491.11908000,1167105.13740000,1692302.44923000,1089298.12824000,2898311.09121000
2023-08-09,136169.35353000,233433.17748000,992091.00429000,1458957.35925000,1381146.30009000,1886918.18463000,2334331.77480000,3151347.89598000,1011543.76908000,1167165.88740000,1692390.53673000,1089354.82824000,2898461.95371000
2023-08-10,155628.46832000,233442.70248000,992131.48554000,1459016.89050000,1400656.21488000,1886995.17838000,2353880.58334000,3151476.48348000,1011585.04408000,1167213.51240000,1692459.59298000,1089399.27824000,2898580.22246000
2023-08-11,136181.51603000,252908.52977000,972725.11450000,1478542.17404000,1400724.16488000,1887086.72213000,2353994.77709000,3151629.37098000,1011634.11908000,1167270.13740000,1692541.69923000,1089452.12824000,2898720.84121000
2023-08-12,77822.18416000,291833.19060000,914410.66388000,1536988.13716000,1400799.31488000,1887187.96588000,2354121.07084000,3151798.45848000,1011688.39408000,1167332.76240000,1692632.50548000,1089510.57824000,2898876.35996000
2023-08-13,77825.55916000,291845.84685000,894993.93034000,1537054.79341000,1420316.45467000,1887269.80963000,2354223.16459000,3151935.14598000,1011732.26908000,1167383.38740000,1692705.91173000,1089557.82824000,2899002.07871000
2023-08-14,155659.66832000,233489.50248000,895043.09284000,1517681.76612000,1420394.47342000,1887373.47838000,2354352.48334000,3152108.28348000,1011787.84408000,1167447.51240000,1692798.89298000,1089617.67824000,2899161.32246000
2023-08-15,136209.64728000,233502.25248000,914550.48888000,1498306.12008000,1420472.03592000,1887476.54088000,2354481.04584000,3152280.40848000,1011843.09408000,1167511.26240000,1692891.33048000,1089677.17824000,2899319.63496000
2023-08-16,136216.82228000,233514.55248000,895139.11784000,1537304.13716000,1420546.86092000,1887575.96588000,2335145.52480000,3152446.45848000,1011896.39408000,1148113.21636000,1692980.50548000,1089734.57824000,2899472.35996000
2023-08-17,194605.21040000,214065.73144000,797881.36264000,1595762.72528000,1420618.03592000,1887670.54088000,2335262.52480000,3152604.40848000,1011947.09408000,1148170.74136000,1693065.33048000,1089789.17824000,2899617.63496000
2023-08-18,214075.28769000,233536.67748000,739532.81202000,1654218.13215000,1420681.45467000,1887754.80963000,2315905.38501000,3152745.14598000,1011992.26908000,1148221.99761000,1712602.30152000,1089837.82824000,2899747.07871000
2023-08-19,97311.32395000,350320.76622000,700641.53244000,1693217.03673000,1420745.32967000,1868377.41984000,2335471.77480000,3152886.89598000,1012037.76908000,1148273.62261000,1712679.30152000,1089886.82824000,2899877.45371000
2023-08-20,97316.01145000,350337.64122000,681212.08015000,1693298.59923000,1420813.76717000,1868467.41984000,2335584.27480000,3153038.77098000,1012086.51908000,1148328.93511000,1712761.80152000,1089939.32824000,2900017.14121000
2023-08-21,155713.11832000,311426.23664000,681244.89265000,1654451.88215000,1459810.48425000,1888021.55963000,2335696.77480000,3153190.64598000,1031599.40887000,1128920.10782000,1712844.30152000,1089991.82824000,2900156.82871000
2023-08-22,194650.77290000,291976.15935000,681277.70515000,1596136.33778000,1479345.87404000,1868647.41984000,2335809.27480000,3153342.52098000,1031649.09637000,1128974.48282000,1732391.87881000,1090044.32824000,2900296.51621000
2023-08-23,194660.14790000,311456.23664000,661844.50286000,1596213.21278000,1479417.12404000,1868737.41984000,2335921.77480000,3153494.39598000,1031698.78387000,1129028.85782000,1732475.31631000,1090096.82824000,2900436.20371000
2023-08-24,155735.61832000,350405.14122000,681343.33015000,1557356.18320000,1498955.32633000,1868827.41984000,2336034.27480000,3153646.27098000,1031748.47137000,1109616.28053000,1732558.75381000,1090149.32824000,2900575.89121000
2023-08-25,175210.22061000,330952.63893000,720308.68473000,1537956.38091000,1479552.97404000,1868909.01984000,2336136.27480000,3153783.97098000,1031793.52137000,1109664.73053000,1752102.20610000,1090196.92824000,2900702.54121000
2023-08-26,97343.26145000,408841.69809000,661934.17786000,1596429.48778000,1460148.92175000,1888459.27213000,2336238.27480000,3153921.67098000,1031838.57137000,1109713.18053000,1752178.70610000,1090244.52824000,2900829.19121000
2023-08-27,77877.53416000,408857.05434000,525673.35558000,1732775.13506000,1460203.76550000,1888530.20338000,2336326.02480000,3154040.13348000,1031877.32762000,1090285.47824000,1752244.51860000,1090285.47824000,2900938.14746000
2023-08-28,155760.96832000,350462.17872000,545163.38912000,1713370.65152000,1440788.95696000,1927541.98296000,2336414.52480000,3154159.60848000,1031916.41512000,1090326.77824000,1771781.01464000,1090326.77824000,2901048.03496000
2023-08-29,214182.19394000,292066.62810000,564662.14766000,1674515.33444000,1440862.03196000,1908168.63692000,2317061.91626000,3154319.58348000,1031968.75262000,1070910.96970000,1771870.87714000,1090382.07824000,2901195.17246000
2023-08-30,175247.06436000,331022.23268000,584156.88120000,1674583.05944000,1440920.30696000,1908245.81192000,2317155.62876000,3154447.15848000,1032010.49012000,1070954.28220000,1771942.53964000,1090426.17824000,2901312.50996000
2023-08-31,175255.16436000,331037.53268000,584183.88120000,1655187.66340000,1460459.70300000,1908334.01192000,2317262.72876000,3154592.95848000,1032058.19012000,1071003.78220000,1772024.43964000,1090476.57824000,2901446.60996000
2023-09-01,175263.65811000,350527.31622000,545264.71412000,1674741.62194000,1460530.48425000,1927900.23921000,2317375.03501000,3135272.10619000,1032108.20887000,1071055.68845000,1772110.32089000,1090529.42824000,2901587.22871000
2023-09-02,97373.44895000,428443.17538000,545291.31412000,1674823.32194000,1460601.73425000,1927994.28921000,2317488.08501000,3135425.05619000,1051633.24866000,1071107.93845000,1772196.77089000,1090582.62824000,2901728.77871000
2023-09-03,77902.70916000,447940.57767000,525843.28683000,1674908.24694000,1421724.44217000,1967043.40629000,2317605.59751000,3135584.04369000,1012735.21908000,1110113.60553000,1772286.63339000,1090637.92824000,2901875.91621000
2023-09-04,116859.65124000,389532.17080000,564821.64766000,1655511.72590000,1441269.03196000,1967137.46254000,2317716.41626000,3135733.97494000,1032260.25262000,1110166.68678000,1772371.37714000,1090690.07824000,2902014.67246000
2023-09-05,136340.57024000,311635.58912000,623271.17824000,1636086.84288000,1441314.59968000,1967199.65632000,2317789.69408000,3135833.11552000,934906.76736000,1188110.68352000,1772427.41312000,1090724.56192000,2902106.42368000
2023-09-06,155825.81832000,292173.40935000,623303.27328000,1616692.86507000,1441388.81946000,1986779.18358000,2317909.04751000,3135994.59369000,934954.90992000,1188171.86469000,1772518.68339000,1090780.72824000,2902255.86621000
2023-09-07,136353.97853000,292187.09685000,642811.61307000,1616768.60257000,1421977.20467000,1986872.25858000,2318017.63501000,3136141.50619000,934998.70992000,1188227.52719000,1772601.72089000,1090831.82824000,2902391.82871000
2023-09-08,136359.79728000,272719.59456000,662319.01536000,1616837.59632000,1422037.88592000,1986957.04608000,2318116.55376000,3136275.33744000,935038.60992000,1188278.23344000,1772677.36464000,1090878.37824000,2921995.65600000
2023-09-09,97404.57395000,311694.63664000,662351.10286000,1616915.92757000,1441587.69446000,2006534.22337000,2318228.86001000,3136427.28119000,935083.90992000,1188335.80219000,1772763.24589000,1071450.31345000,2922137.21850000
2023-09-10,77927.33416000,311709.33664000,662382.34036000,1597510.35028000,1441655.68196000,2006628.85462000,2318338.19126000,3136575.19994000,935128.00992000,1188391.84594000,1772846.85214000,1071500.84470000,2922275.03100000
2023-09-11,155861.34456000,253274.68491000,662410.71438000,1578096.11367000,1441717.43718000,2026197.47928000,2318437.50033000,3136709.55927000,935168.06736000,1188442.75227000,1772922.79437000,1071546.74385000,2922400.21050000
2023-09-12,136384.84524000,253286.14116000,662440.67688000,1558683.94560000,1461266.19900000,2026289.12928000,2318542.36908000,3136851.44052000,935210.36736000,1188496.50852000,1773002.98812000,1071595.21260000,2922532.39800000
2023-09-13,116906.80830000,253298.08465000,701440.84980000,1519788.50790000,1480819.57180000,2026384.67720000,2318651.69795000,3136999.35605000,935254.46640000,1188552.55105000,1773086.59255000,1071645.74275000,2922670.20750000
2023-09-14,136398.36385000,253311.24715000,681991.81925000,1519867.48290000,1500382.00235000,2026489.97720000,2318772.18545000,3137162.36855000,954788.54695000,1188614.31355000,1773178.73005000,1071701.43025000,2922822.08250000
2023-09-15,155893.24440000,233839.86660000,701519.59980000,1519959.13290000,1480985.82180000,2026612.17720000,2318912.01045000,3137351.54355000,954846.12195000,1188685.98855000,1773285.65505000,1071766.05525000,2922998.33250000
2023-09-16,97438.12150000,292314.36450000,682066.85050000,1520034.69540000,1481059.44680000,2026712.92720000,2319027.29170000,3137507.51230000,954893.59070000,1188745.08230000,1773373.81130000,1071819.33650000,2923143.64500000
2023-09-17,77954.22220000,311816.88880000,643122.33315000,1422664.55515000,1617550.11065000,2046298.33275000,2319138.11045000,3137657.44355000,954939.22195000,1188801.88855000,1773458.55505000,1071870.55525000,2923283.33250000
2023-09-18,136426.71385000,233874.36660000,643154.50815000,1422735.73015000,1617631.03565000,2046400.70775000,2319254.13545000,3137814.41855000,954986.99695000,1188861.36355000,1773547.28005000,1071924.18025000,2923429.58250000
2023-09-19,136432.79510000,233884.79160000,662673.57620000,1383818.35030000,1617703.14190000,2065982.32580000,2319357.51670000,3137954.28730000,955029.56570000,1188914.35730000,1773626.33630000,1071971.96150000,2923559.89500000
2023-09-20,155930.49440000,233895.74160000,662704.60120000,1364391.82600000,1637270.19120000,2066079.05080000,2319466.10420000,3138101.19980000,955074.27820000,1188970.01980000,1773709.37380000,1072022.14900000,2923696.77000000
2023-09-21,136445.22010000,272890.44020000,623749.57760000,1364452.20100000,1656834.81550000,2066170.47580000,2319568.74170000,3138240.06230000,955116.54070000,1189022.63230000,1773787.86130000,1072069.58650000,2923826.14500000
2023-09-22,136450.86385000,272901.72770000,623775.37760000,1364508.63850000,1656903.34675000,2066255.93830000,2319664.68545000,3138369.86855000,955156.04695000,1208564.79410000,1773861.23005000,1072113.93025000,2923947.08250000
2023-09-23,116963.73330000,292409.33325000,604312.62205000,1364576.88850000,1656986.22175000,2085853.24385000,2319780.71045000,3138526.84355000,955203.82195000,1208625.24410000,1754455.99950000,1072167.55525000,2924093.33250000
2023-09-24,97474.34020000,331412.75668000,584846.04120000,1364640.76280000,1657063.78340000,2085950.88028000,2319889.29676000,3138673.75444000,935753.66592000,1208681.81848000,1774032.99164000,1072217.74220000,2924230.20600000
2023-09-25,175461.96861000,272940.84006000,565377.45441000,1325712.65172000,1696132.36323000,2105543.62332000,2300501.36622000,3138819.66069000,935797.16592000,1208738.00598000,1774115.46039000,1072267.58595000,2924366.14350000
2023-09-26,155972.99432000,272952.74006000,565402.10441000,1286777.20314000,1540233.31891000,2281105.04193000,2300601.66622000,3138956.51069000,935837.96592000,1208790.70598000,1774192.81039000,1072314.33595000,2924493.64350000
2023-09-27,155980.84432000,253468.87202000,584928.16620000,1286841.96564000,1559808.44320000,2281219.84818000,2300717.45372000,3158612.09748000,935885.06592000,1208851.54348000,1774282.10414000,1072368.30470000,2924640.83100000
2023-09-28,175488.09561000,272981.48206000,526464.28683000,1286912.70114000,1559894.18320000,2281345.24293000,2300843.92022000,3158785.72098000,955435.18721000,1208917.99198000,1774379.63339000,1072427.25095000,2924801.59350000
2023-09-29,175496.36436000,311993.53664000,506989.49704000,1286973.33864000,1579467.27924000,2281452.73668000,2300952.33272000,3158934.55848000,955480.20596000,1208974.95448000,1774463.23964000,1072477.78220000,2944439.00204000
2023-09-30,117002.75124000,351008.25372000,487511.46350000,1306530.72218000,1560036.68320000,2281553.64918000,2301054.10772000,3159074.28348000,955522.46846000,1209028.42948000,1774541.72714000,1072525.21970000,2944569.23954000
2023-10-01,97506.69895000,370525.45601000,468032.15496000,1306589.76593000,1579608.52299000,2281656.75543000,2301158.09522000,3159217.04598000,955565.64971000,1209083.06698000,1774621.92089000,1072573.68845000,2944702.30829000
2023-10-02,214525.53144000,292534.81560000,487558.02600000,1287153.18864000,1560185.68320000,2281771.56168000,2301273.88272000,3139873.68744000,955613.73096000,1209143.90448000,1774711.21464000,1072627.65720000,2944850.47704000
2023-10-03,156025.49424000,370560.54882000,487579.66950000,1287210.32748000,1521248.56884000,2320879.22682000,2281872.85326000,3159516.25836000,955656.15222000,1209197.58036000,1755286.81020000,1072675.27290000,2944981.20378000
2023-10-04,175536.04977000,351072.09954000,487600.13825000,1248256.35392000,1560320.44240000,2320976.65807000,2281968.64701000,3159648.89586000,955696.27097000,1209248.34286000,1755360.49770000,1072720.30415000,2945104.83503000
2023-10-05,175543.98102000,331583.07526000,507127.05628000,1248312.75392000,1540886.05562000,2321081.52682000,2282071.75326000,3159791.65836000,955739.45222000,1209302.98036000,1755439.81020000,1072768.77290000,2945237.90378000
2023-10-06,156047.09424000,351105.96204000,507153.05628000,1267882.64070000,1540965.05562000,2301694.64004000,2282188.75326000,3159953.65836000,955788.45222000,1209364.98036000,1755529.81020000,1072823.77290000,2945388.90378000
2023-10-07,117042.68874000,390142.29580000,526692.09933000,1248455.34656000,1521554.95362000,2340853.77480000,2282332.43043000,3160152.59598000,955848.62471000,1209441.11698000,1755640.33110000,1072891.31345000,2945574.33329000
2023-10-08,78032.15916000,409668.83559000,526717.07433000,1248514.54656000,1502119.06383000,2360472.81459000,2282440.65543000,3160302.44598000,955893.94971000,1209498.46698000,1755723.58110000,1072942.18845000,2945714.00829000
2023-10-09,156072.11832000,351162.26622000,546252.41412000,1209558.91698000,1482685.12404000,2360590.78959000,2282554.73043000,3160460.39598000,955941.72471000,1209558.91698000,1755811.33110000,1072995.81345000,2945861.23329000
2023-10-10,214610.30019000,312160.43664000,565790.79141000,1190111.66469000,1482762.07404000,2380223.32938000,2282673.19293000,3160624.42098000,955991.33721000,1209621.69198000,1755902.45610000,1073051.50095000,2946014.12079000
2023-10-11,156086.94424000,370706.49257000,585326.04090000,1170652.08180000,1502336.83831000,2380325.89966000,2263260.69148000,3180271.48889000,956032.53347000,1209673.81786000,1755978.12270000,1073097.74165000,2946141.07253000
2023-10-12,156095.19424000,370726.08632000,585356.97840000,1151202.05752000,1521928.14384000,2380451.71216000,2243868.41720000,3199951.48192000,956083.06472000,1209737.75536000,1756070.93520000,1073154.46040000,2946296.79128000
2023-10-13,136589.33246000,370742.47382000,604895.61518000,1151252.94502000,1521995.41884000,2361044.17538000,2243967.60470000,3200092.93192000,956125.32722000,1209791.23036000,1756148.56020000,1073201.89790000,2946427.02878000
2023-10-14,97568.37140000,390273.48560000,624437.57696000,1170820.45680000,1502552.91956000,2380668.26216000,2205045.19364000,3219756.25620000,936656.36544000,1209847.80536000,1756230.68520000,1073252.08540000,2946564.81628000
2023-10-15,78058.87212000,409809.07863000,624470.97696000,1151368.36377000,1522148.00634000,2380795.59966000,2205163.13739000,3219928.47495000,936706.46544000,1209912.51786000,1756324.62270000,1073309.49165000,2946722.42253000
2023-10-16,195155.99280000,292733.98920000,644014.77624000,1073357.96040000,1580763.54168000,2400418.71144000,2205262.71864000,3220073.88120000,936748.76544000,1209967.15536000,1756403.93520000,1073357.96040000,2946855.49128000
2023-10-17,175649.50602000,292749.17670000,663564.80052000,995347.20078000,1639395.38952000,2400543.24894000,2205377.13114000,3220240.94370000,936797.36544000,1210029.93036000,1756495.06020000,1073413.64790000,2947008.37878000
2023-10-18,195175.18030000,273245.25242000,683113.13105000,975875.90150000,1639471.51452000,2400654.71769000,2205479.53739000,3220390.47495000,936840.86544000,1210086.11786000,1756576.62270000,1073463.49165000,2947145.22253000
2023-10-19,273257.50242000,351331.07454000,683143.75605000,956401.25847000,1522434.65634000,2400762.34269000,2205578.41239000,3240053.24298000,936882.86544000,1210140.36786000,1756655.37270000,1073511.61665000,2947277.34753000
2023-10-20,195192.30530000,448942.30219000,644134.60749000,975961.52650000,1522499.98134000,2400865.35519000,2186153.81936000,3240192.26798000,936923.06544000,1210192.29286000,1756730.74770000,1073557.67915000,2947403.81003000
2023-10-21,97600.84015000,546564.70484000,644165.54499000,976008.40150000,1503052.93831000,2400980.66769000,2186258.81936000,3240347.89298000,936968.06544000,1210250.41786000,1756815.12270000,1073609.24165000,2947545.37253000
2023-10-22,97605.62140000,546591.47984000,644197.10124000,976056.21400000,1503126.56956000,2381577.16216000,2166844.79508000,3240506.63048000,956535.08972000,1210309.70536000,1756901.18520000,1073661.83540000,2947689.76628000
2023-10-23,234265.26636000,429486.32166000,624707.37696000,995627.38203000,1503202.12581000,2381696.87466000,2166953.71383000,3240669.51798000,956583.17097000,1210370.54286000,1756989.49770000,1073715.80415000,2947837.93503000
2023-10-24,292843.39545000,449026.53969000,605209.68393000,976144.65150000,1503262.76331000,2362270.05663000,2167041.12633000,3240800.24298000,956621.75847000,1190896.47483000,1757060.37270000,1073759.11665000,2967479.74056000
2023-10-25,214761.72333000,507618.61878000,624761.37696000,937142.06544000,1542379.64937000,2362378.95663000,2167141.02633000,3240949.64298000,956665.85847000,1190951.37483000,1757141.37270000,1073808.61665000,2967616.54056000
2023-10-26,214772.03583000,410019.34113000,761464.49067000,820038.68226000,1659602.09505000,2323442.93307000,2147720.35830000,3260629.99851000,956711.79597000,1210533.29286000,1757225.74770000,1073860.17915000,2967759.04056000
2023-10-27,175731.23727000,449090.93969000,781027.72120000,820079.10726000,1640158.21452000,2323557.47057000,2147826.23330000,3241265.04298000,956758.95847000,1210592.96786000,1757312.37270000,1073913.11665000,2967905.34056000
2023-10-28,117160.15818000,507694.01878000,761541.02817000,839647.80029000,1640242.21452000,2323676.47057000,2147936.23330000,3241431.04298000,956807.95847000,1210654.96786000,1757402.37270000,1073968.11665000,2968057.34056000
2023-10-29,97637.74640000,527243.83056000,742046.87264000,859212.16832000,1640314.13952000,2323778.36432000,2148030.42080000,3241573.18048000,956849.91472000,1210708.05536000,1757479.43520000,1074015.21040000,2968187.49056000
2023-10-30,195285.24280000,429627.53416000,761612.44692000,839726.54404000,1640396.03952000,2323894.38932000,2128609.14652000,3261263.55476000,956897.68972000,1210768.50536000,1757567.18520000,1074068.83540000,2968335.69056000
2023-10-31,156235.94424000,429648.84666000,820238.70726000,820238.70726000,1660006.90755000,2324009.67057000,2128714.74027000,3261425.33601000,976474.65150000,1210828.56786000,1757654.37270000,1074122.11665000,2968482.94056000
2023-11-01,175773.81852000,410138.90988000,820277.81976000,839808.24404000,1660086.06380000,2304590.06504000,2128816.24652000,3261580.85476000,976521.21400000,1191355.88108000,1757738.18520000,1074173.33540000,2968624.49056000
2023-11-02,175781.91852000,371095.16132000,839846.94404000,839846.94404000,1660162.56380000,2304696.26504000,2128914.34652000,3261731.15476000,976566.21400000,1191410.78108000,1757819.18520000,1054691.51112000,2968761.29056000
2023-11-03,214853.91708000,390643.48560000,839883.49404000,839883.49404000,1582106.11668000,2363393.08788000,2129006.99652000,3183744.40764000,1035205.23684000,1191462.63108000,1757895.68520000,1054737.41112000,2968890.49056000
2023-11-04,97666.12140000,468797.38272000,839928.64404000,859461.86832000,1582191.16668000,2265854.01648000,2226787.56792000,3183915.55764000,1054794.11112000,1191526.68108000,1757990.18520000,1054794.11112000,2969050.09056000
2023-11-05,97671.21515000,449287.58969000,839972.45029000,859506.69332000,1562739.44240000,2265972.19148000,2226903.70542000,3184081.61389000,1054849.12362000,1191588.82483000,1758081.87270000,1054849.12362000,2969204.94056000
2023-11-06,175815.33102000,371165.69882000,840006.58154000,879076.65510000,1562802.94240000,2285599.30326000,2226994.19292000,3184210.99514000,1054891.98612000,1191637.24358000,1758153.31020000,1054891.98612000,2969325.59056000
2023-11-07,156286.94424000,390717.36060000,859578.19332000,859578.19332000,1543333.57437000,2285696.55951000,2227088.95542000,3184346.48889000,1054936.87362000,1191687.94983000,1758228.12270000,1054936.87362000,2969451.94056000
2023-11-08,195367.99280000,351662.38704000,820545.56976000,898692.76688000,1523870.34384000,2285805.51576000,2227195.11792000,3184498.28264000,1054987.16112000,1191744.75608000,1758311.93520000,1054987.16112000,2969593.49056000
2023-11-09,273527.70242000,351678.47454000,820583.10726000,898733.87938000,1523940.05634000,2188221.61936000,2246834.69845000,3184643.96389000,1055035.42362000,1191799.27483000,1758392.37270000,1055035.42362000,2969729.34056000
2023-11-10,195386.55530000,429850.42166000,840162.18779000,898778.15438000,1524015.13134000,2168790.76383000,2266484.04148000,3184800.85139000,1055087.39862000,1191857.98733000,1758478.99770000,1055087.39862000,2989414.29609000
2023-11-11,136777.58871000,488491.38825000,820665.53226000,898824.15438000,1504553.47581000,2149362.10830000,2305679.35254000,3184963.85139000,1074681.05415000,1191918.98733000,1758568.99770000,1055141.39862000,2989567.29609000
2023-11-12,97703.30890000,527597.86806000,840248.45654000,898870.44188000,1485090.29528000,2149472.79580000,2325338.75182000,3185127.87014000,1055195.73612000,1211521.03036000,1758659.56020000,1055195.73612000,2989721.25234000
2023-11-13,156331.34424000,449452.61469000,840280.97529000,918446.64741000,1485147.77028000,2130014.56527000,2344970.16360000,3185251.13889000,1055236.57362000,1211567.91786000,1758727.62270000,1055236.57362000,2989836.95859000
2023-11-14,214965.08583000,371303.33007000,859860.34332000,898944.90438000,1485213.32028000,2110566.29724000,2364615.94413000,3185391.72639000,1055283.14862000,1211621.39286000,1758805.24770000,1055283.14862000,2989968.92109000
2023-11-15,175888.84977000,410407.31613000,879444.24885000,898987.45438000,1485283.62028000,2091122.99171000,2364727.86913000,3185542.50139000,1055333.09862000,1192135.53733000,1758888.49770000,1055333.09862000,2990110.44609000
2023-11-16,175897.17477000,351794.34954000,938118.26544000,879485.87385000,1504898.05081000,2052133.70565000,2384383.92466000,3185693.27639000,1055383.04862000,1211736.09286000,1758971.74770000,1055383.04862000,2990251.97109000
2023-11-17,175905.61227000,351811.22454000,938163.26544000,899073.12938000,1504970.23831000,2032687.07512000,2404043.36769000,3185846.08889000,1055433.67362000,1192249.14983000,1759056.12270000,1055433.67362000,2990395.40859000
2023-11-18,78183.99712000,410465.98488000,840477.96904000,1035937.96184000,1485495.94528000,1974145.92728000,2482341.90856000,3185997.88264000,1055483.96112000,1192305.95608000,1759139.93520000,1035937.96184000,2990537.88984000
2023-11-19,97735.30890000,410488.29738000,820976.59476000,1055541.33612000,1466029.63350000,1993800.30156000,2482476.84606000,3186171.07014000,1075088.39790000,1192370.76858000,1759235.56020000,1035994.27434000,2990700.45234000
2023-11-20,195480.99280000,312769.58848000,821020.16976000,1036049.26184000,1446559.34672000,1993906.12656000,2502156.70784000,3186340.18264000,1075145.46040000,1192434.05608000,1759328.93520000,1036049.26184000,2990859.18984000
2023-11-21,195490.49280000,332333.83776000,821060.06976000,1016550.56256000,1446629.64672000,1974453.97728000,2502278.30784000,3186495.03264000,1075197.71040000,1192492.00608000,1759414.43520000,1036099.61184000,2991004.53984000
2023-11-22,215049.30458000,332348.92526000,821097.34476000,1036146.64934000,1427145.38494000,1954993.67800000,2502391.90784000,3186639.69514000,1075246.52290000,1192546.14358000,1759494.31020000,1036146.64934000,3010690.26412000
2023-11-23,156406.84424000,371466.25507000,801585.07673000,1055746.19862000,1446763.30922000,1935534.69747000,2522060.36337000,3186789.45139000,1016644.48756000,1251254.75392000,1759576.99770000,1036195.34309000,3010831.75162000
2023-11-24,195519.05530000,332382.39401000,801628.12673000,1075354.80415000,1446841.00922000,1935638.64747000,2522195.81337000,3167408.69586000,1036250.99309000,1251321.95392000,1759671.49770000,1036250.99309000,3010993.45162000
2023-11-25,97764.49640000,430163.78416000,743010.17264000,1114515.25896000,1446914.54672000,1935737.02872000,2522324.00712000,3167569.68336000,1036303.66184000,1251385.55392000,1759760.93520000,1036303.66184000,3011146.48912000
2023-11-26,97769.05890000,469291.48272000,723491.03586000,1114567.27146000,1466535.88350000,1935827.36622000,2522441.71962000,3187271.32014000,1036352.02434000,1251443.95392000,1759843.06020000,1036352.02434000,3011287.01412000
2023-11-27,156436.99424000,371537.86132000,743075.72264000,1075504.33540000,1486151.44528000,1935907.80372000,2502991.90784000,3187403.75764000,1036395.08684000,1251495.95392000,1759916.18520000,1036395.08684000,3011412.13912000
2023-11-28,156444.34424000,332444.23151000,782221.72120000,1075554.86665000,1486221.27028000,1935998.75997000,2503109.50784000,3187553.51389000,1036443.78059000,1251554.75392000,1759998.87270000,1036443.78059000,3011553.62662000
2023-11-29,176007.53727000,312902.28848000,782255.72120000,1075601.61665000,1466729.47725000,1955639.30300000,2503218.30784000,3187692.06389000,1036488.83059000,1251609.15392000,1760075.37270000,1036488.83059000,3011684.52662000
2023-11-30,215129.53583000,332472.91901000,762731.99067000,1075647.67915000,1466792.28975000,1936165.82247000,2522882.73837000,3168271.34586000,1056090.44862000,1251662.75392000,1760150.74770000,1036533.21809000,3011813.50162000
2023-12-01,195582.86780000,371607.44882000,743214.89764000,1075705.77290000,1447313.22172000,1936270.39122000,2523018.99462000,3168442.45836000,1056147.48612000,1251730.35392000,1760245.81020000,1036589.19934000,3031534.45090000
2023-12-02,97795.40265000,449858.85219000,743245.06014000,1095308.50968000,1447371.95922000,1936348.97247000,2523121.38837000,3149011.96533000,1056190.34862000,1251781.15392000,1760317.24770000,1036631.26809000,3031657.48215000
2023-12-03,117360.67068000,430322.45916000,723724.13586000,1114926.37146000,1427888.15994000,1936451.06622000,2523254.41962000,3149177.99658000,1056246.03612000,1212726.93036000,1779970.17198000,1036685.92434000,3031817.32590000
2023-12-04,254294.04689000,352099.44954000,684637.81855000,1114981.59021000,1408397.79816000,1936546.97247000,2503818.30784000,3149333.96533000,1056298.34862000,1075859.42915000,1936546.97247000,1017176.18756000,3031967.48215000
2023-12-05,234743.31636000,430362.74666000,665106.06302000,1075906.86665000,1428021.84119000,1936632.35997000,2503928.70784000,3149472.82783000,1056344.92362000,938973.26544000,2073565.96118000,1017221.03756000,3032101.16965000
2023-12-06,234753.51636000,449944.23969000,684697.75605000,1075953.61665000,1428083.89119000,1936716.50997000,2504037.50784000,3149609.67783000,1056390.82362000,939014.06544000,2073656.06118000,1017265.23756000,3032232.91965000
2023-12-07,215198.62958000,430397.25916000,723849.93586000,1075993.14790000,1408572.84816000,1936787.66622000,2504129.50784000,3149725.39658000,1056429.63612000,939048.56544000,2073732.24868000,1017302.61256000,3032344.32590000
2023-12-08,176079.19977000,469544.53272000,763009.86567000,1076039.55415000,1389069.24263000,1936871.19747000,2504237.50784000,3149861.24033000,1076039.55415000,939089.06544000,2073821.68618000,1017346.48756000,3032475.10715000
2023-12-09,117392.02068000,528264.09306000,684786.78730000,1134789.53324000,1369573.57460000,1936968.34122000,2504363.10784000,3150019.22158000,1076093.52290000,919570.82866000,2073925.69868000,1017397.51256000,3032627.20090000
2023-12-10,97831.05890000,547853.92984000,665251.20052000,1154406.49502000,1369634.82460000,1937054.96622000,2504475.10784000,3130593.88480000,1076141.64790000,919611.95366000,2074018.44868000,1017443.01256000,3052329.03768000
2023-12-11,215239.19208000,410911.18488000,723986.37336000,1154464.75752000,1350136.75032000,1956719.92800000,2485034.30856000,3130751.88480000,1076195.96040000,919658.36616000,2074123.12368000,1017494.36256000,3052483.08768000
2023-12-12,215249.09208000,410930.08488000,743587.77264000,1154517.85752000,1330630.75104000,1956809.92800000,2465580.50928000,3130895.88480000,1076245.46040000,919700.66616000,2074218.52368000,1017541.16256000,3052623.48768000
2023-12-13,156552.24424000,430518.67166000,802330.25173000,1154572.80127000,1311125.04551000,1956903.05300000,2485266.87731000,3072337.79321000,1135003.77074000,919744.43491000,2074317.23618000,1017589.58756000,3052768.76268000
2023-12-14,156559.54424000,391398.86060000,821937.60726000,1154626.63877000,1311186.18301000,1956994.30300000,2485382.76481000,3072481.05571000,1135056.69574000,919787.32241000,2074413.96118000,1017637.03756000,3052911.11268000
2023-12-15,176138.65602000,371848.27382000,841551.35654000,1154686.74502000,1311254.43926000,1937525.21622000,2485512.14606000,3072640.99946000,1135115.78324000,919835.20366000,2074521.94868000,1017690.01256000,3053070.03768000
2023-12-16,137003.38246000,430582.05916000,822020.29476000,1174314.70680000,1193886.61858000,2055050.73690000,2485632.79606000,3072790.14946000,1154742.79502000,919879.85366000,2074622.64868000,998167.50078000,3053218.23768000
2023-12-17,97864.24640000,469748.38272000,822059.66976000,1174370.95680000,1193943.80608000,2055149.17440000,2505324.70784000,3053364.48768000,1154798.10752000,919923.91616000,2074722.02368000,998215.31328000,3053364.48768000
2023-12-18,195738.99280000,371904.08632000,841677.66904000,1154860.05752000,1174433.95680000,2055259.42440000,2505459.10784000,3033954.38840000,1174433.95680000,919973.26616000,2074833.32368000,998268.86328000,3073102.18696000
2023-12-19,195749.11780000,352348.41204000,880871.03010000,1135344.88324000,1174494.70680000,2055365.73690000,2486013.79606000,3034111.32590000,1174494.70680000,920020.85366000,2074940.64868000,998320.50078000,3073261.14946000
2023-12-20,195758.18030000,371940.54257000,861335.99332000,1135397.44574000,1154973.26377000,2075036.71118000,2486128.88981000,3034251.79465000,1174549.08180000,920063.44741000,2075036.71118000,998366.71953000,3073403.43071000
2023-12-21,195767.30530000,371957.88007000,861376.14332000,1174603.83180000,1155027.10127000,2075133.43618000,2486244.77731000,3034393.23215000,1194180.56233000,920106.33491000,2075133.43618000,998413.25703000,3073546.69321000
2023-12-22,195777.80530000,371977.83007000,861422.34332000,1174666.83180000,1155089.05127000,2055666.95565000,2466800.34678000,3014978.20162000,1213822.39286000,920155.68491000,2075244.73618000,998466.80703000,3073711.54321000
2023-12-23,97893.90265000,450311.95219000,861466.34332000,1194305.61233000,1155148.05127000,2036193.17512000,2486505.12731000,2995553.42109000,1233463.17339000,920202.68491000,2075350.73618000,998517.80703000,3073868.54321000
2023-12-24,97899.24640000,450336.53344000,861513.36832000,1194370.80608000,1116051.40896000,2075464.02368000,2486640.85856000,2995716.93984000,1233530.50464000,920252.91616000,2075464.02368000,998572.31328000,3074036.33696000
2023-12-25,117484.30818000,411195.07863000,881132.31135000,1214004.51786000,1096520.20968000,2095136.82921000,2486751.18981000,2995849.85859000,1233585.23589000,920293.74741000,2055975.39315000,998616.61953000,3074172.73071000
2023-12-26,234979.04136000,313305.38848000,900752.99188000,1155313.62002000,1076987.27290000,2114811.37224000,2486861.52106000,2995982.77734000,1233639.96714000,920334.57866000,2056066.61190000,998660.92578000,3074309.12446000
2023-12-27,195823.93030000,352483.07454000,920372.47241000,1155361.18877000,1077031.61665000,2114898.44724000,2486963.91481000,2976523.74056000,1253273.15392000,920372.47241000,2056151.26815000,979119.65150000,3094018.09874000
2023-12-28,195831.49280000,372079.83632000,920408.01616000,1135822.65824000,1077073.21040000,2114980.12224000,2487059.95856000,2839556.64560000,1370820.44960000,920408.01616000,2056230.67440000,979157.46400000,3094137.58624000
2023-12-29,235009.11600000,352513.67400000,940036.46400000,1155461.48700000,1057541.02200000,2115082.04400000,2487179.81100000,2820109.39200000,1390470.60300000,920452.37100000,2056329.76500000,979204.65000000,3094286.69400000
2023-12-30,117509.99550000,470039.98200000,900909.96550000,1175099.95500000,1057589.95950000,2115179.91900000,2487294.90475000,2820239.89200000,1390534.94675000,920494.96475000,2036839.92200000,979249.96250000,3094429.88150000
2023-12-31,137101.81975000,489649.35625000,881368.84125000,1194744.42925000,1057642.60950000,2095699.24475000,2526590.67825000,2820380.29200000,1390604.17175000,920540.78975000,2036941.32200000,979298.71250000,3094583.93150000
2024-01-01,117521.65800000,509260.51800000,881412.43500000,1175216.58000000,1057694.92200000,2095802.90100000,2507128.70400000,2820519.79200000,1390672.95300000,920586.32100000,2037042.07200000,979347.15000000,3094736.99400000
2024-01-02,176289.85575000,411342.99675000,920624.80225000,1175265.70500000,1038151.37275000,2115478.26900000,2507233.50400000,2820637.69200000,1390731.08425000,920624.80225000,2037127.22200000,979388.08750000,3094866.35650000
2024-01-03,195887.49250000,411363.73425000,901082.46550000,1194913.70425000,1018614.96100000,2095996.16975000,2507359.90400000,2801191.14275000,1410389.94600000,920671.21475000,2037229.92200000,979437.46250000,3095022.38150000
2024-01-04,411386.04675000,450565.67025000,861951.71700000,1175388.70500000,1038260.02275000,1919801.55150000,2507495.90400000,2781753.26850000,1410466.44600000,920721.15225000,2037340.42200000,979490.58750000,3095190.25650000
2024-01-05,195906.74250000,626901.57600000,881580.34125000,1214621.80350000,1038305.73525000,1880704.72800000,2527196.97825000,2781875.74350000,1430119.22025000,920761.68975000,2037430.12200000,979533.71250000,3114917.20575000
2024-01-06,117549.29550000,685704.22375000,862028.16700000,1234267.60275000,1038352.11025000,1861197.17875000,2527309.85325000,2762408.44425000,1430183.09525000,920802.81475000,2037521.12200000,979577.46250000,3115056.33075000
2024-01-07,97961.43375000,685730.03625000,881652.90375000,1253906.35200000,1038391.19775000,1861267.24125000,2546997.27750000,2762512.43175000,1449829.21950000,920837.47725000,2037597.82200000,979614.33750000,3115173.59325000
2024-01-08,176337.49950000,626977.77600000,862094.44200000,1234362.49650000,1038431.94150000,1880933.32800000,2527504.15950000,2723434.71450000,1469479.16250000,920873.60850000,2037677.77200000,979652.77500000,3115295.82450000
2024-01-09,235128.06600000,587820.16500000,862136.24200000,1214828.34100000,1018888.28600000,1900618.53350000,2527626.70950000,2703972.75900000,1489144.41800000,920918.25850000,2037776.57200000,979700.27500000,3115446.87450000
2024-01-10,215543.20425000,587845.10250000,881767.65375000,1234474.71525000,999336.67425000,1900699.16475000,2527733.94075000,2684492.63475000,1508802.42975000,920957.32725000,2037863.02200000,960147.00075000,3115579.04325000
2024-01-11,254746.93400000,372322.44200000,1038583.65400000,1273734.67000000,999391.81800000,1900804.04600000,2527873.42200000,2684640.76600000,1508885.68600000,921008.14600000,2037975.47200000,979795.90000000,3115750.96200000
2024-01-12,254760.58400000,372342.39200000,1038639.30400000,1254205.95200000,1019042.33600000,1881308.92800000,2528008.87200000,2665187.64800000,1528563.50400000,921057.49600000,2038084.67200000,979848.40000000,3115917.91200000
2024-01-13,97989.80875000,509547.00550000,1038691.97275000,1254269.55200000,999496.04925000,1901002.28975000,2528137.06575000,2665322.79800000,1528641.01650000,901506.24050000,2038188.02200000,979898.08750000,3116075.91825000
2024-01-14,97993.80875000,529166.56725000,1019135.61100000,1273919.51375000,999536.84925000,1901079.88975000,2528240.26575000,2626234.07450000,1567900.94000000,842746.75525000,2116666.26900000,960339.32575000,3116203.11825000
2024-01-15,156795.79400000,450787.90775000,1038772.13525000,1273965.82625000,999573.18675000,1901149.00225000,2528332.17825000,2606730.07525000,1587557.41425000,823177.91850000,2136342.69325000,960374.23825000,3116316.40575000
2024-01-16,254803.32150000,392005.11000000,1078014.05250000,1254416.35200000,999613.03050000,1901224.78350000,2528432.95950000,2606833.98150000,1568020.44000000,823210.73100000,2077627.08300000,960412.51950000,3116440.62450000
2024-01-17,196010.11750000,450823.27025000,1078055.64625000,1156459.69325000,1097656.65800000,1901298.13975000,2528530.51575000,2606934.56275000,1548479.92825000,842843.50525000,2077707.24550000,960449.57575000,3116560.86825000
2024-01-18,274426.58950000,411639.88425000,1117308.25725000,1156512.05575000,1058502.55950000,1901384.22725000,2548246.90250000,2607052.60025000,1548550.04075000,842881.66775000,2077801.32050000,960493.06325000,3116701.98075000
2024-01-19,176424.51825000,470465.38200000,1156560.73075000,1156560.73075000,1058547.10950000,1901464.25225000,2528751.42825000,2587559.60100000,1568217.94000000,842917.14275000,2077888.77050000,960533.48825000,3116833.15575000
2024-01-20,98018.09000000,529297.68600000,1156613.46200000,1176217.08000000,1058595.37200000,1881947.32800000,2528866.72200000,2587677.57600000,1568289.44000000,842955.57400000,2077983.50800000,960577.28200000,3116975.26200000
2024-01-21,78417.97200000,529321.31100000,1117456.10100000,1195874.07300000,1058642.62200000,1882031.32800000,2528979.59700000,2587793.07600000,1568359.44000000,842993.19900000,2078076.25800000,960620.15700000,3136718.88000000
2024-01-22,196054.93000000,450926.33900000,1137118.59400000,1176329.58000000,1078302.11500000,1882127.32800000,2450686.62500000,2666347.04800000,1548833.94700000,843036.19900000,2078182.25800000,960669.15700000,3136878.88000000
2024-01-23,215671.01050000,411735.56550000,1195993.78550000,1156780.87450000,1039142.14150000,1921432.63900000,2450806.93750000,2666477.94800000,1548909.98450000,843077.58650000,2078284.28300000,960716.31950000,3137032.88000000
2024-01-24,215681.32300000,450970.03900000,1196050.97300000,1137228.79400000,941154.86400000,2019561.47900000,2450924.12500000,2666605.44800000,1509769.26100000,843117.89900000,2078383.65800000,960762.25700000,3137182.88000000
2024-01-25,196085.24240000,392170.48480000,1254945.55136000,1156902.93016000,941209.16352000,2019677.99672000,2451065.53000000,2647150.77240000,1509856.36648000,843166.54232000,2078503.56944000,960817.68776000,3137363.87840000
2024-01-26,215704.21664000,392189.48480000,1255006.35136000,1156958.98016000,960864.23776000,2000166.37248000,2451184.28000000,2647279.02240000,1509929.51648000,843207.39232000,2078604.26944000,960864.23776000,3137515.87840000
2024-01-27,78442.17196000,509874.11774000,1235464.20837000,1176632.57940000,941306.06352000,2000275.38498000,2470928.41674000,2647423.30365000,1510011.81023000,843253.34857000,2078717.55694000,960916.60651000,3137686.87840000
2024-01-28,117669.25794000,490288.57475000,1176692.57940000,1235527.20837000,960965.60651000,2019988.92797000,2451442.87375000,2647558.30365000,1510088.81023000,843296.34857000,2078823.55694000,960965.60651000,3137846.87840000
2024-01-29,215737.69789000,372637.84181000,1176751.07940000,1235588.63337000,961013.38151000,2020089.35297000,2451564.74875000,2647689.92865000,1529776.40322000,843338.27357000,2078926.90694000,961013.38151000,3138002.87840000
2024-01-30,274587.85186000,333428.10583000,1196418.49739000,1235645.33337000,961057.48151000,1980955.21699000,2451677.24875000,2628198.01066000,1529846.60322000,843376.97357000,2079022.30694000,961057.48151000,3138146.87840000
2024-01-31,254985.07762000,372670.49806000,1235696.91462000,1196468.44114000,961097.60026000,1961423.67400000,2432165.35576000,2628307.72316000,1529910.46572000,843412.17982000,2079109.09444000,961097.60026000,3138277.87840000
2024-02-01,215767.12289000,431534.24578000,1235757.15837000,1216141.96538000,961144.45651000,1961519.29900000,2432283.93076000,2628435.86066000,1529985.05322000,843453.29857000,2079210.45694000,961144.45651000,3138430.87840000
2024-02-02,196163.67990000,431560.09578000,1216214.81538000,1235831.18337000,961202.03151000,1961636.79900000,2432429.63076000,2628593.31066000,1530076.70322000,843503.82357000,2079335.00694000,961202.03151000,3138618.87840000
2024-02-03,117703.87044000,510050.10524000,961248.27526000,1490915.69224000,961248.27526000,1961731.17400000,2452163.96750000,2628719.77316000,1530150.31572000,843544.40482000,2079435.04444000,961248.27526000,3138769.87840000
2024-02-04,98091.40245000,529693.57323000,922059.18303000,1510607.59773000,961295.74401000,1961828.04900000,2432666.78076000,2609231.30517000,1530225.87822000,843586.06107000,2079537.73194000,961295.74401000,3138924.87840000
2024-02-05,176573.29941000,451242.87627000,941724.26352000,1510682.67273000,961343.51901000,1961925.54900000,2432787.68076000,2589741.72468000,1549921.18371000,843627.98607000,2079641.08194000,961343.51901000,3139080.87840000
2024-02-06,235443.81588000,372786.04181000,981015.89950000,1510764.48523000,961395.58151000,1962031.79900000,2432919.43076000,2589881.97468000,1550005.12121000,824053.35558000,2079753.70694000,961395.58151000,3139250.87840000
2024-02-07,176591.86191000,372805.04181000,1039929.85347000,1491220.16724000,981065.89950000,1962131.79900000,2433043.43076000,2590013.97468000,1550084.12121000,824095.35558000,2079859.70694000,961444.58151000,3139410.87840000
2024-02-08,196221.80490000,333577.06833000,1020353.38548000,1510907.89773000,1000731.20499000,1962218.04900000,2433150.38076000,2590127.82468000,1569774.43920000,824131.58058000,2079951.13194000,961486.84401000,3139548.87840000
2024-02-09,215855.39789000,333594.70583000,1020407.33548000,1510987.78523000,1000784.11749000,1962321.79900000,2433279.03076000,2570641.55669000,1569857.43920000,843798.37357000,2080061.10694000,961537.68151000,3139714.87840000
2024-02-10,137369.17593000,431731.69578000,981208.39950000,1550309.27121000,981208.39950000,1962416.79900000,2433396.83076000,2551141.83870000,1589557.60719000,843839.22357000,2080161.80694000,961584.23151000,3139866.87840000
2024-02-11,117750.14544000,451375.55752000,942001.16352000,1570001.93920000,981251.21200000,1962502.42400000,2433503.00576000,2531628.12696000,1609251.98768000,843876.04232000,2080252.56944000,961626.18776000,3140003.87840000
2024-02-12,235513.71588000,392522.85980000,922428.72053000,1550465.29621000,981307.14950000,1962614.29900000,2414015.58777000,2492520.15973000,1628969.86817000,843924.14857000,2080371.15694000,961681.00651000,3140182.87840000
2024-02-13,235523.84088000,353285.76132000,961722.35026000,1550531.95246000,1000976.32374000,1962698.67400000,2414119.36902000,2492627.31598000,1629039.89942000,843960.42982000,2080460.59444000,961722.35026000,3140317.87840000
2024-02-14,314045.68791154,372929.25439496,922509.20824016,1530972.72856877,981392.77472357,1943157.69395267,2414226.22581999,2492737.64779788,1629112.00604113,843997.78626227,2080552.68241397,961764.91922910,3140456.87911543
2024-02-15,215917.20418896,471092.08186681,883297.65350028,1570306.93955604,981441.83722253,1943254.83770061,2414346.91956742,2492862.26654522,1629193.44978940,824411.14326692,2100285.53165621,961813.00047808,3140613.87911209
2024-02-16,196296.74244441,490741.85611101,883335.34099983,1590003.61379969,981483.71222203,1943337.75019962,2394820.25782175,2492968.62904395,1629262.96228857,824446.31826650,2100375.14415514,961854.03797759,3140747.87911049
2024-02-17,98153.05872219,569287.74058868,804855.08152193,1688232.61002160,981530.58722186,1943430.56269928,2394934.63282134,2473457.07979909,1648971.38653272,824485.69326636,2100475.45665478,961899.97547742,3140897.87910995
2024-02-18,117788.20796662,569309.67183868,785254.71977749,1688297.64752160,981568.39972186,1943505.43144928,2395026.89532133,2453920.99930465,1668666.27952716,824517.45576636,2100556.37540478,961937.03172742,3141018.87910995
2024-02-19,157057.74395541,510437.66785508,824553.15576590,1668738.52952623,1001243.11771574,1943589.58144819,2395130.59532000,2454027.24930328,1668738.52952623,824553.15576590,2081015.10740918,961978.68172688,3141154.87910819
2024-02-20,196330.99244426,431928.18337738,883489.46599918,1629547.23728737,1020921.16071016,1943676.82519819,2395238.10781999,2414871.20706442,1708079.63426507,804957.06902147,2081108.51990917,962021.86297688,3141295.87910818
2024-02-21,215973.57918869,373045.27314410,942430.16373245,1609984.86304294,1020966.01071016,1943762.21269818,2375709.37107556,2414977.29456441,1708154.67176507,804992.43152147,2081199.94490917,962064.12547688,3141433.87910818
2024-02-22,215982.86043869,392696.10988852,922835.85823802,1629688.85603736,1021009.88571015,1943845.74394818,2375811.46482555,2395446.27031997,1708228.07801506,824661.83076589,2081289.38240916,962105.46922688,3141568.87910816
2024-02-23,196357.99244410,412351.78413260,903246.76524284,1688678.73501922,1021061.56070930,1924308.32595214,2375931.70857356,2336660.11008474,1747586.13275245,844339.36750961,2081394.71990741,962154.16297607,3161363.67834994
2024-02-24,137456.58846087,471279.73186583,903286.15274284,1688752.37251922,1001469.43021488,1944028.89394654,2376035.31482355,2317125.34834032,1767298.99449686,844376.18625961,2081485.48240741,962196.11922607,3161501.53459993
2024-02-25,78550.72197749,530217.37334802,883695.62224671,1708478.20301030,981884.02471856,1963768.04943712,2376159.33981892,2297608.61784144,1787028.92498778,844420.26125796,2081594.13240335,962246.34422419,3161666.55959377
2024-02-26,235662.14093245,392770.23488742,903371.54024107,1688912.01001592,981925.58721856,1963851.17443712,2376259.92106891,2297705.87409143,1806743.08048215,844456.00500796,2081682.24490334,962287.07547419,3161800.39084376
2024-02-27,314229.08790994,353507.72389868,903408.62774107,1669342.02952154,962326.58172418,1963931.79943711,2356718.15932453,2297800.20534142,1806817.25548214,805212.03776922,2121046.34339208,962326.58172418,3161930.19709375
2024-02-28,451725.73262041,432085.48337604,824890.46826335,1551579.69030488,982012.46221828,1924744.42594783,2337189.66007950,2278268.91234641,1806902.93048163,785609.96977462,2121146.91839148,962372.21297391,3162080.12834286
2024-02-29,294616.20741524,608873.49532482,844566.46125701,1551645.35905358,982054.02471746,1905184.80795187,2356929.65932190,2278365.33734450,1806979.40548012,785643.21977397,2121236.69338971,962412.94422311,3162213.95959022
2024-03-01,255346.55892626,687471.50480146,844607.84875607,1551721.39655186,962460.10672204,1905278.17044975,2337403.11632495,2278476.98734196,1787425.91248378,785681.71977309,2101698.60039302,962460.10672204,3162368.92208669
2024-03-02,98214.18372164,844641.98000607,824999.14326174,1571426.93954618,962499.00047203,1905355.16419974,2337497.57257494,2278569.06234196,1787498.14373378,805356.30651742,2101783.53164301,962499.00047203,3162496.71583668
2024-03-03,98219.02747159,864327.44174996,825039.83076132,1551860.63405106,982190.27471586,1905449.13294877,2337612.85382375,2278681.43734080,1787586.29998287,805396.02526701,2101887.18789194,962546.46922154,3162652.68458507
2024-03-04,275024.56442027,726850.63453929,825073.69326082,1532279.71605580,982230.58721526,1885882.72745329,2337708.79757231,2239485.73885079,1826948.89222038,805429.08151651,2101973.45664065,962585.97547095,3162782.49083313
2024-03-05,333976.14340319,726889.25328929,864408.84174942,1473424.16207287,1001928.43020955,1846691.61646467,2337833.00382229,2219959.07085647,1807400.30547606,805471.87526651,2102085.13789064,962637.11922095,3162950.53458311
2024-03-06,412577.14038040,609042.44532345,1060912.64669247,1453843.25657856,1001973.05520955,1689601.62251022,2377230.18981089,2220057.94585645,1807480.80547605,805507.75026650,2102178.76289063,962679.99422094,3163091.40958309
2024-03-07,275067.17691989,766258.56427682,1080621.05218526,1473574.16207081,1002030.43020815,1689698.37250786,2338071.00381902,2200537.41535908,1807584.30547353,785906.21977110,2102299.13788769,962735.11921960,3163272.53457868
2024-03-08,275080.65191981,746647.48378233,1119971.22567350,1473646.34957039,982430.89971360,1689781.14750739,2318536.92332409,2200645.21535846,1807672.85547302,785944.71977088,2102402.12538710,962782.28171933,3163427.49707778
2024-03-09,137547.45720986,923532.92698047,1100379.65767885,1493372.39256416,982481.83721326,1670219.12326255,2318657.13582330,2200759.31535771,1807766.58047240,785985.46977061,2102511.13163638,962832.20046900,3163591.51582670
2024-03-10,137553.71345970,923574.93322943,1100429.70767762,1493440.31756248,1002177.05520640,1670295.09201067,2338413.12881493,2161558.35436675,1847149.86645886,786021.21976973,2102606.76288402,962875.99421791,3163735.40957315
2024-03-11,353728.67389632,746760.53378111,1100489.20767743,1434566.28857950,1041534.42869471,1650733.81151614,2338539.56631453,2122372.04337789,1866901.33445278,805715.31276383,2102720.45038366,943276.46372351,3163906.47207260
2024-03-12,294787.11366325,727141.54703601,1198800.92889720,1414978.14558358,1041581.13494347,1650807.83651418,2338644.43506176,2122467.21837538,1827680.10471213,825403.91825709,2102814.74413116,943318.76372239,3164048.35331885
2024-03-13,510990.33034931,687871.59854715,1257822.35162907,1198861.92889646,1041634.13494283,1631238.36226896,2338763.43506031,2122575.21837406,1827773.10471100,825445.91825658,2102921.74412986,943366.76372181,3164209.35331689
2024-03-14,294815.33241296,864791.64174470,1316841.81811124,1218570.04064025,1041680.84119247,1631311.50601840,2319213.94831532,2122670.39337334,1827855.06096038,845137.28625050,2083361.68238495,943409.06372149,3164351.23456582
2024-03-15,255516.94017448,864826.56674440,1336550.14860499,1238274.40238403,1041722.90994212,1631377.38726785,2319307.61081453,2063790.67064005,1867239.17819814,845171.41750021,2083445.81988424,943447.16372117,3164479.02831475
2024-03-16,98280.24622093,1022114.56069764,1316955.29936043,1257987.15162787,1022114.56069764,1631452.08726739,2319413.81081388,2044229.12139529,1886980.72744180,845210.11749997,2083541.21988366,943490.36372090,3164623.92831386
2024-03-17,137598.73220927,982848.08720910,1317016.43686019,1277702.51337183,1022162.01069746,1631527.82476711,2319521.48581348,2063980.98313911,1887068.32744147,845249.35499983,2063980.98313911,943534.16372074,3164770.84081330
2024-03-18,255552.20267397,786314.46976606,1415366.04557890,1258103.15162569,1022208.81069587,1631602.52476456,2319627.68580986,2044417.62139174,1887154.72743853,845288.05499851,2064075.48313589,943577.36371927,3164915.74080837
2024-03-19,275223.80191804,727377.19078340,1474413.22456094,1258165.95162533,1022259.83569558,1631683.96851411,2319743.47330921,2044519.67139117,1867590.08444386,845330.24874827,2064178.51438531,943624.46371900,3165073.72205748
2024-03-20,255577.06517357,491494.35610301,1749719.90772671,1258225.55162370,1022308.26069426,1612101.48801787,2319853.36080620,2044616.52138852,1867678.55319143,845370.29249718,2064276.29563264,943669.16371778,3165223.65330338
2024-03-21,255586.81517335,452192.05761439,1789107.70621346,1238613.02737855,1042007.78493751,1631823.51226063,2319941.86080426,2044694.52138681,1867749.80318987,845402.54249647,2064355.04563091,943705.16371699,3165344.40330073
2024-03-22,196613.67993082,491534.19982705,1828507.22335663,1258327.55155725,1042052.50363335,1612232.17543272,2320041.42318368,2025120.90328745,1887491.32733587,845438.82370253,2044782.27128053,943745.66366794,3165480.24688620
2024-03-23,176961.08693774,589870.28979246,1808935.55536354,1258389.95155724,1042104.17863334,1612312.12543272,2320156.47318367,2025221.32828744,1887584.92733587,766831.37673020,2044883.67128052,943792.46366793,3165637.22188619
2024-03-24,78653.62197233,688219.19225787,1809033.30536354,1278121.35705032,1042160.49113334,1612399.25043272,2320281.84818366,2005667.36029435,1887686.92733586,766872.81423019,2044994.17128052,963506.86916101,3165808.28438619
2024-03-25,314627.68788917,530934.22331298,1868101.89684195,1258510.75155668,1022539.98563980,1612466.90043200,2241722.27621034,2005751.51029346,1887766.12733502,766904.98922985,2045079.97127961,943883.06366751,3165941.10938478
2024-03-26,432631.49584694,589952.03979128,1691195.84740165,1258564.35155472,1042248.60363125,1612535.57542948,2241817.75120685,1966506.79930425,1907511.59532512,766937.65172866,2025502.00328338,963588.33165908,3166075.94687984
2024-03-27,216325.09792331,786636.71972113,1730600.78338648,1238952.83356078,1042293.65363049,1612605.27542831,2241914.65120522,1966591.79930282,1907594.04532374,766970.80172810,2025589.55328190,963629.98165838,3166212.79687754
2024-03-28,236002.41591623,747340.98373474,1730684.38338571,1258679.55155324,1062010.87162305,1593016.30743457,2242022.95120421,1966686.79930194,1907686.19532288,767007.85172776,2006020.53528798,963676.53165795,3166365.74687612
2024-03-29,177009.91193714,786710.71972064,1553753.67144827,1455414.83148319,1062059.47162287,1593089.20743430,2242125.55120383,1966776.79930160,1927441.26331557,767042.95172763,2006112.33528764,963720.63165779,3166510.64687558
2024-03-30,118012.42045810,767080.73297762,1593167.67618430,1494823.99246922,1081780.52086588,1593167.67618430,2261904.72544684,1966873.67430160,1927536.20081557,767080.73297762,2006211.14778763,963768.10040778,3166666.61562558
2024-03-31,98347.96496503,767114.12672720,1534228.25345439,1553897.84644740,1062158.02162227,1593237.03243341,2262003.19419558,1947289.70630750,1927620.11331450,767114.12672720,2006298.48528652,963810.05665725,3166804.47187381
2024-04-01,393410.60985999,413081.14035299,1652324.56141196,1553971.90894697,1081879.17711498,1593312.96993296,2222769.94570895,1927711.98831396,1927711.98831396,767150.68922698,1986723.57979296,963855.99415698,3166955.40937293
2024-04-02,255728.92140899,590143.66478999,1691745.17239796,1514702.07296096,1081930.05211497,1593387.89493296,2203203.01521595,1927802.63831395,1927802.63831395,747515.30873398,1986817.00479295,963901.31915698,3167104.33437293
2024-04-03,216395.77292299,629514.97577598,1632804.46841896,1534442.75345396,1101651.20760797,1593459.78243296,2183630.07222294,1927889.61331395,1927889.61331395,747549.03373398,1986906.64229295,963944.80665698,3167247.22187292
2024-04-04,196732.05492972,649215.78126808,1554183.23394480,1632876.05591669,1101699.50760644,1593529.64493075,2183725.80971991,1927974.13831127,1927974.13831127,747581.80873294,1986993.75479019,963987.06915564,3167386.08436852
2024-04-05,157393.04394347,708268.69774562,1416537.39549124,1731323.48337819,1121425.43809723,1593604.56992765,2203502.61520860,1908390.65781459,1947738.91880046,747616.95873149,1987087.17978633,964032.39415376,3167535.00936236
2024-04-06,137725.69470034,747653.77123041,1357581.84776047,1790434.03110439,1101805.55760270,1593683.03867534,2203611.11520541,1908484.62656182,1947834.82504764,747653.77123041,1987185.02353345,964079.86290237,3167690.97810777
2024-04-07,98380.80871441,767370.30797241,1298626.67503023,1849559.20383094,1121541.21934429,1593769.10117347,2203730.11520282,1908587.68905959,1947940.01254535,747694.14622953,1987292.33603112,964131.92540123,3167862.04060406
2024-04-08,216448.64167125,452574.43258534,1515140.49169874,1810297.73034135,1141274.65608476,1593849.08867010,2203840.71519816,1908683.47655555,1948037.77504123,747731.67122795,1987392.07352692,964180.31289920,3168021.02809736
2024-04-09,216458.67917082,413239.29659883,1554566.87768131,1790703.61859492,1141327.58108248,1593923.00116691,2203942.91519375,1889093.92730893,1967806.17428014,767444.40796925,1987484.23602294,964225.02539727,3168167.94059102
2024-04-10,177111.04943505,413259.11534846,1515283.42294435,1889184.52730725,1161061.32407425,1574320.43942271,2164690.60420622,1908863.53280003,1987579.55477117,767481.21421857,1987579.55477117,964271.26914641,3168319.88433819
2024-04-11,157438.64394227,373916.77936289,1495667.11745157,1948303.21878560,1161109.99907425,1574386.43942271,2164781.35420622,1889263.72730725,1987662.87977117,747833.55872579,1987662.87977117,964311.69414641,3168452.70933819
2024-04-12,196806.80492778,354252.24887001,1397328.31498726,2046790.77124895,1161160.14907392,1574454.43942227,2145194.17371284,1928706.68829228,1987748.72977061,767546.53921836,1987748.72977061,964353.34414614,3188270.23983009
2024-04-13,137771.93844937,393634.10985535,1338355.97350819,2105942.48772612,1161220.62407328,1574536.43942140,2145305.89871165,1909125.43279844,2007533.96026228,767586.51421793,1987852.25476951,944721.86365284,3208117.99532109
2024-04-14,137778.80719937,413336.42159812,1299057.32502265,2125730.16821888,1161278.51782328,1574614.93942140,2145412.85496165,1909220.61404844,2007634.04776228,767624.78296793,1987951.36101951,944768.96365284,3208277.93907109
2024-04-15,216519.24792032,314937.08788410,1338482.62350744,2066774.63923943,1220381.21555090,1574685.43942052,2145508.91121046,1909306.09529738,2007723.93526116,767659.15171750,1988040.36726840,964494.83164507,3208421.58281930
2024-04-16,177161.39318481,334638.18712686,1358237.34775019,2066882.92048942,1161391.35532263,1614137.13790603,2165305.91670321,1909406.12654737,2007829.12276115,767699.37046750,1968459.92427564,964545.36289506,3208589.67656930
2024-04-17,157483.64394189,334652.74337652,1338610.97350610,2027601.91575188,1240183.69604241,1614207.35040441,2165400.10420104,1889803.72730272,2007916.46025914,767732.76421673,1968545.54927367,944901.86365136,3208729.24531608
2024-04-18,196863.61742731,334668.14962643,1299299.87502026,2047381.62124405,1240240.78979207,1614281.66290396,2165499.79170043,1889890.72730220,2008008.89775858,767768.10796652,1968636.17427312,944945.36365110,3208876.96406519
2024-04-19,196872.92992715,334683.98087615,1299361.33751918,2067165.76423506,1240299.45854103,1614358.02540262,2165602.22919863,1889980.12730062,2008103.88525691,767804.42671588,1968729.29927148,944990.06365031,3209028.75781252
2024-04-20,78750.79697086,452817.08258244,1279700.45077646,2106583.81897049,1220637.35304832,1614391.33790262,2165646.91669863,1890019.12730062,2008145.32275691,767820.27046588,1968769.92427148,945009.56365031,3209094.97656252
2024-04-21,78752.54697086,413450.87159701,1260040.75153375,2126318.76821320,1220664.47804832,1634115.34964533,2146006.90495592,1890061.12730062,2008189.94775691,767837.33296588,1968813.67427148,945030.56365031,3209166.28906252
2024-04-22,157508.89394168,315017.78788335,1201005.31630527,2185435.90344074,1240382.53979069,1634154.77464488,2165747.29169803,1870418.11555739,2027927.00949906,767855.85796567,1968861.17427094,945053.36365005,3209243.71406163
2024-04-23,177202.23068438,315026.18788335,1201037.34130527,2126426.76821261,1279793.88827611,1634198.34964488,2146115.90495532,1850778.85381468,2027981.08449906,767876.33296567,1968913.67427094,945078.56365005,3209329.28906163
2024-04-24,216585.83229468,354413.18011857,1063239.54035572,2244616.80741762,1260135.75153270,1575169.68941588,2146168.70182913,1831134.76394596,2067410.21735834,767895.22359024,1968962.11176985,945101.81364953,3209408.24218485
2024-04-25,157520.54394159,393801.35985397,1063263.67160572,2264357.81916032,1260164.35153270,1575205.43941588,2146217.41120413,1831176.32332096,2067457.13923334,767912.65171524,1988696.86726254,945123.26364953,3209481.08280985
2024-04-26,196904.83617699,374119.18873627,1063286.11535572,2264405.61603532,1260190.95153270,1575238.68941588,2146262.71432913,1811524.49282826,2087191.26347604,767928.86109024,1988738.84538754,945143.21364953,3209548.82968485
2024-04-27,78763.68447079,492273.02794246,1023927.89812032,2303837.77077072,1260218.95153270,1575273.68941588,2146310.40182913,1811564.74282826,2087237.63847604,767945.92359024,1988783.03288754,964855.13476722,3209620.14218485
2024-04-28,98456.79308849,511975.32406016,1004259.28950262,2303888.95827072,1260246.95153270,1575308.68941588,2146358.08932913,1811604.99282826,2067592.65485834,767962.98609024,1969135.86176984,964876.57226722,3209691.45468485
2024-04-29,157534.14394159,452910.66383206,1004280.16762762,2303936.85514572,1240581.38354000,1595033.20740857,2126710.94321143,1811642.65532826,2067635.63923334,767978.95171524,1988868.56726254,964896.63164222,3209758.18280984
2024-04-30,177229.87755929,433228.58958937,1023994.84812032,2264603.99103532,1260301.35153270,1595068.89803357,2126758.53071143,1811683.19282826,2067681.90485834,767996.13609024,1969220.86176984,964918.22226722,3209830.00468484
2024-05-01,216618.83229462,334774.55900078,866475.32917849,2500962.88194701,1260327.75153235,1595102.31053313,2107110.45959315,1831413.76394545,2067725.21735776,768012.22359003,1969262.11176930,964938.43476696,3209897.24218395
2024-05-02,177237.66818409,374168.41061086,827109.11819242,2540406.57730528,1260356.75153130,1595139.01365680,2107158.94396640,1831455.90456892,2067772.79548104,787722.96970706,1969307.42426766,964960.63789115,3209971.10155628
2024-05-03,177241.29630909,393869.54735353,768045.61733939,2579845.53516563,1240689.07416363,1595171.66678180,2107202.07834140,1811799.91782625,2087508.60097372,787739.09470706,1969347.73676766,964980.39101615,3210036.81093128
2024-05-04,98469.58996333,472654.03182398,728674.96572863,2638985.01101720,1240716.83353794,1595207.35740592,2107249.22521523,1811840.45532524,2087555.30722256,787756.71970663,1969391.79926657,965001.98164062,3210108.63280450
2024-05-05,98471.76183833,472664.45682398,708996.68523596,2639043.21726720,1260438.55153060,1595242.54178092,2107295.70334023,1811880.41782524,2087601.35097256,787774.09470663,1969435.23676657,965023.26601562,3210179.43592950
2024-05-06,157557.86894133,393894.67235331,728705.14385363,2619399.57114953,1280157.68514827,1595273.42303092,2087641.76347256,1752831.29197224,2127031.23070789,787789.34470663,1969473.36176657,965041.94726562,3210241.57967950
2024-05-07,177256.03380889,354512.06761779,768109.47983854,2580060.04766277,1299877.58126521,1595304.30428003,2087682.17597140,1752865.22322127,2146767.52057437,787804.59470619,1969511.48676548,965060.62851508,3210303.72342772
2024-05-08,157564.09394124,334823.69962513,807515.98144884,2580112.03828777,1280208.26327256,1615031.96289769,2087724.24472140,1752900.54509627,2146810.77994936,787820.46970619,1969551.17426547,965080.07539008,3210368.41405272
2024-05-09,157567.71894124,315135.43788248,787838.59470619,2599867.36253042,1280237.71639756,1615069.11914769,2087772.27597140,1752940.87322127,2127164.20570671,807534.55957384,1969596.48676547,965102.27851508,3210442.27342772
2024-05-10,137874.92594854,315142.68788239,827249.55569127,2599927.17502969,1299963.58751485,1595409.85740458,2087820.30722081,1752981.20134578,2127213.14320611,807553.13769862,1969641.79926492,965124.48163981,3210516.13280182
2024-05-11,78787.65947060,374241.38248533,807573.50957362,2599992.76252969,1299996.38126485,1595450.10427958,2107569.89083846,1713631.59348548,2166660.63544141,807573.50957362,1969691.48676492,965148.82851481,3210597.12342682
2024-05-12,78789.30947060,374249.21998533,807590.42207362,2619744.53989734,1300023.60626485,1595483.51677958,2107614.02833846,1713667.48098548,2166706.01044141,807590.42207362,1969732.73676492,965169.04101481,3210664.36092681
2024-05-13,157582.29394115,275769.01439701,807609.25644839,2600107.85002897,1300053.92501448,1595520.72615414,2107663.18146288,1713707.44661000,2166756.54169081,807609.25644839,1969778.67426437,965191.55038954,3210739.23905092
2024-05-14,157585.69394106,256076.75265423,807626.68144794,2580465.73828489,1319780.18675640,1595555.15115325,2107708.65646171,1713744.42160905,2166803.29168960,807626.68144794,1969821.17426328,965212.37538901,3210808.51404914
2024-05-15,196986.52367633,236383.82841159,827343.39944058,2560824.80779226,1339508.36099903,1575892.18941062,2127454.45570434,1713782.75598405,2166851.76043960,807644.74707294,1950166.58439564,984932.61838164,3210880.33592414
2024-05-16,196990.96117627,256088.24952916,807662.94082272,2541183.39917392,1359237.63211628,1575927.68941018,2127502.38070375,1713821.36223357,2166900.57293900,807662.94082272,1950210.51564510,984954.80588136,3210952.66717325
2024-05-17,196995.80492627,315193.28788204,768283.63921246,2560945.46404155,1359271.05399128,1575966.43941018,2127554.69320375,1713863.50285857,2166953.85418900,807682.80019772,1950258.46877010,984979.02463136,3211031.62029824
2024-05-18,78799.92197051,433399.57083780,709199.29773458,2600397.42502680,1359298.65399128,1575998.43941018,2127597.89320375,1674498.34187332,2206397.81517425,807699.20019772,1969998.04926273,984999.02463136,3211096.82029825
2024-05-19,118202.77045573,394009.23485244,689516.16099176,2620161.41176870,1359331.86024090,1595737.40115237,2107949.40646053,1635138.32463761,2245852.63865889,807718.93144749,1970046.17426218,985023.08713109,3211175.26404735
2024-05-20,177308.54318357,354617.08636713,689533.22349165,2580824.35078302,1359365.49774068,1595776.88865210,2108001.56896018,1635178.78713733,2245908.21365851,807738.91894736,1970094.92426185,985047.46213092,3211254.72654681
2024-05-21,216715.18541880,354624.84886713,669846.93674903,2561179.46404040,1359395.25399067,1615513.20039471,2108047.71271017,1635214.58088733,2245957.37615850,807756.60019736,1950436.66876923,985069.02463092,3211325.02029681
2024-05-22,216720.44479368,334931.59649933,689565.05161626,2541539.76167137,1359428.24461492,1595850.54802621,2127800.73070161,1635254.26526142,2246011.88240726,807776.20332191,1950484.00314314,985092.93088038,3211402.95467002
2024-05-23,197023.86742578,374345.34810897,709285.92273279,2541607.88979250,1379167.07198043,1556488.55266362,2127857.76819837,1635298.09963393,2246072.08865384,807797.85644568,1950536.28751517,985119.33712888,3211489.03904013
2024-05-24,197028.86742567,354651.96136620,630492.37576213,2620483.93676136,1379202.07197966,1556528.05266276,2127911.76819719,1635339.59963303,2265831.97539516,807818.35644523,1950585.78751409,926035.67690063,3270679.19926605
2024-05-25,98516.93371276,453177.89507868,610804.98901909,2620550.43675930,1359533.68523603,1556567.55266154,2127965.76819552,1635381.09963174,2265889.47539338,807838.85644460,1950635.28751256,926059.17689990,3270762.19926349
2024-05-26,118223.47045531,433486.05833612,610821.26401908,2640324.17350184,1379273.82197857,1556609.02766153,2128022.46819551,1635424.67463174,2265949.85039337,807860.38144459,1950687.26251255,926083.85189990,3270849.34926347
2024-05-27,118225.77670527,413790.21846846,630537.47576146,2581262.79139847,1418709.32046328,1556639.39328610,2128063.98069492,1635456.57775628,2265994.05351774,788171.84470182,1970429.61175456,926101.91752464,3270913.15551256
2024-05-28,295570.72301310,334980.15274818,689665.02036390,2403975.21383989,1556672.47453566,1576377.18940320,2128109.20569433,1615786.61913829,2285746.92463465,788188.59470160,1950766.77188647,788188.59470160,3270982.66801165
2024-05-29,157641.14394032,453218.28882842,709385.14773144,2364617.15910480,1596116.58239574,1576411.43940320,2128155.44319432,1615821.72538828,2285796.58713464,788205.71970160,1950809.15626146,788205.71970160,3271053.73676164
2024-05-30,197055.27367540,433521.60208588,709398.98523144,2305546.70200218,1635558.77150582,1556736.66203566,2128196.95569432,1615853.24413828,2285841.17463464,788221.09470160,1950847.20938646,788221.09470160,3271117.54301164
2024-05-31,197059.89867513,433531.77708528,729121.62509797,2285894.82463147,1635597.15900355,1556773.19953350,2147952.89555888,1615891.16913604,2285894.82463147,788239.59470051,1950892.99688375,788239.59470051,3271194.31800710
2024-06-01,78825.72197003,551780.05379020,689725.06723775,2325358.79811585,1635633.73087810,1556808.00890807,2167707.35417579,1615927.30038559,2285945.93713083,788257.21970029,1950936.61875821,788257.21970029,3271267.46175619
2024-06-02,59120.60397752,551792.30379020,670033.51174524,2325410.42311585,1655376.91137060,1556842.57140807,2148048.61118328,1615963.17538559,2285996.68713083,807981.58769279,1950979.93125821,788274.71970029,3271340.08675619
2024-06-03,236488.30340551,433561.88957677,650342.83436515,2207224.16511808,1734247.55830706,1576588.68937005,2148102.08926670,1616003.40660431,2286053.59958658,808001.70330215,1951028.50309544,788294.34468503,3271421.53044286
2024-06-04,216785.55103808,335032.21524067,808018.87205103,2069316.62354533,1832823.29514015,1576622.18936787,2128439.95564662,1635745.52146916,2286102.17458341,808018.87205103,1951069.95934274,808018.87205103,3271491.04293833
2024-06-05,216789.77916302,354746.91135767,808034.63142581,1990524.33595138,1872275.36549882,1576652.93936743,2128481.46814603,1635777.42459371,2286146.76208277,808034.63142581,1951108.01246720,808034.63142581,3271554.84918742
2024-06-06,197085.77367093,394171.54734186,847468.82678499,1951149.15934219,1892023.42724091,1556977.61200034,2108817.77827894,1655520.49883580,2286194.97458277,808051.67205081,1951149.15934219,808051.67205081,3271623.84293741
2024-06-07,177381.19005368,394180.42234151,847487.90803424,1970902.11170754,1892066.02723924,1557012.66824896,2108865.25952707,1655557.77383434,2286246.44958075,808069.86580009,1951193.09059047,808069.86580009,3271697.50543452
2024-06-08,78838.23446830,492738.96542689,847511.02053424,1970955.86170754,1892117.62723924,1557055.13074896,2108922.77202707,1655602.92383433,2286308.79958075,808091.90330009,1951246.30309047,808091.90330009,3271786.73043452
2024-06-09,59130.11022623,512460.95529396,827821.54316717,1892163.52723924,1931583.60072339,1596512.97610811,2108973.93140207,1655643.08633433,2286364.26208074,808111.50642509,1951293.63746546,808111.50642509,3271866.09918451
2024-06-10,157683.76893630,394209.42234074,886971.20026667,1852784.28500149,1951336.64058668,1596548.16048001,2109020.40952298,1675390.04494816,2286414.64957631,808129.31579852,1951336.64058668,808129.31579852,3271938.20542817
2024-06-11,157686.84393630,354795.39885667,946121.06361778,1754266.13879131,2049928.97117186,1576868.43936297,2109061.53764797,1675422.71682316,2266748.38158427,808145.07517352,1892242.12723557,847566.78615760,3272002.01167817
2024-06-12,177401.80567833,315380.98787259,965854.27535982,1675461.49807315,2109110.35639797,1576904.93936297,2109110.35639797,1675461.49807315,2266800.85033427,808163.78142352,1892285.92723556,847586.40490760,3272077.74917816
2024-06-13,118270.58920212,315388.23787233,1025011.77308508,1655788.24882974,2128870.60563824,1576941.18936166,2109158.84077122,1675500.01369676,2266852.95970738,808182.35954785,1892329.42723399,847605.88928189,3272152.96792544
2024-06-14,177409.48380319,256258.14327127,1025032.57308508,1655821.84882974,2128913.80563824,1557261.02449464,2128913.80563824,1675534.01369676,2286611.12457440,788486.59468083,1892367.82723399,847623.08928189,3272219.36792544
2024-06-15,98562.91808510,354826.50510637,985629.18085104,1675569.60744676,2128959.03063824,1557294.10574464,2128959.03063824,1675569.60744676,2286659.69957440,788503.34468083,1892408.02723399,847641.09553189,3272288.88042544
2024-06-16,59139.27897600,394261.85983998,946228.46361595,1675612.90431990,2168440.22911987,1577047.43935991,2129014.04313588,1675612.90431990,2286718.78707187,808236.81267195,1892456.92723189,847662.99865595,3272373.43667181
2024-06-17,197135.30491999,275989.42688798,946249.46361594,1655936.56132790,2168488.35411987,1557368.90886791,2129061.29313587,1675650.09181990,2286769.53707187,808254.75017195,1892498.92723189,847681.81115595,3272446.06167181
2024-06-18,197140.05491999,275996.07688798,965986.26910794,1616548.45034390,2188254.60961187,1577120.43935990,2129112.59313587,1675690.46681990,2306538.64256386,808274.22517195,1892544.52723189,867416.24164795,3272524.91167180
2024-06-19,157715.46893582,315430.93787163,985721.68084885,1596869.12297513,2188302.13148444,1577154.68935816,2109444.39701654,1675726.85744304,2306588.73318631,808291.77829606,1892585.62722979,867435.07914699,3272595.98041818
2024-06-20,157718.79393582,315437.58787163,946312.76361489,1616617.63784211,2188348.26585944,1577187.93935816,2129203.71813351,1675762.18556804,2306637.36131131,788593.96967908,1892625.52722979,867453.36664699,3272664.97416818
2024-06-21,157722.29393582,315444.58787163,926618.47687292,1518077.07913223,2286973.26206933,1577222.93935816,2129250.96813351,1675799.37306804,2306688.54881131,788611.46967908,1892667.52722979,867472.61664699,3272737.59916818
2024-06-22,118294.57045183,394315.23483943,906925.04013069,1537829.41587378,2287028.36206870,1557545.17761575,2129302.26813292,1675839.74806758,2267312.60032672,788630.46967886,1892713.12722927,867493.51664675,3272816.44916727
2024-06-23,78864.44696789,473186.68180732,867508.91664675,1478708.38064786,2365933.40903658,1557572.82761575,2129340.06813292,1675869.49806758,2267352.85032672,788644.46967886,1892746.72722926,867508.91664675,3272874.54916727
2024-06-24,236599.04090366,335181.97461352,887246.40338872,1419594.24542195,2365990.40903658,1577326.93935772,2129391.36813292,1656193.28632560,2267407.47532672,788663.46967886,1892792.32722926,867529.81664675,3272953.39916727
2024-06-25,197169.74241961,335188.56211333,926697.78937215,1399905.17117920,2366036.90903527,1577357.93935684,2129433.21813174,1675942.81056665,2267452.03782546,788678.96967842,1892829.52722821,867546.86664626,3273017.72416545
2024-06-26,197173.52366961,374629.69497225,906998.20888018,1360497.31332028,2385799.63640222,1597105.54172380,2129474.05563174,1675974.95119165,2267495.52220046,788694.09467842,1892865.82722821,867563.50414626,3273080.49291545
2024-06-27,256330.86202049,354919.65510529,749274.82744450,1518267.41350596,2366131.03403526,1577420.68935684,2129517.93063174,1676009.48244165,2247824.48233350,788710.34467842,1892904.82722821,867581.37914626,3273147.93041545
2024-06-28,216899.98541139,414081.79033083,749290.85869388,1498581.71738776,2366181.65903330,1577454.43935553,2149281.67362191,1676045.34181525,2247872.57608163,788727.21967777,1892945.32722664,867599.94164554,3273217.96166273
2024-06-29,78874.68446778,512685.44904055,769028.17356082,1538056.34712164,2366240.53403330,1577493.68935553,2149335.15174691,1656368.37382331,2247928.50733163,788746.84467777,1892992.42722664,867621.52914554,3273299.40541273
2024-06-30,78876.19696778,512695.28029055,729604.82195193,1340895.34845220,2583195.45069468,1577523.93935553,2149376.36737191,1656400.13632331,2247971.61358163,788761.96967777,1893028.72722664,867638.16664554,3273362.17416273
2024-07-01,177475.40880240,394389.79733866,749340.61494346,1301486.33121759,2602972.66243518,1597278.67922159,2149424.39549572,1656437.14882239,2248021.84483039,788779.59467733,1893071.02722559,867657.55414506,3273435.31791091
2024-07-02,177479.57130240,374679.09497173,788798.09467733,1262076.95148372,2603033.71243518,1597316.14172159,2149474.80799572,1656475.99882239,2248074.56983038,788798.09467733,1893115.42722559,867677.90414506,3273512.09291091
2024-07-03,157763.24393542,414128.51533048,788816.21967711,1262105.95148337,2603093.52493446,1597352.84484615,2149524.19862012,1656514.06132193,2248126.22607976,788816.21967711,1893158.92722506,867697.84164482,3273587.31166000
2024-07-04,236650.11590294,315533.48787058,788833.71967645,1301575.63746615,2563709.58894847,1597388.28234482,2149571.88611834,1656550.81132055,2248176.10107789,788833.71967645,1893200.92722349,867717.09164410,3273659.93665728
2024-07-05,315539.53787058,335260.75898749,769127.62355954,1262158.15148233,2544037.52408156,1577697.68935291,2169334.32286025,1656582.57382055,2228497.98621098,788848.84467645,1893237.22722349,867733.72914410,3273722.70540728
2024-07-06,138052.15719338,532486.89203161,729704.25945072,1321356.36170806,2544104.03970656,1577738.93935291,2169391.04161025,1656625.88632055,2248277.98857789,788869.46967645,1893286.72722349,867756.41664410,3273808.29915728
2024-07-07,78888.70946756,571943.14363982,709998.38520806,1321385.88358166,2524438.70296198,1597496.36671812,2169439.51035795,1656662.89881880,2228606.04245862,788887.09467562,1893329.02722148,867775.80414318,3273881.44290381
2024-07-08,197226.74241880,453621.50756323,749461.62119142,1281973.82572217,2524502.30296058,1597536.61359224,2169494.16660675,1656704.63631788,2228662.18933238,788906.96967518,1893376.72722043,867797.66664270,3273963.92415200
2024-07-09,157785.24393496,493078.88729674,769203.06418291,1282005.10697152,2524563.90295930,1617298.75033330,2169547.10410565,1656745.06131704,2208993.41508939,788926.21967478,1893422.92721948,867818.84164226,3274043.81165035
2024-07-10,157788.64393489,493089.51229652,788943.21967443,1262309.15147909,2524618.30295818,1617333.60033258,2169593.85410469,1676504.34180817,2209041.01508841,769219.63918257,1893463.72721864,867837.54164188,3274114.36164889
2024-07-11,157792.14393481,453652.41381257,788960.71967403,1282061.16947031,2524674.30295691,1617369.47533177,2169641.97910359,1696265.54729917,2209090.01508730,769236.70168218,1893505.72721768,867856.79164144,3274186.98664724
2024-07-12,177520.38067562,315591.78786777,907326.39011984,1282091.63821282,2524734.30294216,1577958.93933885,2189418.02833266,1676581.37304753,2209142.51507439,788979.46966943,1893550.72720662,867877.41663637,3274264.79912812
2024-07-13,98624.83995862,355049.42385104,927073.49561106,1301847.88745383,2524795.90294076,1577997.43933797,2189471.44708144,1676622.27929660,2209196.41507316,788998.71966899,1893596.92720557,867898.59163589,3274344.68662629
2024-07-14,98627.44933351,374784.30746732,907372.53386825,1301882.33120228,2544588.19280445,1597764.67920279,2189529.37520383,1676666.63866960,2209254.86507053,789019.59466805,1893647.02720331,867921.55413485,3274431.31787239
2024-07-15,197259.67991662,295889.51987493,907394.52761644,1282187.91945802,2544649.87092437,1597803.40732460,2169856.47908280,1676707.27929125,2209308.41506612,789038.71966647,1893692.92719953,867942.59163312,3274510.68661586
2024-07-16,295896.41049971,315622.83786636,828509.94939920,1223038.49673215,2485529.84819759,1657019.89879839,2169907.01033123,1696472.75353169,2209359.86506452,789057.09466590,1893737.02719816,887689.23149914,3274586.94286349
2024-07-17,177542.31817450,433992.33331545,828530.81814767,1183615.45449667,2505319.37868461,1657061.63629534,2169961.66657722,1696515.48477856,2209415.51506045,789076.96966445,1893784.72719467,887711.59087250,3274669.42410745
2024-07-18,157818.61893263,473455.85679790,828547.74939633,1203366.96936133,2525097.90292213,1657095.49879265,2170006.01032371,1676822.82615923,2209460.66505687,769365.76729659,1893823.42719160,887729.73149606,3274736.34285214
2024-07-19,217005.65415731,434011.30831462,828567.04314610,1203394.99123600,2525156.70292143,1657134.08629219,2170056.54157311,1676861.87303376,2189784.32831468,769383.68292137,1893867.52719108,887750.40337082,3274812.59910123
2024-07-20,118369.81419944,512935.86153092,828588.69939609,1223154.74672757,2505494.40055486,1657177.39879219,2170113.26032310,1676905.70115876,2189841.56268968,769403.79229637,1893917.02719107,887773.60649582,3274898.19285123
2024-07-21,98644.15245774,512949.59278023,808882.05015344,1242916.32096747,2485832.64193495,1676950.59178151,2170171.35407019,1676950.59178151,2189900.18456174,769424.38917034,1893967.72718853,887797.37211962,3274985.86159683
2024-07-22,197293.89866478,414317.18719603,789175.59465911,1282410.34132106,2466173.73330973,1696727.52851709,2170232.88531256,1676998.13865062,2189962.27517904,749716.81492616,1913750.81704835,887822.54399150,3275078.71783532
2024-07-23,276218.85188055,315678.68786349,868116.39162459,1164065.16149661,2545159.42089936,1696772.94726624,2170290.97906147,1677043.02927477,2190020.89705294,749736.88367578,1913802.04517239,887846.30961606,3275166.38658367
2024-07-24,276224.97687990,374876.75433701,808944.57514828,1183821.32948529,2545215.85839338,1696810.57226225,2170339.10405637,1677080.21677083,2190069.45954779,749753.50867402,1913844.48266789,887865.99711397,3275239.01157598
2024-07-25,295962.97299624,434079.02706115,808965.45952306,1164121.02711855,2486088.97316843,1696854.37851178,2170395.13530577,1657392.64877895,2209856.86503860,749772.86492381,1894163.02717595,887888.91898872,3275323.56782507
2024-07-26,236776.37839699,513015.48652682,808985.95952306,1164150.52711855,2466420.60830201,1657434.64877895,2209912.86503860,1637703.28391254,2229644.22990502,749791.86492381,1894211.02717595,887911.41898872,3275406.56782507
2024-07-27,138122.92281480,611687.22960839,730078.30630678,1223374.45921677,2466480.76454994,1558815.84319556,2308625.99561875,1578547.68931196,2269162.30338595,749810.15242318,1874525.38105796,907664.92135438,3275486.45532233
2024-07-28,78929.23446555,670898.49295721,710363.11018999,1243135.44283248,2466538.57704858,1578584.68931109,2308680.10811747,1578584.68931109,2269215.49088469,749827.72742277,1874569.31855692,907686.19635388,3275563.23032051
2024-07-29,295992.97299573,513054.48652593,710383.13518975,1203704.75684930,2427142.37856499,1578629.18931056,2308745.18936669,1578629.18931056,2269279.45963393,749848.86492252,1874622.16230629,927444.64871995,3275655.56781941
2024-07-30,335466.67147844,552533.34125860,749866.67742239,1144533.34974996,2407466.70119820,1578666.68931030,2308800.03311631,1598400.02292667,2249600.03226717,749866.67742239,1854933.35993960,927466.67996980,3275733.38031886
2024-07-31,197337.74241365,611747.00148230,828818.51813731,1124825.13175777,2407520.45744646,1578701.93930916,2308851.58623964,1598435.71355052,2249650.26351555,749883.42117185,1854974.77868826,927487.38934413,3275806.52406650
2024-08-01,236810.54089631,513089.50527533,907773.74010251,1124850.06925746,2407573.83244580,1578736.93930872,2308902.77373900,1598471.15105008,2249700.13851493,749900.04617164,1855015.90368775,927507.95184387,3275879.14906559
2024-08-02,197346.02366359,532834.26389169,907791.70885251,1144606.93724882,2407621.48869580,1578768.18930872,2308948.47686400,1598502.79167508,2249744.66976492,749914.88992164,1855052.62243774,927526.31121887,3275943.99281559
2024-08-03,98675.12120674,611785.75148182,927546.13934340,1164366.43023959,2407672.95744457,1578801.93930791,2308997.83623782,1598536.96354926,2249792.76351378,749930.92117126,1835357.25444545,947281.16358475,3276014.02406392
2024-08-04,118412.82669804,611799.60460654,848625.25800263,1223599.20921309,2387992.00507716,1598573.16042355,2309050.12061180,1598573.16042355,2249843.70726277,749947.90242093,1835398.81381963,947302.61358433,3276088.20531246
2024-08-05,335511.29647763,434191.08955929,888118.13773491,1203893.47559621,2348579.07534343,1598612.64792284,2289371.19949444,1578876.68930651,2230163.32364544,749966.42742059,1835444.15131881,947326.01358390,3295905.08892733
2024-08-06,236836.75339548,493409.90290725,927610.61746562,1164447.37086110,2348631.13783849,1618384.48153576,2289421.94948962,1578911.68930318,2230212.76114075,769719.44853530,1835484.83881495,947347.01358191,3276241.75530411
2024-08-07,217104.55102901,493419.43415684,947365.31358113,1184206.64197641,2348676.50658654,1618415.74403442,2289466.17448772,1578942.18930187,2210519.06502262,769734.31728466,1835520.29506343,947365.31358113,3296041.82016766
2024-08-08,177634.62442128,493429.51228134,986859.02456269,1203968.00996648,2348724.47845920,1618448.80028281,2289512.93698543,1578974.43930030,2210564.21502042,769750.03915890,1835557.78568660,947384.66358018,3296109.14203937
2024-08-09,236851.04089505,434226.90830758,986879.33706269,1203992.79121648,2348772.82220919,1618482.11278281,2289560.06198543,1579006.93930030,2210609.71502042,769765.88290890,1835595.56693660,967141.75032143,3296176.98578937
2024-08-10,157903.91892992,552663.71625471,967161.50344573,1204017.38184061,2329082.80421626,1618515.16903164,2289606.82448378,1559301.19943292,2210654.86501882,769781.60478334,1835633.05756027,967161.50344573,3276506.31779575
2024-08-11,98692.46495620,592154.78973718,947447.66357949,1223786.56545684,2329142.17296625,1638294.91827287,2289665.18698377,1559340.94630791,2210711.21501882,769801.22665834,1815941.35519403,967186.15657073,3296328.32953698
2024-08-12,157911.36892992,453995.18567351,1046162.81916069,1223813.10920684,2289714.84948377,1658069.37376411,2289714.84948377,1559374.76818291,2210759.16501882,769817.92353334,1815980.74269403,967207.13469573,3296399.82641198
2024-08-13,217133.25415345,394787.73482446,1065926.88402604,1204102.59121461,2289768.86198187,1677847.87300396,2289768.86198187,1559411.55255662,2210811.31501698,769836.08290770,1816023.58019252,967229.95031993,3296477.58578425
2024-08-14,197397.99241223,414535.78406568,1065949.15902604,1204127.75371460,2270076.91274065,1677882.93550396,2289816.71198187,1559444.14005662,2210857.51501698,769852.17040770,1816061.53019252,967250.16281993,3296546.47328425
2024-08-15,157922.39392978,434286.58330691,1065976.15902604,1204158.25371460,2289874.71198187,1677925.43550396,2270134.41274064,1559483.64005662,2210913.51501698,769871.67040770,1816107.53019252,967274.66281993,3296629.97328424
2024-08-16,177666.68692091,375074.11683303,1125222.35049909,1204185.32246394,2270185.44398939,1677963.15425303,2289926.18698060,1559518.69630575,2210963.21501575,769888.97665727,1816148.35519151,967296.40656939,3296704.07953242
2024-08-17,78964.83446485,434306.58955667,1125248.89112409,1223954.93420515,2270238.99086439,1678002.73237803,2289980.19948060,1559555.48068075,2211015.36501575,769907.13603227,1816191.19269151,987060.43081060,3296781.83890741
2024-08-18,98708.48058106,414575.61844045,1105534.98250788,1263468.55143757,2270295.05336439,1678044.16987803,2290036.74948060,1559593.99318075,2211069.96501575,769926.14853227,1796494.34657530,987084.80581060,3296863.25140741
2024-08-19,177678.92129581,335615.74022542,1105557.73250726,1243752.44907067,2270341.77211313,1678078.70112710,2290083.87447933,1559626.08692989,2211115.46501453,769941.99228184,1796531.31532430,987105.11831006,3296931.09515559
2024-08-20,197425.71116201,315881.13785922,1145069.12473967,1224039.40920447,2250653.10724693,1697861.11599330,2290138.24947933,1559663.11817989,2211167.96501453,769960.27353184,1796573.97157430,987128.55581006,3297009.37640559
2024-08-21,177687.27442081,335631.51835042,1125352.73799846,1204324.85996327,2270448.50648813,1717643.65273450,2290191.53697933,1559699.40880489,2211219.41501452,769978.18915684,1796615.77469930,987151.52456006,3297086.09203059
2024-08-22,157948.24392957,335640.01835033,1105637.70750696,1243842.42094533,2270506.00648750,1697943.62224283,2290249.53697869,1559738.90880446,2211275.41501391,769997.68915663,1796661.27469880,987176.52455978,3297169.59202967
2024-08-23,177696.38692076,315904.68785913,1066178.32152456,1283362.79442771,2270564.94398748,1697987.69724281,2290308.98697868,1559779.39630444,2211332.81501389,770017.67665662,1796707.91219879,987202.14955977,3297255.17952965
2024-08-24,157956.16892956,394890.42232391,908247.97134499,1382116.47813368,2270619.92836248,1698028.81599281,2310108.97059487,1559817.16817944,2211386.36501389,770036.32353162,1796751.42157379,987226.05580977,3297335.02640464
2024-08-25,78979.74696474,473878.48178843,888522.15335330,1401890.50862410,2231177.85175385,1737554.43322424,2310157.59871859,1559850.00255358,2211432.91501267,770052.53290620,1796789.24344779,1006991.77380041,3297404.43577782
2024-08-26,138217.48843829,375161.75433251,928031.70808567,1401920.23987410,2093007.68206556,1875808.77166253,2310206.59246859,1559883.08380358,2211479.81501267,789814.21964738,1796827.34969779,1007013.13005041,3297474.36702782
2024-08-27,335678.58709929,276441.18937588,928052.56433332,1382205.94687942,1974579.92411345,1895596.72714891,2310258.51121274,1559918.14004963,2211529.51500707,789831.96964538,1796867.73094324,1007035.76129786,3297548.47326946
2024-08-28,197463.02366129,414672.34968871,888583.60647581,1401987.46799516,1974630.23661290,1895645.02714839,2330063.67920323,1559957.88692419,2211585.86500645,770105.79227903,1796913.51531774,1007061.42067258,3297632.49514355
2024-08-29,177720.43379511,454174.44192084,868855.45410944,1382270.04062865,1994418.20147848,1895684.62714786,2349859.06906870,1559990.47442376,2191885.35013971,789868.59464494,1777204.33795112,1007082.45817230,3297701.38264263
2024-08-30,157977.26892881,454184.64817034,849127.82049237,1421795.42035932,1994463.02022627,1895727.22714576,2349911.87531610,1560025.53067203,2191934.60638729,789886.34464407,1777244.27544915,1007105.08942119,3297775.48888898
2024-08-31,98738.08995548,513438.06776850,829399.95562604,1461323.73134112,1955014.18111853,1935266.56312743,2349966.54094045,1560061.82129660,2191985.59701168,789904.71964385,1757538.00120756,1007128.51754591,3297852.20451307
2024-09-01,98740.30870545,513449.60526836,789922.46964363,1481104.63058181,1895813.92714471,2014302.29759126,2350019.34718980,1560096.87754617,2192034.85326107,789922.46964363,1757577.49495708,1007151.14879563,3297926.31076215
2024-09-02,157988.66892860,473966.00678578,789943.34464297,1441646.60397343,1895864.02714314,2034104.11245566,2350081.45031285,1560138.10566987,2192092.78138425,770194.76102690,1777372.52544669,1007177.76441979,3298013.46388441
2024-09-03,236988.59089276,355482.88633914,829460.06812466,1402182.49611550,1876159.67790102,2093399.21955272,2350136.85968655,1560174.89004401,2192144.46575804,770212.92040147,1777414.43169571,1007201.51129423,3298091.22325759
2024-09-04,157996.16892838,414739.94343699,789980.84464188,1441715.04147143,1876204.50602447,2113198.75941703,2350193.01280960,1560212.16816772,2192196.84388122,789980.84464188,1777456.90044423,1007225.57691840,3298170.02637985
2024-09-05,158000.04392838,395000.10982094,809750.22513293,1441750.40084643,1896000.52714051,2113250.58754203,2350250.65343460,1560250.43379272,2172500.60401517,790000.21964188,1777500.49419423,1027000.28553445,3298250.91700485
2024-09-06,197504.58616046,375258.71370488,790018.34464186,1441783.47897139,1876293.56852441,2113299.07191696,2350304.57530952,1540535.77205162,2192300.90638115,790018.34464186,1777541.27544418,1027023.84803441,3298326.58887975
2024-09-07,98754.76183020,474022.85678498,770287.14227559,1461570.47508702,1797336.66530972,2192355.71263054,2350363.33155886,1540574.28455119,2192355.71263054,790038.09464164,1777585.71294368,1027049.52303413,3298409.04512883
2024-09-08,79005.89696416,474035.38178498,750556.02115955,1481360.56807807,1777632.68169368,2231916.58923762,2350425.43468386,1540614.99080119,2192413.64075554,790058.96964164,1777632.68169368,1027076.66053413,3298496.19825383
2024-09-09,177767.34629432,395038.54732071,730821.31254331,1481394.55245265,1698665.75347904,2310975.50182614,2350479.35655821,1540650.33455076,2192463.93762993,790077.09464142,1757921.53557715,1027100.22303384,3298571.87012791
2024-09-10,197523.55491030,335790.04334751,809846.57513223,1461674.30633621,1639445.50575548,2370282.65892359,2350530.30343256,1540683.72830033,2192511.45950432,790094.21964120,1757959.63870166,1027122.48553356,3298643.36700200
2024-09-11,177774.23691927,355548.47383854,790107.71964120,1461699.28133621,1639473.51825548,2390075.85191462,2350570.46593256,1540710.05330033,2192548.92200432,790107.71964120,1757989.67620166,1027140.03553356,3298699.72950200
2024-09-12,197531.67991030,335803.85584751,809879.88763223,1461734.43133621,1639512.94325548,2390133.32691461,2350626.99093255,1540747.10330033,2172848.47901329,790126.71964120,1758031.95120166,1027164.73553355,3298779.05450199
2024-09-13,217289.07602621,316056.83785630,790142.09464076,1461762.87508540,1619791.29401355,2390179.83628829,2330919.17919023,1540777.08454948,2172890.76026208,790142.09464076,1758066.16057569,1046938.27539900,3298843.24512516
2024-09-14,118523.92044611,434587.70830242,770405.48289974,1481549.00557642,1600072.92602253,2409986.38240431,2350724.42218125,1540810.96579948,2172938.54151208,790159.46964076,1758104.81995068,1046961.29727400,3298915.78575016
2024-09-15,98772.29308009,434598.08955242,770423.88602474,1461829.93758540,1600111.14789753,2429798.40977033,2331026.11669023,1540847.77204948,2172990.44776208,790178.34464076,1758146.81682568,1046986.30664900,3298994.58887516
2024-09-16,217303.34165115,355587.28633824,770439.12039952,1442103.99459398,1600142.78852209,2449601.30588567,2331072.21043959,1540878.24079905,2173033.41651148,790193.96964054,1758181.58245020,1047007.00977371,3299059.82324925
2024-09-17,177797.86191912,355595.72383824,809968.03763155,1442138.21334398,1580425.43928107,2469414.74887668,2331127.52293958,1540914.80329905,2173084.97901148,790212.71964054,1758223.30120020,1047031.85352371,3299138.10449924
2024-09-18,197557.49240992,355603.48633785,790229.96963966,1442169.69459239,1560704.19003834,2469468.65512395,2350934.15967800,1521192.69155635,2173132.41650907,790229.96963966,1758261.68244825,1047054.70977255,3299210.12324559
2024-09-19,217317.43540049,375366.47932811,770489.08914718,1442197.52583959,1461953.65633055,2568296.96382393,2350979.52842345,1521222.04780341,2173174.35400487,790245.21963813,1738539.48320389,1047074.91602053,3299273.79198921
2024-09-20,237079.00339144,335861.92147121,750750.17740623,1422474.02034864,1501500.35481245,2568355.87007393,2351033.45029844,1521256.93842840,2153467.61413891,790263.34463813,1738579.35820389,1047098.93164553,3299349.46386420
2024-09-21,98785.02745477,474168.13178288,750766.20865623,1442261.40083959,1422504.39534864,2647438.73578774,2351083.65342344,1521289.42280340,2173270.60400486,790280.21963813,1738616.48320389,1047121.29102052,3299419.91698920
2024-09-22,79029.72196381,493935.76227383,731024.92816527,1442292.42583959,1402777.56485768,2647495.68578774,2351134.22842344,1521322.14780340,2173317.35400486,790297.21963813,1738653.88320389,1047143.81602052,3299490.89198920
2024-09-23,197578.86740926,375399.84807759,750799.69615519,1442325.73208760,1402809.95860575,2627798.93654316,2351188.52217019,1521357.27905130,2173367.54150186,790315.46963704,1758451.91994241,1047167.99726908,3299567.08573464
2024-09-24,177825.05879333,395166.79731852,790333.59463704,1422600.47034667,1383083.79061482,2647617.54203408,2351242.44404519,1521392.16967630,2153659.04538593,790333.59463704,1738733.90820149,1066950.35276000,3299642.75760964
2024-09-25,197587.89865926,395175.79731852,770592.80477111,1363356.50074889,1442391.66021260,2627919.05216816,2351295.99404519,1521426.81967630,2173466.88525186,790351.59463704,1738773.50820149,1066974.65276000,3299717.90760964
2024-09-26,177832.76504324,395183.92231830,731090.25628886,1422662.12034588,1442421.31646180,2627973.08341670,2351344.33779389,1521458.10092546,2173511.57275066,790367.84463660,1738809.25820052,1066996.59025941,3299785.75135781
2024-09-27,217355.86665001,375432.86057728,731106.09691366,1442452.56958640,1442452.56958640,2628030.02404098,2351395.28466824,1521491.06655004,2173558.66650006,790384.96963638,1738846.93320004,1067019.70900912,3299857.24823190
2024-09-28,118560.16419543,513760.71151351,671840.93044074,1462242.02507691,1225121.69668606,2845443.94069019,2371203.28390850,1521522.10717462,2173603.01024945,790401.09463617,1738882.40819956,1067041.47775882,3299924.57010599
2024-09-29,79042.04696362,553294.32874532,652096.88744984,1462277.86882691,1225151.72793606,2865274.20243110,2351500.89716759,1521559.40404962,2173656.29149945,790420.46963617,1738925.03319956,1067067.63400882,3300005.46073099
2024-09-30,237131.27839085,375457.85745218,691632.89530664,1442548.61021100,1205417.33182015,2865336.28055609,2371312.78390849,1521592.36967462,2173703.38524945,790437.59463616,1738962.70819956,1067090.75275882,3300076.95760598
2024-10-01,197614.30490895,375467.17932700,711411.49767221,1422822.99534442,1205447.25994458,2885168.85167063,2371371.65890737,1521630.14779890,2173757.35399842,790457.21963579,1739005.88319874,1067117.24650832,3300158.89197943
2024-10-02,177857.23378353,375476.38243189,750952.76486379,1422857.87026823,1205476.80675503,2885239.57026613,2351667.86891555,1521667.44459241,2173810.63513202,790476.59459346,1739048.50810561,1067143.40270117,3300239.78242770
2024-10-03,177861.67753333,375485.76368147,731209.11874812,1383368.60303699,1245031.74273329,2885311.65776286,2371489.03377769,1521705.46334069,2173864.94762955,790496.34459256,1739091.95810364,1067170.06519996,3300322.23867395
2024-10-04,158103.49391829,375495.79805595,750991.59611190,1383405.57178507,1264827.95134635,2885388.76400886,2371552.40877441,1521746.12896358,2173923.04137654,790517.46959147,1719375.49636144,1067198.58394848,3300410.43554438
2024-10-05,79053.63445915,415031.58091052,770772.93597668,1383438.60303507,1264858.15134635,2885457.65775886,2371609.03377441,1521782.46333858,2173974.94762654,790536.34459147,1719416.54948644,1086987.47381327,3300489.23866938
2024-10-06,98819.41807393,395277.67229573,731263.69374711,1422999.62026464,1264888.55134635,2885527.00775885,2391429.91738919,1521819.03833857,2174027.19762653,790555.34459147,1719457.87448644,1087013.59881327,3300568.56366937
2024-10-07,217408.04788759,296465.51984672,731281.61562190,1403270.12727447,1264919.55134600,2885597.72650806,2371724.15877374,1521856.33521315,2174080.47887593,790574.71959125,1719500.01511096,1087040.23943797,3300649.45429346
2024-10-08,415062.68715937,296473.34797098,770830.70472455,1363777.40066651,1264952.95134285,2826379.25065668,2233432.55471472,1521896.51958437,2174137.88512053,790595.59458928,1719545.41823169,1087068.94256026,3300736.60741025
2024-10-09,217418.15413699,494132.16849317,770846.18284934,1383570.07178086,1264978.35134250,2806670.71704117,2233477.40158910,1502161.79221922,2174181.54136992,790611.46958906,1719579.94635621,1087090.77068496,3300802.88553434
2024-10-10,217423.48226193,553441.59121219,731333.53124468,1363838.20691575,1265009.35134215,2806739.49829039,2253297.90707820,1502198.60471880,2174234.82261931,790630.84458884,1719622.08698073,1087117.41130966,3320649.54727313
2024-10-11,237194.50337646,592986.25844114,731349.71874407,1363868.39441462,1265037.35134110,2787035.41467335,2194049.15623221,1502231.85471755,2174282.94761751,790648.34458819,1719660.14947930,1087141.47380875,3320723.04727038
2024-10-12,79066.62195882,770899.56409848,711599.59762937,1363899.22878962,1245299.29585139,2806865.07953805,2174332.10386750,1502265.81721755,2174332.10386750,790666.21958818,1719699.02760430,1087166.05193375,3320798.12227037
2024-10-13,98835.43369850,751149.29610857,672080.94914977,1383696.07177894,1245326.46460104,2806926.31703727,2174379.54136690,1502298.59221713,2194146.62810660,790683.46958796,1699969.45961412,1106956.85742315,3320870.57226945
2024-10-14,177907.69003224,672095.71789958,711630.76012897,1383726.47802855,1245353.83022570,2806987.99828649,2174427.32261630,1502331.60471671,2194194.84373099,790700.84458775,1700006.81586365,1106981.18242284,3320943.54726853
2024-10-15,316288.13783492,474432.20675238,869792.37904604,1284920.55995437,1245384.54272501,2826825.23189962,2174480.94761509,1502368.65471588,2194248.95622978,790720.34458731,1680280.73224803,1126776.49103691,3321025.44726669
2024-10-16,237221.39087613,513979.68023161,929117.11426483,1265180.75133934,1225643.85285999,2826888.24127384,2174529.41636449,1502402.14221547,2174529.41636449,790737.96958709,1680318.18537256,1126801.60666160,3321099.47226577
2024-10-17,177920.45878205,533761.37634614,948909.11350424,1265212.15133899,1245443.21147432,2826958.40064805,2174583.38511389,1502439.42971505,2174583.38511389,790757.59458687,1680359.88849709,1126829.57228629,3321181.89726485
2024-10-18,217463.01351127,454695.39188720,1028006.97296236,1265239.35133829,1245469.98647363,2827019.17564649,2174630.13511268,1502471.72971422,2174630.13511268,790774.59458643,1680396.01349617,1126853.79728566,3321253.29726301
2024-10-19,98849.52744828,553557.35371035,1008265.17997242,1285043.85682759,1245504.04584828,2827096.48502070,2174689.60386208,1502512.81721380,2174689.60386208,790796.21958621,1680441.96662070,1126884.61291035,3321344.12226208
2024-10-20,98852.23057319,593113.38343916,988522.30573194,1285078.99745152,1245538.10522224,2807403.34827871,2135208.18038099,1482783.45859791,2174749.07261027,790817.84458555,1680487.91974430,1126915.42853441,3321434.94725932
2024-10-21,217480.78538489,514045.49272793,1008320.00496631,1245571.77084074,1265342.75133028,2827250.21000359,2115494.91238031,1482823.53671517,2194578.83433845,790839.21958142,1660762.36112099,1126945.88790353,3321524.72224198
2024-10-22,177942.70565572,454742.47000907,1126970.46915290,1186284.70437148,1304913.17480862,2807540.46701249,2115541.05612913,1463084.46872482,2194626.70308723,790856.46958098,1660798.58612007,1146741.88089243,3321597.17224013
2024-10-23,138403.18530153,474525.20674809,1126997.36602671,1186313.01687022,1324716.20217175,2807607.47325952,2135363.43036640,1423575.62024426,2234222.84843891,790875.34458015,1660838.22361831,1146769.24964121,3321676.44723661
2024-10-24,158178.74391565,434991.54576803,1127023.55039898,1206112.92235681,1324746.98029354,2807672.70450273,2036551.32791395,1542242.75317756,2234274.75780851,790893.71957824,1660876.81111429,1146795.89338844,3321753.62222859
2024-10-25,177955.39003005,415229.24340346,1127050.80352367,1225914.90909592,1324779.01466818,2807740.59825196,2036600.57478839,1542280.04692713,2234328.78593289,790912.84457802,1660916.97361383,1146823.62463812,3321833.94722767
2024-10-26,79093.10945780,474558.65674681,1127076.80977367,1245716.47396037,1324809.58341818,2807805.38575196,2036647.56853839,1542315.63442713,2214607.06481844,790931.09457802,1660955.29861383,1146850.08713812,3321910.59722767
2024-10-27,59321.34146835,454796.95125736,1146879.26838812,1225974.39034592,1364390.85377208,2807876.82950195,2036699.39041339,1542354.87817713,2214663.41481844,810725.00006747,1660997.56111383,1146879.26838812,3321995.12222766
2024-10-28,197743.05489445,276840.27685223,1186458.32936669,1226006.94034558,1364427.07877170,2807951.37950118,2036753.46541282,1542395.82817670,2214722.21481783,810746.52506724,1661041.66111337,1146909.71838780,3322083.32222674
2024-10-29,296621.94171667,257072.34948778,1186487.76686669,1166712.97075224,1364460.93189669,2808021.04825117,2017029.20367337,1542434.09692670,2214777.16481782,810766.64069224,1661082.87361337,1146938.17463780,3322165.74722673
2024-10-30,217528.56663377,336180.51207038,1166744.13012660,1166744.13012660,1364497.37252093,2808096.04199960,1997307.74818282,1542475.29067584,2214836.31481659,810788.29381679,1661127.23611244,1146968.80588716,3322254.47222488
2024-10-31,217533.99788359,375740.54179893,1146997.44338620,1146997.44338620,1384307.25925921,2788390.33650783,1997357.61693114,1562289.62116396,2234667.43280415,810808.53756611,1641392.89312163,1166773.26137562,3322337.42222209
2024-11-01,237315.55337294,395525.92228823,1127248.87852144,1127248.87852144,1384340.72800879,2788457.75213199,1977629.61144113,1562327.39303849,2214945.16481406,810828.14069086,1641432.57749613,1166801.47075026,3322417.74722109
2024-11-02,79106.94695764,553748.62870347,1127273.99414635,1127273.99414635,1364594.83501927,2788519.88025676,1977673.67394096,1582138.93915277,2155664.30459565,889953.15327343,1641469.14937100,1166827.46762517,3322491.77222082
2024-11-03,79108.59695764,573537.32794287,1107520.35740693,1107520.35740693,1404177.59599807,2788578.04275673,1957937.77470154,1582171.93915276,2155709.26709563,889971.71577343,1641503.38687099,1166851.80512516,3322561.07222079
2024-11-04,197776.21114393,494440.52785982,1127324.40352040,1067991.54017722,1364655.85689311,2788644.57712940,1957984.49032490,1582209.68915143,2155760.70146883,889992.95014768,1641542.55249461,1166879.64574918,3322640.34721801
2024-11-05,197780.55489387,454895.27625591,1186683.32936324,1068014.99642691,1364685.82876772,2788705.82400361,1938249.43795996,1602022.49464037,2155808.04834322,890012.49702243,1641578.60561915,1166905.27387385,3322713.32221707
2024-11-06,454906.27313088,415349.20590211,1166933.48324878,1068040.81517685,1384497.35300702,2590987.90348457,1918517.76059544,1602061.22276527,2155860.16396808,890034.01264737,1641618.28999404,1166933.48324878,3322793.64721685
2024-11-07,257127.27448694,652707.69677455,988951.05571901,1186741.26686282,1404310.49912100,2591051.76598382,1839448.96363737,1681216.79472232,2155913.30146745,890055.95014711,1641658.75249356,1166962.24574844,3322875.54721589
2024-11-08,257133.04323666,652722.34052382,949414.31348919,1226326.82159021,1404342.00536943,2591109.89723092,1839490.23238531,1681254.51347045,2155961.67021504,909855.38376048,1641695.58374173,1166988.42699713,3322950.09721217
2024-11-09,118679.39543611,791195.96957406,909875.36501017,1265913.55131849,1404372.84599395,2591166.80035504,1839530.62925968,1681291.43534487,2156009.01708930,909875.36501017,1621951.73762682,1167014.05512173,3323023.07221104
2024-11-10,178023.25565406,771434.10783427,810994.83131295,1345064.59827514,1404405.68349316,2571447.02611423,1819793.28001930,1681330.74784392,2156059.42958808,909896.64000965,1621989.66262590,1186821.70436041,3323100.77220916
2024-11-11,296711.80108969,692327.53587595,811012.25631183,1325312.71153396,1384655.07175190,2591283.06284999,1819832.38001678,1681366.87284159,2156105.75458510,890135.40326908,1641805.29936297,1186847.20435877,3323172.17220456
2024-11-12,375843.61679653,672562.26163589,830812.20555022,1305562.03729320,1384687.00925037,2571561.58860783,1800093.11202548,1681405.65408973,2156155.48583272,890155.93451809,1641843.16811115,1186874.57935746,3323248.82220088
2024-11-13,336288.46206785,553886.87869999,1028647.06044284,1305590.49979284,1364935.52251069,2571617.65110710,1780350.68153569,1681442.31033926,2136420.81784282,890175.34076784,1622097.28762140,1186900.45435712,3323321.27219995
2024-11-14,356077.28005692,633026.27565675,929757.34237085,1384744.97799914,1345180.83577059,2492540.96039845,1780386.40028461,1681476.04471324,2136463.68034153,890193.20014230,1622129.83137042,1186924.26685641,3323387.94719794
2024-11-15,296738.09796271,712171.43511050,949561.91348067,1404560.33035682,1345212.71076428,2472817.48302258,1780428.58777626,1661733.34859117,2136514.30533151,890214.29388813,1602385.72899863,1186952.39185084,3323466.69718234
2024-11-16,118698.18293487,890236.37201153,929802.43298982,1424378.19521845,1345246.07326187,2472878.81114314,1780472.74402306,1681557.59157733,2136567.29282767,890236.37201153,1602425.46962075,1206764.85983785,3323549.12217638
2024-11-17,98917.49619569,870473.96652209,949607.96347864,1424411.94521796,1325494.44902227,2492720.90413144,1780514.93152246,1681597.43532676,2136617.91782695,890257.46576123,1602463.43837021,1206793.45358744,3323627.87217525
2024-11-18,296759.80108707,652871.56239156,1008983.32369605,1404663.05847881,1345311.09826140,2492782.32913142,1780558.80652244,1681638.87282675,2136670.56782693,890279.40326122,1582718.93913106,1206823.19108743,3323709.77217522
2024-11-19,276983.47059760,633105.07565166,1088149.34877628,1424486.42021623,1345348.28575977,2453282.16815017,1760823.49165617,1681685.35719971,2136729.63032434,890304.01263514,1582762.68912914,1206856.55046097,3323801.64717120
2024-11-20,316559.88781176,613334.78263529,1088174.61435293,1444304.48814116,1325594.53021175,2413769.14456468,1760864.37595292,1681724.40399998,2116994.24974116,890324.68447058,1582799.43905881,1206884.57228234,3323878.82202350
2024-11-21,573777.84661911,514421.51765851,989272.14934329,1444337.33804120,1325624.68012000,2394038.60141075,1741118.98284418,1661977.21089672,2117042.39959463,890344.93440896,1582835.43894926,1206912.02219881,3323954.42179344
2024-11-22,316574.23777606,811221.48430116,1028866.27277220,1444369.95985328,1325654.62068726,2334735.00359845,1741158.30776834,1662014.74832432,2117090.21512741,831007.37416216,1622442.96860231,1206939.28152123,3324029.49664865
2024-11-23,257222.17444071,929957.09220873,1009102.37665203,1444401.44109016,1305897.19331439,2314999.56996642,1741196.25775252,1662050.97330922,2117136.35885818,850811.80776544,1622478.33108757,1226751.90887109,3324101.94661845
2024-11-24,138507.17902423,1068483.95247261,989336.99303020,1444432.00982409,1325711.57066047,2315048.56369066,1741233.10773315,1642299.40843013,2117181.16508462,850829.81400597,1622512.66856952,1226777.87135745,3324172.29658147
2024-11-25,296809.01978358,930001.59532188,1009150.66726417,1365321.49100446,1385108.75899004,2295323.08632634,1721492.31474476,1642343.24280247,2117237.67445620,850852.52337959,1622555.97481690,1226810.61510546,3324261.02157609
2024-11-26,296815.53540568,949809.71329817,1009172.82037931,1345563.76050574,1365351.46286612,2295373.47380392,1721530.10535294,1642379.29591142,2117284.15256051,850871.20149628,1602803.89119067,1226837.54634347,3324333.99654361
2024-11-27,217669.29783837,1009194.01725060,1068558.37120652,1345592.02300081,1365380.14098611,2315209.80428080,1721566.26472162,1642413.79278039,2117328.62442774,850889.07336816,1583049.43882448,1226863.31508897,3324403.82153140
2024-11-28,197885.61735230,771753.90767398,1306045.07452520,1365410.75973089,1365410.75973089,2315261.72302195,1721604.87096504,1642450.62402412,2117376.10566965,850908.15461491,1583084.93881843,1226890.82758428,3324478.37151870
2024-11-29,237467.27831888,633246.07551702,1385225.79019348,1385225.79019348,1365436.85033357,2295517.02374920,1741426.70767180,1642482.00837227,2097627.62515013,850924.41397600,1583115.18879255,1226914.27131423,3324541.89646435
2024-11-30,118736.71406391,672841.37969551,1464419.47345493,1405051.11642297,1345682.75939102,2295576.47190232,1741471.80627073,1642524.54455080,2097681.94846247,870735.90313536,1563366.73517486,1226946.04532710,3324627.99378957
2024-12-01,79159.78431253,692648.11273466,1464456.00978185,1424876.11762559,1345716.33331305,2315423.69114158,1741515.25487572,1642565.52448505,2097734.28428211,870757.62743786,1563405.74017252,1246766.60292239,3324710.94112637
2024-12-02,237484.11536889,474968.23073777,1543646.74989776,1424904.69221332,1306162.63452887,2315470.12484664,1721759.83642442,1642598.46463480,2097776.35242516,870775.08968592,1563437.09284517,1246791.60568665,3324777.61516441
2024-12-03,237490.00215582,455189.17079865,1622848.34806474,1405149.17942191,1266613.34483102,2355109.18804517,1721802.51562966,1642639.18157772,2097828.35237637,870796.67457132,1543685.01401280,1246822.51131803,3324860.03018141
2024-12-04,257286.80650494,455199.73458567,1622886.01026194,1385390.49656507,1266642.73971663,2335372.55135254,1721842.47430230,1642677.30307001,2097877.03765567,870816.88355519,1543720.83902965,1246851.44690856,3324937.19175616
2024-12-05,475002.65099574,435419.09674609,1543758.61573615,1385424.39873757,1266673.73598863,2216679.03798011,1721884.60985955,1642717.50136026,2097928.37523117,870838.19349219,1543758.61573615,1246881.95886381,3325018.55697016
2024-12-06,415636.24425610,653142.66954530,1504207.36016493,1405246.34962777,1266700.93487573,2097973.42338793,1721921.58334670,1622960.57280953,2097973.42338793,870856.89272707,1523999.56227237,1266700.93487573,3325089.95404880
2024-12-07,98963.22909314,969839.64511277,1484448.43639710,1425070.49894121,1266729.33239219,2078227.81095593,1721960.18622063,1622996.95712749,2098020.45677456,870876.41601963,1524033.72803435,1266729.33239219,3325164.49752950
2024-12-08,79172.40817344,989655.10216802,1464689.55120867,1444896.44916531,1266758.53077507,2098068.81659621,1721999.87777236,1623034.36755556,2098068.81659621,870896.48990786,1524068.85733876,1266758.53077507,3325241.14328456
2024-12-09,376078.85405030,791744.95589537,1504315.41620121,1385553.67281690,1207411.05774044,2078330.50922535,1722045.27907243,1623077.15958551,2098124.13312273,870919.45148491,1524109.04009859,1266791.92943259,3325328.81476056
2024-12-10,296911.57686138,969911.15108051,1484557.88430691,1326205.04331417,1207440.41256962,2058586.93290558,1722087.14579601,1623116.62017555,2098175.14315376,870940.62546005,1504351.98943100,1286616.83306599,3325409.66084747
2024-12-11,277123.68382428,1009521.99107415,1464796.61449974,1346029.32143220,1207467.47952006,2058633.07983748,1722125.74947943,1642947.55410106,2078427.62868207,890754.69800660,1484591.16334433,1286645.67489842,3325484.20589131
2024-12-12,237540.13454184,870980.49332008,1603395.90815742,1385650.78482740,1227290.69513284,2058681.16602928,1702370.96421652,1662780.94179288,2019091.14360564,930365.52695554,1484625.84088650,1286675.72876830,3325561.88358577
2024-12-13,217750.96658052,732435.06940722,1742007.73264419,1425279.05398161,1227323.62981750,2058736.41130677,1702416.64781137,1643030.02056213,2019145.32647395,950186.03598774,1484665.68123084,1286710.25706673,3325651.12595709
2024-12-14,98980.19591499,831433.64568595,1682663.33055489,1504498.97790790,1207558.39016292,2058788.07503187,1702459.36973789,1643071.25218889,2019195.99666587,950209.88078394,1484702.93872490,1306538.58607792,3325734.58274379
2024-12-15,98982.33648879,851248.09380356,1643106.78571384,1524327.98192730,1207584.50516318,2058832.59896674,1682699.72030935,1643106.78571384,2019239.66437123,950230.43029234,1464938.58003403,1306566.84165197,3325806.50602320
2024-12-16,316750.87627420,613704.82278126,1722332.88974094,1504566.66230243,1207612.71579537,2058880.69578228,1682739.03020667,1643145.17067239,1999489.90648086,950252.62882259,1464972.80276816,1306597.36463106,3325884.20087906
2024-12-17,277162.96647812,574123.28770468,1860951.34635310,1484801.60613279,1207638.63965467,1999532.82959216,1682775.15361716,1643180.44412029,1979735.47484372,970070.38267342,1465004.25138435,1306625.41339686,3325955.59773745
2024-12-18,217775.85205459,593934.14196706,1900589.25429460,1504633.15964989,1187868.28393412,1999578.27795577,1682813.40224001,1643217.79277554,1979780.47322354,970092.43187953,1465037.55018542,1306655.11232754,3326031.19501555
2024-12-19,316772.12532352,593947.73498159,1920431.00977381,1484869.33745398,1148298.95429774,1999624.04110469,1663053.65794846,1643255.40011574,1960027.52543925,970114.63380327,1465071.07962126,1306685.01695950,3326107.31589692
2024-12-20,277182.21581098,673156.80982667,1880879.32157450,1524502.18696039,1128527.59294470,1979872.97007843,1643294.56516509,1663093.29486588,1960074.24037764,970137.75533843,1445307.26815725,1306716.16025176,3326186.58973175
2024-12-21,118795.09693223,811766.49570359,1643332.17422922,1762127.27116145,1128553.42085621,1979918.28220388,1663131.35705126,1663131.35705126,1960119.09938184,989959.14110194,1445340.34600883,1326545.24907660,3326262.71410252
2024-12-22,98998.33597256,831586.02216947,1583973.37556090,1841369.04908955,1128581.03008714,1979966.71945113,1663172.04433895,1663172.04433895,1960167.05225662,989983.35972556,1425576.03800481,1326577.70203226,3326344.08867790
2024-12-23,396002.03125176,594003.04687764,1663208.53125739,1782009.14063292,1108805.68750493,1920609.85157104,1663208.53125739,1643408.42969480,1940409.95313362,990005.07812940,1425607.31250634,1326606.80469340,3326417.06251478
2024-12-24,198005.14060159,732619.02022588,1742445.23729397,1782046.26541429,1069227.75924858,1980051.40601588,1643442.66699318,1663243.18105334,1940450.37789556,970225.18894778,1425637.01233143,1326634.44203064,3326486.36210668
2024-12-25,99004.92964033,772238.45119455,1702884.78981362,1861292.67723815,1069253.24011553,1960297.60687847,1663282.81795749,1663282.81795749,1940496.62095041,970248.31047520,1425670.98682071,1326666.05718038,3326565.63591499
2024-12-26,178212.55767855,594041.85892849,1762324.18148786,1900933.94857118,1089076.74136891,1960338.13446403,1663317.20499978,1663317.20499978,1920735.34386880,990069.76488082,1425700.46142838,1326693.48494030,3326634.40999957
2024-12-27,158415.11232333,574254.78217208,1821773.79171833,1900981.34788000,1089103.89722291,1940585.12596083,1663358.67939500,1663358.67939500,1920783.23692041,990094.45202083,1405934.12186958,1326726.56570791,3326717.35878999
2024-12-28,79209.34363598,633674.74908785,1821814.90362756,1940628.91908153,1069326.13908574,1940628.91908153,1683198.55226459,1643593.88044660,1920826.58317254,990116.79544976,1405965.84953866,1346558.84181167,3326792.43271120
2024-12-29,138619.80755697,594084.88952986,1802057.49824056,1940677.30579753,1089155.63080474,1940677.30579753,1683240.52033459,1643634.86103260,1920874.47614653,990141.48254976,1386198.07556966,1346592.41626767,3326875.38136719
2024-12-30,297049.89775514,316853.22427214,2000135.97821791,1920922.67214987,1069379.63191849,1920922.67214987,1683282.75394577,1623872.77439474,1920922.67214987,990166.32585045,1386232.85619063,1366429.52967362,3326958.85485752
2024-12-31,316859.67398549,415878.32210596,1920961.77353706,1920961.77353706,1049597.67007695,1920961.77353706,1663513.28842385,1623905.82917566,1920961.77353706,990186.48120467,1366457.34406244,1366457.34406244,3327026.57684769
2025-01-01,138629.16979833,594125.01342142,1901200.04294854,1940808.37717663,990208.35570236,1960612.54429068,1683354.20469402,1623941.70335187,1901200.04294854,990208.35570236,1366487.53086926,1366487.53086926,3327100.07515994
2025-01-02,158437.51182735,554531.29139573,1901250.14192822,1960664.20886348,990234.44892095,1960664.20886348,1683398.56316561,1623984.49623036,1901250.14192822,1010039.13789937,1346718.85053249,1366523.53951091,3327187.74837439
2025-01-03,158441.06163420,574348.84842398,1861682.47420187,1980513.27042753,990256.63521376,1940903.00501897,1703241.41256767,1624020.88175057,1901292.73961042,1010061.76791804,1346749.02389072,1366554.15659499,3327262.29431824
2025-01-04,79222.39325720,653584.74437189,1683475.85671546,2178615.81457295,990279.91571498,1940948.63480136,1703281.45502976,1624059.06177256,1901337.43817276,1029891.11234358,1346780.68537237,1366586.28368667,3347146.11511662
2025-01-05,79224.34318284,633794.74546274,1525068.60626971,2337118.12389384,990304.28978553,1960802.49377534,1703323.37843110,1624099.03524826,1901384.23638821,1029916.46137695,1307201.66251689,1426038.17729116,3347228.49947507
2025-01-06,178258.51266750,435743.03096501,1643939.61682254,2198521.65623255,1128970.58022753,1960843.63934255,1703359.12104504,1624133.11541504,1881617.63371254,1029938.07319002,1307229.09289503,1426068.10134003,3347298.73786758
2025-01-07,237683.04165260,277296.88192803,1782622.81239448,2119340.45473565,1188415.20826298,1921271.25335849,1703395.13184361,1624167.45129275,1881657.41308306,1029959.84716125,1287449.80895157,1426098.24991558,3347369.50327407
2025-01-08,198073.10753640,376338.90431916,1604392.17104484,2218418.80440768,1208245.95597204,1921309.14310308,1703428.72481304,1624199.48179848,1861887.21084216,1049787.46994292,1287475.19898660,1426126.37426208,3347435.51736516
2025-01-09,198077.85732490,376347.92891731,1465776.14420425,2258087.57350385,1267698.28687935,1921355.21605152,1723277.35872662,1624238.43006417,1861931.85885405,1049812.64382196,1287506.07261184,1445968.35847176,3347515.78879079
2025-01-10,237698.75361119,396164.58935198,1366767.83326432,2317562.84770907,1287534.91539393,1901590.02888949,1723315.96368110,1624274.81634311,1861973.56995429,1049836.16178274,1287534.91539393,1446000.75113472,3347590.78002421
2025-01-11,99043.30358159,554642.50005693,1287562.94656072,2377039.28595826,1287562.94656072,1901631.42876661,1723353.48231974,1624310.17873814,1842205.44661765,1069667.67868122,1287562.94656072,1446032.23229127,3347663.66105788
2025-01-12,79236.79283343,554657.54983404,1247979.48712660,2416722.18141976,1287597.88354332,1901683.02800244,1723400.24412721,1624354.25308541,1842255.43337736,1069696.70325137,1287597.88354332,1446071.46921019,3347754.49721262
2025-01-13,178286.38382856,455620.75867298,1267814.28500308,2396961.38258395,1307433.48140943,1901721.42750462,1723435.04367606,1624387.05266020,1822483.03469193,1089527.90117452,1287623.88320625,1446100.66883164,3347822.09633626
2025-01-14,198100.79445832,356581.43002498,1327275.32287074,2397019.61294566,1307465.24342491,1901767.62679986,1723476.91178738,1624426.51455822,1802717.22957070,1109364.44896659,1287655.16397907,1446135.79954573,3347903.42634559
2025-01-15,158484.11053161,396210.27632903,1248062.37043645,2496124.74087291,1287683.39806936,1921619.84019581,1723514.70203129,1624462.13294904,1802756.75729710,1109388.77372129,1267872.88425291,1465978.02241742,3347976.83498033
2025-01-16,198109.13810976,376407.36240854,1168843.91484757,2575418.79542685,1267898.48390245,1921658.63966465,1723549.50155489,1624494.93250001,1802793.15679880,1109411.17341464,1267898.48390245,1466007.62201221,3348044.43405491
2025-01-17,217925.20809681,356604.88597660,1149060.18814682,2595291.11460747,1267928.48347235,1901892.72520853,1723590.28222023,1624533.36944895,1783024.42988299,1109437.42303831,1267928.48347235,1466042.30901491,3348123.65166918
2025-01-18,138682.52160207,435859.35360650,1109460.17281654,2615156.12163899,1307578.06081950,1901931.72482836,1723625.62562570,1624566.68162422,1783060.99202658,1129271.96161684,1267954.48321890,1466072.37122186,3348192.30724992
2025-01-19,118873.54527867,495306.43866111,1030237.39241511,2635030.25367710,1307608.99806533,1941601.23955155,1723666.40654066,1624605.11880844,1763290.92163355,1129298.68014733,1267984.48297244,1466107.05843688,3348271.52534910
2025-01-20,237752.79051517,396254.65085862,1010449.35968948,2635093.42820981,1307640.34783344,1941647.78920723,1703894.99869206,1624644.06852034,1763333.19632085,1129325.75494706,1268014.88274758,1466142.20817689,3348351.79975533
2025-01-21,198131.48165621,396262.96331242,1069910.00094352,2615335.55786195,1307667.77893097,1941688.52023084,1723743.89040901,1624678.14958091,1763370.18674025,1129349.44544039,1268041.48259973,1466172.96425594,3348422.03998992
2025-01-22,198136.16913638,396272.33827276,990680.84568190,2714465.51716840,1307698.71630011,1921920.84062288,1723784.67148650,1624716.58691831,1763411.90531378,1129376.16407736,1248257.86555919,1466207.65160921,3348501.25840482
2025-01-23,237768.50286506,416094.88001385,990702.09527107,2714523.74104273,1307726.76575781,1921962.06482587,1723821.64577166,1624751.43624455,1763449.72958250,1129400.38860902,1228470.59813612,1466239.10100118,3348573.08201621
2025-01-24,178330.31448548,455733.02590734,990723.96936378,2714583.67605677,1307755.63956019,1922004.50056574,1723859.70669298,1624787.30975660,1763488.66546753,1129425.32507471,1228497.72201109,1466271.47465840,3348647.01644959
2025-01-25,99074.39691889,554816.62274578,990743.96918890,2714638.47557758,1287967.15994557,1922043.30022647,1723894.50638869,1624820.10946980,1763524.26515624,1129448.12487535,1228522.52179424,1466301.07439957,3348714.61585848
2025-01-26,79261.23002991,554828.61020936,990765.37537385,2734512.43603182,1307810.29549348,1922084.82822527,1723931.75315050,1605039.90810563,1763562.36816545,1129472.52792619,1228549.06546357,1466332.75555330,3348786.96876361
2025-01-27,158526.36004487,455763.28512901,1030421.34029168,2714763.91576846,1288026.67536460,1922132.11554410,1723974.16548800,1605079.39545435,1763605.75549922,1129500.31531973,1228579.29034777,1466368.83041508,3348869.35594796
2025-01-28,158530.06003679,435957.66510116,1050261.64774370,2714827.27812995,1288056.73779888,1922176.97794602,1724014.40290004,1605116.85787245,1763646.91790924,1129526.67776210,1208791.70778049,1466403.05534026,3348947.51827709
2025-01-29,138717.19312711,416151.57938131,1030470.57751563,2774343.86254209,1288088.22189454,1942040.70377946,1724056.54315116,1605156.09189935,1743873.28502646,1129554.28689214,1208821.25439334,1466438.89877225,3349029.37692581
2025-01-30,158537.55997940,336892.31495623,971042.55487383,2893310.46962407,1288117.67483263,1922267.91475024,1724095.96477599,1605192.79479143,1743913.15977341,1149397.30985066,1208848.89484293,1486289.62480688,3349105.95456485
2025-01-31,198175.85617797,297263.78426695,1010696.86650763,2873549.91458052,1288143.06515678,1922305.80492628,1743947.53436611,1506136.50695255,1843035.46245509,1149419.96583221,1208872.72268560,1486318.92133475,3349171.96940764
2025-02-01,99090.80305560,396363.21222238,990908.03055595,2893451.44922337,1248544.11850050,1942179.73988966,1743998.13377847,1506180.20644504,1843088.93683407,1149453.31544490,1208907.79727826,1486362.04583392,3349269.14327911
2025-02-02,99093.47489548,396373.89958191,951297.35899658,2893529.46694792,1248577.78368301,1962050.80293044,1744045.15816039,1506220.81841124,1843138.63305586,1149484.30878753,1208940.39372481,1486402.12343215,3349359.45146711
2025-02-03,257649.25025109,277468.42334733,951320.30861941,2873780.09895448,1248607.90506298,1962098.13652754,1744087.23246893,1506257.15531407,1823363.92485388,1149512.03958179,1208969.55887051,1486437.98221783,3349440.25326419
2025-02-04,257654.57209468,336932.90196997,951339.95850345,2854019.87551034,1268453.27800459,1902679.91700689,1744123.25725632,1506288.26763046,1803582.00466278,1169355.36566049,1208994.53059813,1486468.68516163,3349509.43723088
2025-02-05,237840.38956505,396400.64927508,911721.49333267,2854084.67478054,1248662.04521649,1922543.14898411,1744162.85681033,1506322.46724529,1803622.95420159,1149561.88289772,1209021.98028898,1486502.43478153,3349585.48637439
2025-02-06,158563.88467423,495512.13960697,852280.88012399,2893790.89530471,1268511.07739384,1922587.10167505,1744202.73141654,1506356.90440519,1803664.18816937,1149588.16388817,1189229.13505673,1506356.90440519,3349662.06374312
2025-02-07,158568.20960072,495525.65500225,852304.12660386,2913690.85141320,1248724.65060566,1902818.51520862,1744250.30560790,1506397.99120682,1823534.41040826,1149619.51960521,1189261.57200539,1506397.99120682,3349753.42781518
2025-02-08,79286.10477513,574824.25961967,852325.62633261,2913764.35048590,1248756.15020824,1902866.51460304,1744294.30505278,1506435.99072740,1803758.88363413,1149648.51923933,1189291.57162690,1506435.99072740,3369659.45294288
2025-02-09,99109.86531118,574837.21880483,773056.94942718,2933652.01321084,1288428.24904530,1902909.41397460,1744333.62947671,1506469.95272989,1803799.54866342,1149674.43760965,1189318.38373412,1486647.97966765,3369735.42058002
2025-02-10,178401.66687667,436092.96347630,872185.92695260,2894071.48488818,1328101.29785965,1902951.11335113,1744371.85390521,1486680.55730557,1803839.07619743,1149699.63098298,1189344.44584446,1486680.55730557,3369809.26322597
2025-02-11,158582.35942476,436101.48841808,892025.77176425,2854482.46964561,1347950.05511043,1902988.31309708,1764228.74860041,1486709.61960709,1784051.54352851,1189367.69568567,1189367.69568567,1486709.61960709,3369875.13777607
2025-02-12,158585.68436918,336994.57928452,971337.31676125,2834719.10809917,1387624.73823036,1903028.21243021,1764265.73860717,1486740.79096110,1784088.94915332,1189392.63276888,1189392.63276888,1486740.79096110,3369945.79284516
2025-02-13,158589.63430636,317179.26861272,971361.51012645,2854613.41751447,1407483.00446894,1903075.61167632,1764309.68165825,1486777.82162212,1784133.38594655,1189422.25729770,1189422.25729770,1486777.82162212,3370029.72901014
2025-02-14,158593.43424740,297362.68921388,971384.78476533,2854681.81645321,1427340.90822661,1883297.03168788,1784176.13528326,1486813.44606938,1764351.95600233,1189450.75685551,1169626.57757458,1506637.62535031,3370110.47775727
2025-02-15,99123.39637158,356844.22693768,951584.60516714,2874578.49477573,1427376.90775071,1883344.53105996,1784221.13468838,1486850.94557365,1764396.45541407,1189480.75645892,1169656.07718461,1506675.62484797,3370195.47663361
2025-02-16,79300.60456420,356852.72053891,931782.10362937,2894472.06659337,1427410.88215563,1903214.50954084,1784263.60269454,1486886.33557878,1764438.45155349,1189509.06846303,1169683.91732198,1506711.48671983,3370275.69397858
2025-02-17,118953.47556396,297383.68890991,951627.80451170,2874708.99279576,1447267.28602821,1903255.60902340,1784302.13345944,1486918.44454953,1764476.55419878,1189534.75563963,1169709.17637896,1506744.02381019,3370348.47431227
2025-02-18,138782.11723054,277564.23446109,951648.80386658,2815294.37810530,1486951.25604153,1903297.60773316,1764515.49050262,1506777.27278875,1764515.49050262,1209387.02158044,1169734.98808600,1506777.27278875,3370422.84702747
2025-02-19,178437.69437669,237916.92583558,951667.70334232,2636912.59467768,1705071.30182166,1903335.40668464,1764550.53328055,1506807.19695868,1744724.12279426,1209411.03966420,1169758.21869160,1506807.19695868,3370489.78267072
2025-02-20,158614.53382549,257748.61746643,912033.56949659,2557659.35793609,1764586.68880862,1903374.40590592,1784413.50553680,1506838.07134219,1744759.87208043,1209435.82041939,1169782.18696302,1506838.07134219,3370558.84379174
2025-02-21,178444.97861252,257753.85799587,892224.89306261,2557711.36011281,1804277.00597105,1903413.10520023,1784449.78612522,1506868.70828352,1744795.34643355,1209460.41059598,1189633.19075014,1506868.70828352,3370627.37379208
2025-02-22,118965.92526798,337070.12159260,852589.13108716,2577595.04747280,1804316.53323096,1903454.80428760,1764661.22480830,1506901.72006102,1744833.57059697,1209486.90689108,1189659.25267975,1506901.72006102,3370701.21592596
2025-02-23,79312.22930072,356905.03185323,832778.40765753,2518163.28029775,1824181.27391648,1943149.61786756,1764697.10194095,1506932.35671362,1725040.98729059,1209511.49683593,1189683.43951075,1506932.35671362,3370769.74528046
2025-02-24,158627.70851038,297426.95345697,832795.46967951,2478557.94547473,1863875.57499700,1943189.42925219,1764733.25717801,1506963.23084864,1705247.86648661,1229364.74095547,1189707.81382787,1506963.23084864,3370838.80584563
2025-02-25,237947.07521134,237947.07521134,812985.84030542,2458786.44385055,1863918.75582219,1963063.37049359,1764774.14115080,1506998.14300518,1705287.37234796,1229393.22192528,1189735.37605672,1506998.14300518,3370916.89882737
2025-02-26,257782.37609254,297441.20318370,773347.12827761,2458847.27965189,1863964.87328450,1943282.52746682,1784647.21910218,1507035.42946406,1705329.56491986,1229423.63982594,1189764.81273479,1507035.42946406,3371000.30274856
2025-02-27,198298.82281930,376767.76335667,773365.40899526,2439075.52067737,1864008.93450140,1903668.69906526,1804519.28765562,1507071.05342667,1705369.87624597,1229452.70147965,1169963.05463386,1507071.05342667,3371079.98792807
2025-02-28,218134.06757391,396607.39558893,773384.42139841,2419305.11309245,1864054.75926795,1883885.12904740,1804563.64992961,1507108.10323792,1705411.80103238,1229482.92632567,1169991.81698733,1507108.10323792,3371162.86250587
2025-03-01,118984.91866905,515601.31423256,753571.15157066,2439190.83271557,1864097.05914848,1864097.05914848,1824435.41959213,1507142.30314133,1705450.50092308,1229510.82624687,1170018.36691234,1507142.30314133,3371239.36228981
2025-03-02,138818.49466096,515611.55159784,694092.47330478,2439239.26332824,1883965.28468441,1864134.07116142,1804640.43059244,1527003.44127052,1705484.36297747,1229535.23842562,1170041.59785663,1507172.22774753,3371306.29890895
2025-03-03,218148.50488665,456128.69203571,694108.87918478,2419465.23601551,1884009.81493011,1864178.13266769,1804683.08588042,1527039.53420651,1705524.67456831,1229564.30027018,1170069.25348291,1507207.85194409,3371385.98461178
2025-03-04,178489.24659717,475971.32425912,733789.12489948,2379856.62129561,1903885.29703649,1864221.02001489,1804724.60448250,1527074.66533135,1665899.63490693,1269256.86469099,1170096.17213701,1507242.52682055,3371463.54683544
2025-03-05,138827.90077421,456148.81682956,753637.17563144,2280744.08414778,2042753.39710627,1864260.38182514,1824595.26731822,1527106.90851634,1665934.80929055,1269283.66422137,1170120.87795408,1507274.35126288,3371534.73308802
2025-03-06,198330.88498094,396661.76996189,753657.36292759,2122140.46929610,2221305.91178657,1824644.14182468,1824644.14182468,1527147.81435326,1665979.43383993,1269317.66387804,1170152.22138757,1507314.72585517,3371625.04467604
2025-03-07,178501.79014417,376837.11252658,733840.69281492,2181688.54620651,2221355.61068299,1804851.43367993,1844518.49815641,1527181.98234456,1646183.17577400,1289179.59548566,1170178.40205622,1527181.98234456,3371700.48050097
2025-03-08,79335.84144657,476015.04867943,733856.53338079,2201569.60014236,2221403.56050400,1804890.39290950,1864392.27399443,1527214.94784650,1646218.71001636,1289207.42350679,1170203.66133693,1527214.94784650,3371773.26147929
2025-03-09,79337.82892223,456192.51630282,733874.91753062,2062783.55197795,2360300.41043631,1804935.60798071,1864438.97967238,1527253.20675291,1646259.95013625,1289239.71998622,1170232.97660288,1527253.20675291,3371857.72919473
2025-03-10,198349.38476085,317359.01561737,773562.60056733,1963658.90913245,2459532.37103458,1785144.46284768,1864484.21675202,1527290.26265857,1646299.89351508,1289271.00094555,1170261.37008903,1527290.26265857,3371939.54093451
2025-03-11,218189.06698661,317365.91561689,773579.41931617,1904195.49370133,2519091.95520905,1745512.53589288,1864524.75424922,1507488.09918022,1646335.68726261,1289299.03219361,1170286.81383728,1527323.46890627,3372012.85342944
2025-03-12,198358.47845782,376881.10906986,753762.21813972,1864569.69750352,2558824.37210590,1705882.91473726,1884405.54534930,1507524.43627944,1626539.52335414,1289330.10997584,1170315.02290115,1527360.28412523,3372094.13378297
2025-03-13,178527.10246782,376890.54965429,773617.44402723,1844780.05883416,2598561.15814274,1686089.30108498,1884452.74827145,1527398.54333581,1626580.26692904,1289362.40671204,1170344.33840016,1527398.54333581,3372178.60216996
2025-03-14,138857.51925553,416572.55776658,773634.75013793,1844821.32725198,2598619.28892483,1686127.01953138,1904331.69264721,1507595.92334571,1626616.65413616,1289391.25022988,1170370.51943943,1527432.71181078,3372254.03906276
2025-03-15,79348.80385478,476092.82312870,773650.83758413,1844859.68962369,2618510.52720782,1686162.08191413,1904371.29251478,1507627.27324087,1606813.27805935,1289418.06264022,1170394.85685804,1527464.47420456,3372324.16382826
2025-03-16,79350.61635065,476103.69810388,753830.85533114,1785388.86788954,2697920.95592197,1686200.59745123,1904414.79241550,1527499.36474994,1606849.98110058,1309285.16978566,1170421.59117203,1527499.36474994,3372401.19490246
2025-03-17,138866.64109956,396761.83171303,793523.66342606,1686237.78478038,2777332.82199121,1666399.69319473,1904456.79222255,1527533.05209517,1606885.41843777,1309314.04465300,1170447.40355344,1527533.05209517,3372475.56956076
2025-03-18,138869.74733594,337255.10067299,872895.55468302,1666436.96803122,2777394.94671870,1666436.96803122,1924337.92736939,1527567.22069529,1606921.36203011,1309343.33202453,1170473.58468860,1527567.22069529,3372551.00672985
2025-03-19,138873.07232223,277746.14464445,912594.47526034,1626798.84720322,2817139.46710802,1666476.86786671,1924384.00217942,1527603.79554449,1606959.83687147,1309374.68189528,1170501.60957305,1527603.79554449,3372631.75639692
2025-03-20,119036.72447233,257912.90302338,952293.79577861,1587156.32629769,2837041.93325712,1646674.68853385,1924427.04563595,1527637.96406153,1606995.78037641,1309403.96919559,1170527.79064455,1527637.96406153,3372707.19338259
2025-03-21,119039.44321621,257918.79363513,972155.45293241,1567352.66901348,2856946.63718912,1646712.29782428,1924470.99866212,1527672.85460807,1607032.48341888,1309433.87537835,1170554.52495943,1527672.85460807,3372784.22445938
2025-03-22,59521.12782821,317446.01508380,952338.04525141,1587230.07541901,2857014.13575422,1626910.82730449,1944356.84238829,1527708.94759080,1587230.07541901,1309464.81222068,1170582.18062152,1527708.94759080,3372863.91026540
2025-03-23,59522.59031928,317453.81503619,952361.44510856,1488064.75798212,2956288.65252448,1547587.34830141,2023768.07085569,1527746.48486165,1587269.07518093,1329337.85046403,1170610.94294594,1527746.48486165,3372946.78475948
2025-03-24,138889.41281272,218254.79156285,952384.54500151,1468259.50687733,2956360.35844220,1567466.23031499,2043658.50281575,1527783.54093993,1587307.57500252,1329370.09406461,1170639.33656436,1527783.54093993,3373028.59688036
2025-03-25,218259.91342148,238101.72373253,892881.46399697,1448452.15270619,2956429.73634552,1547661.20426141,2063548.27234855,1527819.39395037,1587344.82488350,1329401.29083993,1170666.80835158,1527819.39395037,3373107.75287743
2025-03-26,138895.99716654,317476.56495210,912745.12423728,1448486.82759394,2956500.51111641,1527855.96883197,2063597.67218863,1527855.96883197,1567540.53945098,1349275.40104641,1170694.83326086,1527855.96883197,3373188.50261604
2025-03-27,158741.98246985,297641.21713096,853238.15577542,1488206.08565480,2956569.42350087,1527891.58127226,2083488.51991672,1527891.58127226,1567577.07688972,1349306.85099369,1170722.12071511,1527891.58127226,3373267.12748421
2025-03-28,158745.83245944,337334.89397630,813572.39135462,1508085.40836465,2956641.12955702,1508085.40836465,2083539.05103011,1527928.63742208,1547771.86647951,1369182.80496265,1170750.51438835,1527928.63742208,3373348.93976304
2025-03-29,99218.34840860,377029.72395267,793746.78726878,1527962.56549241,2956706.78257622,1508118.89581069,2083585.31658056,1527962.56549241,1547806.23517413,1369213.20803865,1170776.51122146,1527962.56549241,3373423.84589233
2025-03-30,99220.48903060,416726.05392852,714387.52102032,1508151.43326512,3016302.86653023,1508151.43326512,2083630.26964260,1527995.53107124,1547839.62887736,1369242.74862228,1170801.77056108,1527995.53107124,3373496.62704039
2025-03-31,218290.16334990,337357.52517711,714404.17096329,1389119.22131752,3115595.96781214,1508186.58314473,2083678.83197627,1528031.14344927,1547875.70375380,1369274.66101298,1170829.05796762,1528031.14344927,3373575.25177111
2025-04-01,158759.85742179,357209.67919903,754109.32275351,1369303.77026296,3115662.20190268,1488373.66332930,2103568.11083875,1528063.62768475,1547908.60986248,1369303.77026296,1170853.94848572,1528063.62768475,3373646.97021309
2025-04-02,178609.67706716,377064.87380844,734284.22794276,1389186.37718900,3115746.58883819,1468568.45588551,2083779.56578350,1528105.01490790,1547950.53458203,1369340.85751487,1170885.66077359,1528105.01490790,3373738.34460186
2025-04-03,178613.95198490,396919.89329977,734301.80260458,1369373.63188421,3115821.16240320,1468603.60520915,2083829.43982380,1528141.58920412,1547987.58386911,1369373.63188421,1170913.68523432,1528141.58920412,3373819.09304805
2025-04-04,158772.45729907,396931.14324768,774015.72933298,1369412.44420450,3115909.47449431,1468645.23001642,2083888.50205033,1528184.90150358,1548031.45866596,1369412.44420450,1170946.87258066,1528184.90150358,3373914.71760530
2025-04-05,79388.27863761,456482.60216625,754188.64705728,1409141.94581755,3096142.86686674,1488530.22445516,2083942.31423723,1528224.36377397,1528224.36377397,1369447.80649875,1170977.10990473,1528224.36377397,3374001.84209837
2025-04-06,99237.61391653,436645.50123272,754205.86576560,1389326.59483137,2977128.41749578,1607649.34544772,2083989.89224705,1528259.25431450,1528259.25431450,1369479.07204806,1171003.84421501,1528259.25431450,3374078.87316189
2025-04-07,218327.73498324,297719.63861351,793919.03630269,1349662.36171457,2957348.41022751,1667229.97623564,2084037.47029456,1528294.14488267,1528294.14488267,1369510.33762214,1151182.60263890,1528294.14488267,3374155.90428642
2025-04-08,158787.63225451,377120.62660446,793938.16127255,1329846.42013152,2937571.19670842,1706967.04673598,2084087.67334044,1528330.96044965,1528330.96044965,1369543.32819514,1151210.33384519,1528330.96044965,3374237.18540833
2025-04-09,198488.63406261,317581.81450018,793954.53625045,1329873.84821950,2897934.05731414,1746699.97975099,2084130.65765743,1528362.48228211,1488664.75546959,1409269.30184455,1151234.07756315,1548211.34568838,3374306.77906441
2025-04-10,178643.82064653,337438.32788789,793972.53620679,1310054.68474120,2917849.07055995,1766588.89306011,2084177.90754282,1528397.13219807,1488698.50538773,1409301.25176705,1151260.17749984,1548246.44560324,3374383.27887885
2025-04-11,198497.75903008,357295.96625414,774141.26021731,1310085.20959852,2917917.05774215,1766630.05536769,2084226.46981582,1528432.74453160,1488733.19272559,1409334.08911355,1151287.00237445,1548282.52043461,3374461.90351133
2025-04-12,79400.90360703,476405.42164216,734458.35836500,1349815.36131946,2917983.20755825,1766670.10525636,2084273.71968447,1528467.39443528,1488766.94263176,1409366.03902473,1151313.10230190,1548317.62033703,3374538.40329866
2025-04-13,79403.05359516,456567.55817218,714627.48235646,1369702.67451655,2898211.45622342,1786568.70589115,2084330.15687301,1528508.78170687,1468956.49151050,1409404.20131413,1151344.27712985,1548359.54510566,3374629.77779439
2025-04-14,138958.60315236,357322.12239179,754346.70282712,1349883.57348011,2898279.43717788,1786610.61195897,2084379.04728546,1528544.63467601,1468990.94761071,1429288.48956718,1151371.28326245,1548395.86369777,3374708.93370028
2025-04-15,218368.46920193,357330.22233043,774215.48171593,1330062.49422994,2818938.42060673,1786651.11165215,2084426.29692751,1528579.28441351,1469024.24735844,1429320.88932172,1151397.38306472,1548430.96343187,3394637.11213909
2025-04-16,138964.99062306,416894.97186919,794085.66070321,1349945.62319546,2819004.09549640,1786692.73658223,2084474.85934593,1528614.89685368,1469058.47230094,1429354.18926578,1151424.20801966,1548467.03837126,3394716.19950623
2025-04-17,297789.29460649,416905.01244909,813957.40525775,1330125.51590900,2660251.03181800,1766883.14799853,2084525.06224545,1528651.71231333,1469093.85339203,1429388.61411117,1151451.93914511,1548504.33195376,3394797.95851402
2025-04-18,119118.26784174,555885.24992811,853680.91953245,1350007.03553969,2640454.93715851,1786774.01762606,2104422.73187069,1528684.43730229,1469125.30338142,1429419.21410085,1131623.54449650,1548537.48194258,3394870.63348951
2025-04-19,79413.91604875,595604.37036564,853699.59752408,1350036.57282877,2620659.22960879,1806666.59010909,2124322.25430410,1528717.88393846,1469157.44690190,1429450.48887752,1131648.30369471,1548571.36295065,3394944.91108412
2025-04-20,59561.59015209,575762.03813687,853716.12551329,1330208.84673001,2640563.83007599,1806701.56794673,2124363.38209121,1489039.75380225,1508893.61718628,1429478.16365016,1131670.21288971,1548601.34395434,3395010.63866913
2025-04-21,138979.79992391,496356.42829967,873587.31380742,1310380.97071114,2640616.19855426,1826591.65614280,2104551.25599061,1489069.28489902,1508923.54203101,1429506.51350306,1131692.65652325,1548632.05629498,3395077.96956976
2025-04-22,218402.15652332,397094.83004241,953027.59210178,1250848.71463358,2660535.36128413,1826636.21819507,2104602.59922476,1469250.87115691,1508960.35416115,1469250.87115691,1131720.26562086,1548669.83716539,3395160.79686258
2025-04-23,357391.75950229,277971.36850178,933189.59425597,1211160.96275775,2680438.19626714,1826668.99301168,2104640.36151346,1449422.13575927,1489132.33125952,1469277.23350940,1131740.57175724,1548697.62450990,3395221.71527171
2025-04-24,178699.84535795,456677.38258142,893499.22678973,1231043.37913251,2680497.68036919,1826709.53032567,2104687.06754914,1449454.30123667,1469309.83960978,1489165.37798288,1131765.68726699,1548731.99310220,3395297.06180097
2025-04-25,258127.84881626,496399.70926203,873663.48830118,1211215.29059936,2680558.43001498,1787038.95334332,2104734.76727102,1449487.15104514,1469343.13941562,1489199.12778610,1131791.33711744,1548767.09289755,3395374.01135231
2025-04-26,99282.01997692,675117.73584306,853825.37180151,1231097.04771381,2680614.53937684,1787076.35958456,2104778.82351070,1449517.49166303,1449517.49166303,1509086.70364918,1131815.02773689,1548799.51163995,3395445.08321066
2025-04-27,79427.30347381,694988.90539584,814129.86060656,1250980.02971252,2700528.31810956,1787114.32816074,2084966.71618753,1449548.28839704,1449548.28839704,1509118.76600240,1131839.07450180,1548832.41773931,3395517.22350540
2025-04-28,158858.13194707,615575.26129491,814147.92622875,1231150.52258981,2680730.97660685,1787153.98440457,2085012.98180533,1449580.45401704,1429723.18752366,1509152.25349719,1131864.19012289,1548866.78648396,3395592.57036868
2025-04-29,158861.78193789,615589.40500931,853882.07791614,1231178.81001863,2680792.57020185,1787195.04680123,2085060.88793477,1449613.76018322,1429756.03744098,1509186.92840993,1131890.19630745,1548902.37389440,3395670.58892234
2025-04-30,158865.08192710,417020.84005862,1032623.03252612,1231204.38493498,2680848.25751972,1787232.17167981,2085104.20029312,1469502.00782563,1429785.73734385,1509218.27830740,1131913.70873055,1548934.54878917,3395741.12619165
2025-05-01,198585.57114848,397171.14229696,1032644.96997210,1231230.54112058,2680905.21050448,1787270.14033632,2085148.49705904,1469533.22649875,1429816.11226906,1509250.34072845,1131937.75554634,1548967.45495815,3395813.26663901
2025-05-02,158872.43191686,357462.97181293,1092247.96942838,1270979.45533484,2680972.28859693,1787314.85906462,2085200.66890873,1469569.99523091,1429851.88725170,1509288.10321013,1131966.07740759,1549006.21118934,3395898.23222278
2025-05-03,119157.39893327,417050.89626644,1052557.02391053,1290871.82177706,2681041.47599852,1787360.98399901,2085254.48133218,1469607.92017697,1410029.22071033,1529186.61964360,1131995.28986604,1549046.18613248,3395985.86959812
2025-05-04,79440.00345228,436920.01898755,1032720.04487966,1271040.05523650,2700960.11737757,1807260.07853940,2085300.09062239,1469640.06386721,1410060.06127800,1529220.06645642,1132020.04919501,1549080.06731949,3396060.14758503
2025-05-05,158884.38190034,377350.40701331,1052609.03008977,1251214.50746520,2701034.49230582,1807309.84411639,2085357.51244199,1469680.53257817,1410098.88936554,1509401.62805325,1132051.22103994,1568983.27126588,3376293.11538227
2025-05-06,158887.83189063,397219.57972658,1052631.88627543,1211519.71816606,2720954.12112705,1827210.06674225,2065541.81457820,1469712.44498833,1370407.55005669,1529295.38194732,1132075.80222074,1569017.33991998,3376366.42767590
2025-05-07,158891.60688206,397229.01720515,1052656.89559364,1231409.95333595,2721018.76785525,1827253.47914367,2085452.34032702,1469747.36365904,1370440.10935776,1509470.26537956,1132102.69903467,1569054.61796033,3396308.09710400
2025-05-08,178757.52958885,337653.11144561,1092407.12526522,1231440.75938988,2721086.83929700,1827299.19135273,2065642.56413787,1469784.13217502,1370474.39351455,1509508.02763921,1132131.02072941,1569093.87083550,3396393.06218823
2025-05-09,238348.62273795,317798.16365059,1072568.80232075,1231467.88414605,2721146.77625821,1827339.44099091,2065688.06372886,1469816.50688400,1370504.58074319,1509541.27734032,1132155.95800524,1569128.43302481,3396467.87401572
2025-05-10,119177.12386873,417119.93354056,1072594.11481858,1251359.80062168,2701348.14102458,1847245.41996534,2085599.66770280,1469851.19438102,1370536.92449041,1509576.90233726,1132182.67675295,1569165.46427163,3396548.03025885
2025-05-11,79453.27840967,456856.35085561,1013029.29972331,1291115.77415716,2661684.82672400,1887015.36222970,2085648.55825388,1450022.33097650,1350705.73296442,1529475.60938618,1132209.21733782,1569202.24859101,3396627.65201346
2025-05-12,178773.95454536,357547.90909072,1052779.95454490,1271281.45454478,2641881.77272588,1906922.18181717,2065832.36363527,1469919.18181740,1350736.54545383,1529510.49999919,1132235.04545395,1569238.04545372,3396705.13636184
2025-05-13,238370.14772325,377419.40056182,1052801.48577769,1251443.27554707,2582343.26700189,1946689.53973989,2046010.43462457,1469949.24429338,1350764.17043176,1529541.78122420,1132258.20168544,1569270.13917807,3396774.60505633
2025-05-14,198646.28976677,417157.20851022,973366.81985718,1330930.14143737,2582401.76696802,1946733.63971436,2046056.78459774,1489847.17325078,1330930.14143737,1529576.43120414,1092554.59371724,1589170.31813417,3396851.55501178
2025-05-15,158920.68181239,417166.78975751,1013119.34655396,1350825.79540528,2562595.99422472,1946778.35220173,2046103.77833447,1470016.30676457,1330960.71017873,1529611.56244421,1092579.68746015,1589206.81812386,3396929.57373975
2025-05-16,79462.04090115,516503.26585750,973410.00103913,1370720.20554490,2542785.30883692,1946820.00207827,2046147.55320471,1470047.75667134,1330989.18509432,1529644.28734721,1092603.06239086,1589240.81802307,3397002.24852432
2025-05-17,79463.82839875,516514.88459187,993297.85498436,1370751.03987841,2542842.50875996,1966729.75286903,2046193.58126778,1470080.82537685,1311153.16857935,1549544.65377560,1092627.64048279,1589276.56797497,3397078.66404650
2025-05-18,178798.17013682,397329.26697071,1013189.63077532,1350919.50770043,2503174.38191550,1986646.33485357,2046245.72489918,1470118.28779164,1271453.65430628,1589317.06788286,1092655.48416946,1589317.06788286,3397165.23259961
2025-05-19,198669.03973332,357604.27151997,1072812.81455992,1350949.47018656,2443629.18871981,2046291.10925317,2026424.20527984,1470150.89402655,1271481.85429323,1569485.41389321,1092679.71853325,1589352.31786654,3397240.57943973
2025-05-20,198673.66472915,377479.96298539,1072837.78953743,1350980.92015824,2384083.97674984,2105940.84612902,2026471.38023736,1470185.11899573,1271511.45426658,1569521.95136031,1092705.15601034,1589389.31783322,3397319.66686852
2025-05-21,218545.98120073,357620.69651028,1072862.08953084,1351011.52014994,2344402.34378961,2125856.36258888,2006649.46375212,1490086.23545950,1271540.25425877,1569557.50135067,1092729.90600363,1589425.31782346,3397396.61684765
2025-05-22,238419.42266772,377497.41922389,913941.12022626,1529857.96211788,2324589.37101028,2125906.51878718,2006696.80745332,1490121.39167326,1251701.96900554,1569594.53256250,1092755.68722705,1589462.81778481,3397476.77301502
2025-05-23,99343.84798505,516588.00952225,874225.86226843,1529895.25896974,2245170.96446209,2205433.42526807,2006745.72929797,1490157.71977572,1251732.48461161,1589501.56776077,1092782.32783553,1589501.56776077,3397559.60108865
2025-05-24,79476.84088735,536468.67598963,814637.61909536,1589536.81774705,2225351.54484587,2245220.75506771,2006790.23240565,1490190.76663786,1251760.24397580,1589536.81774705,1092806.56220110,1589536.81774705,3397634.94793432
2025-05-25,158957.45677168,457002.68821859,854396.33014779,1569704.88562036,2225404.39480355,2245274.07690001,1986968.20964603,1490226.15723452,1251789.97207700,1569704.88562036,1092832.51530531,1589574.56771682,3397715.63849471
2025-05-26,198701.60220837,457013.68507926,874287.04971684,1530002.33700447,2245328.10495462,2245328.10495462,1967145.86186290,1490262.01656280,1251820.09391275,1569742.65744615,1092858.81214605,1589612.81766699,3397797.39776318
2025-05-27,198706.00845692,457023.81945093,894177.03805616,1510165.66427263,2245377.89556325,2265248.49640894,1947318.88287786,1490295.06342693,1231977.25243293,1589648.06765540,1092883.04651308,1589648.06765540,3397872.74461341
2025-05-28,139097.79341676,457035.60694079,953813.44057208,1490333.50089388,2285178.03470394,2245435.80801344,1947369.10783466,1490333.50089388,1232009.02740560,1589689.06762013,1092911.23398884,1589689.06762013,3397960.38203804
2025-05-29,198716.10218766,377560.59415656,973708.90071954,1490370.76640746,2265363.56493934,2265363.56493934,1947417.80143908,1490370.76640746,1232039.83356350,1589728.81750129,1092938.56203214,1589728.81750129,3398045.34740901
2025-05-30,99360.47296755,476930.27024426,933988.44589502,1530151.28370034,2245546.68906674,2265418.78366025,1947465.27016408,1490407.09451332,1232069.86479768,1589767.56748088,1092965.20264310,1589767.56748088,3398128.17549038
2025-05-31,99362.98859157,457069.74752123,894266.89732414,1550062.62202850,2245603.54216949,2285348.73760612,1947514.57639478,1490444.82887356,1232101.05853547,1589807.81746513,1092992.87450728,1589807.81746513,3398214.20983171
2025-06-01,258349.17346051,397460.26686232,914158.61378334,1470602.98739060,2225777.49442901,2305269.54780147,1947555.30762538,1490476.00073371,1232126.82727320,1589841.06744929,1093015.73387139,1589841.06744929,3398285.28167286
2025-06-02,298101.43451641,457088.86625849,953924.59045251,1311646.31187219,2086710.04161485,2444431.76303454,1947596.03884053,1490507.17258204,1232152.59600115,1589874.31742084,1093038.59322683,1589874.31742084,3398356.35348705
2025-06-03,218612.66864394,576342.49006129,934072.31147864,1311676.01186363,1927766.25986018,2603478.14475962,1927766.25986018,1510414.80153993,1232180.49599310,1589910.31741046,1093063.34321969,1589910.31741046,3398433.30346485
2025-06-04,178868.45445425,635976.72694844,914216.54498839,1311701.99933116,1927804.45356247,2603529.72594519,1927804.45356247,1510444.72650255,1232204.90846261,1589941.81737111,1093084.99944264,1589941.81737111,3398500.63463075
2025-06-05,178872.22319171,616115.43543809,934110.49889001,1331604.32820491,1907970.38071152,2583709.89054684,1967594.45510875,1510476.55139662,1232230.87087619,1589975.31725960,1093108.03061597,1589975.31725960,3398572.24064239
2025-06-06,79500.44086294,695628.85755072,894379.95970807,1351507.49466998,1788759.91941614,2703014.98933995,1947760.80114202,1510508.37639586,1232256.83337557,1590008.81725880,1093131.06186542,1590008.81725880,3398643.84689067
2025-06-07,79502.22836141,695644.49816235,894400.06906588,1351537.88214400,1729173.46686071,2782577.99264941,1947804.59485459,1510542.33886682,1232284.53960188,1590044.56722824,1093155.63996941,1590044.56722824,3398720.26245036
2025-06-08,159008.28171831,496900.88036971,1013677.79595420,1331694.35939081,1689462.99325700,2842273.03571472,1947851.45104925,1510578.67632390,1232314.18331687,1590082.81718306,1093181.93681335,1590082.81718306,3398802.02172879
2025-06-09,198764.72713992,337900.03613786,1172711.89012553,1272094.25369549,1669623.70797533,2882088.54352884,1947894.32597121,1510611.92626339,1232341.30826750,1590117.81711936,1093205.99926956,1590117.81711936,3398876.83409263
2025-06-10,159016.00670939,337909.01425745,1192620.05032040,1252251.05283642,1669668.07044857,2902042.12244632,1947946.08218999,1510652.06373918,1232374.05199775,1590160.06709387,1093235.04612704,1590160.06709387,3398967.14341315
2025-06-11,119264.64878062,357793.94634185,1192646.48780615,1292033.69512333,1689582.52439205,2902106.45366164,1947989.26341672,1510685.55122113,1252278.81219646,1590195.31707487,1093259.28048897,1590195.31707487,3399042.49024754
2025-06-12,159023.23169691,318046.46339381,1172796.33376468,1311941.66149948,1649866.02885540,2922051.88243065,1928156.68432499,1510720.70112061,1252307.94961314,1590232.31696906,1093284.71791623,1590232.31696906,3399121.57752137
2025-06-13,79513.42834738,397567.14173692,1152944.71103706,1351728.28190551,1590268.56694766,2981753.56302687,1928200.63742404,1510755.13860028,1252336.49647128,1590268.56694766,1093309.63977652,1590268.56694766,3399199.06185063
2025-06-14,59636.48688388,417455.40818715,1113214.42183240,1371639.19832921,1530669.83001955,3041460.83107781,1928246.40924541,1490912.17209696,1252366.22456145,1590306.31690343,1093335.59287111,1590306.31690343,3399279.75238108
2025-06-15,198792.53960643,337947.31733093,1133117.47575664,1331910.01536307,1510823.30100885,3061405.10993899,1908408.38022171,1510823.30100885,1252392.99952050,1610219.57081207,1093358.96783535,1590340.31685142,3399352.42726992
2025-06-16,178917.39188921,318075.36335860,1172902.90238483,1312060.87385422,1510857.97595335,3061475.37232652,1908452.18015159,1490978.26574343,1252421.74322448,1610256.52700291,1093384.06154518,1590376.81679300,3399430.44589503
2025-06-17,159040.63167696,337961.34231353,1172924.65861756,1331965.29029452,1491005.92197147,3081412.23874105,1908487.58012349,1510886.00093109,1252444.97445604,1610286.39572919,1093404.34277908,1590406.31676957,3399493.50209496
2025-06-18,99402.58229255,357849.29625317,1153069.95459356,1351875.11917866,1491038.73438822,3101360.56752750,1908529.58001693,1510919.25084673,1252472.53688611,1610321.83313928,1093428.40521803,1610321.83313928,3399568.31440515
2025-06-19,159047.30666693,298213.70000050,1153092.97333527,1391663.93333567,1471187.58666914,3081541.56667185,1908567.68000321,1510949.41333587,1252497.54000211,1610353.98000271,1093450.23333517,1610353.98000271,3399636.18000572
2025-06-20,79525.54083111,377746.31894777,1093476.18642776,1431459.73495997,1451341.12016775,3121377.47762105,1908612.97994663,1510985.27579108,1252527.26808997,1610392.20182997,1093476.18642776,1610392.20182997,3399716.87052993
2025-06-21,139172.78082818,357872.86498675,1013973.11746246,1491136.93744480,1451373.28577960,3081683.00405258,1948418.93159454,1511018.76327739,1252555.02745363,1610427.89244038,1093500.42079285,1610427.89244038,3399792.21737414
2025-06-22,178939.44186634,298232.40311057,1033872.33078332,1451397.69513813,1471279.85534550,3081734.83214260,1928569.54011505,1491162.01555287,1232693.93285704,1630337.13700447,1093518.81140544,1610454.97679710,3399849.39546054
2025-06-23,218707.44040322,278354.92414956,1073654.70743401,1451422.10449412,1471304.59907624,3081786.66022725,1928601.97446480,1491187.09365835,1232714.66409090,1630364.55573313,1073654.70743401,1610482.06115101,3399906.57354103
2025-06-24,198828.60206810,298242.90310215,1073674.45116775,1431565.93489034,1471331.65530396,3061960.47184878,1928637.44006060,1491214.51551077,1232737.33282224,1630394.53695844,1073674.45116775,1610511.67675163,3399969.09536456
2025-06-25,178949.76373429,357899.52746858,1014048.66116098,1431598.10987433,1491248.03111909,3062029.29056453,1928680.78691402,1491248.03111909,1232765.03905845,1610547.87360862,1073698.58240574,1610547.87360862,3400045.51095152
2025-06-26,198837.97706103,377792.15641596,1014073.68301127,1431633.43483944,1491284.82795775,3022337.25132770,1968495.97290422,1471401.03025164,1252679.25548451,1610587.61419436,1073725.07612958,1610587.61419436,3400129.40774366
2025-06-27,99420.78540528,477219.76994535,994207.85405280,1451543.46691709,1471427.62399815,3062160.19048263,1988415.70810561,1471427.62399815,1252701.89610653,1610616.72356554,1073744.48237703,1610616.72356554,3400190.86086058
2025-06-28,99423.05102915,477230.64493993,994230.51029152,1451576.54502562,1471461.15523145,3062229.97169789,1988461.02058305,1471461.15523145,1252730.44296732,1610653.42667227,1073768.95111484,1610653.42667227,3400268.34519701
2025-06-29,79540.55332215,477243.31993290,954486.63986581,1471500.23645978,1372074.54480710,3161736.99455548,1988513.83305376,1471500.23645978,1232878.57649333,1630581.34310408,1073797.46984903,1610696.20477355,3400358.65452193
2025-06-30,218741.50601003,377826.23765369,974393.98131742,1451648.17624840,1372105.81042657,3161809.04141775,1968673.55409030,1471533.76770386,1232906.67023837,1610732.90789206,1073821.93859471,1610732.90789206,3400436.13888324
2025-07-01,159088.08164101,397720.20410253,1034072.53066658,1411906.72456399,1392020.71435886,3181761.63282025,1968715.01030753,1471564.75517937,1232932.63271785,1610766.82661525,1073844.55107684,1590880.81641013,3400507.74507665
2025-07-02,139205.41830816,397729.76659475,914778.46316792,1511373.11306005,1392054.18308162,3181838.13275800,1968762.34464401,1471600.13640057,1232962.27644372,1610805.55470874,1073870.36980582,1610805.55470874,3400589.50438511
2025-07-03,198869.60204637,357965.28368347,775591.44798085,1650617.69698489,1411974.17452924,3181913.63274196,1948922.10005445,1471635.05514316,1232991.53268751,1610843.77657562,1073895.85105041,1590956.81637098,3400670.19499297
2025-07-04,198874.57079622,377861.68451281,775610.82610525,1690433.85176785,1412009.45265314,3162105.67565986,1968858.25088255,1471671.82389201,1233022.33893655,1610884.02344936,1073922.68229957,1590996.56636974,3321205.33229683
2025-07-05,79551.79081817,497198.69261354,775629.96047712,1690475.55488604,1412044.28702246,3122407.78961304,2008682.71815871,1471708.13013608,1233052.75768158,1610923.76406787,1073949.17604525,1591035.81636333,3321287.26665846
2025-07-06,99442.23852177,497211.19260886,715984.11735676,1710406.50257447,1392191.33930480,3162263.18499234,2028621.66584414,1471745.13012222,1252972.20537432,1610964.26405270,1073976.17603513,1591075.81634835,3321370.76662717
2025-07-07,159111.35663335,377889.47200421,795556.78316675,1710447.08380852,1372335.45096265,3162338.21308784,2008780.87749605,1451891.12927932,1253001.93348764,1611002.48591267,1074001.65727512,1591113.56633351,3321449.56972119
2025-07-08,139225.54330274,397787.26657925,815463.89648746,1690595.88296180,1392255.43302737,3162408.76930502,2008825.69622520,1471812.88634322,1253029.88972463,1611038.42964595,1074025.61976397,1611038.42964595,3321523.67593672
2025-07-09,179008.88245832,377907.64074535,815484.90897680,1670749.56961100,1352511.55635176,3202270.00842109,2028767.33452764,1451960.93549528,1253062.17720825,1611079.94212489,1054163.41892123,1611079.94212489,3321609.26339330
2025-07-10,198904.10203527,338136.97345996,835397.22854813,1650904.04689273,1392328.71424688,3202356.04276783,2008931.43055622,1471890.35506099,1253095.84282219,1611123.22648568,1054191.74078693,1611123.22648568,3321698.50398899
2025-07-11,278472.30534791,258581.42639449,875198.67395056,1650942.95313402,1372470.64778611,3202431.51150093,2008978.77429561,1452034.16359980,1253125.37406558,1591270.31627375,1054216.58453136,1591270.31627375,3321776.78522146
2025-07-12,119348.06746975,417718.23614413,855327.81686655,1670872.94457652,1372502.77590214,3182615.13252671,2028917.14698578,1452068.15421531,1253154.70843239,1591307.56626335,1054241.26264947,1591307.56626335,3321854.54457475
2025-07-13,99458.86351090,457510.77215016,815562.68078942,1690800.67968538,1372532.31645049,3182683.63234896,2028960.81562246,1452099.40725921,1253181.68023740,1591341.81617448,1054263.95321559,1591341.81617448,3321926.04126422
2025-07-14,298383.38740439,377952.29071223,775796.80725142,1651054.74363763,1352671.35623324,3202648.35814046,2029007.03434986,1452132.48536803,1253210.22709844,1591378.06615675,1054287.96882885,1591378.06615675,3322001.71310222
2025-07-15,278498.33657555,417747.50486333,775816.79474618,1631204.54279965,1332813.46789728,3202730.87061883,2009166.57100933,1452169.89785823,1253242.51458998,1591419.06614600,1054315.13132173,1591419.06614600,3322087.30057978
2025-07-16,417756.10173425,517221.84024241,736046.46496035,1531772.37302559,1312947.74830765,3123224.18915607,2009207.91786473,1452199.78221906,1253268.30520275,1591451.81613048,1054336.82818644,1591451.81613048,3322155.66617238
2025-07-17,318297.16322062,716168.61724639,696275.04454510,1511911.52529793,1312975.79828505,3103397.34140102,2009250.84283015,1452230.80719407,1233401.50747989,1591485.81610309,1054359.35316829,1591485.81610309,3322226.64111519
2025-07-18,218834.24970907,795760.90803300,775866.88533217,1511945.72526269,1293111.47555362,3083573.51862785,2009296.29278331,1452263.65716022,1253323.43015197,1591521.81606599,1054383.20314372,1591521.81606599,3322301.79103775
2025-07-19,99472.33225339,895250.99028048,775884.19157642,1531873.91670216,1273245.85284335,3083642.29985500,2029235.57796909,1432401.58444877,1253351.38639268,1591557.31605419,1054406.72188590,1611451.78250487,3322375.89726312
2025-07-20,99474.66037744,895271.94339699,756007.41886857,1531909.76981262,1273275.65283127,3103609.40377622,2029283.07169983,1432435.10943518,1233485.78868029,1591594.56603909,1054431.40000089,1611489.49811457,3322453.65660659
2025-07-21,417803.41733265,596862.02476093,815711.43383994,1432468.85942623,1273305.65282331,3103682.52875683,2029330.88418716,1432468.85942623,1233514.85117258,1591632.06602914,1054456.24374431,1611527.46685451,3322531.93783583
2025-07-22,238750.43490024,756043.04385074,875418.26130086,1412606.73982639,1273335.65280125,3123651.52327807,2009482.82707698,1432502.60940141,1233543.91365121,1591669.56600157,1054481.08747604,1611565.43557659,3322610.21902827
2025-07-23,159170.45657984,756059.66875426,955022.73947907,1392741.49507364,1273363.65263875,3103823.90330696,2049319.62846550,1432534.10921860,1233571.03849379,1571808.25872596,1054504.27484147,1611600.87287092,3322683.28110425
2025-07-24,198967.66447266,636696.52631251,1034631.85525784,1392773.65130863,1293289.81907229,3103895.56577351,2049366.94406840,1432567.18420316,1233599.51973050,1571844.54933402,1054528.62170510,1611638.08222855,3322759.99669343
2025-07-25,238767.19736335,616815.25985531,1054555.12168811,1392808.65128618,1293322.31905145,3084076.29927654,2049418.44403538,1432603.18418007,1193835.98681672,1591781.31575563,1054555.12168811,1611678.58220258,3322843.49663988
2025-07-26,119386.46743066,716318.80458396,1034682.71773239,1432637.60916792,1273455.65259371,3104048.15319716,2049467.69089300,1432637.60916792,1193864.67430660,1611717.31031391,1054580.46230416,1591819.56574213,3322923.34348670
2025-07-27,99490.86348304,736232.38977447,994908.63483036,1452566.60685233,1293381.22527947,3104114.94067073,2049511.78775055,1432668.43415572,1134195.84370661,1651548.33381840,1054603.15292018,1591853.81572858,3322994.84033341
2025-07-28,159189.00657137,457668.39389268,1213816.17510667,1432701.05914230,1313309.30421377,3104185.62814165,2049558.45960635,1432701.05914230,1134221.67182099,1651585.94317793,1054627.16853530,1591890.06571367,3323070.51217728
2025-07-29,179090.78239081,397979.51642402,1293433.42837805,1432726.25912646,1293433.42837805,3084341.25228613,2049594.50958368,1432726.25912646,1134241.62180845,1651614.99315967,1054645.71852364,1591918.06569607,3323128.96214054
2025-07-30,179094.63551254,397988.07891675,1253662.44858776,1452656.48804614,1313360.66042527,3104307.01555065,2049638.60642126,1432757.08410030,1134266.02491274,1631751.12355867,1054668.40912939,1591952.31566700,3323200.45895486
2025-07-31,159199.08156615,397997.70391538,1273592.65252922,1432791.73409537,1333292.30811652,3104382.09053997,2049688.17516421,1432791.73409537,1134293.45615883,1631790.58605306,1054693.91537576,1591990.81566152,3323280.82769342
2025-08-01,179103.21363575,358206.42727149,1293523.20959151,1432825.70908598,1333323.92373278,3104455.70301961,2049736.77827577,1432825.70908598,1134320.35302640,1631829.27979236,1054718.92474384,1592028.56565108,3323359.63079664
2025-08-02,79603.24078201,437817.82430108,1273651.85251222,1472659.95446726,1293552.66270773,3144328.01088955,2049783.45013686,1432858.33407625,1134346.18114370,1631866.43603128,1054742.94036168,1592064.81564028,3323435.30264908
2025-08-03,79605.17828127,437828.48054700,1273682.85250036,1472695.79820355,1273682.85250036,3144404.54211027,2049833.34074277,1412991.91449259,1134373.79050814,1631906.15476609,1054768.61222686,1592103.56562545,3323516.19324314
2025-08-04,159214.63156189,378134.74995949,1273717.05249512,1432931.68405701,1273717.05249512,3164390.80229256,2049888.38135933,1413029.85511177,1134404.24987847,1631949.97350937,1054796.93409752,1592146.31561890,3323605.43385445
2025-08-05,159218.08156036,358240.68351081,1313549.17287298,1432962.73404325,1273744.65248289,3144557.11081712,2069835.06028469,1413060.47384820,1134428.83111757,1651887.59618874,1054819.79033739,1592180.81560361,3323677.45257253
2025-08-06,179124.39175206,358248.78350411,1313578.87284840,1432995.13401644,1273773.45245906,3144628.21075830,2069881.86024597,1432995.13401644,1134454.48109635,1651924.94615784,1054843.64031766,1592216.81557382,3323752.60251035
2025-08-07,159225.70655565,358257.83975021,1313612.07908409,1433031.35900083,1293708.86576464,3124804.49115458,2089837.39854287,1433031.35900083,1134483.15920899,1632063.49219539,1054870.30593116,1592257.06555647,3323836.62434914
2025-08-08,179132.77299893,338361.90455353,1333543.97676977,1452965.82543572,1293736.69388112,3124871.70675902,2089882.35165412,1413158.54254707,1134507.56232652,1632098.59843465,1054892.99654922,1592291.31554600,3323908.12120227
2025-08-09,79616.01577608,417984.08282441,1313664.26030529,1472896.29185744,1273856.25241725,3105024.61526704,2089920.41412204,1413184.28002538,1134528.22480911,1632128.32340960,1054912.20903303,1592320.31552156,3323968.65865125
2025-08-10,99522.12909396,417992.94219463,1253978.82658390,1512736.36222820,1293787.67822148,3105090.42773156,2109869.13679196,1413214.23313424,1134552.27167115,1632162.91714095,1054934.56839598,1592354.06550336,3324039.11173827
2025-08-11,159239.08154846,338383.04829048,1254007.76719412,1492866.38951681,1293817.53758123,3105162.09019496,2109917.83051709,1413246.84874258,1134578.45603277,1632200.58587171,1054958.91525854,1592390.81548460,3324115.82732409
2025-08-12,218958.44649761,338390.32640540,1254034.73903178,1453087.87221143,1293845.36566771,3105228.87760250,2109963.21170426,1413277.24557550,1134602.85912399,1632235.69207311,1054981.60585213,1592425.06543718,3324187.32410011
2025-08-13,179152.20735709,358304.41471419,1234159.65068220,1473029.26049166,1313782.85395202,3105304.92752296,2110014.88665022,1413311.85803930,1134630.64659493,1652181.46784876,1055007.44332511,1592464.06539639,3324268.73651497
2025-08-14,218969.37773725,338407.22013939,1194378.42402138,1492973.03002673,1313816.26642352,3105383.90245559,2110068.54910444,1413347.80175863,1134659.50282031,1652223.48656291,1055034.27455222,1592504.56536184,3324353.28019284
2025-08-15,179160.53234766,398134.51632813,1174496.82316799,1532817.88786331,1313843.90388284,3085542.50154303,2110112.93653910,1433284.25878128,1134683.37153518,1652258.24276175,1055056.46826955,1592538.06531253,3324423.21133991
2025-08-16,119443.20489604,497680.02040015,1094896.04488033,1612483.26609648,1313875.25385639,3085616.12648092,2110163.28649663,1433318.45875243,1134710.44651234,1612483.26609648,1055081.64324832,1592576.06528048,3324502.53627299
2025-08-17,79630.70326167,537507.24701630,1035199.14240177,1632429.41686432,1333814.27963305,3085689.75138988,2090305.96061895,1433352.65871014,1134737.52147886,1612521.74104891,1055106.81821719,1592614.06523349,3324581.86117490
2025-08-18,179173.41358705,437979.45543500,1035224.16739182,1592652.56521818,1373662.83750068,3085764.34511023,2090356.49184886,1433387.30869636,1134764.95271795,1612560.72228341,1055132.32445704,1592652.56521818,3324662.22989295
2025-08-19,159268.60651714,437988.66792214,1075063.09399072,1572777.48935679,1373691.73121036,3085829.25126965,2090400.46053750,1433417.45865429,1134788.82143464,1612594.64098607,1035245.94236143,1612594.64098607,3324732.16104536
2025-08-20,179181.14795303,418089.34522374,915814.75620438,1732084.43021262,1393631.15074579,3085897.54807996,2090446.72611868,1433449.18362424,1134813.93703586,1612630.33157727,1035268.85483973,1612630.33157727,3324805.74535067
2025-08-21,199094.82063619,378280.15920876,895926.69286284,1752034.42159844,1433482.70858055,3066060.23779728,2090495.61667996,1433482.70858055,1134840.47762627,1612668.04715311,1035293.06730817,1612668.04715311,3324883.50462432
2025-08-22,179189.44481944,378288.82795216,915857.16241049,1771984.50988116,1433515.55855554,3046220.56193053,2090543.52289350,1433515.55855554,1134866.48385647,1612705.00337499,1035316.79229011,1612705.00337499,3344869.63662960
2025-08-23,139372.89318869,438029.09287873,895968.59907013,1791937.19814026,1433549.75851221,3026382.82352578,2090593.39783031,1433549.75851221,1134893.55882217,1612743.47832624,1015431.07894615,1612743.47832624,3344949.43652849
2025-08-24,119465.50087461,438040.16987355,856169.42293467,1831804.34674394,1413675.09368282,3046370.27230242,2090646.26530558,1433586.01049526,1134922.25830874,1612784.26180716,1015456.75743414,1612784.26180716,3345034.02448893
2025-08-25,159290.85949827,398227.14874567,896011.08467776,1792022.16935552,1433617.73548442,3066349.04534167,2090692.53091478,1433617.73548442,1115036.01648788,1612819.95241997,1015479.22930146,1632731.30985725,3345108.04946364
2025-08-26,159294.60949157,398236.52372891,915944.00457650,1772152.53059367,1433651.48542409,3066421.23271264,2090741.74957680,1433651.48542409,1115062.26644096,1612857.92110210,1015503.13550873,1632769.74728855,3345186.79932288
2025-08-27,159298.35948565,378333.60377841,955790.15691388,1752281.95434211,1433685.23537082,3066493.42009870,2090790.96824911,1433685.23537082,1115088.51639953,1612895.88979217,995614.74678529,1632808.18472788,3345265.54919858
2025-08-28,159302.33448321,358430.25258723,935901.21508888,1772238.47112575,1433721.01034892,3046657.14699145,2110755.93190257,1433721.01034892,1115116.34138249,1612936.13664253,995639.59052008,1632848.92845294,3345349.02414748
2025-08-29,318612.91896102,338526.22639608,876185.52714280,1812110.97659080,1393931.52045446,3006909.42269462,2090897.28068169,1413844.82788952,1115145.21636357,1593064.59480510,995665.37175319,1632891.20967522,3345435.64909070
2025-08-30,159310.40947882,497845.02962130,876207.25213350,1832069.70900640,1393966.08293965,3006983.97891268,2090949.12440948,1413879.88412450,1115172.86635172,1593104.09478817,995690.05924261,1632931.69715788,3345518.59905516
2025-08-31,119485.28210357,517769.55578214,836396.97472499,1852021.87260534,1413909.17155892,3007046.26627319,2090992.43681248,1413909.17155892,1115195.96629999,1573222.88103034,995710.68419642,1632965.52208213,3345587.89889997
2025-09-01,139403.01766011,497867.92021467,876247.53957782,1692750.92872988,1533433.19426119,3027036.95490520,2091045.26490162,1413944.89340967,1115224.14128086,1573262.62787836,995735.84042934,1633006.77830412,3345672.42384259
2025-09-02,179237.03563898,497880.65455272,856354.72583068,1672878.99929715,1533472.41602238,3027114.37968055,2091098.74912143,1413981.05892973,1115252.66619810,1573302.86838660,995761.30910544,1633048.54693293,3345757.99859429
2025-09-03,179240.88875523,517807.01195956,856373.13516388,1672914.96171549,1533505.38157253,3007263.80022665,2091143.70214436,1414011.45573571,1115276.64114366,1573336.69018480,995782.71530684,1633083.65310322,3345829.92343098
2025-09-04,159328.73444433,497902.29513855,876308.03944384,1672951.71166551,1533539.06902672,3007329.86263681,2091189.63958189,1414042.51819347,1115301.14111034,1573371.25263780,995804.59027709,1633119.52805443,3345903.42333102
2025-09-05,179248.84811991,398330.77359981,975910.39531953,1712822.32647917,1533573.47835925,2987480.80199854,2091236.56139898,1414074.24627931,1115326.16607946,1573406.55571923,995826.93399952,1633156.17175920,3345978.49823837
2025-09-06,79667.90471819,458090.45212959,995848.80897737,1732776.92762062,1513690.18964560,2987546.42693211,2091282.49885248,1414105.30874787,1115350.66605466,1573441.11818425,995848.80897737,1633192.04672289,3346051.99816397
2025-09-07,79669.82971660,438184.06344131,995872.87145751,1752736.25376522,1493809.30718627,2987618.61437254,2091333.03006078,1414139.47746967,1115377.61603242,1573479.13690287,995872.87145751,1633231.50919032,3346132.84809725
2025-09-08,139425.70200256,378441.19114981,1035733.78630474,1732862.29631755,1493846.80717030,3007611.57176954,2071467.57260948,1434092.93488349,1115405.61602049,1573518.63688605,995897.87144687,1633272.50917286,3346216.84806147
2025-09-09,179266.31372845,318695.66885058,1055679.40306754,1712989.22007185,1493885.94773708,3027608.85408049,2091440.32683192,1434130.50982760,1115434.84097702,1573559.86494973,995923.96515806,1633315.30285921,3346304.52293106
2025-09-10,159352.08441100,318704.16882200,1075626.56977424,1713034.90741823,1474006.78080173,3027689.60380897,2071577.09734298,1434168.75969898,1115464.59087699,1573601.83355861,995950.52756874,1633358.86521273,3346393.77263096
2025-09-11,159355.83440974,338631.14812070,1075651.88226574,1713075.21990470,1493960.94759131,3007841.37448383,2071625.84732661,1434202.50968765,1115490.84086818,1573638.86479618,995973.96506087,1633397.30269983,3346472.52260453
2025-09-12,159358.83440863,298797.81451619,1095591.98655935,1733027.32419388,1493989.07258093,2987978.14516186,2091584.70161330,1434229.50967769,1115511.84086043,1573668.48978524,995992.71505395,1633428.05268848,3346535.52258128
2025-09-13,99601.47462821,358565.30866154,1035855.33613335,1772906.24838207,1494022.11942310,2988044.23884619,2091630.96719233,1434261.23464617,1115536.51583591,1573703.29912566,996014.74628206,1633464.18390258,3346609.54750773
2025-09-14,99603.86524817,358573.91489340,1035880.19858092,1772948.80141735,1494057.97872248,2988115.95744497,2091681.17021148,1434295.65957358,1115563.29077945,1573741.07092102,996038.65248166,1633503.39006992,3346689.87233836
2025-09-15,159370.25939237,338661.80120880,996064.12120234,1772994.13574016,1514017.46422755,3008113.64603106,2071813.37210086,1434332.33453137,1095670.53332257,1573781.31149969,996064.12120234,1633545.15877183,3346775.44723985
2025-09-16,159374.25938881,318748.51877762,1035932.68602726,1753116.85327690,1533977.24661728,2988267.36354016,2071865.37205451,1434368.33449928,1095698.03329806,1573820.81146449,996089.12118006,1633586.15873529,3346859.44716498
2025-09-17,179299.64181202,318754.91877692,1016031.30360143,1773074.23569661,1534008.04661392,2988327.36353361,2071906.97204997,1434397.13449613,1095720.03329566,1553930.22903748,996109.12117787,1633618.95873171,3346926.64715764
2025-09-18,159381.40938503,338685.49494319,1016056.48482956,1773118.17940845,1534046.06533091,2968478.74979617,2091880.99817851,1434432.68446526,1095747.18952208,1553968.74150404,996133.80865643,1633659.44619655,3347009.59708562
2025-09-19,159385.60937602,338694.41992405,1036006.46094414,1793088.10548025,1534086.49024421,2968556.97462842,2091936.12306029,1434470.48438420,1095776.06446015,1554009.69141622,996160.05860014,1633702.49610423,3347097.79689647
2025-09-20,119542.07578108,398473.58593694,976260.28554550,1813054.81601308,1534123.30585722,2948704.53593336,2091986.32616894,1434504.90937299,1095802.36132659,1554046.98515407,996183.96484235,1633741.70234146,3347178.12187030
2025-09-21,79696.74218633,438332.08202484,936436.72068943,1852949.25583227,1514238.10154035,2968703.64644095,2092039.48239128,1434541.35935402,1095830.20506210,1554086.47263352,996209.27732918,1633783.21481985,3347263.17182604
2025-09-22,199246.54295973,358643.77732752,956383.40620672,1793218.88663760,1514273.72649397,2968773.49010002,2092088.70107719,1434575.10931008,1095855.98627853,1554123.03508592,996232.71479866,1633821.65226981,3347341.92172351
2025-09-23,179325.93865868,378576.98161277,956405.00617963,1773334.28229139,1534233.03074649,2968840.54001593,2092135.95101794,1434607.50926944,1095880.73624749,1534233.03074649,996255.21477045,1633858.55222353,3347417.52162870
2025-09-24,159404.65935930,378586.06597833,996279.12099562,1773376.83537220,1534269.84633325,2968911.78056694,2092186.15409079,1434641.93423369,1095907.03309518,1534269.84633325,996279.12099562,1633897.75843281,3347497.84654527
2025-09-25,219186.25348622,358668.41479564,976375.12916591,1753490.02788979,1554229.79744777,2949051.41054193,2112158.44268543,1434673.65918256,1076005.24438692,1534303.77440357,996301.15221011,1633933.88962458,3347571.87142597
2025-09-26,259043.66207111,398528.71087863,916616.03502084,1773452.76340988,1534335.53688270,2929186.02495789,2092275.73211278,1454629.79470698,1076027.51937229,1534335.53688270,996321.77719656,1633967.71460236,3347641.17138045
2025-09-27,259049.95894131,398538.39837125,916638.31625388,1773495.87275208,1534372.83372932,2929257.22802871,2092326.59144908,1454665.15405507,1076053.67560238,1534372.83372932,996345.99592813,1634007.43332214,3347722.54631853
2025-09-28,79709.74217289,557968.19521026,817024.85727216,1873178.94106301,1554339.97237143,2929333.02485385,2092380.73203847,1454702.79465531,1076081.51933407,1534412.53682821,996371.77716117,1634049.71454433,3347809.17126155
2025-09-29,159422.98434154,438413.20693924,836970.66779310,1873220.06601312,1534446.22428734,2949325.21031853,2092426.66948274,1454734.73211657,1076105.14430541,1534446.22428734,996393.65213464,1634085.58950080,3347882.67117238
2025-09-30,239140.51400809,378639.14717948,856920.17519566,1853338.98356270,1514556.58871791,2969328.04893379,2092479.49757079,1454771.46021588,1076132.31303641,1534484.96488525,996418.80836704,1634126.84572195,3347967.19611326
2025-10-01,239146.17650528,438434.65692635,856940.46581058,1853382.86791591,1514592.45120010,2929540.66218967,2092529.04442119,1454805.90707378,1076157.79427376,1534521.29924221,996442.40210533,1634165.53945274,3348046.47107391
2025-10-02,239151.27650025,438444.00691713,856958.74079256,1853422.39287694,1514624.75116825,2929603.13712807,2092573.66937719,1454836.93204319,1076180.74425113,1534554.02420994,996463.65208438,1634200.38941838,3348117.87100351
2025-10-03,259085.34329184,398592.83583360,876904.23883391,1873386.32841791,1514652.77616767,2889798.05979358,2092612.38812638,1454863.85079263,1076200.65675071,1534582.41795935,996482.08958399,1634230.62691775,3348179.82100222
2025-10-04,259090.78704038,398601.21083135,876922.66382898,1873425.69090736,1514684.60115915,2889858.77852732,2092656.35686461,1454894.41953444,1076223.26924466,1534614.66170071,996503.02707839,1634264.96440855,3348250.17098337
2025-10-05,119583.15699864,577985.25882677,817151.57282406,1933261.03814473,1494789.46248304,2909856.82030031,2092705.24747625,1454928.41015016,1076248.41298779,1534650.51481592,996526.30832203,1634303.14564812,3348328.39596200
2025-10-06,179378.19487129,518203.67407260,817167.33219141,1913367.41196037,1494818.29059404,2909912.93902306,2092745.60683165,1454956.46951153,1056338.25868645,1534680.11167655,996545.52706269,1634334.66438282,3348392.97093065
2025-10-07,179382.07611989,518214.88656856,817185.01343504,1913408.81194545,1494850.63433238,2909975.90150037,2092790.88806534,1454987.95075019,1056361.11492822,1534713.31791458,996567.08955492,1634370.02687007,3348465.42090454
2025-10-08,199318.04290861,478363.30298067,916862.99737961,1853657.79905008,1494885.32181458,2790452.60072055,2212430.27628558,1435089.90894200,1036453.82312478,1534748.93039630,996590.21454306,1634407.95185061,3348543.12086467
2025-10-09,219253.97219853,458440.12368782,956744.60595720,1833760.49475130,1534777.80538967,2710776.38354539,2272268.43914835,1435116.90893580,1036473.32312030,1534777.80538967,996608.96453875,1634438.70184355,3348606.12085019
2025-10-10,179393.32611441,418584.42760030,1036494.77310550,1833798.44472512,1534809.56786776,2690899.89171621,2292248.05590640,1435146.60891531,1016562.18131501,1534809.56786776,996629.58952452,1634472.52682022,3348675.42080239
2025-10-11,159464.40932285,438527.12563784,1036518.66059854,1853773.75837815,1534844.93973245,2651095.80499241,2332166.98634671,1435179.68390567,1016585.60943318,1534844.93973245,996652.55826782,1634510.19555923,3348752.59577989
2025-10-12,99667.52145174,498337.60725871,1016608.71880777,1853815.89900240,1554813.33464717,2651156.07061633,2332220.00197076,1435212.30890508,1016608.71880777,1534879.83035682,996675.21451742,1634547.35180857,3348828.72077853
2025-10-13,99669.89645121,498349.48225603,1016632.94380231,1853860.07399244,1554850.38463882,2651219.24560209,2332275.57695823,1435246.50889737,1016632.94380231,1534916.40534858,996698.96451207,1634586.30179979,3348908.52076054
2025-10-14,418624.65571651,338886.62605622,1076463.40041389,1614695.10062083,1594760.59320576,2631354.97878951,2292468.35273328,1435284.53388518,1016659.87816867,1534957.07096054,996725.37075360,1634629.60803590,3348997.24573210
2025-10-15,418634.10571531,338894.27605525,1076487.70041080,1614731.55061619,1594796.59320118,2631414.37878195,2292520.10272670,1435316.93388106,1016682.82816575,1534991.72095614,996747.87075074,1634666.50803121,3349072.84572248
2025-10-16,219289.79093959,598063.06619887,1076513.51915797,1554963.97211706,1694512.02089680,2591606.62019511,2292575.08709567,1415415.92333733,1016707.21253808,1515093.10103714,996771.77699812,1634705.71427691,3349153.17071368
2025-10-17,219295.25656402,598077.97244731,1076540.35040517,1555002.72836302,1694554.25526739,2591671.21393836,2292632.22771471,1415451.20145864,1016732.55316043,1515130.86353320,996796.62074552,1634746.45802266,3349236.64570496
2025-10-18,99682.24019888,717712.12943194,1056631.74610813,1614852.29122186,1694598.08338097,2571801.79713112,2292691.52457425,1395551.36278433,1016758.85002858,1515170.05102298,996822.40198881,1634788.73926164,3349323.27068238
2025-10-19,119621.29448832,697790.88451517,1036717.88556540,1575013.71076281,1714571.88766585,2591794.71391349,2292741.47769270,1395581.76903034,1016781.00315068,1515203.06351865,996844.12073596,1634824.35800697,3349396.24567282
2025-10-20,119624.08823790,677869.83334808,1036742.09806177,1555113.14709266,1734549.27944951,2571917.89711479,2332669.72063899,1395614.36277547,1016804.75002212,1515238.45101336,996867.40198248,1634862.53925126,3369411.81870077
2025-10-21,199378.16789576,398756.33579152,1256082.45774328,1535211.89279734,1754527.87748268,2552040.54906572,2352662.38116996,1415584.99205989,996890.83947880,1535211.89279734,996890.83947880,1634900.97674522,3369491.03743833
2025-10-22,219321.24406003,358889.30846186,1256112.57961651,1575125.29824928,1734631.65756566,2552101.74906212,2352718.79991664,1395680.64401835,996914.74572739,1535248.70842018,996914.74572739,1634940.18299292,3369571.84055858
2025-10-23,179448.64798077,398774.77329059,1256140.53586535,1555221.61583329,1774547.74114312,2552158.54905976,2352771.16241447,1395711.70651706,957059.45589741,1575160.35449782,996936.93322647,1634976.57049141,3349708.09564094
2025-10-24,199392.98039479,398785.96078959,1256175.77648719,1575204.54511886,1774597.52551365,2532290.85101387,2352837.16865855,1395750.86276355,957086.30589500,1555265.24707938,996964.90197396,1635022.43923730,3349802.07063252
2025-10-25,99698.99019716,498494.95098579,1216327.68040533,1615123.64119397,1754702.22746999,2532354.35100782,2352896.16865294,1395785.86276022,957110.30589272,1555304.24707567,996989.90197158,1635063.43923340,3349886.07062452
2025-10-26,99701.28707209,498506.43536043,1176475.18745062,1655041.36539664,1754742.65246872,2552352.94904541,2352950.37490124,1395818.01900921,957132.35589203,1555340.07832455,997012.87072087,1635101.10798222,3349963.24562210
2025-10-27,159525.73431425,438695.76936420,1176502.29056762,1635138.77672110,1774723.79424607,2552411.74902806,2353004.58113524,1395850.17524972,957154.40588552,1555375.90956397,997035.83946408,1635138.77672110,3350040.42059932
2025-10-28,159529.48431381,438706.08186298,1176529.94681437,1635177.21421658,1774765.51299116,2552471.74902100,2353059.89362873,1395882.98774586,957176.90588288,1555412.47205967,997059.27696133,1635177.21421658,3350119.17059006
2025-10-29,199415.76164217,418773.09944856,1236377.72218145,1615267.66930157,1774800.27861531,2532580.17285555,2353105.98737760,1395910.33149519,957195.65588241,1555442.94080892,997078.80821085,1635209.24546579,3350184.79558844
2025-10-30,219362.73468015,378899.26899298,1296234.34129178,1595365.34312835,1774843.94423029,2512700.41542715,2333221.81432521,1376002.60844820,937277.13908791,1535539.14276104,997103.33945522,1635249.47670656,3350267.22056953
2025-10-31,219367.61593009,378907.70024288,1296263.18504143,1595400.84312792,1774883.43797981,2512756.32792647,2333273.73307458,1376033.22719783,937297.99533765,1535573.31151062,997125.52695495,1635285.86420611,3350341.77056862
2025-11-01,99714.67769549,498573.38847743,1256404.93896313,1655263.64974507,1754978.32744056,2492866.94238716,2333323.45807438,1376062.55219771,937317.97033757,1535606.03651049,997146.77695486,1635320.71420598,3350413.17056834
2025-11-02,79773.74215639,518529.32401652,1236493.00342401,1655305.14974504,1774965.76297962,2512872.87792621,2333381.95807434,1376097.05219768,937341.47033755,1475814.22989317,1076945.51911123,1635361.71420594,3350497.17056828
2025-11-03,79775.49215622,518540.69901540,1236520.12842135,1655341.46224148,1775004.70047581,2512928.00292080,2333433.14556932,1376127.23969473,937362.03283554,1475846.60489000,1076969.14410892,1635397.58920243,3350570.67056107
2025-11-04,279219.91004643,418829.86506965,1176712.47805282,1615486.62241150,1794985.13601278,2493034.91112885,2333480.67681661,1276433.87449797,1017158.24374057,1475876.66738828,1076991.08160767,1635430.90170053,3350638.92055718
2025-11-05,239336.63896701,478673.27793402,1196683.19483505,1615522.31302731,1795024.79225257,2453200.54941185,2333532.22992834,1276462.07449072,1037125.43552371,1475909.27362989,1077014.87535154,1635467.03294123,3350712.94553813
2025-11-06,219396.69717753,478683.70293279,1216654.41162084,1635502.65168704,1815009.04028683,2413363.66895282,2353528.20608622,1256544.72019858,1037148.02302105,1475941.41737611,1077038.33159878,1635502.65168704,3350785.92052954
2025-11-07,299183.92370767,478694.27793228,1196735.69483069,1655484.37784912,1815049.13715988,2393471.38966138,2353580.19983369,1256572.47957222,997279.74569224,1456028.42871067,1077062.12534762,1635538.78293528,3350859.94552593
2025-11-08,299189.64245737,478703.42793179,1196758.56982948,1655516.02159745,1815083.83090804,2393517.13965896,2353625.18733131,1256596.49832095,997298.80819123,1456056.25995920,1077082.71284653,1635570.04543362,3350923.99552254
2025-11-09,79785.67965501,678178.27706763,1156892.35499771,1715392.11258282,1795177.79223783,2393570.38965044,2353677.54982293,1256624.45456648,1017267.41560144,1456088.65370402,1077106.67534270,1635606.43292780,3350998.54551062
2025-11-10,179521.63234873,578458.59312367,1156917.18624734,1715428.93133227,1795216.32348726,2393621.76464968,2353728.06857218,1236704.57840233,1017289.24997611,1456119.90682855,1077129.79409235,1615694.69113853,3351070.47050955
2025-11-11,159578.60930979,518630.48025681,1256681.54831458,1695522.72391650,1815206.68089884,2373731.81348310,2353784.48731938,1236734.22215086,1017313.63434990,1456154.80995182,1077155.61284107,1615733.41926161,3351150.79550555
2025-11-12,219425.40029916,418903.03693476,1316552.40179497,1655664.38407549,1835194.25704753,2333888.34863653,2373783.87596365,1216813.58347717,1037283.71050513,1456186.74743989,1077179.23783225,1635716.62041193,3351224.29547810
2025-11-13,219430.65967395,418913.07755936,1316583.95804371,1655704.06844891,1835238.24454577,2333944.28925930,2373840.77283638,1216842.74910100,1037308.57300413,1456221.65056350,1077205.05658122,1635755.82666036,3351304.62047489
2025-11-14,319178.91861561,359076.28344256,1097177.53274116,1935022.19410713,1795381.41721280,2254201.11272274,2413790.57203055,1216869.62722201,1037331.48550073,1456253.81618372,1077228.85032768,1635791.95790500,3351378.64546390
2025-11-15,119694.88823038,538626.99703670,1057304.84603501,1974965.65580124,1795423.32345567,2274202.87637719,2413846.91264596,1196948.88230378,1057304.84603501,1456287.80680294,1077253.99407340,1635830.13914850,3351456.87045059
2025-11-16,119697.75697903,558589.53256880,1017430.93432173,1994962.61631713,1775516.72852224,2274257.38260152,2413904.76574372,1196977.56979028,1057330.18664808,1456322.70991150,1077279.81281125,1635869.34538004,3371486.82157594
2025-11-17,119700.04447847,558600.20756621,1017450.37806703,1995000.74130789,1775550.65976403,2274300.84509100,2413950.89698255,1197000.44478474,1057350.39289318,1456350.54115476,1077300.40030626,1635900.60787247,3371551.25281034
2025-11-18,319206.96860317,518711.32398015,1017472.21242261,1935192.24715672,1755638.32731744,2254399.21575989,2374101.82898608,1117224.39011110,1137174.82564880,1456381.79425197,1077323.51903570,1635935.71409125,3371623.60587099
2025-11-19,239410.36394980,598525.90987449,1057395.77411160,1895332.04793588,1755676.00229850,2254447.59386058,2374152.77583548,1117248.36509905,1137199.22876153,1456413.04736126,1077346.63777408,1635970.82032361,3371695.95895963
2025-11-20,239415.16394917,598537.90987292,1057416.97410883,1895370.04793091,1755711.20229390,2254492.79385467,2374200.37582925,1117270.76509612,1137222.02875855,1456442.24735744,1077368.23777126,1636003.62031932,3371763.55895079
2025-11-21,239420.71394828,598551.78487071,1037489.76044256,1915365.71158627,1775703.62844977,2234593.33018398,2394207.13948284,1097344.93892963,1137248.39125435,1436524.28368970,1077393.21276728,1636041.54531327,3371841.72143833
2025-11-22,239426.26394765,598565.65986913,1037513.81043982,1915410.11158120,1775744.79094507,2234645.13017807,2394262.63947650,1097370.37642673,1137274.75375134,1436557.58368590,1077418.18776443,1636079.47030894,3371919.88392941
2025-11-23,279336.67876694,1336825.53409891,1037536.23542005,1935404.13145663,1676020.07260162,1995261.99119240,2154882.95048779,1077441.47524390,1137299.33497967,1237062.43453929,1077441.47524390,1636114.83277777,3371992.76511516
2025-11-24,199530.73036839,1356808.96650503,1097419.01702612,1915495.01153651,1676058.13509444,1995307.30368386,2174884.96101541,1077465.94398929,1137325.16309980,1237090.52828399,1077465.94398929,1636151.98902077,3372069.34322573
2025-11-25,199534.35536318,1277019.87432433,1197206.13217905,1915529.81148649,1676088.58505068,1995343.55363176,2174924.47345862,1077485.51896115,1137345.82557010,1237113.00325169,1077485.51896115,1636181.71397804,3372130.60563767
2025-11-26,219493.46277425,1257098.92316163,1237144.97200033,1895625.36032309,1696085.84871013,1995395.11612957,2155026.72541993,1077513.36270997,1137375.21619385,1237144.97200033,1077513.36270997,1636223.99522624,3372217.74625897
2025-11-27,179589.61045153,1277081.67432199,1217218.47083815,1855759.30799914,1775941.70335402,1995440.11612811,2155075.32541836,1057583.26154790,1137400.86619302,1237172.87199943,1077537.66270918,1636260.89522505,3372293.79625651
2025-11-28,179593.68857581,1277110.67431688,1217246.11145827,1855801.44861671,1775982.03147191,1995485.42862012,2155124.26290973,1057607.27716866,1137426.69431347,1237200.96574447,1077562.13145487,1636298.05146850,3372370.37436800
2025-11-29,99776.44330593,658524.52581917,1835886.55682920,1915707.71147395,1776020.69084564,1995528.86611870,2175126.46406938,1057630.29904291,1137451.45368766,1237227.89699359,1077585.58770410,1636333.67021733,3372443.78374060
2025-11-30,119734.86321659,439027.83179416,2015536.86414593,1915757.81146544,1676288.08503226,2115315.91682642,2175183.34843472,1057657.95841321,1137481.20055760,1237260.25323810,1077613.76894931,1636376.46396006,3372531.98060062
2025-12-01,199562.23036075,359212.01464934,2015578.52664354,1895841.18842710,1676322.73503027,2115359.64182392,2155272.08789607,1057679.82091196,1137504.71305626,1237285.82823663,1077636.04394803,1636410.28895812,3372601.69309662
2025-12-02,239479.51393209,339262.64473713,2035575.86842278,1855966.23297372,1676356.59752465,2115402.37306682,2175272.25154984,1057701.18653341,1137527.69117744,1237310.82198248,1077657.81269442,1636443.34520263,3372669.82121030
2025-12-03,219527.45964588,359226.75214781,2075532.34574289,1816090.80252503,1696348.55180909,2095489.38752888,2155360.51288685,1057723.21465743,1137551.38180139,1237336.59073134,1077680.25644342,1636477.42645112,3372740.06183220
2025-12-04,179617.08857365,419106.54000519,2035660.33716804,1856043.24859439,1716341.06859266,2095532.70002593,2155405.06288381,1057745.07715594,1137574.89429979,1237362.16572960,1077702.53144191,1636511.25144882,3372809.77432745
2025-12-05,179620.37919754,419114.21812760,2035697.63090548,1856077.25170794,1716372.51233207,2095571.09063799,2155444.55037051,1057764.45527442,1137595.73491777,1237384.83447196,1077722.27518525,1636541.23268872,3372871.56493163
2025-12-06,139708.32687557,498958.31026990,1955916.57625802,1915999.91143643,1716416.58732847,2075666.57072280,2175458.23277678,1057791.61777220,1137624.94741538,1237416.60946936,1077749.95018299,1636583.25768528,3372958.17742455
2025-12-07,99794.13080393,558847.13250200,1876129.65911385,1975923.78991778,1696500.22366678,2055759.09456092,2195470.87768642,1057817.78652164,1137653.09116478,1237447.22196871,1077776.61268243,1636623.74518443,3373041.62117278
2025-12-08,199593.07410754,479023.37785810,1916093.51143240,1956012.12625391,1656622.51509260,2055808.66330768,2195523.81518296,1057843.29276997,1137680.52241299,1237477.05946676,1077802.60018072,1636663.20768184,3373122.95241745
2025-12-09,199597.01160706,479032.82785695,1916131.31142781,1956050.71374922,1656655.19633862,2055849.21955275,2195567.12767769,1057864.16151743,1137702.96616026,1237501.47196379,1077823.86267814,1636695.49517792,3373189.49615937
2025-12-10,199601.82410671,479044.37785610,1956097.87624574,1936137.69383507,1656695.14008568,2035938.60588842,2195620.06517379,1057889.66776555,1137730.39740824,1237531.30946159,1077849.85017622,1636734.95767501,3373270.82740337
2025-12-11,219567.50651692,459095.69544447,1976107.55865227,1936186.19383101,1656736.64008220,2016028.92347352,2195675.06516918,1057916.16776333,1137758.89740585,1237562.30945899,1077876.85017396,1636775.95767157,3373355.32739629
2025-12-12,219572.28464184,459105.68606931,2016072.79534783,1916267.21141972,1656772.69320663,1996111.67856220,2195722.84641842,1057939.18963797,1137783.65678046,1237589.24070857,1077900.30642359,1636811.57642101,3373428.73677012
2025-12-13,99807.89642788,558924.21999613,1996157.92855761,1956234.76998646,1656811.08070282,1976196.34927203,2195773.72141337,1038002.12284996,1137810.01927784,1237617.91570572,1077925.28142111,1636849.50141724,3373506.89926236
2025-12-14,99809.88080266,558935.33249492,1996197.61605329,1956273.66373223,1656844.02132423,1976235.63989276,2195817.37765862,1038022.76034771,1137832.64115038,1237642.52195304,1077946.71266878,1636882.04516370,3373573.97113007
2025-12-15,159699.10928415,519022.10517349,1996238.86605189,1956314.08873085,1716765.42480462,1956314.08873085,2215825.14131759,1038044.21034698,1137856.15364957,1237668.09695217,1117893.76498906,1636915.87016255,3393606.07228820
2025-12-16,219591.50026530,459145.86419107,1976323.50238767,1956360.63872719,1756732.00212237,1936397.77506670,2235840.72997393,1018106.04668456,1137883.22864744,1237697.54694985,1137883.22864744,1636954.82015948,3393686.82228185
2025-12-17,199632.91785478,399265.83570956,2016292.47033329,1956402.59497685,1756769.67712207,1896512.71962042,2275815.26354450,1018127.88105938,1137907.63177225,1237724.09069964,1137907.63177225,1636989.92640920,3393759.60353127
2025-12-18,159709.98428325,399274.96070812,1976411.05550522,1956447.30746981,1756809.82711575,1876592.31532818,2275867.27603631,998187.40177031,1137933.63801815,1237752.37819519,1137933.63801815,1637027.33890331,3393837.16601906
2025-12-19,159713.55928280,399283.89820700,1976455.29612465,1956491.10121430,1756849.15211080,1876634.32157290,2275918.21977990,998209.74551750,1137959.10988995,1237780.08444170,1137959.10988995,1637063.98264870,3393913.13475950
2025-12-20,139752.62374741,459187.19231292,1896642.75085771,1956536.73246374,1756890.12711030,1856713.42978702,2275971.30102925,998233.02676722,1157950.31104997,1237808.95319135,1137985.65051463,1637102.16389823,3393992.29100853
2025-12-21,99825.41205169,499127.06025846,1816822.49934079,1956578.07621316,1756927.25210977,1836787.58175113,2276019.39477857,998254.12051692,1157974.77979962,1217870.02703064,1138009.69738928,1637136.75764774,3394064.00975751
2025-12-22,179689.53856771,399310.08570603,1257826.76997398,1956619.41995952,1756964.37710651,1856791.89853302,2276067.48852434,998275.21426506,1157999.24854747,1217895.76140338,1138033.74426217,1637171.35139470,3394135.72850121
2025-12-23,199659.76160289,379353.54704549,1078162.71265561,1956665.66370833,1757005.90210544,1836869.80674659,2276121.28227295,998298.80801445,1158026.61729676,1217924.54577763,1138060.64113648,1637210.04514370,3394215.94724914
2025-12-24,219631.03151289,379362.69079500,1038255.78533368,1956712.82620578,1757048.25210315,1856880.53915446,2296142.60218025,998322.87051315,1158054.52979526,1217953.90202605,1138088.07238499,1637249.50764157,3394297.75974472
2025-12-25,99834.50580126,479205.62784604,1038278.86033307,1956756.31370464,1757087.30210213,1836954.90674313,2296193.63342892,998345.05801257,1158080.26729458,1217980.97077534,1138113.36613433,1637285.89514062,3394373.19724274
2025-12-26,99836.92767624,459249.86731071,1038304.04783290,1956803.78245431,1757129.92710183,1836999.46924283,2296249.33655353,998369.27676241,1158108.36104439,1218010.51765013,1138140.97550914,1637325.61389034,3394455.54099218
2025-12-27,119806.84446144,419323.95561505,1078261.60015298,1956845.12620356,1757167.05210115,1857006.08915235,2296297.85217764,978422.56310178,1158132.82979394,1218036.25202466,1138165.02238370,1637360.20763971,3394527.25974086
2025-12-28,99841.45892612,439302.41927494,1058319.46461690,1956892.59495200,1757209.67709975,1877019.42781110,2296353.55530081,978446.29747600,1158160.92354302,1218065.79889869,1138192.63175779,1637399.92638841,3394609.60348816
2025-12-29,239625.35142167,319500.46856223,1078314.08139753,2895472.99634521,1777221.35637740,1857096.47351796,2316378.39707617,978470.18497183,1158189.19853808,1218095.53639350,1098282.86068266,1637439.90138143,3394692.47847369
2025-12-30,239629.88892031,339475.67597044,1098303.65755141,2875558.66704369,1757285.85208226,1857131.63913238,2316422.25956297,978488.71309126,1158211.12978149,1218118.60201156,1118272.81496144,1637470.90762210,3394756.75970436
2025-12-31,259604.28695468,379421.65016453,1098325.82942363,2835677.59596647,1777290.88761278,1817230.00868274,2336438.58259209,978508.46621378,1158234.51102856,1198173.63209851,1118295.38995861,1637503.96386796,3394825.29094577
2026-01-01,139790.27061928,539191.04381724,1038442.01031468,2835745.48970546,1797303.47939079,1817273.51805069,2316524.48454813,978531.89433498,1158262.24227406,1198202.31959386,1118322.16495427,1617573.13145171,3394906.57218260
2026-01-02,179734.34168862,519232.54265601,958583.15567264,2855778.98460807,1817313.89929605,1817313.89929605,2316575.95954221,978553.63808249,1158287.97977111,1198228.94459080,1118347.01495141,1617609.07519758,3394982.00967394
2026-01-03,99854.83392417,599129.00354501,938635.43888718,2895790.18380087,1817357.97741986,1817357.97741986,2316632.14704070,998548.33924168,1158316.07352035,1198258.00709002,1118374.13995068,1617648.30957152,3395064.35342171
2026-01-04,79885.70463931,599142.78479479,898714.17719219,2935799.64549448,1817399.78054420,1837371.20670403,2316685.43453986,998571.30799132,1158342.71726993,1198285.56958958,1118399.86495028,1637656.94510577,3395142.44717049
2026-01-05,199718.48034819,459352.50480083,958648.70567130,2895917.96504873,1817438.17116851,1837410.01920333,2316734.37203898,998592.40174094,1158367.18601949,1198310.88208913,1118423.48994985,1617719.69082032,3395214.16591920
2026-01-06,179750.14793586,419417.01185034,1058528.64895561,2836057.88965464,1817473.71801812,1837445.95667766,2316779.68450661,998611.93297699,1158389.84225331,1198334.31957239,1138417.60359377,1617751.33142272,3395280.57212176
2026-01-07,279617.81623103,339535.91970911,1058553.16144604,2856096.26578838,1817515.80550170,1837488.50666106,2296860.63332632,998635.05796797,1158416.66724284,1198362.06956156,1138443.96608348,1617788.79390811,3395359.19709109
2026-01-08,399462.64818412,319570.11854730,1098522.28250633,2756292.27247043,1757635.65201013,1797581.91682854,2296910.22705869,998656.62046030,1178414.81214315,1198387.94455236,1138468.54732474,1637796.85755489,3435378.77438343
2026-01-09,299603.54863738,379497.82827402,1038625.63527625,2836246.92710053,1737700.58209681,1797621.29182428,2316934.10946241,998678.49545793,1178440.62464036,1198414.19454952,1138493.48482204,1637832.73255101,3435454.02437529
2026-01-10,279636.84747785,399481.21068264,1018677.08724074,2876264.71691503,1697795.14540123,1817639.50860603,2316991.02195933,998703.02670661,1178469.57151380,1198443.63204793,1138521.45044553,1637872.96379884,3435538.41187073
2026-01-11,199744.44908353,479386.67780048,998722.24541766,2896294.51171122,1657878.92739332,1817674.48666014,2317035.60936897,998722.24541766,1178492.24959284,1198466.69450119,1138543.35977613,1637904.48248496,3435604.52423675
2026-01-12,199748.91783293,519347.18636561,958794.80559806,2956283.98392734,1637941.12623001,1817715.15227965,2317087.44686197,998744.58916464,1178518.61521428,1198493.50699757,1138568.83164769,1637941.12623001,3435681.38672636
2026-01-13,299629.79862200,459432.35788707,918864.71577413,2976322.66631186,1637976.23246693,1817754.11164013,2297161.78943533,998765.99540667,1178543.87457987,1198519.19448800,1138593.23476360,1637976.23246693,3435755.02419893
2026-01-14,299635.70487121,439465.70047777,958834.25558786,2936429.90773782,1638008.51996260,1837765.65654340,2297207.07067925,998785.68290402,1178567.10582675,1198542.81948483,1158591.39216866,1638008.51996260,3435822.74918983
2026-01-15,299642.17361911,379546.75325088,1038759.53521292,2696779.56257201,1837805.33153055,1857781.47643849,2297256.66441319,998807.24539704,1178592.54956851,1178592.54956851,1178592.54956851,1638043.88245115,3435896.92416582
2026-01-16,299648.26736805,399531.02315741,998827.55789351,2696834.40631249,1837842.70652406,1877795.80883980,2297303.38315508,998827.55789351,1178616.51831435,1178616.51831435,1138663.41599860,1678030.29726110,3435966.79915368
2026-01-17,259701.09630151,399540.14815617,1038804.38520605,2676918.99264635,1837884.68151839,1897815.70374181,2297355.85189798,998850.37039043,1178643.43706070,1158666.42965290,1138689.42224509,1678068.62225592,3436045.27414307
2026-01-18,179797.11666958,439504.06297007,1078782.70001745,2676979.29263589,1817948.62410348,1917835.91114213,2317385.05929674,998872.87038653,1178669.98705610,1158692.52964837,1138715.07224064,1678106.42224937,3436122.67412965
2026-01-19,139845.32997844,459491.79850058,1078806.83126224,2677039.17387297,1817989.28971970,1917878.81113287,2317436.89678556,998895.21413171,1178696.35267541,1158718.44839278,1138740.54411014,1678143.95974126,3436199.53661307
2026-01-20,219761.69085807,379588.37511848,1078830.11875778,2697075.29689445,1798050.19792963,1917920.21112494,2317486.92177597,998916.77662757,1178721.79642054,1158743.46088798,1138765.12535543,1678180.18473432,3436273.71159885
2026-01-21,279702.55995478,299681.31423727,1118810.23981913,2677153.07385292,1778109.13114112,1937939.16540100,2317535.49676820,998937.71412423,1178746.50266658,1158767.74838410,1138788.99410162,1678215.35972870,3436345.73658733
2026-01-22,339647.32280047,299688.81423571,1118838.23981332,2577323.80242711,1798132.88541426,1957966.91967330,2317593.49675616,998962.71411903,1178776.00266046,1158796.74837808,1138817.49409570,1678257.35971998,3436431.73656947
2026-01-23,499492.13830867,299695.28298520,1138842.07534378,2557399.74814041,1638334.21365245,1958009.18217000,2317643.52175225,998984.27661735,1178801.44640847,1158821.76087612,1138842.07534378,1678293.58471714,3436505.91156367
2026-01-24,439560.36921120,319680.26851723,1138860.95659265,2597402.18170253,1658341.39293315,1958041.64466806,2317681.94674995,999000.83911636,1178820.99015730,1158840.97337497,1138860.95659265,1678321.40971548,3436562.88656027
2026-01-25,139862.39247596,579429.91168611,1138879.48158993,2597444.43169633,1658368.36792920,1958073.49466339,2337699.98852670,999017.08911398,1178840.16515449,1158859.82337221,1138879.48158993,1678348.70971148,3436618.78655207
2026-01-26,199807.29282233,559460.41990253,1118920.83980505,2577514.07740806,1658400.53042534,1958111.46965884,2317764.59673903,999036.46411165,1178863.02765175,1158882.29836952,1138901.56908728,1678381.25970758,3436685.43654408
2026-01-27,219792.21585422,539489.98436946,1098961.07927112,2577563.25865407,1678413.28470498,1958148.83215581,2317808.82173544,999055.52661011,1178885.52139992,1158904.41086772,1138923.30033552,1678413.28470498,3436751.01153876
2026-01-28,239777.37638638,539499.09686936,1098979.64177091,2557625.34812140,1678441.63470467,1958181.90715545,2317847.97173502,999072.40160992,1178905.43389971,1158923.98586751,1138942.53783531,1678441.63470467,3436809.06153813
2026-01-29,239782.32638624,479564.65277249,1138966.05033466,2517714.42705556,1698458.14523590,1978204.19268651,2337877.68226588,999093.02660935,1178929.77139903,1158947.91086685,1138966.05033466,1678476.28470371,3436880.01153616
2026-01-30,299733.90798273,439609.73170801,1119006.58980220,2497782.56652277,1738456.66629985,1978243.79268603,2337924.48226531,999113.02660911,1178953.37139875,1158971.11086656,1138988.85033438,1678509.88470330,3436948.81153533
2026-01-31,299740.42360746,219809.64397881,1298875.16896568,2557784.94811703,1738494.45692329,1978286.79580926,2317992.60923106,999134.74535821,1178978.99952269,1158996.30461553,1139013.60970836,1678546.37220180,3437023.52403225
2026-02-01,239796.87638582,299746.09548228,1238950.52799342,2577816.42114760,1738527.35379722,1978324.23018304,2318036.47172963,999153.65160760,1179001.30889697,1159018.23586481,1139035.16283266,1678578.13470076,3437088.56153014
2026-02-02,279768.18494995,319735.06851423,1179023.06514623,2597847.43167813,1738559.43504614,1978360.73643181,2318079.24672818,999172.08910698,1079105.85623553,1238973.39049265,1139056.18158195,1678609.10969972,3437151.98652799
2026-02-03,399677.02314199,259790.06504229,1119095.66479757,2597900.65042292,1738595.05066765,1978401.26455284,2318126.73422353,999192.55785497,1079127.96248337,1238998.77174016,1139079.51595467,1678643.49719635,3437222.39902110
2026-02-04,419670.32429831,299764.51735593,1119120.86479548,2538006.24694689,1738634.20066441,1978445.81454915,2318178.93421921,999215.05785311,1079152.26248136,1239026.67173785,1139105.16595254,1678681.29719322,3437299.79901469
2026-02-05,499617.29455152,339739.76029503,1099158.04801333,2458117.08919345,1738668.18503927,1938515.10285988,2338208.93850109,999234.58910303,1079173.35623127,1239050.89048776,1139127.43157745,1678714.10969309,3437366.98651442
2026-02-06,519613.68633310,379717.69385880,1059212.51444823,2438187.29740914,1718722.19325563,1978529.03642217,2338261.58849893,999257.08910211,1079197.65623028,1239078.79048661,1139153.08157640,1678751.90969154,3437444.38651125
2026-02-07,399713.21064055,479655.85276866,1039254.34766543,2478221.90597140,1738752.46628638,1978580.39267071,2338322.28224721,999283.02660137,1079225.66872948,1239110.95298570,1139182.65032556,1678795.48469030,3437533.61150871
2026-02-08,219848.10960168,619571.94524110,1019295.78088052,2518260.16452835,1738798.68503148,1978632.98641513,2338384.43849061,999309.58909855,1079254.35622644,1239143.89048220,1139212.93157235,1678840.10968557,3437624.98649902
2026-02-09,279813.77244746,599600.94095884,999334.90159807,2538310.65005911,1718856.03074869,1978683.10516419,2338443.66973949,999334.90159807,1059294.99569396,1239175.27798161,1139241.78782180,1678882.63468476,3437712.06149737
2026-02-10,319794.41851109,559640.23239441,999357.55784716,2518381.04577485,1738882.15065406,1958740.81338044,2338496.68536236,999357.55784716,1059319.01131799,1239203.37173048,1139267.61594576,1678920.69718323,3437789.99899424
2026-02-11,319802.36851097,479703.55276645,1039357.69766065,2538431.30005581,1758913.02681033,1958789.50712968,2338554.81973646,999382.40159678,1059345.34569258,1239234.17798000,1159283.58585226,1678962.43468258,3437875.46149291
2026-02-12,319811.41851081,479717.12776621,1039387.11016012,2518514.92077260,1758962.80180943,1978833.15203561,2338620.99786027,999410.68284627,1059375.32381705,1239269.24672937,1159316.39210167,1679009.94718173,3437972.74899117
2026-02-13,339807.65404226,399773.71063796,1119366.38978628,2518574.37701912,1759004.32680701,1978879.86765788,2338676.20723204,999434.27659489,1059400.33319058,1199321.13191387,1179332.44638197,1679049.58467942,3438053.91148642
2026-02-14,239870.45138244,379794.88135553,1199352.25691220,2518639.73951563,1779039.18108644,1978931.22390514,2358726.10526067,999460.21409350,1059427.82693911,1199352.25691220,1179363.05263033,1679093.15967709,3438143.13648165
2026-02-15,179908.37916174,439776.03795091,1179399.37450471,2538707.12817116,1779093.97171050,1978992.17077909,2358798.74900943,999490.99534298,1059460.45506356,1199389.19441157,1179399.37450471,1679144.87217620,3438249.02397984
2026-02-16,259877.37100000,359830.20600000,1139462.31900000,2558792.57600000,1759169.89600000,1999056.70000000,2338896.33900000,999528.35000000,1059500.05100000,1199434.02000000,1179443.45300000,1659217.06100000,3458368.09100000
2026-02-17,259884.07900000,319857.32800000,1159482.81400000,2578849.70700000,1779206.38700000,1999108.30000000,2338956.71100000,999554.15000000,1059527.39900000,1199464.98000000,1159482.81400000,1679250.97200000,3458457.35900000
2026-02-18,319861.76850840,259887.68691308,1179490.27137472,2518911.42700365,1819213.80839152,1999136.05317750,2338989.18221767,999568.02658875,1059542.10818407,1199481.63190650,1159498.91084295,1679274.28466910,3458505.37199707
2026-02-19,239902.28888102,299877.86110127,1219503.30181185,2478990.31843720,1859242.73882790,2019177.59808191,2339047.31658994,999592.87033758,1059568.44255784,1199511.44440510,1159527.72959159,1679316.02216714,3458591.33136803
2026-02-20,299884.28297564,239907.42638052,1199537.13190258,2459051.12040028,1859282.55444899,2039213.12423438,2339097.40721003,999614.27658548,1059591.13318061,1199537.13190258,1159552.56083916,1679351.98466361,3458665.39698576
2026-02-21,279897.20369382,239911.88888042,1219552.10180878,2439104.20361756,1879309.79622992,2039251.05548353,2359133.57399075,999632.87033506,1059610.84255517,1199559.44440208,1179566.78699537,1679383.22216291,3458729.73135932
2026-02-22,139952.18934664,359877.05831992,1179597.02449308,2259228.19945285,2079289.67029289,2059296.50038623,2359194.04898617,999658.49533312,1059638.00505311,1199590.19439975,1179597.02449308,1679426.27215964,3458818.39385260
2026-02-23,199936.32406633,339891.75091277,939700.72311177,1839414.18141026,2699140.37489549,2059344.13788323,2359248.62398273,999681.62033167,1059662.51755156,1199617.94439800,1179624.31199136,1679465.12215720,3458898.40634756
2026-02-24,319906.36850533,239929.77637899,919730.80945281,1839461.61890562,2699209.98426369,2059397.24725303,2339315.31969519,999707.40157914,1059689.84567389,1199648.88189497,1179654.73386339,1679508.43465296,3458987.60946383
2026-02-25,339908.80403610,239935.62637843,939747.86998217,1799517.19783819,2699275.79675728,2079442.09527968,2339372.35718964,999731.77657677,1059715.68317138,1199678.13189213,1179683.49636059,1679549.38464898,3459071.94695563
2026-02-26,259935.99003488,299926.14234794,959763.65551341,1799556.85408765,2679340.20497494,2099482.99643559,2339423.91031394,999753.80782647,1059739.03629606,1199704.56939176,1179709.49323523,1679586.39714847,3459148.17507959
2026-02-27,239946.16387755,319928.21850340,939789.14185372,1819591.74273806,2679398.82996594,2099528.93392853,2359470.61146254,999775.68282311,1059762.22379250,1199730.81938773,1179735.30573127,1679623.14714282,3459223.86256796
2026-02-28,199959.60531455,319935.36850327,979802.06604127,1799636.44783090,2679458.71121490,2099575.85580272,2359523.34271163,1019793.98710418,1059785.90816709,1179761.67135581,1179761.67135581,1679660.68464218,3459301.17194163
2026-03-01,139974.98309511,379932.09697244,959828.45550931,1799678.35407996,2639528.25265061,2139617.59873951,2359578.28646039,1039814.16013509,1059810.58629153,1179789.14323019,1139796.29091731,1719692.64945418,3459381.72506481
2026-03-02,179971.66040255,359943.32080511,919855.15316860,1819713.45518136,2639584.35257077,2139663.07367479,2339631.58523318,1039836.26010364,1059833.11125948,1179814.21819451,1139820.51588283,1719729.19940217,3459455.24996017
2026-03-03,239967.27637006,299959.09546257,899877.28638771,1839749.11883709,2639640.04007061,2139708.21429966,2339680.94460804,1039858.19760357,1039858.19760357,1179839.10881944,1139844.56275776,1719765.48065207,3459528.23433497
2026-03-04,299965.18921246,219974.47208914,919893.24691820,1839786.49383640,2619695.98578879,2139751.68304886,2339728.47585717,1039879.32260318,1039879.32260318,1199860.75684983,1159865.39828817,1719800.41815142,3459598.51558367
2026-03-05,279974.72868150,219980.14396403,939915.16057359,1839833.93133554,2619763.53266256,2159805.04982867,2339788.80398106,1039906.13510269,1039906.13510269,1199891.69434926,1159895.30453762,1719844.76190061,3459687.71870704
2026-03-06,279981.15993128,219985.19708887,919938.09691707,1839876.19383415,2619823.71078558,2179853.31660785,2339842.55085429,1039930.02260191,1039930.02260191,1159921.94828674,1179920.60256755,1719884.26814931,3459767.19057943
2026-03-07,219989.70021342,259987.82752495,919956.92816521,1799915.72901889,2659875.46621681,2199897.00213420,2339890.44772456,1059950.37375557,1039951.31009981,1159945.69203440,1179944.75569016,1719919.47439583,3479837.07610319
2026-03-08,119996.89443459,359990.68330377,879977.22585366,1859951.86373615,2639931.67756099,2199943.06463416,2339939.44147451,1059972.56750555,1039973.08509978,1159969.97953437,1179969.46194014,1719955.48689579,3479909.93860312
2026-03-09,199999.13655746,299998.70483619,779996.63257409,1939991.62460735,2639988.60255845,2199990.50213204,2319989.98406652,1059995.42375453,1039995.51009878,1159994.99203326,1179994.90568901,1719992.57439414,3479984.97609978
2026-03-10,240004.17636887,260004.52439960,740012.87713734,1960034.10701240,2660046.28808826,2200038.28338127,2320040.37156570,1060018.44562916,1040018.09759842,1160020.18578285,1180020.53381359,1720029.93064354,3480060.55734855
2026-03-11,280010.90993014,240009.35136869,760029.61266752,1920074.81094951,2680104.42361703,2180084.94159893,2340091.17584472,1060041.30187838,1040040.52259765,1160045.19828200,1180045.97756272,1720067.01814227,3480135.59484599
2026-03-12,280016.55367976,220013.00646267,780046.11382218,1900112.32854120,2700159.62476907,2180128.88222095,2340138.34146653,1060062.66750193,1040061.48509623,1160068.57953042,1180069.76193611,1720101.68688993,3480205.73859125
2026-03-13,260020.28689898,240018.72636829,760059.30016625,1900148.25041562,2700210.67164324,2200171.65837598,2340182.58209081,1060082.70812661,1040081.14759592,1160090.51078006,1180092.07131075,1720134.20563940,3480271.53234018
2026-03-14,220021.56583753,280027.44742958,780076.46069670,1860182.32935367,2700264.67164242,2180213.69784462,2340229.38209010,1060103.90812628,1040101.94759560,1160113.71077971,1180115.67131039,1720168.60563888,3480341.13233912
2026-03-15,180021.16040114,340039.96964659,740086.99276022,1880221.00863408,2700317.40601702,2200258.62712498,2340275.08521475,1080126.96240681,1060124.61125113,1160136.36702954,1180138.71818522,1720202.19938862,3480409.10108861
2026-03-16,280038.38492935,280038.38492935,680093.22054271,1880257.72738278,2700370.14039016,2200301.59587346,2340320.78833814,1080148.05615606,1060145.31437540,1160159.02327874,1180161.76505940,1720235.79313743,3480477.06983621
2026-03-17,320050.21849068,280043.94117934,640100.43698136,1880295.03363274,2720426.85717077,2180342.11346775,2320364.08405742,1080169.48740604,1060166.34875037,1160182.04202871,1180185.18068438,1720269.92438740,3480546.12608614
2026-03-18,280050.02242926,300053.59545992,660117.91001182,1860332.29185149,2720485.93216992,2200393.03337273,2320414.47155670,1080192.94365571,1060189.37062504,1160207.23577835,1180210.80880901,1720307.28063686,3480621.70733505
2026-03-19,240047.90136783,340067.86027109,680135.72054217,1840367.24381999,2700538.89038803,2240447.07943303,2320463.04655564,1080215.55615521,1060211.56437456,1160231.52327782,1180235.51505847,1700339.30135543,3480694.56983346
2026-03-20,260057.37752097,320070.61848735,680150.06428563,1840406.05630228,2680591.42983158,2260498.74306693,2320511.98403331,1100242.75105028,1060233.92373936,1160255.99201665,1180260.40567211,1700375.16071406,3480767.97604996
2026-03-21,200048.41780455,340082.31026773,680164.62053546,1880455.12736274,2660643.95680047,2280551.96297183,2320561.64653274,1080261.45614455,1060256.61436410,1160280.82326637,1200290.50682728,1700411.55133864,3480842.46979911
2026-03-22,120032.08818253,420112.30863885,660176.48500391,1880502.71485961,2660711.28804604,2280609.67546803,2320620.37152888,1080288.79364275,1060283.44561233,1140304.83773402,1180315.53379486,1700454.58258581,3480930.55729331
2026-03-23,200058.48030417,360105.26454751,640187.13697334,1880549.71485920,2640771.94001504,2300672.52349795,2320678.37152837,1080315.79364252,1060309.94561210,1140333.33773377,1180345.03379460,1700497.08258544,3481017.55729255
2026-03-24,300093.57983039,300093.57983039,620193.39831613,1880586.43360376,2640823.50250741,2300717.44536630,2240698.72940022,1160361.84201083,1060330.64873403,1160361.84201083,1180368.08066619,1700530.28570553,3481085.52603249
2026-03-25,300100.75170508,260087.31814440,680228.37053151,1840617.94379114,2620879.89822434,2340785.86329960,2240752.27939791,1160389.57325963,1060355.98935794,1160389.57325963,1180396.29003997,1700570.92632877,3481168.71977889
2026-03-26,320115.71848513,300108.48607981,660238.66937558,1740629.21926289,2660961.90990763,2340846.19142250,2220802.79699058,1180426.71191391,1060383.31748199,1160419.47950859,1200433.94431923,1700614.75445225,3481258.43852578
2026-03-27,340131.02589023,280107.90367431,660254.34437516,1740670.54426177,2641017.37750062,2360909.47382631,2220855.52198916,1180454.73691316,1060408.49248131,1160447.02950785,1200462.44431846,1700655.12945116,3481341.08852354
2026-03-28,280115.51617413,300123.76732943,660272.28812474,1780734.35282127,2621080.90134367,2380981.88748013,2220915.87823776,1180486.81816241,1060437.31123064,1160478.56700712,1200495.06931771,1700701.34820009,3481435.70102136
2026-03-29,140060.90808697,460200.12657148,620269.73581374,1780774.40282008,2621139.85134192,2401044.13863382,2220965.82823629,1180513.36816163,1060461.16122994,1160504.66700635,1200522.06931691,1700739.59819896,3481514.00101904
2026-03-30,260118.64001866,380173.39695035,600273.78465844,1780812.22782004,2621195.52634186,2361076.88632320,2241022.12939152,1180538.44316160,1060483.68622991,1140520.19085104,1200547.56931688,1700775.72319892,3481587.95101896
2026-03-31,300143.26732870,340162.36963919,600286.53465740,1780850.05281696,2621251.20133732,2361127.03631911,2241069.72938763,1180563.51815955,1060506.21122807,1140544.41584906,1200573.06931480,1700811.84819597,3481661.90101292
2026-04-01,300150.86107865,280140.80367341,680341.95177827,1740874.99425617,2641327.57749212,2381196.83122395,2241126.42938725,1180593.38690935,1060533.04247789,1140573.27209887,1200603.44431460,1700854.87944568,3481749.98851233
2026-04-02,320168.16848371,260136.63689301,700367.86855812,1700893.39506971,2681408.41105107,2381250.75309759,2241177.17938597,1180620.12128368,1060557.05810229,1140599.10022322,1200630.63181391,1700893.39506971,3481828.83226035
2026-04-03,300163.84545322,240131.07636258,720393.22908772,1660906.61150781,2701474.60907897,2381299.84059553,2241223.37938403,1180644.45878266,1060578.92060137,1140622.61272223,1200655.38181287,1700928.45756824,3481900.60725733
2026-04-04,140079.08621150,360203.36454386,740418.02711793,1660937.73650778,2701525.23407892,2381344.46559549,2261276.67741420,1180666.58378264,1060598.79560135,1140643.98772221,1200677.88181285,1700960.33256821,3481965.85725727
2026-04-05,120070.76943128,380224.10319906,720424.61658770,1680990.77203796,2701592.31220386,2381403.59372044,2281344.61919437,1180695.89940761,1060625.12997633,1140672.30959719,1200707.69431283,1701002.56694317,3482052.31350720
2026-04-06,200121.94905209,340207.31338855,680414.62677710,1701036.56694276,2681634.11729799,2381451.19371986,2281390.21919381,1180719.49940733,1060646.32997607,1140695.10959691,1200731.69431253,1701036.56694276,3502134.10841156
2026-04-07,260164.14001753,280176.76617272,680429.28927662,1701073.22319154,2701704.53095127,2381502.51246816,2281439.38169218,1180744.94315648,1060669.18622531,1140719.69084609,1200757.56931168,1701073.22319154,3502209.57715905
2026-04-08,260170.15251691,240157.06386176,720471.19158529,1681099.44703234,2721780.05709997,2361544.46130733,2281492.10668674,1180772.23065367,1060693.69872278,1140746.05334337,1200785.31930881,1701112.53568748,3502290.51465070
2026-04-09,260191.07438985,240176.37635986,720529.12907958,1561146.44633909,2822072.42222835,2361734.36753862,2281675.57541867,1180867.18376931,1060778.99558938,1140837.78770933,1200881.88179930,1701249.33254901,3502572.15524796
2026-04-10,320235.16847981,160117.58423991,760558.52513956,1561146.44633909,2842087.12025834,2341719.66950863,2281675.57541867,1180867.18376931,1060778.99558938,1140837.78770933,1200881.88179930,1701249.33254901,3502572.15524796
2026-04-11,260191.19626485,200147.07404988,740544.17398457,1541132.47018410,2882117.86631832,2341720.76638363,2281676.64416867,1180867.73689431,1060779.49246438,1120823.61467935,1220897.15170429,1681235.42201902,3502573.79587296
2026-04-12,160118.40923991,280207.21616984,720532.84157958,1541139.68893410,2922160.96862829,2321716.93397864,2301702.13282365,1180873.26814431,1060784.46121438,1120828.86467934,1220902.87045429,1681243.29701902,3502590.20212295
2026-04-13,220167.93457894,280213.73491865,660503.80373682,1541175.54205257,2942244.21664581,2321770.94646881,2281740.41290900,1180900.74001431,1060809.13933489,1120854.93967460,1240946.54035402,1681282.40951189,3502671.68648311
2026-04-14,360283.91453752,220173.50332849,620488.96392573,1501182.97723967,2962334.40841962,2301813.89843416,2281798.12540430,1180930.60876187,1060835.97058270,1120883.28967229,1240977.92785146,1681324.93450843,3502760.28022590
2026-04-15,360291.05828725,240194.03885817,620501.26705026,1481196.57295868,2962393.14591736,2321875.70896226,2281843.36915256,1180954.02438598,1060857.00495689,1120905.51467143,1241002.53410052,1681358.27200715,3502829.73334823
2026-04-16,300249.72043279,320266.36846164,620516.08889442,1461215.30610622,2942447.26024130,2341947.81937572,2261881.22726032,1180982.23370229,1060882.34552917,1120932.28961573,1241032.17778885,1681398.43442360,3502913.40504916
2026-04-17,300256.32980590,360307.59576709,560478.48230435,1461247.47172207,2902477.85479041,2382033.54979351,2261931.01787114,1181008.23056989,1060905.69864753,1120956.96460871,1241059.49653107,1681435.44691306,3502990.51440221
2026-04-18,240210.80134360,400351.33557266,560491.86980173,1461282.37484022,2922564.74968043,2402108.01343597,2261985.04598554,1181036.43993935,1060931.03926755,1100966.17282482,1241089.14027525,1681475.60940518,3503074.18626079
2026-04-19,160144.53422882,440397.46912926,580523.93657948,1441300.80805939,2942655.81645458,2422186.08021091,2262041.54598209,1181065.93993755,1060957.53926594,1100993.67282314,1241120.14027336,1681517.60940262,3503161.68625545
2026-04-20,260240.02749620,400369.27307107,560516.98229950,1441329.38305586,2922695.69341883,2422234.10207999,2262086.39285156,1181089.35555966,1060978.57363834,1101015.50094545,1241144.74652033,1681550.94689851,3503231.13937189
2026-04-21,360339.93951346,340321.05398493,560528.79479871,1421340.87252530,2902738.40163618,2422285.14895157,2262134.06472337,1181114.24618300,1061000.93301185,1101038.70406890,1241170.90276858,1681586.38439613,3503304.96749195
2026-04-22,340328.01335968,320308.71845617,620598.14200883,1401350.64324575,2922817.05591256,2402315.38842128,2242161.02919320,1161119.10440362,1020984.04007905,1141099.80950011,1241196.28401766,1681620.77189490,3503376.60811437
2026-04-23,320314.81845577,340334.49460926,660649.31306503,1401377.33074401,2902853.04225545,2402361.13841831,2242203.72919042,1161141.21690218,1021003.48382778,1141121.54074870,1241219.92151612,1681652.79689281,3523463.00301351
2026-04-24,520523.60498982,340342.35710873,640644.43691055,1201208.31920728,2882899.96609747,2422436.77706801,2262275.66784037,1161168.04190037,1021027.07132619,1121127.76459346,1261268.73516764,1681691.64689019,3523544.40300801
2026-04-25,460473.17965434,360370.31451209,640658.33691039,1221254.95473543,2882962.51609674,2422489.33644240,2262324.75221481,1161193.23565008,1021049.22445093,1101131.51656473,1281316.67382078,1681728.13438977,3523620.85300713
2026-04-26,140147.24869915,680715.20796728,620652.10138194,1241304.20276387,2883029.11609673,2442566.33447084,2282398.05024325,1161220.06065007,1021072.81195093,1081135.91853628,1301367.30934922,1681766.98438976,3523702.25300712
2026-04-27,220236.20331260,640687.13690939,540579.77176730,1261352.80079036,2883092.11609226,2422598.23643863,2282447.92523970,1161245.43564827,1021095.12444934,1081159.54353460,1301395.74684720,1681803.73438715,3523779.25300165
2026-04-28,300328.65792577,540591.58426639,580635.40532316,1261380.36328823,2863133.20555901,2442673.08446293,2282497.80023585,1161270.81064631,1021117.43694762,1061161.25800439,1321446.09487339,1681840.48438431,3523856.25299570
2026-04-29,260289.95561830,560624.51979326,640713.73690658,1221360.56097817,2863189.51180129,2462743.42623468,2282542.68772970,1161293.64814318,1021137.51819487,1061182.12675153,1321472.08236983,1681873.55937978,3523925.55298621
2026-04-30,280318.38489661,500568.54445823,700795.96224152,1221387.24847807,2823206.59074439,2462797.23873447,2302615.30450784,1161319.02314308,1021159.83069478,1061205.31425144,1321500.95736972,1681910.30937964,3524002.55298591
2026-05-01,260301.98061818,520603.96123637,700813.02474127,1221416.98597763,2783228.86968674,2502903.65979023,2302671.36700701,1161347.29814267,1021184.69319441,1061231.15175106,1321533.13236924,1681951.25937904,3524088.35298465
2026-05-02,220260.23143632,320378.51845282,921088.24055187,1241466.75900469,2783288.37905890,2502957.17541268,2302720.60137967,1161372.12939148,1021206.52756837,1061253.84237498,1321561.38861790,1681987.22187732,3524163.70298105
2026-05-03,160193.10922637,380458.63441262,901086.23939831,1221472.45785105,2803379.41146142,2503017.33166198,2302775.94512903,1161400.04189116,1021231.07131809,1061279.34862468,1321593.15111753,1682027.64687685,3524248.40298007
2026-05-04,260319.77436716,340418.16648014,861057.71521446,1201475.88169460,2783419.12592582,2503074.75353042,2322853.37127623,1141402.08760987,1021254.49944041,1061303.69549690,1321623.46986406,1682066.23437244,3524329.25297083
2026-05-05,340426.29460467,260325.98999181,881103.35074151,1201504.56919296,2803510.66145024,2503134.51915200,2322908.83377306,1141429.34073331,1021278.88381402,1061329.03612045,1321655.02611226,1682106.39687015,3524413.40296602
2026-05-06,300382.65792324,280357.14739502,901147.97376971,1181505.12116473,2783545.96342200,2523214.32655519,2322959.22127304,1141454.10010830,1021301.03693901,1041326.54746722,1341709.20539046,1682142.88437013,3524489.85296598
2026-05-07,280363.27239500,300389.22042321,921193.60929785,1161504.98563642,2763580.82789355,2543295.39958319,2323009.97127284,1141479.03760820,1021323.34943892,1041349.29746713,1341738.51789035,1682179.63436999,3524566.85296568
2026-05-08,260343.45874157,320422.71845116,921215.31554709,1121479.51457906,2763645.94664125,2583408.16751248,2323064.70877091,1141505.93448226,1021347.41506307,1021347.41506307,1361796.55341743,1682219.27186859,3524649.90296276
2026-05-09,180242.56037816,360485.12075632,941266.70419707,1061428.41111584,2803773.16143808,2583476.69875365,2323126.33376298,1141536.21572836,1021374.50880958,1021374.50880958,1361832.67841278,1682263.89686285,3524743.40295072
2026-05-10,120164.48191863,420575.68671521,921261.02804284,1061452.92361457,2803837.91143472,2603563.77490367,2343207.39741331,1141562.57822699,1021398.09630836,1021398.09630836,1361864.12841115,1682302.74686083,3524824.80294651
2026-05-11,180251.41975244,380530.77503294,901257.09876222,1061480.58298661,2803910.97392689,2603631.61864640,2343268.45678176,1141592.32509881,1021424.71193051,1021424.71193051,1361899.61590735,1682346.58435614,3524916.65293666
2026-05-12,240340.32633655,300425.40792069,941332.94481817,1061503.10798645,2803970.47392647,2623715.22917405,2343318.18178140,1141616.55009863,1021446.38693036,1021446.38693036,1361928.51590714,1682382.28435588,3524991.45293613
2026-05-13,260374.29311393,200287.91777995,1021468.38067774,1021468.38067774,2804030.84891929,2623771.72291733,2343368.63802541,1121612.33956772,1021468.38067774,1041497.17245574,1361957.84090365,1682418.50935157,3525067.35292711
2026-05-14,280409.51614172,200292.51152980,1041521.05995495,1001462.55764899,2804095.16141719,2643861.15219335,2343422.38489865,1121638.06456687,1021491.80880197,1001462.55764899,1382018.32955561,1682457.09685031,3525148.20292446
2026-05-15,260386.15561364,180267.33850175,1041544.62245456,1001485.21389862,2804158.59891613,2643920.96469235,2343475.40052276,1121663.43956645,1021514.91817659,1001485.21389862,1382049.59518009,1682495.15934967,3525227.95292313
2026-05-16,200301.79277948,240362.15133537,1001508.96389738,1021539.14317533,2804225.09891267,2664013.84396704,2363561.15479782,1121690.03956507,1021539.14317533,1001508.96389738,1382082.37017839,1682535.05934760,3525311.55291879
2026-05-17,100153.13076461,320490.01844674,1001531.30764605,1021561.93379897,2804287.66140895,2684103.90449142,2363613.88604469,1121715.06456358,1021561.93379897,1001531.30764605,1382113.20455155,1682572.59684537,3525390.20291411
2026-05-18,180279.46037437,280434.71613791,961490.45532998,1041614.65994081,2804347.16137911,2664129.80331015,2363664.03601953,1121738.86455164,1021583.60878810,1001552.55763540,1382142.52953685,1682608.29682746,3525465.00287659
2026-05-19,240378.05133242,220346.54705471,941480.70105196,1061669.72671817,2764347.59032277,2684221.57321197,2363717.50476875,1121764.23955127,1021606.71816276,1001575.21388506,1382173.79516139,1682646.35932691,3525544.75287542
2026-05-20,240383.63883189,240383.63883189,961534.55532757,1041662.43493820,2744379.87666411,2724347.90676146,2363772.44851362,1121790.31454883,1021630.46503555,1001598.49513289,1402237.89318604,1682685.47182325,3525626.70286777
2026-05-21,240388.47633174,240388.47633174,961553.90532696,1001618.65138225,2724402.73175972,2744435.10478737,2383852.39028976,1121812.88954812,1021651.02440990,961553.90532696,1422298.48496280,1682719.33432218,3525697.65286552
2026-05-22,280460.09113658,240394.36383136,901478.86436759,1041708.90993588,2704436.59310277,2744502.32040800,2383910.77466096,1141873.22819895,1021676.04628327,961577.45532543,1422333.31933553,1682760.54681950,3525784.00285991
2026-05-23,220367.13767874,240400.51383136,921535.30302019,1061768.93608848,2704505.78060274,2744572.53290797,2404005.13831355,1141902.44069894,1021702.18378326,961602.05532542,1422369.70683552,1682803.59681949,3525874.20285987
2026-05-24,140236.47681829,320540.51844180,881486.42571496,1081824.24974109,2644459.27714488,2804729.53636578,2404053.88831353,1141925.59694893,1021722.90253325,961621.55532541,1442432.33298812,1682837.72181947,3525945.70285984
2026-05-25,140240.08619329,320548.76844180,641097.53688360,1322263.66982243,1863189.71656797,3566105.04891504,2424150.06134112,1121920.68954630,1021749.19940824,961646.30532540,1442469.45798811,1682881.03431946,3546070.75088743
2026-05-26,200347.35527609,260451.56185891,621076.80135587,1342327.28034979,1863230.40406761,3566182.92391436,2424202.99884066,1121945.18954609,1021771.51190805,961667.30532522,1442500.95798783,1682917.78431913,3546148.18838675
2026-05-27,240422.00133051,220386.83455296,641125.33688135,1322321.00731778,1863270.51031142,3566259.68640249,2424255.18008259,1121969.33954236,1021793.50565465,961688.00532202,1442532.00798303,1682954.00931354,3546224.51962495
2026-05-28,380677.96564696,220392.50642719,641141.83687909,1182105.26174583,1863318.46342987,3546315.78523749,2444353.25310154,1121998.21453841,1021819.80252606,961712.75531864,1442569.13297796,1682997.32180762,3546315.78523749
2026-05-29,440794.50035255,200361.13652389,621119.52322405,1182130.70549094,1843322.45601977,3546392.11647282,2444405.86559143,1122022.36453377,1021841.79627183,961733.45531466,1442600.18297199,1683033.54680066,3546392.11647282
2026-05-30,280511.75988287,340621.42271491,621133.18259778,1182156.70236352,1843362.99351600,3546470.10709056,2444459.62183643,1122047.03953148,1021864.26814474,961754.60531270,1422595.35369169,1683070.55929722,3546470.10709056
2026-05-31,160296.08421854,460851.24212831,601110.31581953,1202220.63163907,1843404.96851324,3546550.86333525,2464552.29486009,1122072.58952980,1021887.53689321,941739.49478394,1462701.76849420,1683108.88429470,3546550.86333525
2026-06-01,280523.96613050,400748.52304357,561047.93226100,1222282.99528289,1843443.20600042,3526587.00278342,2464603.41671796,1122095.86452200,1021908.73376110,941759.02915239,1462732.10910903,1683143.79678300,3546624.42893560
2026-06-02,480906.70264963,260491.13060188,520982.26120377,1242342.31517821,1823437.91421318,3526649.15276395,2444609.07180228,1122115.63951580,1021926.74313046,941775.62602219,1462757.88722595,1683173.45927370,3546686.93204101
2026-06-03,480914.57764780,300571.61102987,480914.57764780,1222324.55152148,1823467.77358122,3526706.90275050,2444649.10304296,1122134.01451152,1021943.47750156,941791.04789360,1462781.84034538,1683201.02176728,3546745.01015249
2026-06-04,360693.97698330,440848.19409070,480925.30264440,1202313.25661101,1803469.88491651,3386515.67278767,2584973.50171366,1122159.03950361,1021966.26811935,941812.05101195,1462814.46221006,1683238.55925541,3546824.10700247
2026-06-05,340662.64770430,480935.50264137,480935.50264137,1202338.75660341,1803508.13490512,3386587.49776628,2585028.32669734,1122182.83949652,1021987.94311290,921793.04672928,1462845.48720082,1683274.25924478,3546899.33198007
2026-06-06,300590.31415072,500983.85691787,480944.50264115,1222400.61087960,1763463.17635089,3426729.58131821,2585076.70169619,1122203.83949602,1022007.06811245,921810.29672888,1462872.86220017,1683305.75924403,3546965.70697850
2026-06-07,180357.53536514,601191.78455045,500993.15379204,1222423.29525258,1743456.17519630,3446832.89808924,2585124.67356693,1122224.66449417,1022026.03373576,921827.40297736,1462900.00907276,1683336.99674126,3547031.52884765
2026-06-08,220441.28453086,581163.38649046,480962.80261279,1222447.12330751,1743490.15947137,3446900.08539168,2565134.94726823,1142286.65620538,1042086.07232772,921845.37167452,1462928.52461391,1683369.80914477,3547100.66926934
2026-06-09,240486.08880552,501012.68501150,541093.69981242,1242511.45882853,1743524.14384003,3446967.27287914,2565184.94725889,1142308.92182623,1042106.38482393,921863.34042117,1462957.04023359,1683402.62163865,3547169.80988144
2026-06-10,260531.83675928,380777.29987895,641309.13663823,1222495.54171662,1703477.39419529,3487118.43047036,2565236.54655291,1142331.89963684,1042127.34703712,921881.88391745,1462986.46795596,1683436.48367535,3547241.16203020
2026-06-11,280578.43473441,340702.38503464,701446.08683602,1182437.68923786,1703511.92517319,3487189.11741336,2565288.54614316,1142355.05570438,1042148.47187066,921900.57127020,1463016.12397227,1683470.60840645,3547313.06771359
2026-06-12,300626.73584957,280584.95345960,741545.94842894,1162423.37861833,1703551.50314756,3487270.13585500,2585389.92830630,1142381.59622836,1042172.68427851,921921.98993868,1463050.11446790,1683509.72075759,3547395.48302492
2026-06-13,240506.03867958,260548.20856955,801686.79559861,1162445.85361798,1703584.44064704,3507379.73074391,2585439.91580551,1142403.68372802,1042192.83427819,921939.81493840,1463078.40196746,1683542.27075708,3547464.07052384
2026-06-14,120255.71933964,360767.15801891,821747.41548752,1182514.57350644,1683580.07075492,3507458.48073943,2585497.96580221,1142429.33372656,1042216.23427686,942003.13482716,1463111.25196559,1683580.07075492,3547543.72051931
2026-06-15,220474.00941379,300646.37647336,781680.57883072,1182542.41412853,1683619.70825079,3507541.05885580,2585558.83767085,1122413.13883386,1042240.77177430,942025.31294985,1463145.69883699,1683619.70825079,3547627.24238558
2026-06-16,260566.73356857,260566.73356857,781700.20070572,1182572.09850353,1683661.97075078,3527672.70062069,2585623.74079584,1122441.31383385,1042266.93427429,942048.95982484,1463182.42696199,1683661.97075078,3547716.29551058
2026-06-17,240528.20117868,280616.23470846,781716.65383072,1162552.97236363,1663653.39148589,3547790.96738557,2585678.16267084,1122464.93883385,1042288.87177429,942068.78794984,1463213.22383699,1683697.40825078,3547790.96738557
2026-06-18,240534.31367868,300667.89209835,781736.51945572,1122493.46383385,1683740.19575077,3547881.12676056,2565699.34590594,1142537.98997374,1042315.35927429,942092.72857484,1463250.40821198,1683740.19575077,3547881.12676056
2026-06-19,220494.97816377,280629.97220844,821844.91861043,1142564.88684864,1683779.83325063,3527919.65062037,2585804.74392061,1142564.88684864,1042339.89677420,942114.90669976,1463284.85508686,1683779.83325063,3547964.64863526
2026-06-20,180409.31338397,240545.75117863,882001.08765497,1142592.31809848,1683820.25825040,3528004.35061988,2585866.82517025,1142592.31809848,1022319.44250917,942137.52544963,1463319.98633665,1683820.25825040,3548049.82988476
2026-06-21,140321.32985420,280642.65970839,861973.88339006,1162662.44736334,1663810.05398547,3548125.05488468,2585921.65017019,1142616.54309846,1022341.11750915,942157.50044961,1443305.10707173,1683855.95825036,3548125.05488468
2026-06-22,240556.77617862,240556.77617862,821902.31861029,1142644.68684846,1683897.43325036,3548212.44863468,2585985.34392019,1142644.68684846,1022366.29875914,962227.10471449,1443340.65707173,1683897.43325036,3548212.44863468
2026-06-23,280657.05345538,200469.32389670,821924.22797647,1142675.14621120,1683942.32073229,3548307.03297161,2545960.41348810,1182769.01099054,1022393.55187318,942205.82231450,1443379.13205625,1683942.32073229,3548307.03297161
2026-06-24,260616.58044071,220521.72191137,841992.02911614,1122656.03882152,1683984.05823229,3548394.97984660,2546023.51661310,1162750.89735086,1042466.32176284,962276.60470416,1443414.90705624,1683984.05823229,3548394.97984660
2026-06-25,280671.22845524,260623.28356558,821965.74047606,1102636.96893130,1684027.37073144,3548486.24546983,2546089.00098683,1162780.80360028,1022445.18937266,942253.40981402,1443452.03205552,1684027.37073144,3548486.24546983
2026-06-26,360871.89551350,240581.26367567,741792.22966665,1062567.24790087,1664020.40709004,3568622.07785576,2566200.14587380,1162809.44109907,1022470.37062159,962325.05470268,1463536.02069365,1684068.84572968,3548573.63921612
2026-06-27,280685.35970487,300734.31396950,761860.26205608,1082643.53029022,1684112.15822922,3548664.90484015,2566266.14587310,1182888.30161338,1022496.66749631,962349.80470241,1443524.70705362,1684112.15822922,3548664.90484015
2026-06-28,140345.52360233,441085.93132161,741826.33904088,1102714.82830401,1644047.56219871,3568786.17160207,2586367.50638577,1182912.27036248,1022517.38624554,962369.30470168,1443553.95705252,1684146.28322794,3548736.81108745
2026-06-29,220547.29691080,400995.08529237,721791.15352626,1102736.48455401,1644079.84969870,3548806.50483744,2546318.79160652,1202985.25587710,1022537.46749553,962388.20470168,1443582.30705252,1684179.35822794,3548806.50483744
2026-06-30,320803.51823380,320803.51823380,721807.91602606,1142862.53370793,1644118.03094825,3548888.92046146,2546377.92598082,1203013.19337677,1022561.21437025,962410.55470141,1443615.83205212,1684218.47072747,3548888.92046146
2026-07-01,300760.04834418,320810.71823379,741874.78591565,1102786.84392867,1624104.26105858,3548968.57046134,2566485.74587035,1203040.19337673,1022584.16437022,962432.15470138,1443648.23205207,1684256.27072742,3548968.57046134
2026-07-02,320817.21823359,320817.21823359,721838.74102557,1102809.18767796,1584035.01502834,3549040.47670906,2566537.74586870,1203064.56837595,1002553.80697996,962451.65470076,1443677.48205114,1684290.39572633,3549040.47670906
2026-07-03,320824.71823170,320824.71823170,621597.89157392,1223144.23825835,1543968.95649005,3589226.53521714,2566597.74585359,1203092.69336887,1002577.24447406,962474.15469510,1443711.23204265,1684329.77071642,3549123.44543817
2026-07-04,240624.27617377,360936.41426066,621612.71344892,1263277.44991231,1544005.77211505,3609364.14260661,2586710.96886807,1203121.38086887,1022653.17373854,962497.10469510,1443745.65704264,1684369.93321642,3549208.07356317
2026-07-05,140366.98297542,441153.37506560,601572.78418037,1283355.27291812,1523984.38659027,3609436.70508221,2566710.54583624,1203145.56836074,1002621.30696728,962516.45468859,1443774.68203289,1684403.79570503,3569331.85280352
2026-07-06,220580.70940780,401055.83528691,581530.96116602,1303431.46468246,1524012.17409027,3589449.72581786,2566757.34583624,1203167.50586074,1002639.58821728,962534.00468859,1443801.00703288,1684434.50820503,3569396.93405352
2026-07-07,340904.79118551,280745.12215277,561490.24430554,1303459.49570929,1524044.94882933,3589526.91895328,2546759.32238585,1223246.60366564,1002661.15054561,962554.70452379,1443832.05678568,1684470.73291662,3569473.69594237
2026-07-08,320858.21817439,260697.30226669,601609.15907697,1303486.51133344,1504022.89769244,3609654.95446185,2546812.10675919,1223271.95678985,1002681.93179496,962574.65452316,1443861.98178474,1684505.64541553,3569547.67719005
2026-07-09,220594.32186976,340918.49743509,621674.90708751,1303511.90195769,1463944.13604479,3649833.32548153,2566915.74539361,1223295.78491414,1002701.46304438,962593.40452260,1443890.10678390,1684538.45791455,3569617.20843798
2026-07-10,320871.11817420,320871.11817420,641742.23634840,1203266.69315325,1403811.14201212,3690017.85900330,2566968.94539360,1223321.13803914,1002722.24429437,962613.35452260,1443920.03178390,1684573.37041455,3569691.18968797
2026-07-11,300823.09516331,280768.22215242,681865.68237017,1203292.38065324,1403841.11076212,3690096.63400328,2567023.74539358,1243402.12667502,1002743.65054437,962633.90452259,1443950.85678389,1684609.33291454,3569767.39593795
2026-07-12,140387.32670121,461272.64487541,661825.96873428,1223375.27553913,1383817.93462622,3710236.49138915,2587137.87777946,1243430.60792501,1002766.61929437,962655.95452259,1443983.93178389,1684647.92041453,3569849.16468794
2026-07-13,401115.64771775,320892.51817420,621729.25396251,1143179.59599558,1343737.41985445,3730375.52377504,2587195.92777946,1243458.50792501,1002789.11929436,962677.55452259,1444016.33178389,1684685.72041453,3569929.26468794
2026-07-14,481350.40226103,280787.73465227,621744.26958717,1143207.20536995,1303657.33945696,3730465.61752300,2587258.41215305,1243488.53917433,1002813.33804382,962700.80452206,1444051.20678310,1684726.40791361,3570015.48343599
2026-07-15,300850.51703778,441247.42498874,681927.83861896,1123175.26360770,1303685.57383037,3730546.41126844,2587314.44652489,1243515.47042281,1002835.05679259,962721.65452089,1444082.48178133,1684762.89541155,3570092.80218163
2026-07-16,280799.06590185,441255.67498861,701997.66475461,1103139.18747153,1323767.02496584,3730616.16126736,2607419.89765999,1243538.72042246,1002853.80679230,962739.65452061,1444109.48178092,1684794.39541107,3570159.55218060
2026-07-17,260747.23039091,481379.50226013,661896.81560768,1103161.35934614,1303736.15195453,3730691.14251603,2607472.30390905,1243563.71417201,1002873.96304194,962759.00452027,1444138.50678040,1684828.25791046,3570231.30842932
2026-07-18,200579.88635829,521507.70453155,681971.61361818,1103189.37497059,1303769.26132888,3730785.88626417,2627596.51129358,1243595.29542139,1002899.43179144,962783.45451979,1444175.18177968,1684871.04540962,3570321.97717753
2026-07-19,120351.10056431,601755.50282156,681989.56986444,1083159.90507882,1283745.07268600,3730884.11749370,2667782.72917560,1243628.03916457,1002925.83803594,962808.80451450,1444213.20677175,1684915.40790038,3570415.98340795
2026-07-20,180530.67272142,561650.98179998,682004.76361427,1103242.99996425,1263714.70904996,3730967.23624275,2667842.16354992,1243655.74541425,1002948.18178569,962830.25451426,1444245.38177139,1684952.94539995,3570495.52715704
2026-07-21,280831.65964977,280831.65964977,862554.38321000,1083207.83007768,1283801.87268466,3731049.19248979,2667900.76667280,1243683.06416326,1002970.21303489,962851.40451349,1444277.10677024,1684989.95789861,3570573.95840420
2026-07-22,260776.80538880,280836.55964948,902688.94173045,1043107.22155519,1303884.02694399,3731114.29248588,2667947.31667001,1243704.76416196,1002987.71303384,962868.20451248,1444302.30676873,1685019.35789685,3570636.25840046
2026-07-23,240722.11362775,280842.46589904,922768.10223971,1023068.98291794,1323971.62495262,3711132.58509447,2688063.60217654,1243730.92041004,1003008.80678229,962888.45451100,1444332.68176650,1685054.79539425,3570711.35214495
2026-07-24,220667.16249150,260788.46476268,962911.25450835,1003032.55677954,1324002.97494899,3711220.46008428,2708187.90330474,1243760.37040662,1003032.55677954,962911.25450835,1444366.88176253,1685094.69538962,3570795.90213514
2026-07-25,180549.76959521,260794.11163752,982993.19001835,982993.19001835,1324031.64369819,3731361.90496763,2688185.45841754,1263848.38716645,1003054.27552893,962932.10450778,1424337.07125108,1685131.18288861,3570873.22088300
2026-07-26,140430.77044903,300923.07953364,962953.85450765,1003076.93177881,1344123.08858360,3731446.18621716,2688246.17716720,1263876.93404129,1003076.93177881,962953.85450765,1424369.24312590,1685169.24538839,3570953.87713255
2026-07-27,220681.70311634,280867.62214807,902788.78547592,1023160.62353938,1324090.21869802,3711465.00695658,2688304.38341720,1263904.29966629,1003098.65052880,922850.75848650,1464524.02977205,1685205.73288839,3571031.19588254
2026-07-28,240748.36362690,220685.99999133,922868.72723646,1023180.54541433,1324115.99994796,3711537.27258141,2688356.72716707,1263928.90904124,1003118.18177876,922868.72723646,1464552.54539699,1685238.54538831,3571100.72713238
2026-07-29,300942.34515863,220691.05311633,862701.38945473,1023203.97353933,1324146.31869796,3731685.07996697,2688418.28341706,1263957.84966623,1003141.15052876,882764.21246530,1524774.54880371,1685277.13288831,3571182.49588237
2026-07-30,361139.25169035,200632.91760575,862721.54570473,1003164.58802875,1304113.96443738,3711708.97570638,2708544.38767763,1263987.38091623,1003164.58802875,882784.83746530,1524810.17380370,1685316.50788830,3571265.93338235
2026-07-31,401275.89771147,280893.12839803,802551.79542294,983125.94939310,1324210.46244785,3691738.25894551,2708612.30955241,1243955.28290555,983125.94939310,862743.18007966,1524848.41130358,1685358.77038817,3571355.48963207
2026-08-01,381221.54345090,341092.95992975,782507.37866236,983150.29626810,1344307.54795842,3691829.68394551,2688615.09591684,1243986.08915555,983150.29626810,862764.54570466,1504821.88204301,1685400.50788817,3571443.93338207
2026-08-02,260841.72413744,481553.95225373,762460.42440173,1003237.40052860,1324273.36869775,3691913.63394524,2688676.23341664,1223949.62864489,983172.65251803,862784.16445459,1504856.10079289,1685438.83288804,3571525.14588180
2026-08-03,280912.94714627,541760.68378210,722347.57837613,1023325.73603285,1324303.89368957,3671933.52341198,2688738.20840003,1223977.84113733,983195.31501195,862804.05194926,1504890.78828360,1685477.68287763,3571607.47085974
2026-08-04,300984.95453006,521707.25451876,742429.55450747,1003283.18176685,1324333.79993225,3672016.44526668,2688798.92713516,1224005.48175556,983217.51813152,862823.53631949,1504924.77265028,1685515.74536831,3571688.12708999
2026-08-05,300991.47015476,581916.84229919,742445.62638173,963172.70449522,1324362.46868092,3672095.93588802,2688857.13338248,1224031.97862934,963172.70449522,862842.21444363,1504957.35077378,1685552.23286663,3571765.44583643
2026-08-06,321063.86816485,521728.78576788,782593.17865182,963191.60449455,1324388.45618000,3672167.99213546,2688909.89588061,1224055.99737849,963191.60449455,862859.14569303,1504986.88202273,1685585.30786546,3571835.53333395
2026-08-07,280937.88464424,541808.77752818,802679.67041212,963215.60449455,1304354.46441970,3652192.50037515,2688976.89588061,1244153.48913879,963215.60449455,862880.64569303,1505024.38202273,1685627.30786545,3571924.53333394
2026-08-08,260876.66163394,481618.45224727,862899.72694303,983304.34000485,1264248.43714909,3672340.69838544,2709103.79389090,1244181.00163878,963236.90449454,862899.72694303,1505057.66327272,1685664.58286545,3572003.52083393
2026-08-09,180611.11021773,521765.42951788,903055.55108863,983327.15562984,1244209.87038878,3692493.80889574,2709166.65326590,1244209.87038878,963259.25449454,862919.74881803,1505092.58514772,1685703.69536545,3572086.40208392
2026-08-10,180614.85084273,501707.91900757,923142.57097393,983347.52125484,1244235.63913878,3692570.28389573,2709222.76264089,1244235.63913878,963279.20449454,862937.62069302,1505123.75702272,1685738.60786544,3572160.38333391
2026-08-11,240824.60112363,401374.33520606,983367.12125484,1003435.83801514,1224191.72237847,3692643.88389571,2709276.76264087,1264329.15589907,963298.40449453,862954.82069302,1505153.75702271,1685772.20786543,3572231.58333389
2026-08-12,280968.29088759,321106.61815724,1003458.18174138,983389.01810656,1204149.81808966,3712795.27244312,2709337.09070174,1264357.30899414,963319.85447173,862974.03629759,1505187.27261208,1685809.74532552,3572311.12699933
2026-08-13,260905.01787776,301044.25139741,963341.60447173,1083759.30503069,1204177.00558966,3712879.10056811,2689328.64581690,1264385.85586914,963341.60447173,862993.52067259,1505221.25698707,1685847.80782552,3572391.78324932
2026-08-14,240840.98861781,301051.23577226,983434.03685606,1103854.53116496,1204204.94308905,3712965.24119125,2709461.12195037,1264415.19024351,963363.95447124,863013.54254715,1505256.17886132,1685886.92032467,3592544.74688234
2026-08-15,200705.44884798,301058.17327196,1003527.24423988,1103879.96866386,1204232.69308785,3713050.80368754,2709523.55944767,1264444.32774224,963386.15447028,863033.43004629,1505290.86635981,1685925.77032299,3592627.53437876
2026-08-16,120426.23180877,381349.73406111,983480.89310496,1123978.16354852,1204262.31808770,3713142.14743708,2729661.25433212,1264475.43399209,963409.85447016,863054.66129619,1505327.89760963,1685967.24532278,3592715.91562831
2026-08-17,200715.35509795,321144.56815672,943362.16896036,1124005.98854852,1204292.13058770,3713234.06931206,2729728.82933211,1264506.73711708,963433.70447016,863076.02692118,1505365.16323462,1686008.98282277,3592804.85625329
2026-08-18,240863.97611754,281007.97213713,963455.90447016,1124031.88854852,1204319.88058770,3693247.63380227,2729791.72933211,1264535.87461708,963455.90447016,863095.91442118,1525471.84874441,1686047.83282277,3592887.64375329
2026-08-19,240868.55111754,301085.68889692,963474.20447016,1103980.85928872,1184270.37632790,3693317.78380226,2729843.57933211,1244487.51410728,963474.20447016,863112.30817118,1525500.82374441,1686079.85782277,3572883.50824349
2026-08-20,341237.24741614,220800.57185750,963493.40446909,1104002.85928750,1184293.97632659,3693391.38379817,2729897.97932908,1244512.31410591,963493.40446909,863129.50817023,1505458.44448295,1666040.67856113,3572954.70823954
2026-08-21,421537.55195439,240878.60111679,943441.18770744,1104026.92178530,1164246.57206449,3673398.66703107,2729957.47932364,1264612.65586316,963514.40446717,863148.32066850,1505491.25697995,1666076.99105781,3573032.58323241
2026-08-22,301105.04827099,301105.04827099,963536.15446716,1104051.84366029,1164272.85331449,3673481.58890606,2730019.10432363,1264641.20273815,963536.15446716,843094.13515877,1505525.24135494,1666114.60043280,3573113.23948240
2026-08-23,140518.68606808,481778.35223343,963556.70446686,1104075.39053494,1144223.58655439,3673559.93577988,2750151.42733248,1264668.17461275,963556.70446686,843112.11640850,1505557.35072946,1666150.13480727,3573189.44573125
2026-08-24,281043.58463476,421565.37695214,903354.37918317,1084025.25501980,1144248.88029868,3653566.60025192,2750212.22106875,1264696.13085643,963578.00446204,843130.75390429,1505590.63197194,1666186.96604895,3573268.43321341
2026-08-25,401499.64769052,321199.71815241,923449.18968819,1084049.04876440,1144273.99591798,3653646.79398371,2750272.58668005,1264723.89022513,963599.15445724,843149.26015009,1505623.67883944,1666223.53791565,3593421.84683013
2026-08-26,381433.69030403,381433.69030403,903395.58229901,1084074.69875882,1124225.61352766,3633657.78658048,2750337.66166589,1244678.35783420,963621.95445228,843169.21014575,1505659.30383169,1666262.96290707,3593506.87181163
2026-08-27,361366.38916768,421594.12069562,923491.88342851,1043947.34648440,1124250.98852166,3613663.89167676,2750399.73977620,1244706.45157755,963643.70444714,843188.24139125,1505693.28819865,1686376.48278249,3593587.98116745
2026-08-28,341297.59740479,441679.24370031,963663.80443705,1023892.79221436,1124274.43850989,3593662.93737982,2770533.43775651,1244732.41406452,963663.80443705,843205.82888242,1505724.69443289,1686411.65776483,3593662.93737982
2026-08-29,240921.38860892,461765.99483377,943608.77205161,1104223.03112423,1124299.81350830,3593744.04674975,2770595.96900260,1244760.50781276,983762.33681977,843224.86013123,1505758.67880576,1686449.72026245,3593744.04674975
2026-08-30,140541.04231291,562164.16925162,923555.42091338,1104251.04674426,1144405.63026223,3573757.93309960,2790743.55449912,1244792.08905716,983787.29619034,843246.25387743,1505796.88192399,1686492.50775487,3593835.22485858
2026-08-31,220855.43434763,501944.16897188,863343.97063163,1144432.70525589,1144432.70525589,3553764.71632091,2810887.34624253,1244821.53905026,983810.57118489,843266.20387276,1505832.50691564,1686532.40774552,3593920.24983866
2026-09-01,301173.25138156,381486.11841665,883441.53738591,1184614.78876748,1144458.35524993,3533766.14954366,2810950.34622791,1244849.43904379,983832.62117977,843285.10386837,1505866.25690781,1686570.20773675,3594000.79981997
2026-09-02,301179.57950446,381494.13403898,843302.82261248,1224796.95665146,1164561.04075057,3533840.39951896,2811009.40870826,1244875.59528509,983853.29304789,843302.82261248,1505897.89752228,1686605.64522496,3594076.31541985
2026-09-03,261028.96473536,341345.56926932,883482.64987353,1264986.52140982,1164590.76574237,3513851.44836061,2831160.30982198,1244907.37027633,983878.40554097,843324.34760655,1505936.33501169,1686648.69521309,3594168.05289457
2026-09-04,301193.78262537,301193.78262537,883501.76236774,1265013.88702654,1164615.95948475,3513927.46396261,2831221.55667845,1244934.30151818,983899.68990953,843342.59135103,1505968.91312683,1686685.18270205,3594245.80599604
2026-09-05,240960.65109880,301200.81387349,903602.44162048,1285123.47252691,1144563.09271928,3493929.44093253,2851367.70466908,1244963.36401044,963842.60439518,843362.27884578,1485924.01510924,1686724.55769157,3594329.71222370
2026-09-06,140563.92355548,421691.77066643,863464.10184079,1325316.99352307,1164672.50945967,3494017.52837901,2871520.15263332,1244994.75149137,983947.46488834,843383.54133286,1485961.47758647,1686767.08266573,3594420.33091863
2026-09-07,160647.98406281,381538.96214918,843401.91632976,1345426.86652605,1164697.88445539,3474012.65535830,2871582.71512276,1245021.87648679,983968.90238472,843401.91632976,1485993.85258101,1686803.83265952,3594498.64340541
2026-09-08,200814.13632535,341384.03175309,843419.37256645,1345454.71337981,1184803.40431954,3474084.55842848,2871642.14945244,1245047.64521714,983989.26799419,843419.37256645,1486024.60880756,1686838.74513290,3594573.04022368
2026-09-09,220901.08432980,301228.75135882,883604.33731919,1345488.42273604,1184833.08867801,3474171.59900501,2871714.09628738,1245078.83894977,984013.92110547,843440.50380468,1486061.84003682,1686881.00760937,3594663.09954854
2026-09-10,240988.10107965,281152.78459292,903705.37904867,1325434.55593805,1164775.82188495,3494327.46565486,2871774.87119911,1245105.18891150,984034.74607522,843458.35377876,1486093.28999115,1686916.70755752,3594739.17443805
2026-09-11,220911.22494133,261076.90220339,923810.57702739,1325467.34964800,1164804.64059976,3474331.08316824,2871845.92423733,1245135.99512388,984059.09292048,843479.22250327,1486130.05869624,1686958.44500654,3594828.11495442
2026-09-12,180749.99142487,220916.65618595,984083.28664651,1345583.26949625,1164833.27807138,3474416.50183359,2891999.86279791,1245166.60759354,984083.28664651,843499.95998272,1486166.59616003,1686999.91996545,3594916.49611684
2026-09-13,120502.78803082,281173.17207191,964022.30424655,1345614.46634414,1164860.28429791,3474497.05488859,2912150.71074478,1245195.47631846,984106.10225168,843519.51621573,1486201.05238009,1687039.03243146,3594999.84291941
2026-09-14,180758.45704398,241011.27605864,943960.83122969,1365730.56433232,1164887.83428345,3454494.95684056,2912219.58570861,1245224.92630299,984129.37723946,843539.46620525,1486236.20236164,1687078.93241051,3595084.86787477
2026-09-15,220932.60617630,200847.82379663,943984.77184417,1365765.20181710,1164917.37802046,3454582.56930206,2912293.44505116,1245256.50753912,984154.33660350,843560.85994585,1486273.89609507,1687121.71989171,3595176.04595971
2026-09-16,281192.90331308,200852.07379505,944004.74683675,1305538.47966785,1164942.02801131,3454655.66927492,2892269.86264877,1245282.85752933,984175.16159576,843578.70993923,1486305.34608340,1687157.41987845,3595252.12093146
2026-09-17,341456.06919820,220942.16242236,923939.95194806,1305567.32340487,1144882.11437043,3434646.34311128,2912419.41374933,1245310.37001696,984196.90533598,843597.34743084,1486338.18356862,1687194.69486168,3595331.55214573
2026-09-18,341464.14419632,220947.38742115,903875.67581378,1325684.32452688,1124823.06323493,3434727.56809236,2932574.41486248,1245339.82001010,984220.18033056,843617.29742619,1486373.33356044,1687234.59485239,3595416.57712592
2026-09-19,281211.40955835,261124.88030418,903893.81643754,1325710.93077506,1124845.63823339,3414709.97320850,2932633.27110847,1245364.81375839,984239.93345421,843634.22867504,1486403.16480840,1687268.45735008,3595488.73649601
2026-09-20,200870.04254125,361566.07657425,863741.18292737,1365916.28928049,1124872.23823099,3414790.72320121,2952789.62535634,1245394.26375574,984263.20845211,843654.17867324,1486438.31480523,1687308.35734648,3595573.76148834
2026-09-21,281224.57830538,341486.98794224,783411.32527927,1386035.42164793,1124898.31322151,3394782.40954349,2952858.07220646,1225335.66261629,984286.02406882,843673.73491613,1486472.77104271,1687347.46983227,3595657.10833304
2026-09-22,441933.89358680,241054.85104734,723164.55314203,1406153.29777617,1124922.63822093,3394855.81891674,2952921.92532995,1205274.25523671,984307.30844332,843691.97866570,1486504.91479195,1687383.95733140,3595734.86145620
2026-09-23,401766.27257073,301324.70442805,743267.60425586,1406181.95399757,1104857.24956952,3394925.00322270,2973070.41702343,1205298.81771220,984327.36779830,843709.17239854,1486535.20851171,1687418.34479708,3595808.13950806
2026-09-24,321419.86804645,381686.09330515,743283.44485741,1406211.92270320,1104880.79640966,3394997.35624058,2973133.77942962,1205324.50517417,984348.34589224,843727.15362192,1486566.88971481,1687454.30724384,3595884.77376961
2026-09-25,341515.88791405,341515.88791405,743299.28545999,1426331.06128808,1084815.17337403,3395069.70926317,2973197.14183994,1205350.19263781,984369.32398755,823655.96496917,1486598.57091997,1687490.26969294,3595961.40803614
2026-09-26,261165.38340434,381703.25266788,743316.86045850,1426364.78628522,1104930.46824912,3395149.98425638,2973267.44183399,1205378.69263540,984392.59898558,823675.43996752,1486633.72091699,1687530.16968956,3596046.43302895
2026-09-27,120540.62551255,522342.71055437,723243.75307528,1446487.50615056,1104955.73386501,3395227.61860341,2993425.53356158,1205406.25512547,984415.10835247,823694.27433574,1486667.71465475,1687568.75717566,3596128.66112432
2026-09-28,281268.67827613,462084.25716793,642899.83605972,1506796.49076498,1084893.47335078,3355133.51943669,2973411.74177622,1205437.19261198,984440.37396645,823715.41495152,1486705.87088811,1687612.06965678,3596220.95795908
2026-09-29,381731.21828500,341548.98478132,663006.85281079,1506833.75638816,1105011.42135132,3355216.49755764,2973485.27927264,1205467.00511053,984464.72084027,823735.78682553,1486742.63963632,1687653.80715474,3596309.89857974
2026-09-30,341556.36915329,321464.81802663,743387.39168658,1486774.78337315,1105035.31196653,3355289.03815292,2973549.56674630,1205493.06759985,984486.00520655,823753.59619323,1486774.78337315,1687690.29463979,3596387.65167289
2026-10-01,261195.73027026,401839.58503117,743403.23230767,1466714.48536378,1105058.85883573,3375452.51426186,2973612.92923068,1205518.75509352,984506.98332638,803679.17006235,1486806.46461534,1687726.25713093,3596464.28602900
2026-10-02,301386.39189707,361663.67027648,763512.19280590,1446654.68110591,1125175.86308238,3355435.16312066,2973679.06671771,1205545.56758826,984528.88019708,803697.04505884,1486839.53335886,1687763.79462357,3596544.27663831
2026-10-03,261206.90214184,361671.09527332,763527.86779922,1466777.21971956,1125198.96307254,3355504.05059132,2973740.11669171,1205570.31757772,984549.09268847,803713.54505181,1486870.05834585,1687798.44460881,3596618.11410686
2026-10-04,120559.71300682,482238.85202729,763544.84904321,1486903.12708414,1125223.98806368,3355578.67868989,2993899.53966942,1205597.13006822,984570.98955572,803731.42004548,1486903.12708414,1687835.98209551,3596698.10470354
2026-10-05,281313.78451240,381782.99326683,703284.46128100,1527131.97306732,1125255.13804960,3335577.73064704,2993982.42088198,1205630.50505315,984598.24579340,803753.67003543,1486944.28956555,1687882.70707441,3596797.67340856
