date,time,oi_btc,oi_usd,oi_usd_open,time_open,ls_ratio,ls_top_position,ls_top_account
2020-09-01,2020-09-01 23:55:00,39187.1910,467388971.1136,456144339.2336,2020-09-01 00:00:00,1.332291,1.246284,1.211845
2020-09-02,2020-09-02 23:55:00,37052.7160,422553990.1171,469705752.9778,2020-09-02 00:00:00,1.853485,1.258374,1.573849
2020-09-03,2020-09-03 23:55:00,30128.3550,307911788.1000,420668850.4989,2020-09-03 00:00:00,1.762712,1.260558,1.457350
2020-09-04,2020-09-04 23:55:00,31714.2410,332032581.2523,309186279.0576,2020-09-04 00:00:00,1.389654,1.243739,1.108244
2020-09-05,2020-09-05 23:55:00,32252.2560,326807142.1327,331284682.1352,2020-09-05 00:00:00,1.478894,1.266301,1.207128
2020-09-06,2020-09-06 23:55:00,33568.4210,344260466.1571,329853616.5617,2020-09-06 00:00:00,1.605946,1.258350,1.283762
2020-09-07,2020-09-07 23:55:00,34369.3180,355929335.6006,344575233.1853,2020-09-07 00:00:00,1.511798,1.269751,1.279078
2020-09-08,2020-09-08 23:55:00,35042.4360,354633232.3013,356950616.0857,2020-09-08 00:00:00,1.690709,1.251080,1.371802
2020-09-09,2020-09-09 23:55:00,34973.4860,357182660.9102,355276287.6935,2020-09-09 00:00:00,1.332409,1.206768,1.127986
2020-09-10,2020-09-10 23:55:00,34481.9020,356356222.4316,357017295.9681,2020-09-10 00:00:00,1.441144,1.206103,1.193763
2020-09-11,2020-09-11 23:55:00,34294.6080,355773951.9505,356054719.2322,2020-09-11 00:00:00,1.429611,1.221880,1.230719
2020-09-12,2020-09-12 23:55:00,34042.0100,355300420.8695,356340816.4157,2020-09-12 00:00:00,1.303626,1.193767,1.136732
2020-09-13,2020-09-13 23:55:00,34378.8730,354565482.2030,355021262.3805,2020-09-13 00:00:00,1.327988,1.155470,1.090619
2020-09-14,2020-09-14 23:55:00,33913.9920,361437013.1803,353793554.0854,2020-09-14 00:00:00,1.106753,1.110388,0.945801
2020-09-15,2020-09-15 23:55:00,34477.6540,371550026.3879,362581925.8612,2020-09-15 00:00:00,1.109834,1.139874,0.955100
2020-09-16,2020-09-16 23:55:00,36355.7080,397721160.5124,371726752.5688,2020-09-16 00:00:00,1.079811,1.126703,0.916783
2020-09-17,2020-09-17 23:55:00,34570.3110,377825389.4761,397730298.1543,2020-09-17 00:00:00,1.142436,1.152940,0.971995
2020-09-18,2020-09-18 23:55:00,34158.4560,372742608.1591,378810014.8415,2020-09-18 00:00:00,1.121712,1.113866,0.949705
2020-09-19,2020-09-19 23:55:00,36127.3770,399968503.8035,373528192.6237,2020-09-19 00:00:00,1.153275,1.103087,0.985112
2020-09-20,2020-09-20 23:55:00,36480.9750,398142416.8575,399769524.2929,2020-09-20 00:00:00,1.070262,1.116744,0.902350
2020-09-21,2020-09-21 23:55:00,37425.2340,390424157.8637,397883218.5289,2020-09-21 00:00:00,1.036803,1.240582,0.840924
2020-09-22,2020-09-22 23:55:00,37982.3380,399781975.2800,391234769.0150,2020-09-22 00:00:00,1.093711,1.150393,0.866426
2020-09-23,2020-09-23 23:55:00,40809.5250,417593666.9438,399822109.5278,2020-09-23 00:00:00,1.019561,1.147425,0.824444
2020-09-24,2020-09-24 23:55:00,37027.2410,396962640.6506,418370093.4387,2020-09-24 00:00:00,0.966379,1.078539,0.756310
2020-09-25,2020-09-25 23:55:00,36707.3060,392094595.1349,396970203.9944,2020-09-25 00:00:00,1.048240,1.140381,0.886633
2020-09-26,2020-09-26 23:55:00,37682.3530,404610485.0363,392397046.5906,2020-09-26 00:00:00,1.073448,1.131087,0.933814
2020-09-27,2020-09-27 23:55:00,37528.1560,403959416.7561,405043784.8335,2020-09-27 00:00:00,1.000806,1.140363,0.858705
2020-09-28,2020-09-28 23:55:00,33285.9530,356281856.5475,405779853.0857,2020-09-28 00:00:00,1.103555,1.147885,0.965608
2020-09-29,2020-09-29 23:55:00,35252.3180,382036235.5852,355888230.7424,2020-09-29 00:00:00,1.040387,1.136270,0.872758
2020-09-30,2020-09-30 23:55:00,35850.4120,385903514.3792,382375213.1154,2020-09-30 00:00:00,1.072360,1.112585,0.936549
2020-10-01,2020-10-01 23:55:00,35652.9690,378259461.5461,384641539.5353,2020-10-01 00:00:00,1.199946,1.104059,1.026728
2020-10-02,2020-10-02 23:55:00,37204.1480,392972862.0852,379191378.1136,2020-10-02 00:00:00,1.182351,1.102757,1.032662
2020-10-03,2020-10-03 23:55:00,37442.2360,394461217.2007,393216815.6967,2020-10-03 00:00:00,1.166927,1.089714,0.993130
2020-10-04,2020-10-04 23:55:00,37256.2040,397098603.3924,395126338.2173,2020-10-04 00:00:00,1.111838,1.083874,0.917329
2020-10-05,2020-10-05 23:55:00,39601.2810,427195650.6850,396330861.9797,2020-10-05 00:00:00,0.980206,1.069573,0.826224
2020-10-06,2020-10-06 23:55:00,37143.0330,393690538.9760,429279831.7855,2020-10-06 00:00:00,0.987638,1.102089,0.810555
2020-10-07,2020-10-07 23:55:00,37921.5060,404212916.7552,393679711.3149,2020-10-07 00:00:00,1.008161,1.093588,0.828294
2020-10-08,2020-10-08 23:55:00,38742.0760,421992180.0019,405243225.4351,2020-10-08 00:00:00,1.108038,1.083195,0.889319
2020-10-09,2020-10-09 23:55:00,39056.2470,431979092.7161,422366468.5612,2020-10-09 00:00:00,1.114658,1.143159,0.879659
2020-10-10,2020-10-10 23:55:00,38484.2350,434753401.7078,431832285.7036,2020-10-10 00:00:00,1.331335,1.231608,1.059014
2020-10-11,2020-10-11 23:55:00,39347.6920,447662233.1763,434768775.2403,2020-10-11 00:00:00,1.362012,1.191113,1.095950
2020-10-12,2020-10-12 23:55:00,37400.8370,431558159.9170,447414858.4207,2020-10-12 00:00:00,1.333632,1.247047,1.039808
2020-10-13,2020-10-13 23:55:00,37219.8790,425052601.5460,430984129.6661,2020-10-13 00:00:00,1.391582,1.188227,1.106624
2020-10-14,2020-10-14 23:55:00,36215.9910,413711562.3889,424665904.8339,2020-10-14 00:00:00,1.322245,1.167144,1.019552
2020-10-15,2020-10-15 23:55:00,36736.6680,422106954.5105,413779444.5571,2020-10-15 00:00:00,1.259707,1.153425,0.993262
2020-10-16,2020-10-16 23:55:00,37653.3040,425993126.2287,422623692.0079,2020-10-16 00:00:00,1.385431,1.196976,1.103564
2020-10-17,2020-10-17 23:55:00,36756.6580,417635413.8385,426431513.9683,2020-10-17 00:00:00,1.370405,1.143662,1.045944
2020-10-18,2020-10-18 23:55:00,38448.5810,441669955.4255,417484148.1319,2020-10-18 00:00:00,1.270739,1.116668,0.995432
2020-10-19,2020-10-19 23:55:00,41292.4280,484804824.4599,438745010.3035,2020-10-19 00:00:00,1.233872,1.110249,0.999187
2020-10-20,2020-10-20 23:55:00,45281.7910,539079269.0371,485625747.3150,2020-10-20 00:00:00,0.938253,1.072153,0.767547
2020-10-21,2020-10-21 23:55:00,44772.7110,573981839.6985,538288090.2749,2020-10-21 00:00:00,1.428712,1.150610,1.131429
2020-10-22,2020-10-22 23:55:00,46338.0670,600648000.7652,575588560.0229,2020-10-22 00:00:00,1.379342,1.161655,1.160010
2020-10-23,2020-10-23 23:55:00,46610.2080,602646684.3360,600745355.6518,2020-10-23 00:00:00,1.295375,1.142299,1.127577
2020-10-24,2020-10-24 23:55:00,48744.0020,639163899.0699,602265229.0293,2020-10-24 00:00:00,1.330031,1.164833,1.155958
2020-10-25,2020-10-25 23:55:00,44291.6680,576677517.3600,640041579.3580,2020-10-25 00:00:00,1.345450,1.107227,1.144846
2020-10-26,2020-10-26 23:55:00,44500.3210,581315703.2808,577176881.5307,2020-10-26 00:00:00,1.294838,1.057372,1.056259
2020-10-27,2020-10-27 23:55:00,47608.0940,649311921.4541,580462056.3529,2020-10-27 00:00:00,1.198228,1.093184,0.988742
2020-10-28,2020-10-28 23:55:00,42091.3210,558179742.3924,646641616.2154,2020-10-28 00:00:00,1.494934,1.026789,1.266032
2020-10-29,2020-10-29 23:55:00,45595.4980,612671206.7640,557717451.9799,2020-10-29 00:00:00,1.121198,1.054231,0.927658
2020-10-30,2020-10-30 23:55:00,47562.0080,644787363.9390,613049615.7717,2020-10-30 00:00:00,1.102629,1.043109,0.911104
2020-10-31,2020-10-31 23:55:00,49524.5840,682941041.8850,644476432.8074,2020-10-31 00:00:00,1.124141,1.071584,0.930623
2020-11-01,2020-11-01 23:55:00,49485.4950,679451186.8534,672385669.0841,2020-11-01 00:00:00,1.233642,1.083107,1.042323
2020-11-02,2020-11-02 23:55:00,47957.2830,649206698.1215,677883985.4712,2020-11-02 00:00:00,1.133034,1.076118,0.935893
2020-11-03,2020-11-03 23:55:00,49268.3840,688476388.9526,644316576.3464,2020-11-03 00:00:00,1.065389,1.052657,0.875960
2020-11-04,2020-11-04 23:55:00,49374.3890,697511993.4030,699009177.4145,2020-11-04 00:00:00,1.055235,1.081825,0.915254
2020-11-05,2020-11-05 23:55:00,46073.9810,716886264.4103,697750897.8695,2020-11-05 00:00:00,1.337997,1.194786,1.079844
2020-11-06,2020-11-06 23:55:00,44019.1010,685215412.2783,718676199.0129,2020-11-06 00:00:00,1.524105,1.294758,1.347767
2020-11-07,2020-11-07 23:55:00,39227.0380,581560844.1394,687815572.4386,2020-11-07 00:00:00,1.433027,1.257284,1.251039
2020-11-08,2020-11-08 23:55:00,41441.6380,641945298.6826,578670414.9273,2020-11-08 00:00:00,1.443904,1.149715,1.140520
2020-11-09,2020-11-09 23:55:00,39379.2900,603877269.0407,643187966.4736,2020-11-09 00:00:00,1.541212,1.153834,1.311864
2020-11-10,2020-11-10 23:55:00,39092.1880,597277880.9067,601345934.2445,2020-11-10 00:00:00,1.619568,1.164885,1.358174
2020-11-11,2020-11-11 23:55:00,41561.0430,652082503.3732,596948602.6283,2020-11-11 00:00:00,1.420581,1.194547,1.225419
2020-11-12,2020-11-12 23:55:00,42944.9880,698404441.8076,649664510.9049,2020-11-12 00:00:00,1.342368,1.135388,1.156544
2020-11-13,2020-11-13 23:55:00,42256.7770,689439543.8107,706167409.2268,2020-11-13 00:00:00,1.498978,1.126805,1.337357
2020-11-14,2020-11-14 23:55:00,41793.5590,671972761.6003,690030241.4993,2020-11-14 00:00:00,1.515365,1.124912,1.315821
2020-11-15,2020-11-15 23:55:00,42107.6040,671952723.5560,672062798.8750,2020-11-15 00:00:00,1.422743,1.124078,1.200910
2020-11-16,2020-11-16 23:55:00,43324.4300,724341671.1316,672495376.7704,2020-11-16 00:00:00,1.251782,1.106821,1.048595
2020-11-17,2020-11-17 23:55:00,42335.0910,748637661.9094,723092694.2578,2020-11-17 00:00:00,1.378263,1.178514,1.165602
2020-11-18,2020-11-18 23:55:00,39068.2830,696687737.0662,747755790.1479,2020-11-18 00:00:00,1.680619,1.305098,1.500205
2020-11-19,2020-11-19 23:55:00,40221.4150,716919371.8128,696393992.1586,2020-11-19 00:00:00,1.685315,1.197123,1.462201
2020-11-20,2020-11-20 23:55:00,39453.2070,735465380.1622,714847444.9669,2020-11-20 00:00:00,1.770222,1.230015,1.504743
2020-11-21,2020-11-21 23:55:00,42288.9590,791581650.1456,737844678.9002,2020-11-21 00:00:00,1.887425,1.207986,1.647628
2020-11-22,2020-11-22 23:55:00,41990.9730,773686616.8931,788402731.2754,2020-11-22 00:00:00,1.622326,1.274578,1.393741
2020-11-23,2020-11-23 23:55:00,39665.4450,729655678.6723,775609279.9968,2020-11-23 00:00:00,1.943371,1.250603,1.599011
2020-11-24,2020-11-24 23:55:00,44511.4910,851978777.2211,727809527.4913,2020-11-24 00:00:00,1.791989,1.296204,1.585315
2020-11-25,2020-11-25 23:55:00,44750.0730,840894594.2364,851695579.9759,2020-11-25 00:00:00,2.256448,1.254405,1.980277
2020-11-26,2020-11-26 23:55:00,35140.4870,599250724.8110,841389733.4903,2020-11-26 00:00:00,1.717319,1.252413,1.477087
2020-11-27,2020-11-27 23:55:00,35378.5050,605088553.6765,603221360.8910,2020-11-27 00:00:00,1.731842,1.106265,1.466447
2020-11-28,2020-11-28 23:55:00,35552.9820,629485485.7737,606392370.4420,2020-11-28 00:00:00,1.535246,1.136633,1.257049
2020-11-29,2020-11-29 23:55:00,35741.0440,649337676.8162,630822200.1891,2020-11-29 00:00:00,1.381006,1.162484,1.153149
2020-11-30,2020-11-30 23:55:00,38633.0310,759679148.9234,649949637.3341,2020-11-30 00:00:00,1.496433,1.218573,1.320767
2020-12-01,2020-12-01 23:55:00,34648.8810,653567982.7506,767078836.8627,2020-12-01 00:00:00,1.521553,1.286118,1.441985
2020-12-02,2020-12-02 23:55:00,35594.7430,683281299.8886,651767045.8664,2020-12-02 00:00:00,1.627981,1.240413,1.413696
2020-12-03,2020-12-03 23:55:00,38522.2340,749257689.9125,684541130.9836,2020-12-03 00:00:00,1.539552,1.260685,1.421086
2020-12-04,2020-12-04 23:55:00,38820.1840,727933213.4670,748417438.8933,2020-12-04 00:00:00,1.473616,1.187439,1.284880
2020-12-05,2020-12-05 23:55:00,38479.1490,735973344.9199,724401025.0685,2020-12-05 00:00:00,1.330959,1.213677,1.124382
2020-12-06,2020-12-06 23:55:00,40080.9660,775533424.8982,736066529.3346,2020-12-06 00:00:00,1.166678,1.232165,1.080046
2020-12-07,2020-12-07 23:55:00,39321.4370,754615177.2385,776613782.5619,2020-12-07 00:00:00,1.511871,1.211411,1.353533
2020-12-08,2020-12-08 23:55:00,39386.5700,721347305.5935,754229541.5152,2020-12-08 00:00:00,1.363543,1.176926,1.223586
2020-12-09,2020-12-09 23:55:00,38542.6610,715084100.3469,722619608.1775,2020-12-09 00:00:00,1.211322,1.061523,0.981664
2020-12-10,2020-12-10 23:55:00,38783.4510,708761361.6728,714327635.3221,2020-12-10 00:00:00,1.346294,1.135405,1.185804
2020-12-11,2020-12-11 23:55:00,38702.7940,698579584.2648,707911204.6469,2020-12-11 00:00:00,1.219567,1.104910,1.055429
2020-12-12,2020-12-12 23:55:00,39531.1170,742751178.3152,695486225.1407,2020-12-12 00:00:00,1.143704,1.060994,0.946404
2020-12-13,2020-12-13 23:55:00,39561.3640,758524669.6767,743922052.6966,2020-12-13 00:00:00,1.123680,1.077801,1.035773
2020-12-14,2020-12-14 23:55:00,40263.8100,775914886.4764,760212235.8487,2020-12-14 00:00:00,1.157187,1.065236,1.085421
2020-12-15,2020-12-15 23:55:00,42855.6300,832837979.8899,776742358.7001,2020-12-15 00:00:00,0.949089,1.071361,0.917504
2020-12-16,2020-12-16 23:55:00,42631.3130,911883785.0700,832076367.1857,2020-12-16 00:00:00,1.145663,1.213008,1.014732
2020-12-17,2020-12-17 23:55:00,35828.2430,817959663.5863,906278946.6309,2020-12-17 00:00:00,1.414737,1.268311,1.332197
2020-12-18,2020-12-18 23:55:00,37291.1260,862642026.6532,821547935.6508,2020-12-18 00:00:00,1.538798,1.240240,1.439626
2020-12-19,2020-12-19 23:55:00,40639.7450,970198321.9493,861146198.0722,2020-12-19 00:00:00,1.599436,1.271893,1.543876
2020-12-20,2020-12-20 23:55:00,39242.1650,923171931.6250,968471547.6483,2020-12-20 00:00:00,1.586521,1.220523,1.549712
2020-12-21,2020-12-21 23:55:00,35995.4250,823402545.9600,924409713.0070,2020-12-21 00:00:00,1.343107,1.227174,1.251818
2020-12-22,2020-12-22 23:55:00,37769.4970,899252443.2931,817085402.1200,2020-12-22 00:00:00,1.436895,1.221921,1.290893
2020-12-23,2020-12-23 23:55:00,31058.9650,721578857.5363,905586952.5493,2020-12-23 00:00:00,1.419886,1.053595,1.338686
2020-12-24,2020-12-24 23:55:00,34169.8120,811659868.2269,723310077.3068,2020-12-24 00:00:00,1.392944,1.145847,1.269660
2020-12-25,2020-12-25 23:55:00,36534.3090,901266572.4035,811961590.8182,2020-12-25 00:00:00,1.421288,1.216751,1.353385
2020-12-26,2020-12-26 23:55:00,35241.5730,932315813.7150,907841514.1577,2020-12-26 00:00:00,1.580769,1.226874,1.481401
2020-12-27,2020-12-27 23:55:00,32510.8420,857335899.3211,934037014.5138,2020-12-27 00:00:00,1.682030,1.206015,1.638330
2020-12-28,2020-12-28 23:55:00,33455.1680,908508542.2080,859908441.8375,2020-12-28 00:00:00,1.827609,1.185293,1.565990
2020-12-29,2020-12-29 23:55:00,35302.8630,968632541.3928,908281262.6448,2020-12-29 00:00:00,2.004735,1.217992,1.807880
2020-12-30,2020-12-30 23:55:00,34776.3760,1003030321.7410,961553466.6774,2020-12-30 00:00:00,1.610815,1.186714,1.526975
2020-12-31,2020-12-31 23:55:00,34884.3030,1011644787.0000,1005718169.1877,2020-12-31 00:00:00,1.601485,1.218250,1.585165
2021-01-01,2021-01-01 23:55:00,36157.8090,1059723551.9366,1011332738.1475,2021-01-01 00:00:00,1.574279,1.185750,1.513454
2021-01-02,2021-01-02 23:55:00,34853.3230,1119706916.5620,1062085986.5386,2021-01-02 00:00:00,1.578061,1.201787,1.519166
2021-01-03,2021-01-03 23:55:00,33950.2880,1116764847.5066,1121194104.2189,2021-01-03 00:00:00,2.006606,1.202524,1.906429
2021-01-04,2021-01-04 23:55:00,30435.6850,973231246.7552,1116826744.3272,2021-01-04 00:00:00,1.905333,1.215396,1.775252
2021-01-05,2021-01-05 23:55:00,30162.0860,1026594346.1291,973250011.3208,2021-01-05 00:00:00,1.921589,1.264479,1.808997
2021-01-06,2021-01-06 23:55:00,28133.6490,1034528565.8348,1025199762.1671,2021-01-06 00:00:00,1.921717,1.188946,1.884790
2021-01-07,2021-01-07 23:55:00,30082.8580,1190553773.2936,1040398678.5200,2021-01-07 00:00:00,2.138742,1.189245,2.038833
2021-01-08,2021-01-08 23:55:00,27038.6470,1101461648.1784,1185947647.2030,2021-01-08 00:00:00,2.510841,1.471455,2.709397
2021-01-09,2021-01-09 23:55:00,30824.9000,1238537249.0682,1096093499.9545,2021-01-09 00:00:00,2.863820,1.382682,3.502422
2021-01-10,2021-01-10 23:55:00,30599.6680,1175269709.0253,1244605279.0968,2021-01-10 00:00:00,2.604552,1.513127,3.022505
2021-01-11,2021-01-11 23:55:00,26862.8190,956422464.5351,1168484138.0000,2021-01-11 00:00:00,2.488107,1.283430,2.541186
2021-01-12,2021-01-12 23:55:00,23878.6650,810547672.5860,949851457.9534,2021-01-12 00:00:00,2.059891,1.284002,2.205351
2021-01-13,2021-01-13 23:55:00,28173.0610,1053463531.6567,813686190.6068,2021-01-13 00:00:00,2.521419,1.102608,2.205223
2021-01-14,2021-01-14 23:55:00,27287.5130,1071136121.9232,1054441612.7644,2021-01-14 00:00:00,1.923736,1.155007,1.888632
2021-01-15,2021-01-15 23:55:00,28049.0290,1029091105.4713,1067678625.6016,2021-01-15 00:00:00,2.282559,1.114535,2.190430
2021-01-16,2021-01-16 23:55:00,27405.6910,992808664.5941,1032069709.6307,2021-01-16 00:00:00,2.152010,1.111889,1.960401
2021-01-17,2021-01-17 23:55:00,26739.1160,957361120.9689,988163897.3446,2021-01-17 00:00:00,2.235467,1.174448,2.115459
2021-01-18,2021-01-18 23:55:00,27609.2060,1014737989.7337,956327919.5495,2021-01-18 00:00:00,2.809614,1.170702,2.549992
2021-01-19,2021-01-19 23:55:00,28433.5700,1028627045.1050,1008132556.9421,2021-01-19 00:00:00,2.456203,1.153643,2.279530
2021-01-20,2021-01-20 23:55:00,29734.3050,1060055626.1537,1019349361.5664,2021-01-20 00:00:00,2.379145,1.177780,2.126797
2021-01-21,2021-01-21 23:55:00,29618.6200,910163128.6765,1050339044.3207,2021-01-21 00:00:00,2.061408,1.049936,2.062102
2021-01-22,2021-01-22 23:55:00,26622.5890,875729299.5356,919214567.7901,2021-01-22 00:00:00,1.962440,1.016173,1.772792
2021-01-23,2021-01-23 23:55:00,26416.4580,846841501.5965,883294689.7639,2021-01-23 00:00:00,1.716920,1.018597,1.628436
2021-01-24,2021-01-24 23:55:00,27114.9690,874918975.8727,848769659.7747,2021-01-24 00:00:00,1.807590,1.013638,1.623221
2021-01-25,2021-01-25 23:55:00,27571.9680,891489453.0507,876360755.4751,2021-01-25 00:00:00,2.072125,1.079290,1.904230
2021-01-26,2021-01-26 23:55:00,27747.4220,903872271.6500,891864699.1738,2021-01-26 00:00:00,1.877306,1.157400,1.666429
2021-01-27,2021-01-27 23:55:00,28908.0270,878470665.1014,899406516.3017,2021-01-27 00:00:00,1.939997,1.153410,1.832305
2021-01-28,2021-01-28 23:55:00,30137.1270,1000399501.7424,873717564.9828,2021-01-28 00:00:00,1.469393,1.105750,1.332346
2021-01-29,2021-01-29 23:55:00,29140.1250,995858818.0538,1009433526.5527,2021-01-29 00:00:00,2.731816,1.265735,2.650970
2021-01-30,2021-01-30 23:55:00,30149.6050,1035269297.5927,999895502.6781,2021-01-30 00:00:00,2.874260,1.320877,2.723072
2021-01-31,2021-01-31 23:55:00,31344.4850,1040770267.7896,1032208437.6696,2021-01-31 00:00:00,2.485170,1.232850,2.200215
2021-02-01,2021-02-01 23:55:00,29459.0310,987395029.8336,1037008017.7693,2021-02-01 00:00:00,2.580613,1.308231,2.301689
2021-02-02,2021-02-02 23:55:00,29932.5390,1064149952.8378,983678061.8031,2021-02-02 00:00:00,2.345442,1.352076,2.145221
2021-02-03,2021-02-03 23:55:00,29215.5920,1095584700.0000,1060319023.9240,2021-02-03 00:00:00,1.922178,1.399997,1.823908
2021-02-04,2021-02-04 23:55:00,28884.9130,1069294927.0840,1105623022.7777,2021-02-04 00:00:00,1.784358,1.401082,1.866804
2021-02-05,2021-02-05 23:55:00,29960.3300,1143668469.0867,1068760046.4522,2021-02-05 00:00:00,2.048732,1.316143,1.955523
2021-02-06,2021-02-06 23:55:00,34135.4040,1343977419.5178,1163861339.4718,2021-02-06 00:00:00,2.064646,1.407039,2.355838
2021-02-07,2021-02-07 23:55:00,31569.9920,1228217595.0633,1336464420.7939,2021-02-07 00:00:00,2.267764,1.305349,2.286663
2021-02-08,2021-02-08 23:55:00,35475.8310,1644533585.9599,1222884634.3698,2021-02-08 00:00:00,2.251247,1.429652,2.198077
2021-02-09,2021-02-09 23:55:00,33927.8420,1580913939.8551,1654168211.9785,2021-02-09 00:00:00,2.224849,1.397617,2.542091
2021-02-10,2021-02-10 23:55:00,32793.7650,1472440048.5000,1577692957.2985,2021-02-10 00:00:00,2.551519,1.373895,2.819291
2021-02-11,2021-02-11 23:55:00,35913.5390,1717762527.1395,1465497637.8319,2021-02-11 00:00:00,2.609674,1.416991,2.660472
2021-02-12,2021-02-12 23:55:00,35273.3120,1678436107.1469,1733523387.7529,2021-02-12 00:00:00,2.759898,1.416805,2.991646
2021-02-13,2021-02-13 23:55:00,33599.6430,1584323630.3826,1662656558.8095,2021-02-13 00:00:00,2.772501,1.356014,2.855598
2021-02-14,2021-02-14 23:55:00,37214.9420,1815942131.5708,1584980647.2287,2021-02-14 00:00:00,2.521590,1.365457,2.694883
2021-02-15,2021-02-15 23:55:00,34485.7790,1655504428.4068,1810428865.7180,2021-02-15 00:00:00,1.994479,1.430296,2.196400
2021-02-16,2021-02-16 23:55:00,34695.4990,1711318481.5706,1655715530.4230,2021-02-16 00:00:00,2.366641,1.383013,2.348180
2021-02-17,2021-02-17 23:55:00,37614.4360,1965265510.9310,1706206599.3504,2021-02-17 00:00:00,1.885130,1.370359,1.928571
2021-02-18,2021-02-18 23:55:00,35206.3690,1821481066.6089,1961734469.0446,2021-02-18 00:00:00,2.209537,1.313830,2.339153
2021-02-19,2021-02-19 20:00:00,35107.2760,1936291744.6057,1818387246.6958,2021-02-19 00:00:00,1.929863,1.407730,1.894190
2021-02-20,2021-02-20 23:55:00,33056.5970,1854298238.9060,1970518779.3099,2021-02-20 01:20:00,2.212629,1.345391,2.355809
2021-02-21,2021-02-21 23:55:00,33112.9510,1904029967.3202,1843850492.8443,2021-02-21 00:00:00,2.263523,1.331440,2.218173
2021-02-22,2021-02-22 23:55:00,28756.2340,1563005523.7599,1898624573.7144,2021-02-22 00:00:00,2.497813,1.280727,2.453433
2021-02-23,2021-02-23 23:55:00,25903.1940,1257399600.7375,1563218788.5972,2021-02-23 00:00:00,1.935463,1.309036,2.078873
2021-02-24,2021-02-24 23:55:00,27406.7360,1358375436.4771,1271964225.2776,2021-02-24 00:00:00,2.141037,1.267851,2.064208
2021-02-25,2021-02-25 23:55:00,28832.8110,1359226859.5908,1360318794.7939,2021-02-25 00:00:00,2.478625,1.236519,2.408189
2021-02-26,2021-02-26 23:55:00,27216.5400,1258228809.1620,1356321289.7894,2021-02-26 00:00:00,2.388340,1.227482,2.281120
2021-02-27,2021-02-27 23:55:00,27497.2300,1269491564.6954,1257364330.1783,2021-02-27 00:00:00,2.166430,1.239655,1.972228
2021-02-28,2021-02-28 23:55:00,29564.7600,1328386993.0580,1269019075.7331,2021-02-28 00:00:00,1.891378,1.314845,1.839919
2021-03-01,2021-03-01 23:55:00,28840.6520,1429215814.2512,1335132796.9326,2021-03-01 00:00:00,2.153520,1.258935,1.863949
2021-03-02,2021-03-02 23:55:00,28791.3030,1389096663.4995,1431918806.7967,2021-03-02 00:00:00,2.105481,1.270616,2.048287
2021-03-03,2021-03-03 23:55:00,28925.1190,1462056007.0026,1398417665.0163,2021-03-03 00:00:00,2.302779,1.239409,2.125196
2021-03-04,2021-03-04 23:55:00,29503.3950,1432298149.3407,1456021737.8361,2021-03-04 00:00:00,2.656790,1.244112,2.269223
2021-03-05,2021-03-05 23:55:00,29004.5120,1418747873.2618,1425343573.2037,2021-03-05 00:00:00,2.237786,1.285446,2.030699
2021-03-06,2021-03-06 23:55:00,28446.6780,1391545809.1593,1412577201.5877,2021-03-06 00:00:00,2.136072,1.252785,1.918119
2021-03-07,2021-03-07 23:55:00,29477.7630,1516338818.6702,1392729472.7556,2021-03-07 00:00:00,1.970975,1.319772,1.829352
2021-03-08,2021-03-08 23:55:00,33044.0770,1729001589.3557,1490615480.7155,2021-03-08 00:00:00,1.942935,1.396526,1.852265
2021-03-09,2021-03-09 23:55:00,32327.7590,1771113130.4603,1736683111.2831,2021-03-09 00:00:00,2.028937,1.292799,1.958450
2021-03-10,2021-03-10 23:55:00,32634.8490,1829055031.4934,1780294082.3943,2021-03-10 00:00:00,2.001041,1.324982,2.103626
2021-03-11,2021-03-11 23:55:00,34272.7750,1982609089.1058,1829858146.1315,2021-03-11 00:00:00,1.941832,1.205552,1.929772
2021-03-12,2021-03-12 23:55:00,32132.6240,1842930660.9811,1982929148.4684,2021-03-12 00:00:00,1.915155,1.167945,1.993754
2021-03-13,2021-03-13 23:55:00,35770.3530,2195101725.0780,1840476098.9779,2021-03-13 00:00:00,2.118765,1.290490,2.157742
2021-03-14,2021-03-14 23:55:00,36179.0100,2152239138.0945,2190640996.9349,2021-03-14 00:00:00,2.536636,1.271952,2.809557
2021-03-15,2021-03-15 23:55:00,34047.9180,1898304215.3802,2145126245.3920,2021-03-15 00:00:00,3.173916,1.197653,3.077733
2021-03-16,2021-03-16 23:55:00,33094.8920,1873164338.0740,1901465834.6202,2021-03-16 00:00:00,3.028513,1.203211,2.828406
2021-03-17,2021-03-17 23:55:00,31721.8960,1862328753.1490,1897510794.3008,2021-03-17 00:00:00,2.726615,1.219682,2.546089
2021-03-18,2021-03-18 23:55:00,32328.0660,1866634815.5051,1882921743.1503,2021-03-18 00:00:00,3.123058,1.251592,3.166497
2021-03-19,2021-03-19 23:55:00,32252.5490,1874518470.4055,1867971906.0036,2021-03-19 00:00:00,2.635254,1.250121,2.631600
2021-03-20,2021-03-20 23:55:00,32279.6190,1879612798.0049,1875796326.7531,2021-03-20 00:00:00,2.841464,1.260928,2.897993
2021-03-21,2021-03-21 23:55:00,32383.4210,1861848107.9554,1877968360.8737,2021-03-21 00:00:00,2.975791,1.220568,2.703108
2021-03-22,2021-03-22 23:55:00,33259.7000,1805769800.8584,1862169715.6606,2021-03-22 00:00:00,3.459959,1.183313,3.283562
2021-03-23,2021-03-23 23:55:00,34294.4330,1873021666.2290,1800355944.0325,2021-03-23 00:00:00,2.770954,1.239873,2.425792
2021-03-24,2021-03-24 23:55:00,32827.4660,1725994628.7562,1863646364.6373,2021-03-24 00:00:00,3.128701,1.117327,2.981869
2021-03-25,2021-03-25 23:55:00,34284.8070,1764738550.6464,1729347316.4059,2021-03-25 00:00:00,2.548414,1.179573,2.413547
2021-03-26,2021-03-26 23:55:00,32959.3790,1811841993.6066,1763208005.6422,2021-03-26 00:00:00,2.567962,1.125248,2.105904
2021-03-27,2021-03-27 23:55:00,32052.8680,1792878717.6626,1825532258.5840,2021-03-27 00:00:00,2.117259,1.160323,1.934478
2021-03-28,2021-03-28 23:55:00,31254.0380,1743707785.8347,1797000078.4828,2021-03-28 00:00:00,2.225001,1.164198,2.120264
2021-03-29,2021-03-29 23:55:00,32452.0490,1872899028.1287,1747649586.4892,2021-03-29 00:00:00,2.093959,1.239141,2.067406
2021-03-30,2021-03-30 23:55:00,34422.8550,2023003305.8375,1867768387.4208,2021-03-30 00:00:00,2.245603,1.290215,2.137456
2021-03-31,2021-03-31 23:55:00,34405.7380,2022767324.8994,2022226282.1488,2021-03-31 00:00:00,2.279239,1.331433,2.354865
2021-04-01,2021-04-01 23:55:00,33391.1360,1964385504.8688,2022059257.9168,2021-04-01 00:00:00,2.226033,1.273468,2.264820
2021-04-02,2021-04-02 23:55:00,34460.8420,2034266395.6917,1961707356.2437,2021-04-02 00:00:00,2.716777,1.282219,2.695071
2021-04-03,2021-04-03 23:55:00,34709.8590,1985741314.6295,2033698057.2254,2021-04-03 00:00:00,2.316649,1.262450,2.440108
2021-04-04,2021-04-04 23:55:00,33790.2760,1966932303.8628,1986701992.1258,2021-04-04 00:00:00,2.483177,1.228502,2.321620
2021-04-05,2021-04-05 23:55:00,33813.5400,1989359099.6634,1966425071.7815,2021-04-05 00:00:00,2.495339,1.288316,2.575601
2021-04-06,2021-04-06 23:55:00,33522.8470,1948327753.9318,2016719975.9854,2021-04-06 00:00:00,3.078525,1.275079,3.083362
2021-04-07,2021-04-07 23:55:00,34826.6570,1955697921.7112,1945195359.0192,2021-04-07 00:00:00,3.108595,1.233113,2.845050
2021-04-08,2021-04-08 23:55:00,33301.0540,1934447532.2578,1959283366.0591,2021-04-08 00:00:00,2.531729,1.225790,2.303536
2021-04-09,2021-04-09 23:55:00,32345.3670,1881967631.2055,1930089450.6394,2021-04-09 00:00:00,2.567717,1.213413,2.639126
2021-04-10,2021-04-10 23:55:00,33780.5950,2020166397.1291,1882033736.5295,2021-04-10 00:00:00,3.005070,1.222564,3.124884
2021-04-11,2021-04-11 23:55:00,34467.7730,2072716460.9253,2016139272.4933,2021-04-11 00:00:00,2.967894,1.260118,3.123058
2021-04-12,2021-04-12 23:55:00,35852.3390,2149861845.5913,2068541575.7180,2021-04-12 00:00:00,3.291015,1.221985,3.566882
2021-04-13,2021-04-13 23:55:00,38448.2680,2446099187.7420,2150864493.4814,2021-04-13 00:00:00,2.211978,1.225887,2.336967
2021-04-14,2021-04-14 23:55:00,36698.8970,2299831063.6593,2449410040.5011,2021-04-14 00:00:00,3.173779,1.227022,3.458020
2021-04-15,2021-04-15 23:55:00,36177.6880,2287410377.2987,2310743933.4681,2021-04-15 00:00:00,3.076220,1.257223,3.351970
2021-04-16,2021-04-16 23:55:00,34771.3610,2142061145.2657,2282171184.7459,2021-04-16 00:00:00,3.789817,1.246946,3.871802
2021-04-17,2021-04-17 23:55:00,35256.6700,2120865235.0957,2137773311.6064,2021-04-17 00:00:00,4.568415,1.233444,4.321800
2021-04-18,2021-04-18 23:55:00,28366.9600,1590272950.6076,2119444306.7170,2021-04-18 00:00:00,2.882982,1.178936,2.553080
2021-04-19,2021-04-19 23:55:00,27154.7810,1509914985.8196,1591387125.0653,2021-04-19 00:00:00,2.554499,1.152447,2.515686
2021-04-20,2021-04-20 23:55:00,28200.1480,1589242500.2217,1514621446.8103,2021-04-20 00:00:00,2.668068,1.161911,2.502340
2021-04-21,2021-04-21 23:55:00,28609.1780,1539531052.8363,1590368988.5689,2021-04-21 00:00:00,2.488977,1.138017,2.425324
2021-04-22,2021-04-22 23:55:00,31299.1230,1621609127.5861,1544193289.9821,2021-04-22 00:00:00,2.487673,1.163859,2.425808
2021-04-23,2021-04-23 23:55:00,32222.1370,1644074285.0288,1621995116.0749,2021-04-23 00:00:00,2.081247,1.172566,2.047524
2021-04-24,2021-04-24 23:55:00,33441.1640,1673064408.8685,1649236808.3069,2021-04-24 00:00:00,1.533783,1.219471,1.709083
2021-04-25,2021-04-25 23:55:00,32702.7380,1601876471.6161,1676775000.4837,2021-04-25 00:00:00,1.587529,1.145608,1.595832
2021-04-26,2021-04-26 23:55:00,28241.6280,1523100387.4583,1603686758.3339,2021-04-26 00:00:00,1.591552,1.169746,1.464513
2021-04-27,2021-04-27 23:55:00,27760.7800,1526342276.7473,1528260803.3600,2021-04-27 00:00:00,1.786671,1.208853,1.697936
2021-04-28,2021-04-28 23:55:00,28510.2170,1561657050.3133,1527804851.7827,2021-04-28 00:00:00,2.131923,1.258870,2.001560
2021-04-29,2021-04-29 23:55:00,30391.2040,1628381032.3258,1566128848.1442,2021-04-29 00:00:00,2.378477,1.200202,2.333476
2021-04-30,2021-04-30 23:55:00,31935.3040,1845116145.4926,1625447205.6715,2021-04-30 00:00:00,2.142380,1.156313,1.970433
2021-05-01,2021-05-01 23:55:00,32518.9690,1880657530.2383,1841956982.8880,2021-05-01 00:00:00,2.221523,1.205569,2.357435
2021-05-02,2021-05-02 23:55:00,33353.7300,1888152320.5389,1881752750.2840,2021-05-02 00:00:00,2.791658,1.203960,2.783290
2021-05-03,2021-05-03 23:55:00,34921.4090,1999811153.8644,1891571963.9694,2021-05-03 00:00:00,3.054691,1.223497,2.895365
2021-05-04,2021-05-04 23:55:00,33971.0330,1813477692.9010,2002680142.9985,2021-05-04 00:00:00,2.807933,1.211853,2.802106
2021-05-05,2021-05-05 23:55:00,31204.5470,1790389423.6424,1808117616.4280,2021-05-05 00:00:00,2.392928,1.240579,2.223401
2021-05-06,2021-05-06 23:55:00,33275.0210,1879709596.5423,1796529945.7051,2021-05-06 00:00:00,3.227530,1.233431,3.215446
2021-05-07,2021-05-07 23:55:00,31692.4610,1817895843.8450,1878396663.7082,2021-05-07 00:00:00,2.664393,1.246150,2.938792
2021-05-08,2021-05-08 23:55:00,33006.3100,1939529330.6178,1816218441.6402,2021-05-08 00:00:00,2.328459,1.241865,2.680864
2021-05-09,2021-05-09 23:55:00,31818.6090,1851864743.9437,1941870542.1505,2021-05-09 00:00:00,2.875495,1.248133,3.026531
2021-05-10,2021-05-10 23:55:00,32854.7040,1833601142.6013,1854239232.9184,2021-05-10 00:00:00,3.296603,1.269465,3.244883
2021-05-11,2021-05-11 23:55:00,32127.8110,1823846353.6411,1836318141.7762,2021-05-11 00:00:00,2.444635,1.228105,2.277076
2021-05-12,2021-05-12 23:55:00,35427.4090,1791019228.6134,1821398860.3810,2021-05-12 00:00:00,2.615217,1.239276,2.878821
2021-05-13,2021-05-13 23:55:00,34181.5330,1698812487.5115,1747046618.9880,2021-05-13 00:00:00,2.872970,1.186352,2.774283
2021-05-14,2021-05-14 23:55:00,33295.2890,1662586322.6140,1694475115.2297,2021-05-14 00:00:00,3.265937,1.227331,3.126027
2021-05-15,2021-05-15 23:55:00,36678.2500,1717896994.5550,1657879665.4778,2021-05-15 00:00:00,2.765781,1.226681,2.733881
2021-05-16,2021-05-16 23:55:00,36896.7150,1712780562.1793,1713196750.8077,2021-05-16 00:00:00,3.129549,1.157392,2.843805
2021-05-17,2021-05-17 23:55:00,42261.6870,1840496468.8500,1709954926.8318,2021-05-17 00:00:00,3.048267,1.140349,3.137134
2021-05-18,2021-05-18 23:55:00,42033.6730,1803484497.9286,1840142562.4075,2021-05-18 00:00:00,3.909889,1.145833,3.430069
2021-05-19,2021-05-19 23:55:00,24707.0910,910202461.7604,1795360396.9749,2021-05-19 00:00:00,1.720825,1.215938,1.943303
2021-05-20,2021-05-20 23:55:00,24373.7910,985199844.1639,911311818.1342,2021-05-20 00:00:00,1.555137,1.357370,1.683533
2021-05-21,2021-05-21 23:55:00,26167.7810,972272946.4051,983723813.7239,2021-05-21 00:00:00,1.260255,1.147935,1.324536
2021-05-22,2021-05-22 23:55:00,27857.9880,1046769470.6976,974355944.7797,2021-05-22 00:00:00,1.363025,1.316221,1.409063
2021-05-23,2021-05-23 23:55:00,30587.0520,1063698488.5084,1043460459.4565,2021-05-23 00:00:00,1.660718,1.155995,1.725483
2021-05-24,2021-05-24 23:55:00,30312.5620,1169487972.3295,1054938963.7618,2021-05-24 00:00:00,1.743545,1.153448,1.613147
2021-05-25,2021-05-25 23:55:00,31498.8880,1202370448.0486,1185690901.9956,2021-05-25 00:00:00,1.603220,1.185581,1.718394
2021-05-26,2021-05-26 23:55:00,32320.9150,1266071757.8124,1207673056.3275,2021-05-26 00:00:00,2.259476,1.096382,2.173723
2021-05-27,2021-05-27 23:55:00,31702.1350,1219432388.1640,1272084250.1112,2021-05-27 00:00:00,1.574396,1.179132,1.773330
2021-05-28,2021-05-28 23:55:00,37029.0240,1320380937.7920,1220827808.2663,2021-05-28 00:00:00,1.710785,1.164329,1.777578
2021-05-29,2021-05-29 23:55:00,38490.6420,1330804709.3959,1321317439.7258,2021-05-29 00:00:00,1.841550,1.140518,1.920638
2021-05-30,2021-05-30 23:55:00,37298.7910,1328709378.3215,1332611897.0578,2021-05-30 00:00:00,1.440786,1.186472,1.472504
2021-05-31,2021-05-31 23:55:00,37849.7950,1411369272.3186,1326404041.8308,2021-05-31 00:00:00,1.404384,1.133266,1.414209
2021-06-01,2021-06-01 23:55:00,37103.8800,1358975984.8500,1408551452.3930,2021-06-01 00:00:00,2.010645,1.152017,1.990239
2021-06-02,2021-06-02 23:55:00,39327.2010,1480276238.9120,1362204256.9259,2021-06-02 00:00:00,1.250251,1.128538,1.305514
2021-06-03,2021-06-03 23:55:00,43462.2410,1701779922.7818,1476513236.8096,2021-06-03 00:00:00,1.667282,1.170078,1.557043
2021-06-04,2021-06-04 23:55:00,41310.7970,1525171156.1850,1706434532.8638,2021-06-04 00:00:00,1.589253,1.152404,1.659534
2021-06-05,2021-06-05 23:55:00,42650.7970,1514247535.6558,1524742897.2609,2021-06-05 00:00:00,1.614213,1.116886,1.533828
2021-06-06,2021-06-06 23:55:00,44579.2770,1594178390.4857,1526262840.1163,2021-06-06 00:00:00,1.777154,1.096751,1.600251
2021-06-07,2021-06-07 23:55:00,48232.4420,1612700413.0364,1598176849.5274,2021-06-07 00:00:00,1.587283,1.123561,1.599674
2021-06-08,2021-06-08 23:55:00,46986.2430,1568442609.0963,1623765861.0529,2021-06-08 00:00:00,1.423071,1.111187,1.268509
2021-06-09,2021-06-09 23:55:00,52500.9130,1959549326.9033,1576549077.1493,2021-06-09 00:00:00,0.936906,1.110073,0.879309
2021-06-10,2021-06-10 23:55:00,46191.1730,1701959960.3580,1961860100.1359,2021-06-10 00:00:00,1.039913,1.115247,1.156345
2021-06-11,2021-06-11 23:55:00,47491.0430,1764503582.5914,1687896571.6240,2021-06-11 00:00:00,0.851667,1.083868,0.939269
2021-06-12,2021-06-12 23:55:00,47545.1700,1687457806.6983,1777291662.6850,2021-06-12 00:00:00,1.107567,1.113080,1.195719
2021-06-13,2021-06-13 23:55:00,50626.1580,1976390369.4865,1690091420.9283,2021-06-13 00:00:00,0.979639,1.087007,0.917382
2021-06-14,2021-06-14 23:55:00,49417.7710,1998913012.1700,1973659684.3664,2021-06-14 00:00:00,1.094234,1.104999,1.111799
2021-06-15,2021-06-15 23:55:00,49727.7850,1999419755.7976,2010191510.0238,2021-06-15 00:00:00,1.261782,1.092868,1.258543
2021-06-16,2021-06-16 23:55:00,52086.3430,1993687860.4340,1997504675.1753,2021-06-16 00:00:00,1.589065,1.085320,1.675345
2021-06-17,2021-06-17 23:55:00,53384.4610,2031481040.3263,1995167841.8013,2021-06-17 00:00:00,2.261930,1.052579,2.105630
2021-06-18,2021-06-18 23:55:00,50452.4620,1797123759.7847,2032413787.1353,2021-06-18 00:00:00,1.962110,1.076721,2.188657
2021-06-19,2021-06-19 23:55:00,52006.5690,1851630243.5575,1806132249.5530,2021-06-19 00:00:00,1.812745,1.067085,1.791136
2021-06-20,2021-06-20 23:55:00,54176.0870,1930100480.3386,1847428997.5114,2021-06-20 00:00:00,2.002311,1.055624,1.870588
2021-06-21,2021-06-21 23:55:00,50910.9950,1611717127.8027,1927099623.1735,2021-06-21 00:00:00,1.955321,1.101146,2.001542
2021-06-22,2021-06-22 23:55:00,51636.4530,1668663053.1189,1612196410.8211,2021-06-22 00:00:00,1.318782,1.125300,1.295389
2021-06-23,2021-06-23 23:55:00,52248.4140,1757592235.8081,1682344037.2043,2021-06-23 00:00:00,1.604520,1.082868,1.519012
2021-06-24,2021-06-24 23:55:00,55591.8560,1921810461.9200,1762222421.1445,2021-06-24 00:00:00,1.230695,1.101483,1.241366
2021-06-25,2021-06-25 23:55:00,53147.0780,1684940946.7821,1927022144.8006,2021-06-25 00:00:00,1.740828,1.049825,1.676535
2021-06-26,2021-06-26 23:55:00,55593.3040,1771556238.8534,1674594035.2821,2021-06-26 00:00:00,1.455776,1.084706,1.387506
2021-06-27,2021-06-27 23:55:00,55749.0440,1930988556.8750,1766381241.0895,2021-06-27 00:00:00,1.202933,1.103543,1.107097
2021-06-28,2021-06-28 23:55:00,55043.3230,1894994021.0054,1940962337.8733,2021-06-28 00:00:00,1.178704,1.102871,1.258464
2021-06-29,2021-06-29 23:55:00,56500.3360,2025601708.3570,1897440573.6558,2021-06-29 00:00:00,1.061027,1.133013,1.078116
2021-06-30,2021-06-30 23:55:00,55146.2290,1931380508.4053,2026888593.0345,2021-06-30 00:00:00,1.514190,1.094939,1.558956
2021-07-01,2021-07-01 23:55:00,56270.3650,1889238115.6195,1933055168.4941,2021-07-01 00:00:00,1.261388,1.099956,1.401917
2021-07-02,2021-07-02 23:55:00,57000.8350,1927763959.7188,1877279653.2797,2021-07-02 00:00:00,1.360881,1.096809,1.370636
2021-07-03,2021-07-03 23:55:00,59249.9220,2054075542.3964,1925489600.0440,2021-07-03 00:00:00,1.310463,1.088619,1.312632
2021-07-04,2021-07-04 23:55:00,59805.5710,2111412958.0380,2055737100.3874,2021-07-04 00:00:00,1.461869,1.069768,1.387688
2021-07-05,2021-07-05 23:55:00,59367.5560,2003673191.3521,2110326339.9736,2021-07-05 00:00:00,1.397087,1.087299,1.457445
2021-07-06,2021-07-06 23:55:00,57535.2880,1961547575.7686,1998361154.5511,2021-07-06 00:00:00,1.669538,1.071679,1.497651
2021-07-07,2021-07-07 23:55:00,58263.0450,1970963670.3913,1955257710.9265,2021-07-07 00:00:00,1.487147,1.085600,1.491653
2021-07-08,2021-07-08 23:55:00,62304.5050,2045240079.4726,1970793378.3898,2021-07-08 00:00:00,1.803746,1.087534,1.724815
2021-07-09,2021-07-09 23:55:00,61809.9820,2092702414.8735,2050311654.1565,2021-07-09 00:00:00,1.295811,1.095617,1.228191
2021-07-10,2021-07-10 23:55:00,60570.7100,2029895907.2093,2082317560.9900,2021-07-10 00:00:00,1.145972,1.087395,1.148158
2021-07-11,2021-07-11 23:55:00,62905.2400,2153945809.2826,2041184872.1767,2021-07-11 00:00:00,0.955655,1.086698,0.934616
2021-07-12,2021-07-12 23:55:00,60265.9490,2002398832.1120,2157797159.3965,2021-07-12 00:00:00,2.096971,1.065734,2.031894
2021-07-13,2021-07-13 23:55:00,62665.8640,2040958258.0296,1993735277.1888,2021-07-13 00:00:00,2.135784,1.081532,1.943778
2021-07-14,2021-07-14 23:55:00,59397.2590,1946211182.3666,2051030611.9488,2021-07-14 00:00:00,2.036284,1.055750,1.840744
2021-07-15,2021-07-15 23:55:00,64961.5900,2054221384.4727,1950418647.7738,2021-07-15 00:00:00,2.672025,1.049604,2.342068
2021-07-16,2021-07-16 23:55:00,62423.1980,1959501751.6254,2066003479.6342,2021-07-16 00:00:00,1.733401,1.079103,1.710105
2021-07-17,2021-07-17 23:55:00,66109.8280,2085314204.3730,1959136504.5496,2021-07-17 00:00:00,1.765889,1.051895,1.643413
2021-07-18,2021-07-18 23:55:00,64421.0110,2046668403.6722,2075173483.9579,2021-07-18 00:00:00,2.101716,1.050961,1.788972
2021-07-19,2021-07-19 23:55:00,72098.1090,2221848867.0152,2048603973.3344,2021-07-19 00:00:00,2.017598,1.060178,1.839741
2021-07-20,2021-07-20 23:55:00,70273.6310,2091186548.3629,2219402393.0292,2021-07-20 00:00:00,1.435364,1.068041,1.436198
2021-07-21,2021-07-21 23:55:00,68788.0160,2210057147.8163,2095735704.5926,2021-07-21 00:00:00,1.432182,1.065835,1.259897
2021-07-22,2021-07-22 23:55:00,67560.4390,2183147483.8660,2207536101.7795,2021-07-22 00:00:00,1.241505,1.100821,1.234499
2021-07-23,2021-07-23 23:55:00,68685.6570,2300105542.6355,2185634451.2047,2021-07-23 00:00:00,1.174820,1.047793,1.101360
2021-07-24,2021-07-24 23:55:00,68516.1440,2342535445.9338,2309686851.3146,2021-07-24 00:00:00,1.084300,1.045133,1.081344
2021-07-25,2021-07-25 23:55:00,72472.2890,2551189809.6189,2343646872.2100,2021-07-25 00:00:00,0.932439,1.010698,0.920795
2021-07-26,2021-07-26 23:55:00,53880.8190,2009754548.7000,2554520062.2755,2021-07-26 00:00:00,1.312866,1.034372,1.375090
2021-07-27,2021-07-27 23:55:00,55933.7120,2194823862.3135,2002386677.9272,2021-07-27 00:00:00,1.348172,1.008931,1.299789
2021-07-28,2021-07-28 23:55:00,55313.1410,2212385697.7533,2211960709.9813,2021-07-28 00:00:00,0.920857,1.028113,1.012479
2021-07-29,2021-07-29 23:55:00,56598.3820,2264495268.2238,2213125347.5311,2021-07-29 00:00:00,0.951724,1.008085,1.014657
2021-07-30,2021-07-30 23:55:00,53809.2890,2265955973.8714,2266254413.3890,2021-07-30 00:00:00,0.963050,1.015305,0.959356
2021-07-31,2021-07-31 23:55:00,54531.1050,2271526338.6863,2275039622.5864,2021-07-31 00:00:00,1.029611,1.043116,1.164679
2021-08-01,2021-08-01 23:55:00,49768.6470,1995972791.4021,2245798667.7009,2021-08-01 00:00:00,1.174943,1.019934,1.231575
2021-08-02,2021-08-02 23:55:00,53593.1460,2098814783.6520,1986780603.2457,2021-08-02 00:00:00,1.520787,1.003301,1.447836
2021-08-03,2021-08-03 23:55:00,57090.9020,2180261115.1682,2106018978.0815,2021-08-03 00:00:00,1.664476,0.993046,1.708740
2021-08-04,2021-08-04 23:55:00,55130.7620,2192049266.1134,2180392810.0909,2021-08-04 00:00:00,1.549461,1.020935,1.415910
2021-08-05,2021-08-05 23:55:00,54700.8300,2232261009.0882,2192824587.2433,2021-08-05 00:00:00,1.050607,1.015868,1.137422
2021-08-06,2021-08-06 23:55:00,55461.6350,2373580212.4546,2247114698.2510,2021-08-06 00:00:00,0.912422,0.999551,1.006722
2021-08-07,2021-08-07 23:55:00,53901.0310,2407393605.7798,2374372711.4139,2021-08-07 00:00:00,0.939108,1.025941,1.005701
2021-08-08,2021-08-08 23:55:00,52452.8370,2293820740.3013,2419660559.0147,2021-08-08 00:00:00,0.928754,1.032118,1.055381
2021-08-09,2021-08-09 23:55:00,56470.0010,2616042819.1262,2295933124.7612,2021-08-09 00:00:00,0.864101,1.016382,0.899137
2021-08-10,2021-08-10 23:55:00,54929.8880,2503108715.3795,2618651918.2216,2021-08-10 00:00:00,1.236954,1.020616,1.283495
2021-08-11,2021-08-11 23:55:00,56274.5150,2571000823.6666,2501971923.6235,2021-08-11 00:00:00,1.124207,1.081889,1.143018
2021-08-12,2021-08-12 23:55:00,56357.9900,2503851927.2637,2566904182.3973,2021-08-12 00:00:00,1.343019,1.094533,1.389427
2021-08-13,2021-08-13 23:55:00,55505.4020,2653684406.8110,2499254609.1571,2021-08-13 00:00:00,1.034768,1.102243,1.046603
2021-08-14,2021-08-14 23:55:00,55423.3150,2609059206.3892,2670057174.4942,2021-08-14 00:00:00,1.444478,1.106855,1.529517
2021-08-15,2021-08-15 23:55:00,53365.6590,2510872933.9307,2610507920.2827,2021-08-15 00:00:00,1.508286,1.104696,1.509465
2021-08-16,2021-08-16 23:55:00,56842.5950,2608190071.2958,2508851887.3854,2021-08-16 00:00:00,1.895196,1.094961,1.819968
2021-08-17,2021-08-17 23:55:00,57238.9910,2552858998.6000,2610196562.6368,2021-08-17 00:00:00,2.021842,1.083787,1.903868
2021-08-18,2021-08-18 23:55:00,54905.0600,2461523849.4378,2562772056.0445,2021-08-18 00:00:00,1.959140,1.111399,1.664103
2021-08-19,2021-08-19 23:55:00,54999.0890,2566639186.4177,2460874541.4100,2021-08-19 00:00:00,1.354169,1.105941,1.254821
2021-08-20,2021-08-20 23:55:00,58048.6860,2859577905.8662,2575013704.4280,2021-08-20 00:00:00,1.030795,1.139750,1.067956
2021-08-21,2021-08-21 23:55:00,58475.1640,2863774961.5204,2865867291.1699,2021-08-21 00:00:00,0.995773,1.131475,1.139052
2021-08-22,2021-08-22 23:55:00,57090.3040,2814104970.1197,2860975806.9480,2021-08-22 00:00:00,1.099416,1.120164,1.158925
2021-08-23,2021-08-23 23:55:00,60581.4500,3000018848.2090,2816597670.8894,2021-08-23 00:00:00,1.330206,1.114540,1.347685
2021-08-24,2021-08-24 23:55:00,63279.9990,3019175445.8886,3004980741.3600,2021-08-24 00:00:00,1.699132,1.119388,1.709575
2021-08-25,2021-08-25 23:55:00,59787.6340,2927157719.9145,3021715795.5217,2021-08-25 00:00:00,1.688542,1.111556,1.469336
2021-08-26,2021-08-26 23:55:00,60733.6250,2858464967.5804,2927760057.2667,2021-08-26 00:00:00,1.902712,1.097440,1.847972
2021-08-27,2021-08-27 23:55:00,58436.4190,2865815265.3610,2843268732.1920,2021-08-27 00:00:00,1.414711,1.086074,1.279778
2021-08-28,2021-08-28 23:55:00,59845.3090,2924640250.8300,2868663608.3981,2021-08-28 00:00:00,1.345873,1.140237,1.400986
2021-08-29,2021-08-29 23:55:00,57519.1890,2813813368.6393,2925456322.9217,2021-08-29 00:00:00,1.317049,1.139279,1.315208
2021-08-30,2021-08-30 23:55:00,59124.5470,2779893118.5363,2809207512.1923,2021-08-30 00:00:00,1.865031,1.136792,1.884581
2021-08-31,2021-08-31 23:55:00,60723.2540,2871679800.1926,2801926845.0799,2021-08-31 00:00:00,2.133208,1.153155,1.857914
2021-09-01,2021-09-01 23:55:00,59340.8540,2898553638.6742,2861887169.3099,2021-09-01 00:00:00,1.609651,1.170092,1.521842
2021-09-02,2021-09-02 23:55:00,64020.4340,3159321401.9830,2901835347.1230,2021-09-02 00:00:00,1.286143,1.168369,1.436678
2021-09-03,2021-09-03 23:55:00,61500.8600,3078851133.2512,3157646573.2411,2021-09-03 00:00:00,1.279505,1.154522,1.454268
2021-09-04,2021-09-04 23:55:00,57290.9270,2862116068.8767,3075158495.5095,2021-09-04 00:00:00,1.436229,1.132676,1.609245
2021-09-05,2021-09-05 23:55:00,62498.9760,3234783422.6176,2859998256.0205,2021-09-05 00:00:00,0.946191,1.140440,1.034859
2021-09-06,2021-09-06 23:55:00,61989.1560,3263197816.3331,3238071827.8463,2021-09-06 00:00:00,1.046518,1.140982,1.192008
2021-09-07,2021-09-07 23:55:00,43780.7020,2047274069.0745,3266061978.5357,2021-09-07 00:00:00,1.980649,1.108937,2.059200
2021-09-08,2021-09-08 23:55:00,45764.3880,2104180501.2346,2045187567.8539,2021-09-08 00:00:00,1.812194,1.118443,1.678329
2021-09-09,2021-09-09 23:55:00,45346.7610,2100107357.8490,2098970956.5437,2021-09-09 00:00:00,1.931125,1.113018,1.699118
2021-09-10,2021-09-10 23:55:00,47550.0000,2133315534.0000,2106425556.8266,2021-09-10 00:00:00,2.178489,1.140057,2.049756
2021-09-11,2021-09-11 23:55:00,47507.1460,2143615605.8380,2133859183.0585,2021-09-11 00:00:00,1.930452,1.140437,1.679938
2021-09-12,2021-09-12 23:55:00,48302.6170,2225075946.6965,2146015618.3200,2021-09-12 00:00:00,1.892962,1.141137,1.615780
2021-09-13,2021-09-13 23:55:00,46807.1270,2107396810.8497,2223737284.7946,2021-09-13 00:00:00,2.218090,1.143598,1.979997
2021-09-14,2021-09-14 23:55:00,49322.7700,2318923970.5796,2102434452.4136,2021-09-14 00:00:00,1.235199,1.131961,1.148961
2021-09-15,2021-09-15 23:55:00,51748.5470,2489039542.9949,2324865064.6647,2021-09-15 00:00:00,1.183933,1.084585,1.087902
2021-09-16,2021-09-16 23:55:00,50078.1000,2393142878.4660,2484979446.2530,2021-09-16 00:00:00,1.367906,1.101532,1.345461
2021-09-17,2021-09-17 23:55:00,50485.5260,2384476730.2339,2390870942.4420,2021-09-17 00:00:00,1.659807,1.112127,1.588692
2021-09-18,2021-09-18 23:55:00,51183.8240,2466839582.8528,2388860448.5830,2021-09-18 00:00:00,1.429359,1.105036,1.354293
2021-09-19,2021-09-19 23:55:00,51692.7940,2441656221.1554,2467917866.0420,2021-09-19 00:00:00,1.847468,1.106265,1.724709
2021-09-20,2021-09-20 23:55:00,48861.1270,2100804677.0383,2440218834.4559,2021-09-20 00:00:00,2.136888,1.099950,2.046272
2021-09-21,2021-09-21 23:55:00,46819.6440,1903749056.2282,2098709214.7629,2021-09-21 00:00:00,1.786589,1.103526,1.803807
2021-09-22,2021-09-22 23:55:00,43983.7270,1916860084.4342,1889124502.1799,2021-09-22 00:00:00,1.518278,1.106009,1.347315
2021-09-23,2021-09-23 23:55:00,46385.1250,2078931506.1475,1915921691.2846,2021-09-23 00:00:00,1.171073,1.111095,1.141407
2021-09-24,2021-09-24 23:55:00,45197.1390,1930332718.3340,2081461568.4623,2021-09-24 00:00:00,1.479436,1.139454,1.446944
2021-09-25,2021-09-25 23:55:00,43890.5150,1874178020.3097,1933571752.2842,2021-09-25 00:00:00,1.305151,1.122697,1.303721
2021-09-26,2021-09-26 23:55:00,44242.3290,1911415054.9090,1873133916.6936,2021-09-26 00:00:00,1.250682,1.101899,1.226045
2021-09-27,2021-09-27 23:55:00,44001.6340,1860812381.2391,1910260661.9162,2021-09-27 00:00:00,1.441446,1.098819,1.455078
2021-09-28,2021-09-28 23:55:00,45570.0490,1869592830.6127,1854360661.3125,2021-09-28 00:00:00,1.821986,1.087452,1.671594
2021-09-29,2021-09-29 23:55:00,48144.7930,1999472992.6551,1875691270.5798,2021-09-29 00:00:00,2.068740,1.075210,1.688814
2021-09-30,2021-09-30 23:55:00,47980.0810,2099676713.2414,1999575764.7093,2021-09-30 00:00:00,1.026018,1.093255,0.989006
2021-10-01,2021-10-01 23:55:00,50836.5510,2443154606.3224,2098749535.5470,2021-10-01 00:00:00,0.781466,1.104877,0.780409
2021-10-02,2021-10-02 23:55:00,49870.9940,2380448654.8765,2446837648.3000,2021-10-02 00:00:00,0.907020,1.104278,1.029111
2021-10-03,2021-10-03 23:55:00,48036.0880,2311839983.0124,2375555052.1642,2021-10-03 00:00:00,0.986572,1.113428,1.027880
2021-10-04,2021-10-04 23:55:00,48299.1640,2374724513.3964,2315627517.0802,2021-10-04 00:00:00,0.798671,1.128800,0.891112
2021-10-05,2021-10-05 23:55:00,52932.7710,2729129636.2285,2363879222.1627,2021-10-05 00:00:00,0.731146,1.099367,0.762154
2021-10-06,2021-10-06 23:55:00,50095.0280,2776136016.4256,2714965589.3647,2021-10-06 00:00:00,0.946600,1.116425,0.972863
2021-10-07,2021-10-07 23:55:00,52114.3140,2803764685.2079,2769381258.4560,2021-10-07 00:00:00,1.122944,1.164255,1.285640
2021-10-08,2021-10-08 23:55:00,50960.9170,2746814829.8851,2805183965.5585,2021-10-08 00:00:00,1.354345,1.131483,1.364396
2021-10-09,2021-10-09 23:55:00,51010.4210,2809615207.7208,2749746944.2079,2021-10-09 00:00:00,1.199473,1.126145,1.221490
2021-10-10,2021-10-10 23:55:00,52449.4340,2865692313.3222,2802785169.2513,2021-10-10 00:00:00,1.211681,1.097450,1.251832
2021-10-11,2021-10-11 23:55:00,54252.0310,3115747849.8407,2872736032.7689,2021-10-11 00:00:00,0.961734,1.118915,0.978932
2021-10-12,2021-10-12 23:55:00,51369.1520,2879927272.5788,3121556837.5000,2021-10-12 00:00:00,1.240596,1.119803,1.324583
2021-10-13,2021-10-13 23:55:00,48731.8670,2797398732.7626,2870986919.0480,2021-10-13 00:00:00,0.978423,1.121304,1.050874
2021-10-14,2021-10-14 23:55:00,50473.2760,2895701812.6632,2799984442.8160,2021-10-14 00:00:00,1.117228,1.133342,1.255650
2021-10-15,2021-10-15 23:55:00,52934.5930,3259383513.1175,2895226646.2441,2021-10-15 00:00:00,1.020859,1.136897,1.046803
2021-10-16,2021-10-16 23:55:00,54138.8700,3297598571.7000,3259888116.4506,2021-10-16 00:00:00,1.305653,1.189544,1.435896
2021-10-17,2021-10-17 23:55:00,53278.0620,3282540784.1324,3300171810.8949,2021-10-17 00:00:00,1.434172,1.181621,1.475935
2021-10-18,2021-10-18 23:55:00,51753.4590,3208716017.0823,3277553270.7840,2021-10-18 00:00:00,1.390279,1.144230,1.493610
2021-10-19,2021-10-19 23:55:00,55511.3780,3566610051.0795,3212765477.3099,2021-10-19 00:00:00,0.986796,1.143915,1.074950
2021-10-20,2021-10-20 23:55:00,56965.8500,3762984202.0266,3571476997.4580,2021-10-20 00:00:00,1.130030,1.174988,1.232620
2021-10-21,2021-10-21 23:55:00,55036.9290,3430451784.5700,3764453259.3439,2021-10-21 00:00:00,1.959756,1.163973,2.082007
2021-10-22,2021-10-22 23:55:00,55978.3800,3401236472.8446,3436035201.0841,2021-10-22 00:00:00,2.297640,1.134649,2.321137
2021-10-23,2021-10-23 23:55:00,54988.7960,3372369703.9836,3402471489.9901,2021-10-23 00:00:00,2.177508,1.162870,2.108240
2021-10-24,2021-10-24 23:55:00,56952.9940,3467955579.6615,3372852717.7992,2021-10-24 00:00:00,2.409861,1.144134,2.407110
2021-10-25,2021-10-25 23:55:00,55200.3220,3480217009.5237,3468789730.3590,2021-10-25 00:00:00,1.970593,1.156516,1.905700
2021-10-26,2021-10-26 23:55:00,57393.6010,3470594224.5489,3478138391.3982,2021-10-26 00:00:00,2.834067,1.112125,2.862483
2021-10-27,2021-10-27 23:55:00,56142.4270,3299525376.9147,3466568040.4992,2021-10-27 00:00:00,2.777585,1.152836,2.670184
2021-10-28,2021-10-28 23:55:00,52079.9250,3150378043.7766,3278855219.0470,2021-10-28 00:00:00,2.656243,1.164053,2.442083
2021-10-29,2021-10-29 23:55:00,52386.2860,3262357532.2386,3157245431.5200,2021-10-29 00:00:00,2.372022,1.154658,2.379577
2021-10-30,2021-10-30 23:55:00,51823.4820,3197366843.0593,3265187591.7791,2021-10-30 00:00:00,2.747740,1.159274,2.877947
2021-10-31,2021-10-31 23:55:00,55328.5730,3394851135.4197,3222994867.8645,2021-10-31 00:00:00,3.349742,1.147144,3.180870
2021-11-01,2021-11-01 23:55:00,53958.9370,3295136380.9303,3391945983.7942,2021-11-01 00:00:00,3.275655,1.158838,3.186244
2021-11-02,2021-11-02 23:55:00,55019.7680,3475548676.5711,3286373845.6787,2021-11-02 00:00:00,2.240516,1.183537,2.350044
2021-11-03,2021-11-03 23:55:00,53139.3650,3347975547.8632,3485611728.9921,2021-11-03 00:00:00,2.913246,1.179073,3.042685
2021-11-04,2021-11-04 23:55:00,55568.9090,3412645853.4410,3345669511.0747,2021-11-04 00:00:00,3.583136,1.168454,3.460727
2021-11-05,2021-11-05 23:55:00,56953.8170,3479007964.3762,3414157022.3068,2021-11-05 00:00:00,3.769121,1.143833,3.328300
2021-11-06,2021-11-06 23:55:00,56960.7830,3501053515.3312,3478884098.4112,2021-11-06 00:00:00,3.246372,1.161764,2.961732
2021-11-07,2021-11-07 23:55:00,56326.4860,3561604191.5410,3504987065.6089,2021-11-07 00:00:00,2.573125,1.168479,2.513145
2021-11-08,2021-11-08 23:55:00,60079.1170,4065379202.9031,3564181647.5852,2021-11-08 00:00:00,1.856168,1.166164,1.981865
2021-11-09,2021-11-09 23:55:00,59958.0820,4015291862.7657,4064340340.3560,2021-11-09 00:00:00,2.024361,1.175973,2.464437
2021-11-10,2021-11-10 23:55:00,57183.1550,3708751328.9285,4018337384.0637,2021-11-10 00:00:00,2.416149,1.201848,2.764130
2021-11-11,2021-11-11 23:55:00,54974.4100,3565003549.3721,3711598196.4352,2021-11-11 00:00:00,2.770205,1.167992,2.659124
2021-11-12,2021-11-12 23:55:00,57888.8000,3721255310.4160,3571833294.4751,2021-11-12 00:00:00,3.414579,1.168329,3.201681
2021-11-13,2021-11-13 23:55:00,57143.6850,3684239088.9262,3714712459.6286,2021-11-13 00:00:00,3.342197,1.143483,3.114579
2021-11-14,2021-11-14 23:55:00,57725.3540,3771809842.8259,3681231158.5757,2021-11-14 00:00:00,3.383002,1.144878,3.146098
2021-11-15,2021-11-15 23:55:00,62365.4830,3982340139.4086,3782078486.6302,2021-11-15 00:00:00,3.918543,1.151550,3.714150
2021-11-16,2021-11-16 23:55:00,60578.4620,3649542125.4287,3968605387.0507,2021-11-16 00:00:00,4.065492,1.097108,3.784292
2021-11-17,2021-11-17 23:55:00,59680.3630,3603420346.2536,3642232394.4131,2021-11-17 00:00:00,4.233237,1.099402,3.772927
2021-11-18,2021-11-18 23:55:00,61071.7070,3466807008.4640,3608755058.2572,2021-11-18 00:00:00,4.229118,1.100777,4.216402
2021-11-19,2021-11-19 23:55:00,59012.5100,3427653124.5850,3479428993.3202,2021-11-19 00:00:00,3.895141,1.084560,3.682178
2021-11-20,2021-11-20 23:55:00,57326.7270,3431026661.1011,3429272032.3803,2021-11-20 00:00:00,3.520614,1.117967,3.392024
2021-11-21,2021-11-21 23:55:00,56225.9370,3298725120.4467,3414608354.1397,2021-11-21 00:00:00,3.553365,1.108676,3.641340
2021-11-22,2021-11-22 23:55:00,60407.9950,3406707160.2929,3296786707.0450,2021-11-22 00:00:00,4.513982,1.099958,4.236118
2021-11-23,2021-11-23 23:55:00,59991.7640,3463317707.5972,3406812324.3290,2021-11-23 00:00:00,3.927680,1.114351,3.599205
2021-11-24,2021-11-24 23:55:00,60374.5920,3450621055.1098,3450407063.4456,2021-11-24 00:00:00,4.116712,1.129852,3.941053
2021-11-25,2021-11-25 23:55:00,60901.9530,3590705998.7489,3451954285.9973,2021-11-25 00:00:00,3.346061,1.145263,3.285322
2021-11-26,2021-11-26 23:55:00,66336.2700,3561888233.6383,3589956705.2244,2021-11-26 00:00:00,5.695907,1.104121,5.315890
2021-11-27,2021-11-27 23:55:00,63281.9690,3447594710.1034,3558605315.4889,2021-11-27 00:00:00,5.011960,1.093942,4.236803
2021-11-28,2021-11-28 23:55:00,62374.6700,3567702942.3640,3456740529.3965,2021-11-28 00:00:00,4.333595,1.132006,3.761404
2021-11-29,2021-11-29 23:55:00,61676.0120,3568701027.5357,3570295130.2575,2021-11-29 00:00:00,3.104739,1.162840,3.219828
2021-11-30,2021-11-30 23:55:00,59210.6500,3377846699.2993,3567506065.9889,2021-11-30 00:00:00,4.034951,1.134404,4.155354
2021-12-01,2021-12-01 23:55:00,60657.8020,3466983413.9669,3372488777.5746,2021-12-01 00:00:00,4.312449,1.136925,4.137012
2021-12-02,2021-12-02 23:55:00,59814.5360,3375013062.4217,3472411535.2875,2021-12-02 00:00:00,4.609889,1.125676,4.399252
2021-12-03,2021-12-03 23:55:00,61187.3800,3281183017.5408,3383251633.5635,2021-12-03 00:00:00,5.676066,1.084603,4.967842
2021-12-04,2021-12-04 23:55:00,40077.0680,1963644746.1595,3283047819.3848,2021-12-04 00:00:00,2.792396,1.016474,2.529753
2021-12-05,2021-12-05 23:55:00,39936.5950,1964745082.4824,1966405160.3813,2021-12-05 00:00:00,2.035512,1.139187,2.119759
2021-12-06,2021-12-06 23:55:00,37758.1120,1905486154.5283,1974992142.2884,2021-12-06 00:00:00,1.798870,1.100023,1.762368
2021-12-07,2021-12-07 23:55:00,39323.8000,1988592109.7719,1906894095.3799,2021-12-07 00:00:00,1.629662,1.112247,1.588924
2021-12-08,2021-12-08 23:55:00,39179.1060,1975104337.0535,1989476274.9975,2021-12-08 00:00:00,1.912384,1.059583,1.884704
2021-12-09,2021-12-09 23:55:00,42193.2800,2016314996.0457,1977010920.8035,2021-12-09 00:00:00,2.371285,1.082214,2.373134
2021-12-10,2021-12-10 23:55:00,39528.5690,1855714628.8135,1998756149.8541,2021-12-10 00:00:00,2.297684,1.068524,2.162907
2021-12-11,2021-12-11 23:55:00,40490.1020,1996473397.4844,1856689440.5412,2021-12-11 00:00:00,1.747735,1.101573,1.643039
2021-12-12,2021-12-12 23:55:00,43495.8280,2179277858.2261,2004830544.8269,2021-12-12 00:00:00,1.422801,1.102353,1.468921
2021-12-13,2021-12-13 23:55:00,42853.2060,2004870529.9597,2178035634.0127,2021-12-13 00:00:00,2.451981,1.064723,2.493678
2021-12-14,2021-12-14 23:55:00,42935.9480,2076740910.4950,1998637659.2478,2021-12-14 00:00:00,1.998968,1.073751,1.851329
2021-12-15,2021-12-15 23:55:00,43904.9730,2145026373.1504,2066335510.3257,2021-12-15 00:00:00,1.855332,1.096711,1.921170
2021-12-16,2021-12-16 23:55:00,47555.5940,2266699819.0907,2148973083.4852,2021-12-16 00:00:00,2.225998,1.094377,2.280025
2021-12-17,2021-12-17 23:55:00,50625.0510,2340235626.3183,2266231072.7980,2021-12-17 00:00:00,3.226594,1.027029,2.985156
2021-12-18,2021-12-18 23:55:00,53277.6510,2497987665.8692,2335975026.3876,2021-12-18 00:00:00,2.850265,1.039507,2.584662
2021-12-19,2021-12-19 23:55:00,56060.4370,2618115563.0982,2491142946.9320,2021-12-19 00:00:00,2.780254,1.074993,2.580718
2021-12-20,2021-12-20 23:55:00,61755.7980,2895180359.1758,2616752168.2062,2021-12-20 00:00:00,2.489927,1.035755,2.309729
2021-12-21,2021-12-21 23:55:00,70256.0670,3436436975.6654,2899921227.5648,2021-12-21 00:00:00,1.331128,1.110038,1.352976
2021-12-22,2021-12-22 23:55:00,73236.0590,3560633330.4551,3431096088.7954,2021-12-22 00:00:00,1.652809,1.109580,1.750108
2021-12-23,2021-12-23 23:55:00,73620.1610,3735990085.2160,3558791428.7840,2021-12-23 00:00:00,1.583531,1.084036,1.602474
2021-12-24,2021-12-24 23:55:00,72615.2400,3685562528.7806,3741179696.0247,2021-12-24 00:00:00,1.701304,1.120247,1.789127
2021-12-25,2021-12-25 23:55:00,73481.0350,3719962729.8789,3692401314.3914,2021-12-25 00:00:00,2.005389,1.136667,2.019059
2021-12-26,2021-12-26 23:55:00,72273.0720,3669304350.2897,3722128628.6461,2021-12-26 00:00:00,2.167619,1.145981,2.112067
2021-12-27,2021-12-27 23:55:00,73626.0660,3729048838.8445,3669752862.3466,2021-12-27 00:00:00,1.940562,1.163060,1.952554
2021-12-28,2021-12-28 23:55:00,74159.6260,3531826973.9772,3739677118.9618,2021-12-28 00:00:00,3.108930,1.109493,3.110831
2021-12-29,2021-12-29 23:55:00,72932.6360,3377948743.5498,3527550325.3281,2021-12-29 00:00:00,3.203738,1.092614,2.957382
2022-01-19,2022-01-19 23:55:00,75352.8290,3141669903.2631,3164115155.0600,2022-01-19 00:00:00,2.716170,,
2022-01-20,2022-01-20 23:55:00,76573.8680,3112558240.1416,3141251628.7953,2022-01-20 00:00:00,3.152842,,
2022-01-21,2022-01-21 23:55:00,71680.0500,2611075562.1405,3116467654.2825,2022-01-21 00:00:00,2.511474,,
2022-01-22,2022-01-22 23:55:00,73031.4140,2555970954.7114,2618775770.6212,2022-01-22 00:00:00,1.888140,,
2022-01-23,2022-01-23 23:55:00,74053.9960,2685711829.6922,2562370276.8875,2022-01-23 00:00:00,1.826891,,
2022-01-24,2022-01-24 23:55:00,73092.8020,2681340003.2081,2686261345.4070,2022-01-24 00:00:00,1.293398,,
2022-01-25,2022-01-25 23:55:00,76064.1750,2808104716.0849,2679507827.3134,2022-01-25 00:00:00,1.198629,,
2022-01-26,2022-01-26 23:55:00,73878.4620,2715300918.5324,2809406896.6774,2022-01-26 00:00:00,1.257519,,
2022-01-27,2022-01-27 23:55:00,72218.0340,2681760362.5235,2716664426.2957,2022-01-27 00:00:00,1.275282,,
2022-01-28,2022-01-28 23:55:00,74300.2950,2808432270.5280,2687923105.6502,2022-01-28 00:00:00,0.955560,,
2022-01-29,2022-01-29 23:55:00,76366.5600,2910765619.9910,2798713850.6951,2022-01-29 00:00:00,0.940705,,
2022-01-30,2022-01-30 23:55:00,77188.5630,2926467298.3497,2911160950.6663,2022-01-30 00:00:00,0.948698,1.127957,1.054888
2022-01-31,2022-01-31 23:55:00,82940.0590,3189054228.9494,2927653983.7409,2022-01-31 00:00:00,0.729259,,
2022-02-01,2022-02-01 23:55:00,78646.4970,3045738769.9515,3187865726.7021,2022-02-01 00:00:00,0.829817,,
2022-02-02,2022-02-02 23:55:00,77987.8390,2871809559.6062,3041504007.9097,2022-02-02 00:00:00,1.244846,,
2022-02-03,2022-02-03 23:55:00,78540.3170,2908599849.1665,2878001377.2055,2022-02-03 00:00:00,1.165302,,
2022-02-04,2022-02-04 23:55:00,81589.6910,3398957991.7196,2900704735.9000,2022-02-04 00:00:00,0.772124,,
2022-02-05,2022-02-05 23:55:00,81276.7080,3364852460.1317,3386316304.8794,2022-02-05 00:00:00,0.729551,,
2022-02-06,2022-02-06 23:55:00,80481.8490,3412456151.7917,3362125624.7888,2022-02-06 00:00:00,0.818475,,
2022-02-07,2022-02-07 23:55:00,78171.0410,3430111383.5741,3411261505.5081,2022-02-07 00:00:00,0.897062,,
2022-02-08,2022-02-08 23:55:00,72889.4160,3211996520.5173,3424813267.1750,2022-02-08 00:00:00,1.107669,,
2022-02-09,2022-02-09 23:55:00,74638.8320,3305193331.6517,3211610443.6872,2022-02-09 00:00:00,1.106555,,
2022-02-10,2022-02-10 23:55:00,71861.4740,3122053356.9786,3310160838.6166,2022-02-10 00:00:00,1.286849,,
2022-02-11,2022-02-11 23:55:00,72511.6440,3073252313.8423,3124948126.1490,2022-02-11 00:00:00,1.521336,,
2022-02-12,2022-02-12 23:55:00,72665.0770,3061536347.1284,3075203379.3879,2022-02-12 00:00:00,1.662247,,
2022-02-13,2022-02-13 23:55:00,71764.9550,3029082653.2964,3060655125.1394,2022-02-13 00:00:00,1.699102,,
2022-02-14,2022-02-14 23:55:00,74355.6030,3165859693.6386,3015075443.2767,2022-02-14 00:00:00,1.343164,,
2022-02-15,2022-02-15 23:55:00,76263.8660,3396814589.8034,3155403362.9500,2022-02-15 00:00:00,1.188934,,
2022-02-16,2022-02-16 23:55:00,76654.9030,3366920969.9593,3389925566.8536,2022-02-16 00:00:00,1.363638,,
2022-02-17,2022-02-17 23:55:00,75522.7630,3058107470.9224,3362186112.2343,2022-02-17 00:00:00,1.947522,,
2022-02-18,2022-02-18 23:55:00,74126.4640,2964465548.2880,3055384375.5018,2022-02-18 00:00:00,1.869590,,
2022-02-19,2022-02-19 23:55:00,76887.5580,3083778299.4619,2964432690.5823,2022-02-19 00:00:00,2.052500,,
2022-02-20,2022-02-20 23:55:00,74504.3870,2859072655.0427,3081432988.4827,2022-02-20 00:00:00,1.994627,,
2022-02-21,2022-02-21 23:55:00,73760.1270,2723204899.8625,2860048482.3882,2022-02-21 00:00:00,1.896269,,
2022-02-22,2022-02-22 23:55:00,75723.2320,2896812253.0757,2729260561.2761,2022-02-22 00:00:00,1.352052,,
2022-02-23,2022-02-23 23:55:00,73734.2920,2747263598.0445,2892547677.3288,2022-02-23 00:00:00,1.645022,,
2022-02-24,2022-02-24 23:55:00,66890.1360,2559243473.1263,2742211930.7584,2022-02-24 00:00:00,1.242817,,
2022-02-25,2022-02-25 23:55:00,68299.2000,2678375433.9682,2561773939.3471,2022-02-25 00:00:00,1.105910,,
2022-02-26,2022-02-26 23:55:00,68158.6850,2659391914.7196,2680278303.8803,2022-02-26 00:00:00,1.143461,,
2022-02-27,2022-02-27 23:55:00,66541.9210,2506439847.8040,2662652898.1650,2022-02-27 00:00:00,1.433535,,
2022-02-28,2022-02-28 23:55:00,69676.1590,3009166987.2761,2513314736.9734,2022-02-28 00:00:00,1.062804,,
2022-03-01,2022-03-01 23:55:00,71410.2520,3166937560.8220,3007459323.6750,2022-03-01 00:00:00,0.966843,,
2022-03-02,2022-03-02 23:55:00,73699.6960,3236477930.0224,3175034556.5831,2022-03-02 00:00:00,1.009272,,
2022-03-03,2022-03-03 23:55:00,75507.8310,3205760472.9360,3234507525.4368,2022-03-03 00:00:00,1.422902,,
2022-03-04,2022-03-04 23:55:00,75974.5370,2970452447.6260,3205331623.9367,2022-03-04 00:00:00,1.805848,,
2022-03-05,2022-03-05 23:55:00,76847.4780,3027448356.2451,2974068179.0996,2022-03-05 00:00:00,2.166347,,
2022-03-06,2022-03-06 23:55:00,73240.3300,2808326298.5630,3025932485.3254,2022-03-06 00:00:00,2.079839,,
2022-03-07,2022-03-07 23:55:00,0.0000,0.0000,2813229238.3300,2022-03-07 00:00:00,2.141919,,
2022-03-08,2022-03-08 23:55:00,70037.4130,2711003702.5001,0.0000,2022-03-08 00:00:00,1.817274,,
2022-03-09,2022-03-09 23:55:00,73034.2340,3065387989.5985,2710822462.2360,2022-03-09 00:00:00,1.254572,,
2022-03-10,2022-03-10 23:55:00,70955.6240,2798693507.2591,3063600880.9131,2022-03-10 00:00:00,2.005879,,
2022-03-11,2022-03-11 23:55:00,71083.7760,2753910382.3593,2796787436.9479,2022-03-11 00:00:00,2.295194,,
2022-03-12,2022-03-12 23:55:00,72653.0590,2822823789.4638,2745979741.3397,2022-03-12 00:00:00,2.153373,,
2022-03-13,2022-03-13 23:55:00,76429.8860,2889049690.8000,2814869107.8786,2022-03-13 00:00:00,2.541308,,
2022-03-14,2022-03-14 23:55:00,74839.7920,2962869945.3840,2889310538.0634,2022-03-14 00:00:00,1.816257,,
2022-03-15,2022-03-15 23:55:00,76195.3440,2991512844.6089,2971533467.6852,2022-03-15 00:00:00,1.288167,,
2022-03-16,2022-03-16 23:55:00,74818.7380,3075576545.6839,2991695672.8490,2022-03-16 00:00:00,1.205775,,
2022-03-17,2022-03-17 23:55:00,75348.2470,3083675681.7427,3077539561.3841,2022-03-17 00:00:00,1.366741,,
2022-03-18,2022-03-18 23:55:00,77123.4010,3222285104.8409,3082503158.8780,2022-03-18 00:00:00,1.077201,,
2022-03-19,2022-03-19 23:55:00,78156.3510,3294563741.8785,3215968970.7420,2022-03-19 00:00:00,1.053525,,
2022-03-20,2022-03-20 23:55:00,76100.1050,3136436630.5179,3299820536.0880,2022-03-20 00:00:00,1.294987,,
2022-03-21,2022-03-21 23:55:00,73762.6830,3027393533.5705,3139270154.1740,2022-03-21 00:00:00,1.642073,,
2022-03-22,2022-03-22 23:55:00,75363.6830,3190251252.5245,3022757450.2285,2022-03-22 00:00:00,1.285203,,
2022-03-23,2022-03-23 23:55:00,73545.8690,3156004200.0689,3188242747.7004,2022-03-23 00:00:00,1.411705,,
2022-03-24,2022-03-24 23:55:00,81198.4200,3568305166.1100,3142007930.4444,2022-03-24 00:00:00,0.757021,,
2022-03-25,2022-03-25 23:55:00,80609.4430,3573973323.0523,3570689335.6976,2022-03-25 00:00:00,0.746211,,
2022-03-26,2022-03-26 23:55:00,80417.0440,3576033362.8184,3566873181.8178,2022-03-26 00:00:00,0.822998,,
2022-03-27,2022-03-27 23:55:00,80643.5990,3778338093.4277,3578257359.5981,2022-03-27 00:00:00,0.851384,,
2022-03-28,2022-03-28 23:55:00,77354.7610,3636164340.8714,3793273235.7683,2022-03-28 00:00:00,0.876090,,
2022-03-29,2022-03-29 23:55:00,77389.6560,3674323947.1403,3649327034.5715,2022-03-29 00:00:00,1.025954,,
2022-03-30,2022-03-30 23:55:00,77359.8720,3642389005.2864,3666361112.5616,2022-03-30 00:00:00,1.197486,,
2022-03-31,2022-03-31 23:55:00,75206.3000,3422992182.6100,3636717093.5500,2022-03-31 00:00:00,1.542471,,
2022-04-01,2022-04-01 23:55:00,74114.4110,3424307811.1335,3421831298.8890,2022-04-01 00:00:00,1.798869,,
2022-04-02,2022-04-02 23:55:00,72658.4290,3329448989.5957,3428767947.3515,2022-04-02 00:00:00,1.659920,,
2022-04-03,2022-04-03 23:55:00,72533.5310,3367038543.1791,3319288889.1789,2022-04-03 00:00:00,1.847702,,
2022-04-04,2022-04-04 23:55:00,74220.6350,3459028806.2057,3367399888.5020,2022-04-04 00:00:00,1.670315,,
2022-04-05,2022-04-05 23:55:00,77614.5910,3532814384.3834,3454795454.1346,2022-04-05 00:00:00,2.219937,,
2022-04-06,2022-04-06 23:55:00,82297.3960,3550071000.9916,3524344030.2460,2022-04-06 00:00:00,2.358906,,
2022-04-07,2022-04-07 23:55:00,81695.9920,3548873892.4800,3554200573.8853,2022-04-07 00:00:00,2.417023,,
2022-04-08,2022-04-08 23:55:00,83370.1180,3524410379.6005,3545854121.4936,2022-04-08 00:00:00,2.594146,,
2022-04-09,2022-04-09 23:55:00,84030.8390,3593130930.3821,3522851311.8964,2022-04-09 00:00:00,2.608459,,
2022-04-10,2022-04-10 23:55:00,85169.2870,3599441441.0514,3587759840.1773,2022-04-10 00:00:00,2.688532,,
2022-04-11,2022-04-11 23:55:00,85088.2330,3355752277.1705,3586911229.3490,2022-04-11 00:00:00,2.557839,,
2022-04-12,2022-04-12 23:55:00,84213.7490,3380262026.0245,3362016040.1840,2022-04-12 00:00:00,3.027405,,
2022-04-13,2022-04-13 23:55:00,80680.8000,3319224768.9086,3372077597.0080,2022-04-13 00:00:00,2.259703,,
2022-04-14,2022-04-14 23:55:00,83536.3990,3331924456.8741,3316922759.7352,2022-04-14 00:00:00,2.876684,,
2022-04-15,2022-04-15 23:55:00,82239.4820,3333092189.9262,3335552457.8101,2022-04-15 00:00:00,2.584998,,
2022-04-16,2022-04-16 23:55:00,82208.4540,3319421176.4574,3332265211.2111,2022-04-16 00:00:00,2.549690,,
2022-04-17,2022-04-17 23:55:00,84289.6660,3342088049.8229,3317029501.8758,2022-04-17 00:00:00,2.846649,,
2022-04-18,2022-04-18 23:55:00,80157.1770,3269335102.6256,3343887417.2397,2022-04-18 00:00:00,2.297850,,
2022-04-19,2022-04-19 23:55:00,80494.6100,3340711452.6030,3269321164.1472,2022-04-19 00:00:00,2.045827,,
2022-04-20,2022-04-20 23:55:00,80849.3470,3340847604.0262,3337595910.4950,2022-04-20 00:00:00,1.947972,,
2022-04-21,2022-04-21 23:55:00,81246.4700,3290326702.1960,3342032445.4286,2022-04-21 00:00:00,2.493796,,
2022-04-22,2022-04-22 23:55:00,85781.3070,3407971233.2802,3289760032.1153,2022-04-22 00:00:00,3.304723,,
2022-04-23,2022-04-23 23:55:00,86843.0420,3421655716.6786,3403388915.3270,2022-04-23 00:00:00,3.115565,,
2022-04-24,2022-04-24 23:55:00,86588.6420,3414675050.4552,3428011139.2971,2022-04-24 00:00:00,3.104184,,
2022-04-25,2022-04-25 23:55:00,82931.3950,3353061811.0028,3414485324.7075,2022-04-25 00:00:00,2.647164,,
2022-04-26,2022-04-26 23:55:00,87586.2220,3329414436.7966,3345839183.5540,2022-04-26 00:00:00,3.364864,,
2022-04-27,2022-04-27 23:55:00,83184.0620,3262046413.2913,3335777625.5297,2022-04-27 00:00:00,2.350481,,
2022-04-28,2022-04-28 23:55:00,79894.0700,3175781293.0930,3261400374.6110,2022-04-28 00:00:00,1.766985,,
2022-04-29,2022-04-29 23:55:00,83960.7040,3238125193.5865,3174702385.4699,2022-04-29 00:00:00,2.688319,,
2022-04-30,2022-04-30 23:55:00,85769.2860,3228256284.6365,3238020474.5673,2022-04-30 00:00:00,3.144578,,
2022-05-01,2022-05-01 23:55:00,83347.7480,3204070279.7343,3233403797.3885,2022-05-01 00:00:00,2.999803,,
2022-05-02,2022-05-02 23:55:00,81539.9050,3141130721.0086,3204682061.1708,2022-05-02 00:00:00,2.441039,,
2022-05-03,2022-05-03 23:55:00,91896.7020,3466582530.8652,3142132807.4317,2022-05-03 00:00:00,3.530831,,
2022-05-04,2022-05-04 23:55:00,83576.1370,3316563828.0184,3466058084.3254,2022-05-04 00:00:00,1.742780,,
2022-05-05,2022-05-05 23:55:00,90644.1790,3313466342.4667,3317820764.0086,2022-05-05 00:00:00,3.820658,,
2022-05-06,2022-05-06 23:55:00,90216.8930,3250325199.3147,3314553017.4552,2022-05-06 00:00:00,3.311547,,
2022-05-07,2022-05-07 23:55:00,92013.2750,3268893107.2716,3245547414.1664,2022-05-07 00:00:00,3.388745,,
2022-05-08,2022-05-08 23:55:00,90295.3220,3067169556.7604,3262104340.6956,2022-05-08 00:00:00,2.866313,,
2022-05-09,2022-05-09 23:55:00,86475.7920,2622222735.9744,3061390667.0260,2022-05-09 00:00:00,2.368123,,
2022-05-10,2022-05-10 23:55:00,81811.3370,2537909020.0849,2593153807.0855,2022-05-10 00:00:00,2.800500,,
2022-05-11,2022-05-11 23:55:00,78607.5510,2275523525.5929,2539322141.6199,2022-05-11 00:00:00,2.399426,,
2022-05-12,2022-05-12 23:55:00,72310.8250,2106139551.1150,2285727455.0565,2022-05-12 00:00:00,1.585538,,
2022-05-13,2022-05-13 23:55:00,76925.4080,2250630843.4865,2094854404.3680,2022-05-13 00:00:00,1.411811,,
2022-05-14,2022-05-14 23:55:00,70918.3180,2134728332.1656,2249899790.3020,2022-05-14 00:00:00,1.745855,,
2022-05-15,2022-05-15 23:55:00,73378.0120,2298006494.6426,2135252611.1440,2022-05-15 00:00:00,1.465897,,
2022-05-16,2022-05-16 23:55:00,75055.3550,2241440649.8835,2303463900.5343,2022-05-16 00:00:00,1.507248,,
2022-05-17,2022-05-17 23:55:00,73670.0840,2242269974.0224,2243873676.3996,2022-05-17 00:00:00,1.501423,,
2022-05-18,2022-05-18 23:55:00,78781.9610,2264234120.4730,2242108977.1506,2022-05-18 00:00:00,1.945514,,
2022-05-19,2022-05-19 23:55:00,86695.7690,2632908150.9099,2260642518.4000,2022-05-19 00:00:00,1.130461,,
2022-05-20,2022-05-20 23:55:00,82164.8050,2401083628.7804,2624721809.6015,2022-05-20 00:00:00,2.364046,,
2022-05-21,2022-05-21 23:55:00,79899.8380,2351875701.4814,2395124621.9419,2022-05-21 00:00:00,1.861247,,
2022-05-22,2022-05-22 23:55:00,84271.0030,2557628474.7649,2351235477.8745,2022-05-22 00:00:00,1.214325,,
2022-05-23,2022-05-23 23:55:00,82899.8120,2412434269.0872,2557013870.2724,2022-05-23 00:00:00,2.187542,,
2022-05-24,2022-05-24 23:55:00,83553.3510,2478518869.6515,2417820477.9175,2022-05-24 00:00:00,2.370204,,
2022-05-25,2022-05-25 23:55:00,80322.9190,2374353517.9319,2475331398.3468,2022-05-25 00:00:00,1.775739,,
2022-05-26,2022-05-26 23:55:00,82923.9480,2433353499.6912,2373667335.2400,2022-05-26 00:00:00,1.537815,,
2022-05-27,2022-05-27 23:55:00,82589.7170,2361824531.2861,2417941295.4240,2022-05-27 00:00:00,2.171086,1.180000,2.112727
2022-05-28,2022-05-28 23:55:00,81618.4890,2370021359.8842,2364204762.0000,2022-05-28 00:00:00,1.725640,1.175084,1.598381
2022-05-29,2022-05-29 23:55:00,86199.0110,2537021796.9701,2368486957.7174,2022-05-29 00:00:00,1.431412,1.183808,1.400561
2022-05-30,2022-05-30 23:55:00,87386.1710,2771461151.8821,2537744742.8890,2022-05-30 00:00:00,1.264756,1.211544,1.205869
2022-05-31,2022-05-31 23:55:00,88121.1260,2803564811.5774,2774254748.3320,2022-05-31 00:00:00,1.228264,1.248130,1.301429
2022-06-01,2022-06-01 23:55:00,83562.1770,2488732317.5910,2798125904.1535,2022-06-01 00:00:00,1.964966,1.195710,2.075908
2022-06-02,2022-06-02 23:55:00,84359.2670,2566976571.4697,2488900996.6626,2022-06-02 00:00:00,1.546347,1.147344,1.470110
2022-06-03,2022-06-03 23:55:00,83735.0670,2487361524.4947,2567973758.3450,2022-06-03 00:00:00,2.232288,1.161823,2.133373
2022-06-04,2022-06-04 23:55:00,82523.6020,2461604776.4182,2485102778.6400,2022-06-04 00:00:00,1.999404,1.153137,1.857644
2022-06-05,2022-06-05 23:55:00,82922.8210,2479815254.2871,2464624615.1740,2022-06-05 00:00:00,1.762385,1.149253,1.691856
2022-06-06,2022-06-06 23:55:00,95837.0510,3004222551.6883,2481118985.5098,2022-06-06 00:00:00,0.835371,1.197179,0.889994
2022-06-07,2022-06-07 23:55:00,86542.1870,2696654546.9200,3005244329.1303,2022-06-07 00:00:00,1.013865,1.218015,1.110891
2022-06-08,2022-06-08 23:55:00,79797.5290,2409685881.9775,2686063447.9760,2022-06-08 00:00:00,1.620842,1.186190,1.676332
2022-06-09,2022-06-09 23:55:00,84586.1740,2545197975.6600,2410421015.2100,2022-06-09 00:00:00,2.051681,1.128052,1.956447
2022-06-10,2022-06-10 23:55:00,87927.5000,2557213068.0000,2546641401.3011,2022-06-10 00:00:00,2.716801,1.097992,2.553753
2022-06-11,2022-06-11 23:55:00,89723.5800,2545780969.4880,2558329687.4940,2022-06-11 00:00:00,2.639336,1.139016,2.437871
2022-06-12,2022-06-12 23:55:00,85937.0840,2292155703.5771,2550465812.0720,2022-06-12 00:00:00,2.412342,1.172102,2.333223
2022-06-13,2022-06-13 23:55:00,82775.3600,1862930174.7069,2286190241.2965,2022-06-13 00:00:00,1.723690,1.246292,1.919242
2022-06-14,2022-06-14 23:55:00,83892.7470,1865774693.2800,1860183425.4192,2022-06-14 00:00:00,1.687040,1.108115,1.708676
2022-06-15,2022-06-15 23:55:00,84098.0140,1890528016.0307,1852847977.8413,2022-06-15 00:00:00,1.671231,1.038104,1.694505
2022-06-16,2022-06-16 23:55:00,90093.0720,1836331049.3472,1900098502.7592,2022-06-16 00:00:00,2.387673,1.061857,2.478189
2022-06-17,2022-06-17 23:55:00,94126.8590,1925157821.7552,1835075409.2701,2022-06-17 00:00:00,2.739854,1.015329,2.376760
2022-06-18,2022-06-18 23:55:00,90368.8250,1715932285.9825,1926833333.9177,2022-06-18 00:00:00,1.554450,1.142655,1.708212
2022-06-19,2022-06-19 23:55:00,91317.6490,1876294602.2381,1715446426.8533,2022-06-19 00:00:00,1.218882,1.126816,1.197461
2022-06-20,2022-06-20 23:55:00,92087.0310,1901618323.8188,1873611774.6334,2022-06-20 00:00:00,1.059425,1.133315,1.193430
2022-06-21,2022-06-21 23:55:00,93565.5630,1939426989.8640,1890499216.1152,2022-06-21 00:00:00,1.079961,1.130058,1.173429
2022-06-22,2022-06-22 23:55:00,94115.0250,1878333548.2629,1937675337.5622,2022-06-22 00:00:00,1.258070,1.115760,1.368165
2022-06-23,2022-06-23 23:55:00,95785.5090,2019884446.3149,1879870646.6665,2022-06-23 00:00:00,0.984291,1.151315,1.022878
2022-06-24,2022-06-24 23:55:00,95360.4800,2022843718.0480,2022591188.4066,2022-06-24 00:00:00,0.962903,,
2022-06-25,2022-06-25 23:55:00,100438.5350,2158473691.4073,2021599659.0547,2022-06-25 00:00:00,0.871830,,
2022-06-26,2022-06-26 23:55:00,96730.6730,2032210631.0185,2167022411.3250,2022-06-26 00:00:00,1.098863,,
2022-06-27,2022-06-27 23:55:00,96005.8080,1989384350.4720,2035483195.7189,2022-06-27 00:00:00,1.227439,,
2022-06-28,2022-06-28 23:55:00,99057.9510,2009261178.6134,1993429112.0328,2022-06-28 00:00:00,1.580382,,
2022-06-29,2022-06-29 23:55:00,98202.5930,1973125779.5932,2007321265.4781,2022-06-29 00:00:00,1.660034,,
2022-06-30,2022-06-30 23:55:00,93882.7990,1862692707.3880,1974731952.5992,2022-06-30 00:00:00,1.745132,,
2022-07-01,2022-07-01 23:55:00,90878.7750,1750045521.0092,1863799322.1159,2022-07-01 00:00:00,1.610079,,
2022-07-02,2022-07-02 23:55:00,94011.3990,1809531407.9520,1749269832.1875,2022-07-02 00:00:00,1.658042,,
2022-07-03,2022-07-03 23:55:00,94535.4680,1825372953.1568,1808135993.7980,2022-07-03 00:00:00,1.641363,,
2022-07-04,2022-07-04 23:55:00,102321.2930,2071620662.7416,1824202118.3266,2022-07-04 00:00:00,1.149510,,
2022-07-05,2022-07-05 23:55:00,100119.7440,2020796888.9472,2068592754.7750,2022-07-05 00:00:00,0.926216,,
2022-07-06,2022-07-06 23:55:00,102772.1270,2112624951.4628,2019951950.3667,2022-07-06 00:00:00,0.921077,,
2022-07-07,2022-07-07 23:55:00,116343.6320,2518060130.4656,2112698359.1591,2022-07-07 00:00:00,0.649224,,
2022-07-08,2022-07-08 23:55:00,110334.1030,2404047703.4464,2515332766.4420,2022-07-08 00:00:00,0.815874,,
2022-07-09,2022-07-09 23:55:00,109420.5550,2362714687.3572,2367817807.3879,2022-07-09 00:00:00,0.968087,,
2022-07-10,2022-07-10 23:55:00,104402.0680,2176877079.6612,2359802831.5224,2022-07-10 00:00:00,1.269576,,
2022-07-11,2022-07-11 23:55:00,104919.5600,2097027245.7200,2177711570.8035,2022-07-11 00:00:00,1.450494,,
2022-07-12,2022-07-12 23:55:00,106356.0920,2055342113.5092,2096162801.0314,2022-07-12 00:00:00,1.617638,,
2022-07-13,2022-07-13 23:55:00,104589.1370,2110150095.0695,2059334592.8895,2022-07-13 00:00:00,1.329798,,
2022-07-14,2022-07-14 23:55:00,109430.9300,2249887792.6565,2117328882.3668,2022-07-14 00:00:00,1.007059,,
2022-07-15,2022-07-15 23:55:00,112298.4320,2339468314.4832,2252773537.6941,2022-07-15 00:00:00,0.855776,,
2022-07-16,2022-07-16 23:55:00,111509.3490,2362849652.5053,2339719550.4525,2022-07-16 00:00:00,0.824917,,
2022-07-17,2022-07-17 23:55:00,112471.0030,2335190446.8878,2362250183.6044,2022-07-17 00:00:00,0.853325,,
2022-07-18,2022-07-18 23:55:00,109209.3910,2447883637.1819,2340341509.3014,2022-07-18 00:00:00,0.961396,,
2022-07-19,2022-07-19 23:55:00,119158.4130,2784365505.2938,2445624660.6611,2022-07-19 00:00:00,0.645003,,
2022-07-20,2022-07-20 23:55:00,112301.8360,2611388283.0588,2788886729.5169,2022-07-20 00:00:00,0.823264,,
2022-07-21,2022-07-21 23:55:00,112667.9830,2607579791.0976,2608888491.6726,2022-07-21 00:00:00,0.959008,,
2022-07-22,2022-07-22 23:55:00,117030.3520,2655406983.8448,2605981651.3036,2022-07-22 00:00:00,1.119410,,
2022-07-23,2022-07-23 23:55:00,118158.1180,2653866777.7154,2655160507.2000,2022-07-23 00:00:00,1.237805,,
2022-07-24,2022-07-24 23:55:00,115560.8340,2610715693.4778,2644890919.6089,2022-07-24 00:00:00,1.046074,,
2022-07-25,2022-07-25 23:55:00,109558.4060,2338140721.6490,2609122357.4491,2022-07-25 00:00:00,1.529876,,
2022-07-26,2022-07-26 23:55:00,112286.1910,2381163423.5842,2340123804.6618,2022-07-26 00:00:00,1.469606,,
2022-07-27,2022-07-27 23:55:00,113774.3230,2609451011.3275,2361716430.1191,2022-07-27 00:00:00,0.875254,,
2022-07-28,2022-07-28 23:55:00,113390.0980,2702295663.4014,2612902452.7106,2022-07-28 00:00:00,0.740454,,
2022-07-29,2022-07-29 23:55:00,113204.8360,2683730432.0892,2704740137.0563,2022-07-29 00:00:00,0.698397,,
2022-07-30,2022-07-30 23:55:00,116926.3350,2764524416.3055,2693718493.2261,2022-07-30 00:00:00,0.772119,,
2022-07-31,2022-07-31 23:55:00,113428.4360,2643105315.0991,2763348823.9875,2022-07-31 00:00:00,0.908830,,
2022-08-01,2022-08-01 23:55:00,112122.7970,2613618012.3505,2641767454.5047,2022-08-01 00:00:00,1.003490,,
2022-08-02,2022-08-02 23:55:00,112035.5770,2571037462.1325,2607968905.1955,2022-08-02 00:00:00,1.168082,,
2022-08-03,2022-08-03 23:55:00,114786.4950,2618157805.0383,2576072125.6425,2022-08-03 00:00:00,1.322900,,
2022-08-04,2022-08-04 23:55:00,111964.5210,2531839437.7040,2616493222.9258,2022-08-04 00:00:00,1.717250,,
2022-08-05,2022-08-05 23:55:00,106714.5330,2483874349.2936,2532429558.6255,2022-08-05 00:00:00,1.296258,,
2022-08-06,2022-08-06 23:55:00,110147.1320,2524968795.1152,2489579679.9801,2022-08-06 00:00:00,1.368290,,
2022-08-07,2022-08-07 23:55:00,109866.2640,2545326671.2200,2525971318.6792,2022-08-07 00:00:00,1.347092,,
2022-08-08,2022-08-08 23:55:00,117781.1410,2801542219.8260,2545962688.9332,2022-08-08 00:00:00,1.016189,,
2022-08-09,2022-08-09 23:55:00,115750.9980,2678330833.2874,2804179040.0220,2022-08-09 00:00:00,2.083910,,
2022-08-10,2022-08-10 23:55:00,111929.4190,2678101809.2150,2681469211.2359,2022-08-10 00:00:00,1.182593,,
2022-08-11,2022-08-11 23:55:00,117013.3020,2799116505.5476,2683071490.7319,2022-08-11 00:00:00,1.116026,,
2022-08-12,2022-08-12 23:55:00,116195.2040,2833443288.5808,2798679870.0308,2022-08-12 00:00:00,1.227759,,
2022-08-13,2022-08-13 23:55:00,119960.3740,2927135809.8711,2833619094.5984,2022-08-13 00:00:00,0.931452,,
2022-08-14,2022-08-14 23:55:00,114192.9820,2776750808.2066,2928939476.6672,2022-08-14 00:00:00,1.222775,,
2022-08-15,2022-08-15 23:55:00,108658.3580,2623174591.7218,2774097897.6212,2022-08-15 00:00:00,1.591362,,
2022-08-16,2022-08-16 23:55:00,109291.0310,2609586097.9351,2612092222.9536,2022-08-16 00:00:00,1.834533,,
2022-08-17,2022-08-17 23:55:00,117228.3560,2731549645.9916,2605760010.0456,2022-08-17 00:00:00,2.277582,,
2022-08-18,2022-08-18 23:55:00,116292.8700,2697552671.0940,2734880206.5090,2022-08-18 00:00:00,1.995850,,
2022-08-19,2022-08-19 23:55:00,109578.6150,2281712801.0734,2698765199.9850,2022-08-19 00:00:00,2.009836,,
2022-08-20,2022-08-20 23:55:00,108386.1770,2292598737.0205,2271603657.1040,2022-08-20 00:00:00,2.172675,,
2022-08-21,2022-08-21 23:55:00,109778.8870,2360602858.3586,2290136703.4568,2022-08-21 00:00:00,2.038190,,
2022-08-22,2022-08-22 23:55:00,108579.2890,2323531637.0266,2361400257.2320,2022-08-22 00:00:00,2.193198,,
2022-08-23,2022-08-23 23:55:00,110074.0690,2367337790.1130,2326884405.9153,2022-08-23 00:00:00,1.556470,,
2022-08-24,2022-08-24 23:55:00,111367.9620,2378469467.6741,2368551126.6488,2022-08-24 00:00:00,1.458972,,
2022-08-25,2022-08-25 23:55:00,111806.4970,2412761843.9606,2379860715.9404,2022-08-25 00:00:00,1.647067,,
2022-08-26,2022-08-26 23:55:00,117350.4040,2370319769.8734,2407435773.2373,2022-08-26 00:00:00,1.944054,,
2022-08-27,2022-08-27 23:55:00,119311.3640,2391236303.4359,2372461522.2019,2022-08-27 00:00:00,2.007076,,
2022-08-28,2022-08-28 23:55:00,118443.7300,2317173308.9065,2389892353.5040,2022-08-28 00:00:00,2.127487,,
2022-08-29,2022-08-29 23:55:00,120069.5650,2433006114.2033,2307441968.8320,2022-08-29 00:00:00,1.837757,,
2022-08-30,2022-08-30 23:55:00,121308.7420,2397145658.0394,2435301107.0932,2022-08-30 00:00:00,2.401644,,
2022-08-31,2022-08-31 23:55:00,112523.6390,2254422359.7289,2402938512.7904,2022-08-31 00:00:00,1.874086,,
2022-09-01,2022-09-01 23:55:00,117821.0920,2372622240.1500,2256494449.3672,2022-09-01 00:00:00,2.153802,,
2022-09-02,2022-09-02 23:55:00,114910.5610,2288903464.5590,2373523670.3325,2022-09-02 00:00:00,2.384073,,
2022-09-03,2022-09-03 23:55:00,126444.8070,2506528053.6417,2290460665.4891,2022-09-03 00:00:00,2.907585,,
2022-09-04,2022-09-04 23:55:00,122470.6970,2445556113.0445,2503682177.7607,2022-09-04 00:00:00,2.467689,,
2022-09-05,2022-09-05 23:55:00,128469.3090,2543204134.8258,2445207897.0807,2022-09-05 00:00:00,2.903246,,
2022-09-06,2022-09-06 23:55:00,131502.9260,2473188679.5746,2540377183.5904,2022-09-06 00:00:00,3.034010,,
2022-09-07,2022-09-07 23:55:00,122175.5120,2351858845.0334,2472964575.0072,2022-09-07 00:00:00,1.917605,,
2022-09-08,2022-09-08 23:55:00,119467.4760,2307597926.1732,2352706430.2110,2022-09-08 00:00:00,1.722458,,
2022-09-09,2022-09-09 23:55:00,136092.1430,2906819464.4668,2307005747.0665,2022-09-09 00:00:00,0.810501,,
2022-09-10,2022-09-10 23:55:00,137972.4020,2988965130.7270,2906295397.4190,2022-09-10 00:00:00,0.725474,,
2022-09-11,2022-09-11 23:55:00,142062.2270,3094394008.0175,2986425343.4420,2022-09-11 00:00:00,0.676191,,
2022-09-12,2022-09-12 23:55:00,145331.6480,3253248940.4800,3114814359.6743,2022-09-12 00:00:00,0.659270,,
2022-09-13,2022-09-13 23:55:00,122094.3410,2462005902.3725,3254822566.0860,2022-09-13 00:00:00,1.656773,,
2022-09-14,2022-09-14 23:55:00,117173.7800,2371765915.7184,2461989366.7637,2022-09-14 00:00:00,2.134721,,
2022-09-15,2022-09-15 23:55:00,118489.3430,2328860640.9278,2373794270.7149,2022-09-15 00:00:00,2.731769,,
2022-09-16,2022-09-16 23:55:00,122442.9390,2419472474.6400,2334214932.2043,2022-09-16 00:00:00,2.332633,,
2022-09-17,2022-09-17 23:55:00,124969.3340,2513395742.3414,2422627301.4960,2022-09-17 00:00:00,2.196220,,
2022-09-18,2022-09-18 23:55:00,124965.4750,2422159864.3315,2511856210.1931,2022-09-18 00:00:00,2.835789,,
2022-09-19,2022-09-19 23:55:00,115820.0980,2265380868.0908,2422211356.2255,2022-09-19 00:00:00,1.988894,,
2022-09-20,2022-09-20 23:55:00,115847.9020,2189143049.7234,2259945184.4970,2022-09-20 00:00:00,2.343681,,
2022-09-21,2022-09-21 23:55:00,114681.8620,2122875947.4820,2185924744.2240,2022-09-21 00:00:00,2.846832,,
2022-09-22,2022-09-22 23:55:00,121992.6860,2369720124.8186,2116234122.2605,2022-09-22 00:00:00,1.734003,,
2022-09-23,2022-09-23 23:55:00,117078.1910,2251944903.8723,2367540706.1904,2022-09-23 00:00:00,2.104040,,
2022-09-24,2022-09-24 23:55:00,120239.0240,2275114716.5184,2261740253.0536,2022-09-24 00:00:00,2.083427,,
2022-09-25,2022-09-25 23:55:00,121813.2910,2289775461.6866,2273603994.6763,2022-09-25 00:00:00,2.458285,,
2022-09-26,2022-09-26 23:55:00,128371.5360,2468392079.9760,2292253114.1519,2022-09-26 00:00:00,1.655681,,
2022-09-27,2022-09-27 23:55:00,128833.5820,2458894003.5972,2465991095.0833,2022-09-27 00:00:00,2.506403,,
2022-09-28,2022-09-28 23:55:00,130738.4800,2534938230.8253,2457218783.7177,2022-09-28 00:00:00,1.244433,,
2022-09-29,2022-09-29 23:55:00,132114.3010,2588810615.8795,2539032627.6446,2022-09-29 00:00:00,1.402683,,
2022-09-30,2022-09-30 23:55:00,125840.1670,2446207603.1440,2594689924.2903,2022-09-30 00:00:00,1.701560,,
2022-10-01,2022-10-01 23:55:00,126193.4890,2435140966.0853,2435318175.7751,2022-10-01 00:00:00,2.010461,,
2022-10-02,2022-10-02 23:55:00,126468.0240,2407569019.7626,2435729469.2853,2022-10-02 00:00:00,2.614642,,
2022-10-03,2022-10-03 23:55:00,135677.6630,2660352469.2207,2411432961.6087,2022-10-03 00:00:00,1.325718,,
2022-10-04,2022-10-04 23:55:00,166232.6130,3380672650.5810,2661052106.0591,2022-10-04 00:00:00,0.725954,,
2022-10-05,2022-10-05 23:55:00,159149.5500,3208454928.0000,3377679388.2990,2022-10-05 00:00:00,0.920990,,
2022-10-06,2022-10-06 23:55:00,156704.0960,3125306490.6240,3207464302.1103,2022-10-06 00:00:00,1.196227,,
2022-10-07,2022-10-07 23:55:00,146492.4950,2860954479.6015,3125683401.3090,2022-10-07 00:00:00,2.213450,,
2022-10-08,2022-10-08 23:55:00,144435.4390,2800646492.8417,2861096016.4280,2022-10-08 00:00:00,2.230090,,
2022-10-09,2022-10-09 23:55:00,145436.5130,2825336963.4458,2802855534.5672,2022-10-09 00:00:00,2.412697,,
2022-10-10,2022-10-10 23:55:00,151770.2590,2903744480.3175,2825992741.6520,2022-10-10 00:00:00,3.002652,,
2022-10-11,2022-10-11 23:55:00,156111.7730,2972324221.6837,2900525423.4226,2022-10-11 00:00:00,3.073831,,
2022-10-12,2022-10-12 23:55:00,151044.1570,2892205602.1794,2975461552.2453,2022-10-12 00:00:00,2.445357,,
2022-10-13,2022-10-13 23:55:00,153055.1250,2965027650.2578,2892531590.5442,2022-10-13 00:00:00,1.831665,,
2022-10-14,2022-10-14 23:55:00,146401.6850,2808408883.1865,2965086301.6210,2022-10-14 00:00:00,2.004395,,
2022-10-15,2022-10-15 23:55:00,148437.2730,2826817488.3081,2806439901.0054,2022-10-15 00:00:00,2.224890,,
2022-10-16,2022-10-16 23:55:00,142882.0140,2751621825.6120,2832304497.1912,2022-10-16 00:00:00,2.295513,,
2022-10-17,2022-10-17 23:55:00,156395.6040,3056824090.8124,2753087389.5568,2022-10-17 00:00:00,1.424268,,
2022-10-18,2022-10-18 23:55:00,152739.2750,2954053948.1375,3057296749.7451,2022-10-18 00:00:00,1.904507,,
2022-10-19,2022-10-19 23:55:00,154035.2490,2945508241.9527,2949323581.2790,2022-10-19 00:00:00,2.488287,,
2022-10-20,2022-10-20 23:55:00,156808.7220,2984775618.9090,2944614190.7936,2022-10-20 00:00:00,2.885474,,
2022-10-21,2022-10-21 23:55:00,150181.4510,2877389959.3498,2984425562.0894,2022-10-21 00:00:00,2.247581,,
2022-10-22,2022-10-22 23:55:00,150605.6370,2890921706.5549,2874951931.7600,2022-10-22 00:00:00,1.831442,,
2022-10-23,2022-10-23 23:55:00,161076.9930,3150923706.2688,2890600729.6797,2022-10-23 00:00:00,1.319386,,
2022-10-24,2022-10-24 23:55:00,146312.5260,2827522641.2814,3150537367.9863,2022-10-24 00:00:00,1.833952,,
2022-10-25,2022-10-25 23:55:00,164683.7620,3307671192.2435,2826495913.6035,2022-10-25 00:00:00,0.804736,,
2022-10-26,2022-10-26 23:55:00,166784.9740,3458509640.3880,3303739551.1040,2022-10-26 00:00:00,0.748432,,
2022-10-27,2022-10-27 23:55:00,152080.1110,3083146045.8794,3460580641.7052,2022-10-27 00:00:00,0.950269,,
2022-10-28,2022-10-28 23:55:00,147061.9110,3028729637.8763,3082290740.8995,2022-10-28 00:00:00,0.948523,,
2022-10-29,2022-10-29 23:55:00,152912.4850,3180686726.7395,3026706385.1976,2022-10-29 00:00:00,0.742247,,
2022-10-30,2022-10-30 23:55:00,144123.5610,2971639367.9372,3179350180.2296,2022-10-30 00:00:00,0.831307,,
2022-10-31,2022-10-31 23:55:00,134602.5510,2758313293.5201,2969929746.2307,2022-10-31 00:00:00,1.160682,,
2022-11-01,2022-11-01 23:55:00,135190.5900,2767525161.0032,2751998635.2979,2022-11-01 00:00:00,1.159369,,
2022-11-02,2022-11-02 23:55:00,129801.8240,2614143834.4480,2767232726.1188,2022-11-02 00:00:00,1.570473,,
2022-11-03,2022-11-03 23:55:00,129484.7470,2615643683.2988,2614605324.7443,2022-11-03 00:00:00,1.617562,,
2022-11-04,2022-11-04 23:55:00,142035.8440,3003231053.8430,2616077673.5844,2022-11-04 00:00:00,0.814055,,
2022-11-05,2022-11-05 23:55:00,147787.6600,3143515397.7455,3003540519.3438,2022-11-05 00:00:00,0.745668,,
2022-11-06,2022-11-06 23:55:00,139302.2290,2911106832.7665,3148764741.2088,2022-11-06 00:00:00,0.901989,,
2022-11-07,2022-11-07 23:55:00,130159.4600,2679272191.7065,2911151834.3895,2022-11-07 00:00:00,1.690629,,
2022-11-08,2022-11-08 23:55:00,120155.1900,2221464597.5951,2679772164.4070,2022-11-08 00:00:00,3.198236,,
2022-11-09,2022-11-09 23:55:00,131804.4730,2077737801.6031,2227906556.1477,2022-11-09 00:00:00,2.515788,,
2022-11-10,2022-11-10 23:55:00,122379.3220,2151416242.8278,2102155919.9178,2022-11-10 00:00:00,2.006735,,
2022-11-11,2022-11-11 23:55:00,118016.7230,2016558787.8574,2152264391.6072,2022-11-11 00:00:00,2.229839,,
2022-11-12,2022-11-12 23:55:00,117549.6340,1974493683.6159,2004757965.4134,2022-11-12 00:00:00,1.952447,,
2022-11-13,2022-11-13 23:55:00,119146.9240,1946051335.3095,1975114229.3403,2022-11-13 00:00:00,2.434884,,
2022-11-14,2022-11-14 23:55:00,115351.2660,1916653565.6028,1946139055.9270,2022-11-14 00:00:00,2.411467,,
2022-11-15,2022-11-15 23:55:00,117673.9880,1986442824.0292,1917210378.1693,2022-11-15 00:00:00,1.531623,,
2022-11-16,2022-11-16 23:55:00,123170.2060,2052645694.7009,1988390798.4639,2022-11-16 00:00:00,2.284157,,
2022-11-17,2022-11-17 23:55:00,124462.0570,2075728401.8232,2050730747.3779,2022-11-17 00:00:00,1.697530,,
2022-11-18,2022-11-18 23:55:00,120831.8700,2017439589.2903,2077029678.6256,2022-11-18 00:00:00,2.012555,,
2022-11-19,2022-11-19 23:55:00,119595.2940,1997775487.9719,2016875145.1151,2022-11-19 00:00:00,1.920298,,
2022-11-20,2022-11-20 23:55:00,121181.4900,1974167653.5900,1997970097.2135,2022-11-20 00:00:00,2.268700,,
2022-11-21,2022-11-21 23:55:00,129048.9280,2034585398.8480,1974031538.3930,2022-11-21 00:00:00,2.648080,,
2022-11-22,2022-11-22 23:55:00,127786.2500,2065925437.9115,2035472298.6942,2022-11-22 00:00:00,1.998538,,
2022-11-23,2022-11-23 23:55:00,123272.1420,2047218611.2102,2074185137.9716,2022-11-23 00:00:00,1.549903,,
2022-11-24,2022-11-24 23:55:00,123839.4610,2054420124.9059,2046636431.2302,2022-11-24 00:00:00,1.395581,,
2022-11-25,2022-11-25 23:55:00,125454.5550,2070464339.3535,2055346871.4137,2022-11-25 00:00:00,1.438334,,
2022-11-26,2022-11-26 23:55:00,126134.7150,2075357533.2525,2071525310.6528,2022-11-26 00:00:00,1.488680,,
2022-11-27,2022-11-27 23:55:00,126736.7410,2081131350.2869,2075324741.0556,2022-11-27 00:00:00,1.557223,,
2022-11-28,2022-11-28 23:55:00,124990.4170,2025616952.6007,2081587626.7825,2022-11-28 00:00:00,1.915843,,
2022-11-29,2022-11-29 23:55:00,127468.0000,2094437789.6740,2025544858.3696,2022-11-29 00:00:00,1.544287,,
2022-11-30,2022-11-30 23:55:00,127273.8260,2184489094.3877,2094175013.9777,2022-11-30 00:00:00,1.257615,,
2022-12-01,2022-12-01 23:55:00,129813.4030,2200276794.9950,2181544268.7816,2022-12-01 00:00:00,1.205940,,
2022-12-02,2022-12-02 23:55:00,128832.8460,2200864391.5026,2203297427.9996,2022-12-02 00:00:00,1.240537,,
2022-12-03,2022-12-03 23:55:00,129553.2710,2189333681.9561,2200239509.7430,2022-12-03 00:00:00,1.310860,,
2022-12-04,2022-12-04 23:55:00,135952.8190,2328041922.9795,2188389104.4299,2022-12-04 00:00:00,1.200951,,
2022-12-05,2022-12-05 23:55:00,122881.8050,2082858882.9305,2325248051.1623,2022-12-05 00:00:00,1.494750,,
2022-12-06,2022-12-06 23:55:00,110662.0100,1889940576.3037,2083042574.0360,2022-12-06 00:00:00,1.426173,,
2022-12-07,2022-12-07 23:55:00,107645.2300,1811809159.6990,1887425489.8956,2022-12-07 00:00:00,1.605573,,
2022-12-08,2022-12-08 23:55:00,110601.5890,1907655807.0449,1811965717.9843,2022-12-08 00:00:00,1.015002,,
2022-12-09,2022-12-09 23:55:00,109062.6880,1866291836.9884,1904686217.6163,2022-12-09 00:00:00,1.021794,,
2022-12-10,2022-12-10 23:55:00,109835.0490,1879102662.1788,1865092746.4752,2022-12-10 00:00:00,1.057729,,
2022-12-11,2022-12-11 23:55:00,109245.2790,1867307704.8912,1881298447.3600,2022-12-11 00:00:00,1.171993,,
2022-12-12,2022-12-12 23:55:00,104562.2640,1798893277.9049,1862764292.5260,2022-12-12 00:00:00,1.147212,,
2022-12-13,2022-12-13 23:55:00,107237.2510,1905370028.3178,1799536183.5195,2022-12-13 00:00:00,0.851678,,
2022-12-14,2022-12-14 23:55:00,111778.6000,1989871459.3400,1905739513.2069,2022-12-14 00:00:00,0.815642,1.109314,0.845875
2022-12-15,2022-12-15 23:55:00,108139.2160,1875458423.0880,1989969456.4707,2022-12-15 00:00:00,1.364342,1.064418,1.406411
2022-12-16,2022-12-16 23:55:00,98060.6930,1627905564.4930,1878608208.9164,2022-12-16 00:00:00,1.782201,1.041644,1.854234
2022-12-17,2022-12-17 23:55:00,99261.8060,1665712579.8512,1631849281.7520,2022-12-17 00:00:00,2.003436,1.017358,1.722268
2022-12-18,2022-12-18 23:55:00,98498.7290,1649022704.0901,1666106834.3780,2022-12-18 00:00:00,1.970581,1.040896,1.762055
2022-12-19,2022-12-19 23:55:00,97349.5990,1598397642.0615,1646839702.4377,2022-12-19 00:00:00,1.995912,1.053962,1.965505
2022-12-20,2022-12-20 23:55:00,95130.6380,1607584112.3706,1599682202.3371,2022-12-20 00:00:00,1.616356,1.045719,1.457023
2022-12-21,2022-12-21 23:55:00,95925.8900,1611267174.3300,1606456049.1787,2022-12-21 00:00:00,1.627093,1.072374,1.624917
2022-12-22,2022-12-22 23:55:00,99404.1040,1671579684.0931,1611019624.4128,2022-12-22 00:00:00,1.949681,1.066722,1.870891
2022-12-23,2022-12-23 23:55:00,98243.9490,1648445044.6659,1672713056.3777,2022-12-23 00:00:00,1.777669,1.084451,1.750682
2022-12-24,2022-12-24 23:55:00,98031.8050,1649600789.0960,1649098361.0092,2022-12-24 00:00:00,1.680307,1.074843,1.633776
2022-12-25,2022-12-25 23:55:00,97407.0920,1638877756.4474,1649354074.8938,2022-12-25 00:00:00,1.713081,1.076785,1.706719
2022-12-26,2022-12-26 23:55:00,96468.9020,1632676448.4589,1638874141.6394,2022-12-26 00:00:00,1.727666,1.059461,1.651547
2022-12-27,2022-12-27 23:55:00,103196.9780,1723399852.2978,1632926950.0560,2022-12-27 00:00:00,2.204098,1.057491,2.084088
2022-12-28,2022-12-28 23:55:00,106370.7610,1759457483.5488,1723346094.9367,2022-12-28 00:00:00,2.318885,1.051938,2.162000
2022-12-29,2022-12-29 23:55:00,106933.1810,1779047332.2970,1759818604.2071,2022-12-29 00:00:00,2.191118,1.063373,1.958222
2022-12-30,2022-12-30 23:55:00,107626.7020,1786324179.7157,1778741091.8875,2022-12-30 00:00:00,2.258080,1.062539,2.081396
2022-12-31,2022-12-31 23:55:00,105675.2670,1747351107.3717,1787944479.5982,2022-12-31 00:00:00,2.218091,1.082174,2.092786
2023-01-01,2023-01-01 23:55:00,108830.5640,1806837672.6972,1747893968.8875,2023-01-01 00:00:00,2.122261,1.045579,1.978414
2023-01-02,2023-01-02 23:55:00,105352.2190,1756474336.0556,1808457274.4015,2023-01-02 00:00:00,1.964688,1.058161,1.830506
2023-01-03,2023-01-03 23:55:00,105110.3780,1751940974.1613,1752671904.5964,2023-01-03 00:00:00,2.021738,1.062893,1.917739
2023-01-04,2023-01-04 23:55:00,101498.1980,1710214186.8406,1751724412.9983,2023-01-04 00:00:00,1.549009,1.071749,1.504954
2023-01-05,2023-01-05 23:55:00,103949.2380,1748563015.8309,1709912978.2064,2023-01-05 00:00:00,1.509834,1.074215,1.548172
2023-01-06,2023-01-06 23:55:00,103539.2780,1754461652.4739,1748673107.1768,2023-01-06 00:00:00,1.430050,1.083623,1.468135
2023-01-07,2023-01-07 23:55:00,105497.8480,1786911999.6392,1755575515.8088,2023-01-07 00:00:00,1.315031,1.098973,1.409762
2023-01-08,2023-01-08 23:55:00,104119.7140,1776823743.3528,1786726601.2006,2023-01-08 00:00:00,1.378549,1.086959,1.348906
2023-01-09,2023-01-09 23:55:00,103332.1260,1776000249.1998,1760731490.3394,2023-01-09 00:00:00,1.044770,1.087938,1.106913
2023-01-10,2023-01-10 23:55:00,113065.4190,1970285525.4228,1773680868.5177,2023-01-10 00:00:00,0.901253,1.053519,0.910408
2023-01-11,2023-01-11 23:55:00,106693.8960,1913475060.9188,1970878863.5356,2023-01-11 00:00:00,0.909364,1.067740,0.863785
2023-01-12,2023-01-12 23:55:00,108983.0830,2055159385.9808,1917681583.9526,2023-01-12 00:00:00,0.796955,1.098464,0.775332
2023-01-13,2023-01-13 23:55:00,111241.4250,2215139371.8825,2051879228.4909,2023-01-13 00:00:00,0.796829,1.099367,0.720017
2023-01-14,2023-01-14 23:55:00,93764.7500,1967315725.6500,2218103976.8863,2023-01-14 00:00:00,0.917327,1.147160,0.892076
2023-01-15,2023-01-15 23:55:00,94253.9160,1966673935.0812,1963868526.9829,2023-01-15 00:00:00,0.898886,1.131852,0.950555
2023-01-16,2023-01-16 23:55:00,98021.0680,2074635508.4336,1968599265.2568,2023-01-16 00:00:00,0.757276,1.162183,0.801879
2023-01-17,2023-01-17 23:55:00,102083.5610,2158999462.3824,2075458914.1380,2023-01-17 00:00:00,0.756195,1.151791,0.790475
2023-01-18,2023-01-18 23:55:00,101584.8110,2101657679.3357,2154570992.1141,2023-01-18 00:00:00,0.803233,1.162007,0.860808
2023-01-19,2023-01-19 23:55:00,105152.0570,2216559169.8586,2104062954.8895,2023-01-19 00:00:00,0.766120,1.128189,0.753484
2023-01-20,2023-01-20 23:55:00,98555.8850,2234577291.7820,2214086816.0192,2023-01-20 00:00:00,0.832565,1.142932,0.782333
2023-01-21,2023-01-21 23:55:00,95413.0500,2171792314.2860,2236289208.1973,2023-01-21 00:00:00,0.833904,1.155538,0.913295
2023-01-22,2023-01-22 23:55:00,94239.0260,2141327420.4798,2175540156.1320,2023-01-22 00:00:00,1.003672,1.115912,0.989792
2023-01-23,2023-01-23 23:55:00,92177.1020,2114736291.7942,2140903479.5565,2023-01-23 00:00:00,0.988615,1.115108,0.963735
2023-01-24,2023-01-24 23:55:00,92350.9850,2088517525.7750,2110889203.1577,2023-01-24 00:00:00,1.033431,1.078355,1.029251
2023-01-25,2023-01-25 23:55:00,86128.9710,1992324061.1602,2088134374.4625,2023-01-25 00:00:00,1.171584,1.131511,1.025925
2023-01-26,2023-01-26 23:55:00,88628.3960,2039286214.9224,1980986300.5482,2023-01-26 00:00:00,1.247925,1.139849,1.160021
2023-01-27,2023-01-27 23:55:00,90122.6640,2076669509.7528,2038905465.2840,2023-01-27 00:00:00,1.082100,1.152637,1.045671
2023-01-28,2023-01-28 23:55:00,90390.1820,2078910912.8726,2079624947.4869,2023-01-28 00:00:00,1.213494,1.145273,1.136470
2023-01-29,2023-01-29 23:55:00,103234.1240,2454701000.4720,2080948506.1440,2023-01-29 00:00:00,0.850593,1.149432,0.831759
2023-01-30,2023-01-30 23:55:00,93355.5410,2130960386.2812,2452078629.6652,2023-01-30 00:00:00,1.240635,1.178525,1.233885
2023-01-31,2023-01-31 23:55:00,97545.1900,2257588964.9842,2131582734.8054,2023-01-31 00:00:00,1.092349,1.164230,0.970579
2023-02-01,2023-02-01 23:55:00,100348.9750,2379173848.2750,2254988393.1499,2023-02-01 00:00:00,0.832597,1.155238,0.836205
2023-02-02,2023-02-02 23:55:00,97496.2560,2289650824.0320,2379473234.9797,2023-02-02 00:00:00,1.012475,1.171450,1.076378
2023-02-03,2023-02-03 23:55:00,96766.3130,2266485859.0992,2303863059.0903,2023-02-03 00:00:00,1.314338,1.131330,1.206258
2023-02-04,2023-02-04 23:55:00,98563.9610,2297575212.8905,2264022770.7048,2023-02-04 00:00:00,1.396248,1.133246,1.281281
2023-02-05,2023-02-05 23:55:00,102564.0240,2353023838.6080,2299705324.1232,2023-02-05 00:00:00,1.591256,1.126884,1.426177
2023-02-06,2023-02-06 23:55:00,103008.6050,2342870437.8592,2352782076.7751,2023-02-06 00:00:00,1.539882,1.122105,1.344987
2023-02-07,2023-02-07 23:55:00,101350.5740,2357183228.1580,2345509105.5186,2023-02-07 00:00:00,1.323705,1.143035,1.125510
2023-02-08,2023-02-08 23:55:00,104989.9430,2408721268.2832,2356437474.1219,2023-02-08 00:00:00,1.617030,1.143095,1.468758
2023-02-09,2023-02-09 23:55:00,99725.6300,2172482959.2980,2408248076.2800,2023-02-09 00:00:00,1.514629,1.152356,1.549391
2023-02-10,2023-02-10 23:55:00,101847.7800,2202952291.5043,2175106690.2950,2023-02-10 00:00:00,1.640213,1.129421,1.486826
2023-02-11,2023-02-11 23:55:00,101930.5650,2228406012.0300,2202278237.3818,2023-02-11 00:00:00,1.760306,1.172853,1.491565
2023-02-12,2023-02-12 23:55:00,99006.8820,2152726436.7024,2225968764.3872,2023-02-12 00:00:00,1.748789,1.153858,1.528617
2023-02-13,2023-02-13 23:55:00,100248.1440,2186412020.6400,2155281808.7700,2023-02-13 00:00:00,1.697416,1.186558,1.533797
2023-02-14,2023-02-14 23:55:00,103443.8760,2295557705.6752,2179955297.2073,2023-02-14 00:00:00,1.332335,1.156742,1.229095
2023-02-15,2023-02-15 23:55:00,108467.5630,2639742830.0781,2295079769.1387,2023-02-15 00:00:00,0.931088,1.173279,0.865718
2023-02-16,2023-02-16 23:55:00,108414.5250,2555022255.8326,2644658040.7074,2023-02-16 00:00:00,0.769887,1.316354,0.960473
2023-02-17,2023-02-17 23:55:00,107888.4190,2649783837.5313,2548126107.9470,2023-02-17 00:00:00,0.896555,1.306615,0.871380
2023-02-18,2023-02-18 23:55:00,110183.4130,2715779195.3421,2651626568.7615,2023-02-18 00:00:00,0.902874,1.278509,0.952025
2023-02-19,2023-02-19 23:55:00,107075.0460,2604846766.5558,2714412680.1248,2023-02-19 00:00:00,1.002487,1.266107,1.064262
2023-02-20,2023-02-20 23:55:00,111300.9060,2761765031.0310,2597005039.8555,2023-02-20 00:00:00,0.929996,1.249079,0.976638
2023-02-21,2023-02-21 23:55:00,109693.3670,2678312876.2564,2763588913.5231,2023-02-21 00:00:00,1.420418,1.257901,1.403746
2023-02-22,2023-02-22 23:55:00,105347.0330,2547196445.6103,2681329464.8166,2023-02-22 00:00:00,1.693175,1.216343,1.561321
2023-02-23,2023-02-23 23:55:00,104235.8410,2494941798.3958,2544235674.9503,2023-02-23 00:00:00,1.771256,1.189877,1.635776
2023-02-24,2023-02-24 23:55:00,105790.8530,2452813822.2315,2494489557.3752,2023-02-24 00:00:00,2.180649,1.169507,2.005280
2023-02-25,2023-02-25 23:55:00,109660.9590,2540054861.1252,2451655111.5241,2023-02-25 00:00:00,2.057028,1.158540,1.836298
2023-02-26,2023-02-26 23:55:00,106761.6050,2511395320.2208,2537783515.2064,2023-02-26 00:00:00,1.849464,1.164431,1.571677
2023-02-27,2023-02-27 23:55:00,100666.0150,2364312494.5005,2514376511.0712,2023-02-27 00:00:00,1.822574,1.184985,1.627537
2023-02-28,2023-02-28 23:55:00,103353.3590,2388800277.3294,2365447308.6065,2023-02-28 00:00:00,1.855108,1.153525,1.710828
2023-03-01,2023-03-01 23:55:00,103710.0780,2451571816.5877,2387575903.1596,2023-03-01 00:00:00,1.653695,1.188636,1.460515
2023-03-02,2023-03-02 23:55:00,108443.1130,2543684053.8631,2449799947.9342,2023-03-02 00:00:00,1.931712,1.172422,1.747623
2023-03-03,2023-03-03 23:55:00,101571.2990,2267426893.2265,2543405383.2305,2023-03-03 00:00:00,2.185195,1.131387,2.018683
2023-03-04,2023-03-04 23:55:00,99460.4300,2220662966.6530,2270377760.5362,2023-03-04 00:00:00,2.092168,1.120560,1.828187
2023-03-05,2023-03-05 23:55:00,99418.9970,2229588486.1719,2223504432.2990,2023-03-05 00:00:00,2.044928,1.137136,1.685761
2023-03-06,2023-03-06 23:55:00,103603.4940,2320363405.9707,2229624299.3443,2023-03-06 00:00:00,1.969408,1.126661,1.691919
2023-03-07,2023-03-07 23:55:00,104667.1690,2322124878.0002,2320708896.3410,2023-03-07 00:00:00,2.163629,1.123306,1.909850
2023-03-08,2023-03-08 23:55:00,107056.1270,2321805178.5486,2321919064.4684,2023-03-08 00:00:00,2.146560,1.076975,1.985691
2023-03-09,2023-03-09 23:55:00,99032.6160,2015055285.5978,2323939414.5306,2023-03-09 00:00:00,2.213729,1.111488,2.237241
2023-03-10,2023-03-10 23:55:00,96755.4620,1946883524.9180,2016091021.1354,2023-03-10 00:00:00,1.949251,1.078659,1.880250
2023-03-11,2023-03-11 23:55:00,92112.5380,1885706304.1046,1948912281.3385,2023-03-11 00:00:00,1.723243,1.047095,1.619961
2023-03-12,2023-03-12 23:55:00,86517.2360,1899563781.8924,1884506077.7304,2023-03-12 00:00:00,1.424369,1.105716,1.259895
2023-03-13,2023-03-13 23:55:00,99251.6820,2387852743.5463,1925171592.3440,2023-03-13 00:00:00,0.851156,1.151331,0.876568
2023-03-14,2023-03-14 23:55:00,96622.7500,2387132674.6750,2389446216.4937,2023-03-14 00:00:00,1.015116,1.218326,1.074992
2023-03-15,2023-03-15 23:55:00,93282.5030,2264422937.5851,2388235651.6935,2023-03-15 00:00:00,1.062942,1.291302,1.092385
2023-03-16,2023-03-16 23:55:00,103805.8720,2595375172.9184,2266506830.5388,2023-03-16 00:00:00,0.951624,1.300554,0.927344
2023-03-17,2023-03-17 23:55:00,107231.3520,2928863532.8520,2595641055.1324,2023-03-17 00:00:00,0.779980,1.361031,0.755455
2023-03-18,2023-03-18 23:55:00,106478.0310,2865929377.3648,2923114445.8145,2023-03-18 00:00:00,0.708461,1.316419,0.804021
2023-03-19,2023-03-19 23:55:00,111961.3090,3123048753.2460,2867716625.8438,2023-03-19 00:00:00,0.755932,1.253615,0.718881
2023-03-20,2023-03-20 23:55:00,111211.5220,3079280226.8970,3130133217.2500,2023-03-20 00:00:00,0.765164,1.279176,0.782509
2023-03-21,2023-03-21 23:55:00,110508.8610,3104869499.2192,3079303414.0559,2023-03-21 00:00:00,0.728390,1.223194,0.716889
2023-03-22,2023-03-22 23:55:00,102302.8360,2787850959.3928,3103938123.2873,2023-03-22 00:00:00,0.854392,1.160058,0.861515
2023-03-23,2023-03-23 23:55:00,103899.7600,2941795274.8841,2786993915.6485,2023-03-23 00:00:00,0.704294,1.157309,0.680169
2023-03-24,2023-03-24 23:55:00,98059.9190,2688028305.6199,2944751221.6083,2023-03-24 00:00:00,0.938931,1.184143,0.958405
2023-03-25,2023-03-25 23:55:00,97209.4930,2668305533.1527,2692464339.3714,2023-03-25 00:00:00,0.935774,1.151828,0.874276
2023-03-26,2023-03-26 23:55:00,102629.0950,2870339557.0619,2668819510.9583,2023-03-26 00:00:00,0.827737,1.131914,0.765886
2023-03-27,2023-03-27 23:55:00,98842.3850,2681584637.5208,2864745217.6185,2023-03-27 00:00:00,1.104950,1.126402,1.060163
2023-03-28,2023-03-28 23:55:00,102259.0530,2787234103.9998,2680025825.2526,2023-03-28 00:00:00,0.971268,1.132680,0.895724
2023-03-29,2023-03-29 23:55:00,109511.2760,3102761080.6528,2786273731.8391,2023-03-29 00:00:00,0.694726,1.171624,0.718706
2023-03-30,2023-03-30 23:55:00,101878.9750,2853894975.0850,3100659131.2260,2023-03-30 00:00:00,0.922605,1.149225,0.939899
2023-03-31,2023-03-31 23:55:00,107656.9070,3063910772.2344,2853954435.2906,2023-03-31 00:00:00,0.720588,1.117221,0.721127
2023-04-01,2023-04-01 23:55:00,105961.4850,3014774723.4601,3064192306.3957,2023-04-01 00:00:00,0.742647,1.167292,0.773337
2023-04-02,2023-04-02 23:55:00,104861.6680,2954640763.4366,3013653320.3700,2023-04-02 00:00:00,0.921535,1.150251,0.936843
2023-04-03,2023-04-03 23:55:00,94262.1260,2616905142.0120,2954554151.0912,2023-04-03 00:00:00,1.097406,1.131839,1.059374
2023-04-04,2023-04-04 23:55:00,97309.1310,2740002697.2767,2621631208.1543,2023-04-04 00:00:00,0.881249,1.095911,0.846409
2023-04-05,2023-04-05 23:55:00,96112.0370,2706620685.1607,2737177342.1181,2023-04-05 00:00:00,1.061271,1.106635,1.007866
2023-04-06,2023-04-06 23:55:00,98516.7550,2759139053.9340,2706769142.2496,2023-04-06 00:00:00,1.144951,1.127456,1.095610
2023-04-07,2023-04-07 23:55:00,101978.6930,2844389705.1560,2761352830.6037,2023-04-07 00:00:00,1.234574,1.093295,1.132031
2023-04-08,2023-04-08 23:55:00,101865.6030,2843734508.1999,2843884736.2287,2023-04-08 00:00:00,1.206047,1.084689,1.085997
2023-04-09,2023-04-09 23:55:00,103683.4730,2935726575.9623,2842859867.5969,2023-04-09 00:00:00,0.902667,1.115556,0.834127
2023-04-10,2023-04-10 23:55:00,118347.2960,3502500059.8496,2935761017.2142,2023-04-10 00:00:00,0.605965,1.132733,0.580921
2023-04-11,2023-04-11 23:55:00,113944.4710,3443060080.2070,3510616939.7921,2023-04-11 00:00:00,0.642352,1.163383,0.651514
2023-04-12,2023-04-12 23:55:00,113700.3630,3395440137.3902,3441353126.0304,2023-04-12 00:00:00,0.803075,1.157453,0.810836
2023-04-13,2023-04-13 23:55:00,111911.1070,3396026467.1149,3400491402.5000,2023-04-13 00:00:00,0.685502,1.123123,0.675300
2023-04-14,2023-04-14 23:55:00,99957.3710,3045441205.2054,3402258220.8252,2023-04-14 00:00:00,0.869385,1.123562,0.838446
2023-04-15,2023-04-15 23:55:00,101335.5180,3069554175.7380,3041482925.2198,2023-04-15 00:00:00,0.870674,1.108164,0.861428
2023-04-16,2023-04-16 23:55:00,99974.7790,3028151018.6926,3065391911.9934,2023-04-16 00:00:00,0.961746,1.093709,0.898436
2023-04-17,2023-04-17 23:55:00,100537.1240,2956123218.1092,3031175225.5818,2023-04-17 00:00:00,1.280858,1.093937,1.240217
2023-04-18,2023-04-18 23:55:00,98961.8340,3003560935.1838,2957545725.1065,2023-04-18 00:00:00,0.972970,1.071999,0.902828
2023-04-19,2023-04-19 23:55:00,96398.5670,2775748537.4815,3005865565.5498,2023-04-19 00:00:00,1.539329,1.068215,1.494903
2023-04-20,2023-04-20 23:55:00,99015.0360,2797016342.9424,2776427779.9962,2023-04-20 00:00:00,1.855484,1.075615,1.629879
2023-04-21,2023-04-21 23:55:00,102306.6420,2789549940.3783,2794302630.7776,2023-04-21 00:00:00,1.760155,1.167167,1.691889
2023-04-22,2023-04-22 23:55:00,104477.7050,2905660797.0665,2787670395.8524,2023-04-22 00:00:00,2.015450,1.125906,1.583157
2023-04-23,2023-04-23 23:55:00,103239.7200,2846595294.1743,2913211333.8867,2023-04-23 00:00:00,1.794096,1.151815,1.634508
2023-04-24,2023-04-24 23:55:00,102400.9250,2816801360.1918,2849675923.7567,2023-04-24 00:00:00,1.817212,1.130502,1.621361
2023-04-25,2023-04-25 23:55:00,101727.0850,2880059774.3652,2820532762.3117,2023-04-25 00:00:00,1.481553,1.123924,1.287396
2023-04-26,2023-04-26 23:55:00,92138.2940,2613065468.8638,2877760143.8120,2023-04-26 00:00:00,1.395804,1.190084,1.304874
2023-04-27,2023-04-27 23:55:00,98965.1810,2915217308.4417,2627341734.3711,2023-04-27 00:00:00,0.934863,1.239018,0.901906
2023-04-28,2023-04-28 23:55:00,100443.3840,2944271465.5485,2917706235.8904,2023-04-28 00:00:00,1.052291,1.257348,1.058746
2023-04-29,2023-04-29 23:55:00,100274.3920,2928447007.9114,2941081219.5840,2023-04-29 00:00:00,1.095038,1.247256,1.094625
2023-04-30,2023-04-30 23:55:00,98603.8450,2888727515.0923,2928494811.2379,2023-04-30 00:00:00,1.094968,1.262368,1.049517
2023-05-01,2023-05-01 23:55:00,101704.9910,2854828585.8727,2863717742.9168,2023-05-01 00:00:00,1.681695,1.185183,1.601899
2023-05-02,2023-05-02 23:55:00,101352.1400,2901572090.8743,2857513230.6688,2023-05-02 00:00:00,1.307112,1.138202,1.128050
2023-05-03,2023-05-03 23:55:00,96881.4210,2809067113.7529,2906334963.7060,2023-05-03 00:00:00,1.154936,1.205847,1.086728
2023-05-04,2023-05-04 23:55:00,101150.2260,2914117781.0148,2813468529.5283,2023-05-04 00:00:00,1.205488,1.190639,1.195654
2023-05-05,2023-05-05 23:55:00,105066.9840,3097626849.0816,2916384475.5640,2023-05-05 00:00:00,0.847228,1.205515,0.836215
2023-05-06,2023-05-06 23:55:00,98576.0970,2844205389.7704,3099805006.7755,2023-05-06 00:00:00,1.399376,1.212923,1.371772
2023-05-07,2023-05-07 23:55:00,99776.7130,2837739975.6558,2843694014.5432,2023-05-07 00:00:00,1.309780,1.202071,1.263691
2023-05-08,2023-05-08 23:55:00,105483.6380,2920521606.2707,2842484025.0300,2023-05-08 00:00:00,2.190753,1.105755,1.908601
2023-05-09,2023-05-09 23:55:00,108366.5070,2994545871.1845,2919554743.8438,2023-05-09 00:00:00,2.111841,1.115598,1.790626
2023-05-10,2023-05-10 23:55:00,101812.5800,2811481572.7343,2996089470.4581,2023-05-10 00:00:00,1.966469,1.108827,1.691521
2023-05-11,2023-05-11 23:55:00,108769.1330,2935480555.7689,2809605865.2761,2023-05-11 00:00:00,2.062423,1.158180,1.885184
2023-05-12,2023-05-12 23:55:00,106741.8770,2859625559.0177,2926006494.9735,2023-05-12 00:00:00,2.070178,1.150412,1.869924
2023-05-13,2023-05-13 23:55:00,107439.3080,2876297547.2562,2862578966.7636,2023-05-13 00:00:00,1.824778,1.162030,1.704761
2023-05-14,2023-05-14 23:55:00,107787.9200,2899204020.6160,2875931385.5160,2023-05-14 00:00:00,1.799467,1.183985,1.634606
2023-05-15,2023-05-15 23:55:00,107218.2650,2913793493.3550,2898486985.7463,2023-05-15 00:00:00,1.578875,1.156467,1.454344
2023-05-16,2023-05-16 23:55:00,108701.1080,2936484341.8444,2911729237.0450,2023-05-16 00:00:00,1.720365,1.174665,1.615921
2023-05-17,2023-05-17 23:55:00,107717.2950,2949813226.4781,2937877945.8468,2023-05-17 00:00:00,1.538292,1.216498,1.439148
2023-05-18,2023-05-18 23:55:00,104923.0640,2814697591.7832,2954000926.9198,2023-05-18 00:00:00,2.087360,1.232502,1.966895
2023-05-19,2023-05-19 23:55:00,104135.5660,2796508557.1470,2812531567.3963,2023-05-19 00:00:00,1.956967,1.228113,1.763800
2023-05-20,2023-05-20 23:55:00,104910.9910,2843234616.1682,2797787361.2700,2023-05-20 00:00:00,1.835432,1.222677,1.626281
2023-05-21,2023-05-21 23:55:00,106075.0820,2836458300.1882,2839981382.2979,2023-05-21 00:00:00,1.995773,1.225520,1.876282
2023-05-22,2023-05-22 23:55:00,105318.8490,2826290748.6880,2835804091.1872,2023-05-22 00:00:00,1.932011,1.246424,1.698892
2023-05-23,2023-05-23 23:55:00,104986.3980,2856974527.1764,2825844455.8517,2023-05-23 00:00:00,1.474196,1.274289,1.425394
2023-05-24,2023-05-24 23:55:00,114955.3880,3026350031.1044,2857184828.0759,2023-05-24 00:00:00,2.617161,1.216633,2.384589
2023-05-25,2023-05-25 23:55:00,112009.3950,2963871702.1558,3025838179.2397,2023-05-25 00:00:00,2.173580,1.227776,1.881596
2023-05-26,2023-05-26 23:55:00,106124.8980,2833375589.2530,2963684544.5948,2023-05-26 00:00:00,1.593920,1.254920,1.478487
2023-05-27,2023-05-27 23:55:00,108509.5870,2911909021.9385,2833010787.6716,2023-05-27 00:00:00,1.677788,1.263527,1.542273
2023-05-28,2023-05-28 23:55:00,111123.8800,3121680924.5720,2912606440.7689,2023-05-28 00:00:00,1.208040,1.266760,1.086391
2023-05-29,2023-05-29 23:55:00,111665.3610,3096592125.8910,3116827706.5598,2023-05-29 00:00:00,1.368319,1.350189,1.422214
2023-05-30,2023-05-30 23:55:00,111159.5840,3075963544.6144,3095970671.9507,2023-05-30 00:00:00,1.441464,1.269675,1.405774
2023-05-31,2023-05-31 23:55:00,111835.6660,3043126756.8262,3077488158.2387,2023-05-31 00:00:00,2.291757,1.270763,2.117418
2023-06-01,2023-06-01 23:55:00,113512.8840,3041271241.9932,3036897096.4436,2023-06-01 00:00:00,2.399428,1.277743,2.261836
2023-06-02,2023-06-02 23:55:00,112574.9590,3064405046.9962,3043285996.9424,2023-06-02 00:00:00,2.051161,1.264890,1.838026
2023-06-03,2023-06-03 23:55:00,114427.8640,3094026457.4824,3066304655.0523,2023-06-03 00:00:00,2.029733,1.284163,1.979165
2023-06-04,2023-06-04 23:55:00,108910.3390,2951099891.7474,3096880026.0177,2023-06-04 00:00:00,1.904696,1.311549,1.751631
2023-06-05,2023-06-05 23:55:00,119703.2570,3079246583.0680,2949031891.5284,2023-06-05 00:00:00,3.228455,1.251561,2.922980
2023-06-06,2023-06-06 23:55:00,109276.4050,2971444004.7600,3074095486.0017,2023-06-06 00:00:00,1.600721,1.268655,1.344249
2023-06-07,2023-06-07 23:55:00,103134.1130,2718130488.3489,2977612379.5320,2023-06-07 00:00:00,2.003691,1.335871,2.059391
2023-06-08,2023-06-08 23:55:00,103365.9120,2737370808.1767,2716756064.0528,2023-06-08 00:00:00,2.092641,1.292720,1.876025
2023-06-09,2023-06-09 23:55:00,102600.2960,2716804537.9320,2738744095.0631,2023-06-09 00:00:00,1.986187,1.310095,1.850040
2023-06-10,2023-06-10 23:55:00,101877.4400,2631575777.1520,2715595271.8119,2023-06-10 00:00:00,2.782894,1.242721,2.401059
2023-06-11,2023-06-11 23:55:00,99498.3240,2577764921.3926,2631772994.0110,2023-06-11 00:00:00,2.320905,1.248389,1.981895
2023-06-12,2023-06-12 23:55:00,102429.7190,2650983557.4390,2573734655.8843,2023-06-12 00:00:00,2.316983,1.229791,2.021588
2023-06-13,2023-06-13 23:55:00,103262.8940,2674498628.3106,2651952944.8741,2023-06-13 00:00:00,2.335913,1.235721,2.046873
2023-06-14,2023-06-14 23:55:00,103676.1040,2603313569.8735,2678368067.9087,2023-06-14 00:00:00,3.034605,1.204527,2.714649
2023-06-15,2023-06-15 23:55:00,104064.0980,2661558584.9625,2603875911.1027,2023-06-15 00:00:00,2.330673,1.189284,1.922660
2023-06-16,2023-06-16 23:55:00,104683.4850,2757017539.3995,2663373579.7247,2023-06-16 00:00:00,1.306503,1.257945,1.222573
2023-06-17,2023-06-17 23:55:00,103336.2040,2739866446.4764,2756875234.3040,2023-06-17 00:00:00,1.411766,1.279212,1.351656
2023-06-18,2023-06-18 23:55:00,104265.9110,2744664561.3907,2737758509.6448,2023-06-18 00:00:00,1.304181,1.257549,1.317358
2023-06-19,2023-06-19 23:55:00,109297.5170,2926842940.4771,2744936031.9887,2023-06-19 00:00:00,1.267403,1.257516,1.189111
2023-06-20,2023-06-20 23:55:00,121586.0720,3448212211.0160,2926206913.1539,2023-06-20 00:00:00,0.815159,1.219709,0.775501
2023-06-21,2023-06-21 23:55:00,116876.6390,3512143001.9500,3436038536.3053,2023-06-21 00:00:00,0.789208,1.385830,0.792456
2023-06-22,2023-06-22 23:55:00,117868.6970,3524556925.1728,3507783992.2008,2023-06-22 00:00:00,0.714565,1.411652,0.792275
2023-06-23,2023-06-23 23:55:00,115129.5130,3523987750.4657,3522953806.4976,2023-06-23 00:00:00,0.761934,1.420575,0.774975
2023-06-24,2023-06-24 23:55:00,113465.6730,3465185986.0852,3525387158.9862,2023-06-24 00:00:00,0.841130,1.452958,0.866938
2023-06-25,2023-06-25 23:55:00,113831.6880,3466013813.8740,3463691519.8262,2023-06-25 00:00:00,0.934723,1.395044,0.925874
2023-06-26,2023-06-26 23:55:00,114980.4880,3479977319.4330,3468302167.4560,2023-06-26 00:00:00,1.024685,1.440537,1.009097
2023-06-27,2023-06-27 23:55:00,116005.4170,3561002857.2754,3479590047.0194,2023-06-27 00:00:00,0.921562,1.443854,0.886069
2023-06-28,2023-06-28 23:55:00,112157.5600,3372802144.3200,3561297339.8752,2023-06-28 00:00:00,1.116163,1.430096,1.116560
2023-06-29,2023-06-29 23:55:00,118245.2740,3600217651.7217,3373306933.8696,2023-06-29 00:00:00,0.900212,1.419362,0.867692
2023-06-30,2023-06-30 23:55:00,106000.7870,3231182226.1083,3598648141.7782,2023-06-30 00:00:00,1.094690,1.479932,1.052692
2023-07-01,2023-07-01 23:55:00,109297.1140,3342481472.1444,3228115375.4018,2023-07-01 00:00:00,0.996298,1.513547,0.997368
2023-07-02,2023-07-02 23:55:00,108567.8190,3324529906.8684,3341251286.4422,2023-07-02 00:00:00,0.983177,1.536641,0.990291
2023-07-03,2023-07-03 23:55:00,117790.9100,3668481895.4879,3323739108.0152,2023-07-03 00:00:00,0.756740,1.484457,0.787609
2023-07-04,2023-07-04 23:55:00,113978.7410,3506669945.6060,3674111247.8218,2023-07-04 00:00:00,0.924286,1.479462,0.993092
2023-07-05,2023-07-05 23:55:00,112524.9270,3431773971.1533,3507259215.7578,2023-07-05 00:00:00,1.098689,1.471649,1.082366
2023-07-06,2023-07-06 23:55:00,103023.1360,3085989113.3834,3433267072.6180,2023-07-06 00:00:00,1.313491,1.452179,1.262446
2023-07-07,2023-07-07 23:55:00,103474.8520,3135908864.7120,3081403648.5874,2023-07-07 00:00:00,1.276040,1.391102,1.125168
2023-07-08,2023-07-08 23:55:00,103417.4330,3128808719.7889,3140581378.2114,2023-07-08 00:00:00,1.327560,1.427847,1.246937
2023-07-09,2023-07-09 23:55:00,102280.5340,3083670765.5770,3136150801.3123,2023-07-09 00:00:00,1.335108,1.410474,1.244104
2023-07-10,2023-07-10 23:55:00,105970.9250,3221262664.9748,3079365873.1224,2023-07-10 00:00:00,1.078477,1.424575,0.999700
2023-07-11,2023-07-11 23:55:00,107958.0570,3304496756.7877,3224107293.1713,2023-07-11 00:00:00,0.980183,1.400067,0.932517
2023-07-12,2023-07-12 23:55:00,111207.4950,3377560675.8915,3305583848.1480,2023-07-12 00:00:00,1.238697,1.379926,1.201579
2023-07-13,2023-07-13 23:55:00,111251.8840,3496583682.7965,3374788594.0452,2023-07-13 00:00:00,0.779511,1.375737,0.764537
2023-07-14,2023-07-14 23:55:00,101218.2640,3065720733.6429,3501916013.2464,2023-07-14 00:00:00,1.649540,1.301175,1.609307
2023-07-15,2023-07-15 23:55:00,100166.7220,3031265374.5084,3065555703.6049,2023-07-15 00:00:00,1.587550,1.270372,1.412056
2023-07-16,2023-07-16 23:55:00,100914.5170,3048244083.4054,3030841820.1292,2023-07-16 00:00:00,1.596571,1.295136,1.416133
2023-07-17,2023-07-17 23:55:00,104796.2080,3159267644.5054,3049930079.1384,2023-07-17 00:00:00,1.770960,1.254161,1.569583
2023-07-18,2023-07-18 23:55:00,106871.7850,3188690700.3310,3157407876.1573,2023-07-18 00:00:00,1.893685,1.234655,1.719125
2023-07-19,2023-07-19 23:55:00,104830.8270,3136538343.8400,3188224697.0836,2023-07-19 00:00:00,1.862087,1.235072,1.637285
2023-07-20,2023-07-20 23:55:00,109741.9840,3267975530.8920,3133059072.6935,2023-07-20 00:00:00,2.104183,1.205141,1.799698
2023-07-21,2023-07-21 23:55:00,106641.2490,3188200100.7285,3268478989.6580,2023-07-21 00:00:00,1.812183,1.211966,1.545137
2023-07-22,2023-07-22 23:55:00,106104.8390,3155791342.5058,3187326011.8175,2023-07-22 00:00:00,1.848669,1.233733,1.656005
2023-07-23,2023-07-23 23:55:00,100438.5280,3018579520.5120,3147061249.6128,2023-07-23 00:00:00,1.510609,1.302373,1.313857
2023-07-24,2023-07-24 23:55:00,111783.0540,3261589121.3484,3017712091.8001,2023-07-24 00:00:00,2.157208,1.255058,1.977720
2023-07-25,2023-07-25 23:55:00,108289.5520,3164820603.7070,3259943300.1498,2023-07-25 00:00:00,1.949113,1.265397,1.666398
2023-07-26,2023-07-26 23:55:00,109215.1160,3203600400.1154,3164139089.2566,2023-07-26 00:00:00,1.547291,1.271436,1.379444
2023-07-27,2023-07-27 23:55:00,109903.5960,3209163022.4808,3205444834.3962,2023-07-27 00:00:00,1.680110,1.306938,1.540612
2023-07-28,2023-07-28 23:55:00,107974.6620,3163813682.8656,3210697355.8229,2023-07-28 00:00:00,1.505806,1.319093,1.355269
2023-07-29,2023-07-29 23:55:00,108230.5110,3176240806.3170,3163259292.4000,2023-07-29 00:00:00,1.556725,1.316259,1.410857
2023-07-30,2023-07-30 23:55:00,106354.1610,3112123852.9428,3174034431.0103,2023-07-30 00:00:00,1.639108,1.317689,1.518710
2023-07-31,2023-07-31 23:55:00,108848.6490,3181403368.4896,3111329106.0432,2023-07-31 00:00:00,1.848401,1.328259,1.648019
2023-08-01,2023-08-01 23:55:00,109366.3800,3243205315.7100,3181469038.3504,2023-08-01 00:00:00,1.694665,1.271273,1.502763
2023-08-02,2023-08-02 23:55:00,112389.1140,3275429621.6014,3229857867.7454,2023-08-02 00:00:00,1.999056,1.414220,1.953682
2023-08-03,2023-08-03 23:55:00,111599.5950,3257051365.5946,3277154421.5551,2023-08-03 00:00:00,1.897946,1.292614,1.712614
2023-08-04,2023-08-04 23:55:00,114691.6660,3337516011.4334,3255697378.3923,2023-08-04 00:00:00,2.176794,1.302395,1.955878
2023-08-05,2023-08-05 23:55:00,112647.6100,3273945077.9960,3337622025.6266,2023-08-05 00:00:00,2.168080,1.286543,1.940086
2023-08-06,2023-08-06 23:55:00,111146.0480,3231871439.9296,3273257965.8734,2023-08-06 00:00:00,2.134032,1.319514,1.877302
2023-08-07,2023-08-07 23:55:00,111593.7850,3258237218.7805,3231364149.2833,2023-08-07 00:00:00,2.012360,1.286026,1.804609
2023-08-08,2023-08-08 23:55:00,124013.2920,3690445328.5869,3259494672.9242,2023-08-08 00:00:00,1.034248,1.299053,0.973182
2023-08-09,2023-08-09 23:55:00,118156.7050,3495475908.2851,3692721940.2566,2023-08-09 00:00:00,1.404226,1.415975,1.364200
2023-08-10,2023-08-10 23:55:00,118619.1900,3492872530.6590,3485664538.7921,2023-08-10 00:00:00,1.642348,1.332592,1.539691
2023-08-11,2023-08-11 23:55:00,118264.4480,3478855175.9232,3492171893.4531,2023-08-11 00:00:00,1.825278,1.338303,1.682707
2023-08-12,2023-08-12 23:55:00,117209.2380,3448084805.3316,3478190464.0875,2023-08-12 00:00:00,1.859852,1.336458,1.699551
2023-08-13,2023-08-13 23:55:00,114752.9230,3361441765.5738,3447998958.8096,2023-08-13 00:00:00,1.979878,1.352442,1.804511
2023-08-14,2023-08-14 23:55:00,107377.7230,3158998921.7985,3361254312.2215,2023-08-14 00:00:00,1.932055,1.372899,1.695712
2023-08-15,2023-08-15 23:55:00,114193.3580,3333176679.3954,3158851294.7475,2023-08-15 00:00:00,2.189083,1.355996,1.972181
2023-08-16,2023-08-16 23:55:00,116933.2370,3358610711.3383,3332188329.1488,2023-08-16 00:00:00,2.394939,1.351756,2.144112
2023-08-17,2023-08-17 23:55:00,106577.3930,2834308531.7027,3360810891.4974,2023-08-17 00:00:00,2.224689,1.007857,2.227184
2023-08-18,2023-08-18 23:55:00,95823.4680,2496220506.0936,2833997854.1780,2023-08-18 00:00:00,2.161412,1.109716,2.049668
2023-08-19,2023-08-19 23:55:00,87632.0470,2285150043.9219,2494157940.4380,2023-08-19 00:00:00,2.512886,1.287390,2.259769
2023-08-20,2023-08-20 23:55:00,89701.3080,2347294857.6132,2286394628.5752,2023-08-20 00:00:00,2.511570,1.246497,2.247799
2023-08-21,2023-08-21 23:55:00,91004.5230,2375572967.9397,2348590622.1045,2023-08-21 00:00:00,2.234777,1.190178,2.101534
2023-08-22,2023-08-22 23:55:00,87020.0260,2265897053.0088,2376541800.5238,2023-08-22 00:00:00,2.473373,1.216692,2.333998
2023-08-23,2023-08-23 23:55:00,83971.6170,2216724731.3745,2267911669.8630,2023-08-23 00:00:00,1.971035,1.203630,1.846481
2023-08-24,2023-08-24 23:55:00,85646.2300,2237764697.4400,2216906269.6602,2023-08-24 00:00:00,2.485798,1.211894,2.304399
2023-08-25,2023-08-25 23:55:00,84104.6400,2190799715.0400,2239726782.9216,2023-08-25 00:00:00,2.377795,1.257677,2.195126
2023-08-26,2023-08-26 23:55:00,85658.7730,2227939674.8604,2191702555.6556,2023-08-26 00:00:00,2.333976,1.235119,2.174483
2023-08-27,2023-08-27 23:55:00,86583.0370,2258379987.2858,2227426791.2085,2023-08-27 00:00:00,2.319903,1.181610,2.113036
2023-08-28,2023-08-28 23:55:00,86251.7510,2252699702.9506,2258487612.3348,2023-08-28 00:00:00,2.338573,1.209664,2.144992
2023-08-29,2023-08-29 23:55:00,92123.7110,2552296625.6261,2252185710.0640,2023-08-29 00:00:00,1.178474,1.176148,1.130114
2023-08-30,2023-08-30 23:55:00,89238.5340,2435007257.9910,2556851552.4325,2023-08-30 00:00:00,1.503855,1.255673,1.568703
2023-08-31,2023-08-31 23:55:00,82362.2070,2134979251.6607,2434627641.5320,2023-08-31 00:00:00,2.242045,1.248001,2.223495
2023-09-01,2023-09-01 23:55:00,83680.4070,2159649047.9781,2138186927.9529,2023-09-01 00:00:00,2.444363,1.266585,2.164234
2023-09-02,2023-09-02 23:55:00,80668.9810,2085011296.0522,2158089406.1664,2023-09-02 00:00:00,2.326805,1.237728,2.075391
2023-09-03,2023-09-03 23:55:00,80375.0010,2087330738.4699,2085538159.7698,2023-09-03 00:00:00,2.244056,1.207950,2.006066
2023-09-04,2023-09-04 23:55:00,81116.4690,2094816292.9536,2087520321.5071,2023-09-04 00:00:00,2.385542,1.202927,2.165955
2023-09-05,2023-09-05 23:55:00,83762.5760,2158862725.2548,2091684177.9327,2023-09-05 00:00:00,2.472936,1.183522,2.211501
2023-09-06,2023-09-06 23:55:00,83221.6950,2143589334.9374,2160680827.7205,2023-09-06 00:00:00,2.608176,1.184089,2.336525
2023-09-07,2023-09-07 23:55:00,82491.8760,2160717957.2556,2143075473.8039,2023-09-07 00:00:00,1.985641,1.194008,1.813816
2023-09-08,2023-09-08 23:55:00,83475.1750,2161998684.9825,2172245257.1861,2023-09-08 00:00:00,2.081157,1.155560,1.978021
2023-09-09,2023-09-09 23:55:00,83494.0810,2160840385.2914,2161925931.2671,2023-09-09 00:00:00,1.994967,1.145093,1.838644
2023-09-10,2023-09-10 23:55:00,81718.7890,2110665569.8076,2162064077.3610,2023-09-10 00:00:00,2.142509,1.151299,1.953933
2023-09-11,2023-09-11 23:55:00,89392.7870,2246664219.2775,2112043735.8817,2023-09-11 00:00:00,2.605807,1.113855,2.401818
2023-09-12,2023-09-12 23:55:00,87235.1300,2254053778.7770,2249097027.5022,2023-09-12 00:00:00,1.703536,1.124565,1.591853
2023-09-13,2023-09-13 23:55:00,89879.9320,2355877543.2380,2254723021.8508,2023-09-13 00:00:00,1.436187,1.120048,1.410203
2023-09-14,2023-09-14 23:55:00,91673.3600,2430810813.7600,2355820294.9560,2023-09-14 00:00:00,1.267448,1.104670,1.273583
2023-09-15,2023-09-15 23:55:00,86798.0350,2310303297.5950,2430008141.2679,2023-09-15 00:00:00,1.347722,1.118985,1.346947
2023-09-16,2023-09-16 23:55:00,86537.6030,2296716559.4913,2305105887.0697,2023-09-16 00:00:00,1.441713,1.113501,1.465396
2023-09-17,2023-09-17 23:55:00,84798.8770,2249375011.3020,2296682116.9784,2023-09-17 00:00:00,1.396768,1.111583,1.413634
2023-09-18,2023-09-18 23:55:00,89660.4950,2396319642.1505,2247188392.7397,2023-09-18 00:00:00,1.274799,1.103036,1.254492
2023-09-19,2023-09-19 23:55:00,92707.2770,2521888244.0479,2393984114.3381,2023-09-19 00:00:00,1.202995,1.101311,1.185702
2023-09-20,2023-09-20 23:55:00,90339.5830,2449639098.6697,2521367107.6905,2023-09-20 00:00:00,1.365293,1.092889,1.380204
2023-09-21,2023-09-21 23:55:00,92473.6640,2454774711.7736,2449659105.2213,2023-09-21 00:00:00,1.700448,1.100515,1.682334
2023-09-22,2023-09-22 23:55:00,92701.5280,2462717485.5120,2455236857.6997,2023-09-22 00:00:00,1.710950,1.089521,1.590370
2023-09-23,2023-09-23 23:55:00,91361.4410,2426995439.4495,2460494639.9054,2023-09-23 00:00:00,1.764479,1.078744,1.639941
2023-09-24,2023-09-24 23:55:00,90344.6940,2370617667.1518,2426972261.3988,2023-09-24 00:00:00,1.807135,1.096577,1.744239
2023-09-25,2023-09-25 23:55:00,89731.3670,2359574062.5667,2371897985.9794,2023-09-25 00:00:00,1.838536,1.082381,1.682255
2023-09-26,2023-09-26 23:55:00,91213.2010,2390319783.5076,2359013983.2208,2023-09-26 00:00:00,1.918237,1.107944,1.801834
2023-09-27,2023-09-27 23:55:00,88284.9150,2326588876.8609,2390632552.1325,2023-09-27 00:00:00,1.815872,1.108469,1.648949
2023-09-28,2023-09-28 23:55:00,93864.9850,2534539494.7802,2327465903.3681,2023-09-28 00:00:00,0.991220,1.014637,0.993731
2023-09-29,2023-09-29 23:55:00,88478.4690,2379741733.2365,2533323510.0252,2023-09-29 00:00:00,1.246867,1.077689,1.292441
2023-09-30,2023-09-30 23:55:00,90165.9920,2430341674.5865,2378401133.2732,2023-09-30 00:00:00,1.237501,1.092703,1.250907
2023-10-01,2023-10-01 23:55:00,87461.2080,2445878299.5241,2430511505.4496,2023-10-01 00:00:00,1.093017,1.110940,1.047163
2023-10-02,2023-10-02 23:55:00,87971.6060,2427441811.5027,2452770812.3218,2023-10-02 00:00:00,1.108052,1.181470,1.203138
2023-10-03,2023-10-03 23:55:00,87742.9710,2405219095.3491,2426306708.8133,2023-10-03 00:00:00,1.428628,1.114525,1.377226
2023-10-04,2023-10-04 23:55:00,90048.7130,2500085453.1181,2405660386.1957,2023-10-04 00:00:00,1.347350,1.090267,1.244644
2023-10-05,2023-10-05 23:55:00,91584.1800,2509883594.4964,2500761242.5477,2023-10-05 00:00:00,1.386226,1.110888,1.333751
2023-10-06,2023-10-06 23:55:00,94048.4190,2625658912.7388,2509386652.2671,2023-10-06 00:00:00,0.925225,1.100111,0.899475
2023-10-07,2023-10-07 23:55:00,90902.0560,2540241363.4440,2625391141.0544,2023-10-07 00:00:00,0.955397,1.116747,0.970678
2023-10-08,2023-10-08 23:55:00,92112.4030,2571626940.9679,2540025554.5520,2023-10-08 00:00:00,1.031990,1.120256,1.041826
2023-10-09,2023-10-09 23:55:00,90835.0670,2504695220.9647,2570111442.5030,2023-10-09 00:00:00,1.276892,1.126066,1.247625
2023-10-10,2023-10-10 23:55:00,92970.3380,2545379101.8992,2502596861.1528,2023-10-10 00:00:00,1.515207,1.110915,1.410024
2023-10-11,2023-10-11 23:55:00,98105.4670,2632964333.8927,2546979720.8724,2023-10-11 00:00:00,2.130481,1.177503,1.982920
2023-10-12,2023-10-12 23:55:00,97022.7480,2593379244.9408,2636200943.6449,2023-10-12 00:00:00,1.855695,1.177622,1.759132
2023-10-13,2023-10-13 23:55:00,97361.7920,2612314241.1520,2594706779.5321,2023-10-13 00:00:00,1.825876,1.213783,1.652956
2023-10-14,2023-10-14 23:55:00,98460.5720,2643302054.0836,2612409491.2410,2023-10-14 00:00:00,1.824908,1.145374,1.658579
2023-10-15,2023-10-15 23:55:00,97510.7430,2644884691.8883,2642626225.1298,2023-10-15 00:00:00,1.538515,1.152311,1.370247
2023-10-16,2023-10-16 23:55:00,89059.4620,2537051164.1136,2648259163.9626,2023-10-16 00:00:00,1.129474,1.168940,1.007771
2023-10-17,2023-10-17 23:55:00,91218.5550,2589800364.7680,2537072193.4528,2023-10-17 00:00:00,0.972123,1.146165,0.969330
2023-10-18,2023-10-18 23:55:00,86451.8020,2447424579.0794,2588599278.8439,2023-10-18 00:00:00,1.126210,1.171986,1.082848
2023-10-19,2023-10-19 23:55:00,93974.6930,2695094265.3153,2447132642.8928,2023-10-19 00:00:00,0.904958,1.082899,0.866833
2023-10-20,2023-10-20 23:55:00,90417.1910,2681321799.1050,2694950420.6293,2023-10-20 00:00:00,0.770977,1.151231,0.743728
2023-10-21,2023-10-21 23:55:00,96370.8930,2879716476.2688,2682372711.9390,2023-10-21 00:00:00,0.680490,1.133001,0.698809
2023-10-22,2023-10-22 23:55:00,93112.9190,2789141620.8936,2881822564.6450,2023-10-22 00:00:00,0.713778,1.140606,0.737644
2023-10-23,2023-10-23 23:55:00,88835.8350,2926874255.7450,2791064076.7218,2023-10-23 00:00:00,0.903884,1.635923,0.807868
2023-10-24,2023-10-24 23:55:00,84664.9980,2866265775.2916,2933789254.4849,2023-10-24 00:00:00,0.869910,1.568025,0.939520
2023-10-25,2023-10-25 23:55:00,83862.7450,2890066948.1446,2876733397.0684,2023-10-25 00:00:00,0.798846,1.510648,0.841241
2023-10-26,2023-10-26 23:55:00,84702.2400,2892496793.7600,2893470020.0060,2023-10-26 00:00:00,0.911253,1.491944,0.975053
2023-10-27,2023-10-27 23:55:00,84515.0210,2865832765.5041,2895689579.5880,2023-10-27 00:00:00,0.958690,1.535220,1.006940
2023-10-28,2023-10-28 23:55:00,84705.5340,2887906926.6211,2864224207.6955,2023-10-28 00:00:00,0.960902,1.486654,0.969454
2023-10-29,2023-10-29 23:55:00,88104.1870,3043127429.3987,2887262193.6409,2023-10-29 00:00:00,0.847898,1.470071,0.878160
2023-10-30,2023-10-30 23:55:00,86810.4880,2994526417.8053,3040944814.3590,2023-10-30 00:00:00,0.991694,1.476635,1.021229
2023-10-31,2023-10-31 23:55:00,88208.2180,3057869724.1848,2992900739.4408,2023-10-31 00:00:00,0.887090,1.489362,0.917890
2023-11-01,2023-11-01 23:55:00,86821.7960,3077077318.5748,3057784690.7146,2023-11-01 00:00:00,0.821998,1.496052,0.856478
2023-11-02,2023-11-02 23:55:00,81451.3120,2843807013.3386,3076428600.0000,2023-11-02 00:00:00,0.986455,1.494578,1.062010
2023-11-03,2023-11-03 23:55:00,81453.3660,2827506984.6312,2844950487.8172,2023-11-03 00:00:00,1.051531,1.444156,1.038193
2023-11-04,2023-11-04 23:55:00,83491.3710,2924312895.2856,2827142986.1242,2023-11-04 00:00:00,0.887281,1.451841,0.875594
2023-11-05,2023-11-05 23:55:00,86026.6570,3014606333.2539,2930474825.5734,2023-11-05 00:00:00,0.868990,1.411681,0.906401
2023-11-06,2023-11-06 23:55:00,86230.1370,3021047409.8687,3014706431.7067,2023-11-06 00:00:00,0.912117,1.449245,0.940812
2023-11-07,2023-11-07 23:55:00,88607.8990,3140008772.2429,3019942071.4114,2023-11-07 00:00:00,0.755783,1.398306,0.818944
2023-11-08,2023-11-08 23:55:00,89927.2940,3209487137.4012,3142620114.9924,2023-11-08 00:00:00,0.754517,1.369603,0.827597
2023-11-09,2023-11-09 23:55:00,79713.1940,2932614226.5549,3220836717.8172,2023-11-09 00:00:00,0.998291,1.501035,0.990890
2023-11-10,2023-11-10 23:55:00,79882.1750,2982960178.8500,2919666647.2607,2023-11-10 00:00:00,0.923783,1.452272,0.943286
2023-11-11,2023-11-11 23:55:00,80234.3050,2979116926.9050,2979302804.3981,2023-11-11 00:00:00,0.984709,1.443923,1.030182
2023-11-12,2023-11-12 23:55:00,80872.3190,2997093926.1722,2986576714.2300,2023-11-12 00:00:00,0.978142,1.444954,1.004905
2023-11-13,2023-11-13 23:55:00,80495.8320,2942058262.9344,2998374156.4915,2023-11-13 00:00:00,1.089621,1.380072,1.093638
2023-11-14,2023-11-14 23:55:00,78697.7310,2798053307.1698,2934227437.9054,2023-11-14 00:00:00,1.315147,1.343630,1.293388
2023-11-15,2023-11-15 23:55:00,82662.5690,3132283129.5756,2805329362.9776,2023-11-15 00:00:00,0.819424,1.356779,0.800366
2023-11-16,2023-11-16 23:55:00,81109.8840,2939091947.2332,3147217400.0881,2023-11-16 00:00:00,1.384149,1.324063,1.409478
2023-11-17,2023-11-17 23:55:00,77714.9360,2838759605.4865,2926512975.8325,2023-11-17 00:00:00,1.212659,1.361793,1.130656
2023-11-18,2023-11-18 23:55:00,79440.0060,2904660267.3852,2853864603.8220,2023-11-18 00:00:00,1.116658,1.358817,1.089916
2023-11-19,2023-11-19 23:55:00,80902.7140,3025802984.1730,2904252185.2292,2023-11-19 00:00:00,0.940501,1.376370,0.902437
2023-11-20,2023-11-20 23:55:00,83455.5780,3127706424.4950,3021916217.3970,2023-11-20 00:00:00,0.837194,1.379040,0.900973
2023-11-21,2023-11-21 23:55:00,80072.1270,2877928366.9959,3123825610.9205,2023-11-21 00:00:00,1.079125,1.364489,1.144136
2023-11-22,2023-11-22 23:55:00,80861.4830,3028553639.6888,2842011025.7000,2023-11-22 00:00:00,0.776792,1.306214,0.751757
2023-11-23,2023-11-23 23:55:00,81959.4060,3055504027.2642,3025488623.4636,2023-11-23 00:00:00,0.838980,1.289988,0.922126
2023-11-24,2023-11-24 23:55:00,80050.1720,3018523880.7588,3056863102.0280,2023-11-24 00:00:00,0.775620,1.236883,0.826553
2023-11-25,2023-11-25 23:55:00,79584.3320,3005951318.4953,3017712911.1336,2023-11-25 00:00:00,0.816614,1.212324,0.860967
2023-11-26,2023-11-26 23:55:00,79115.3680,2964824681.1896,3005172728.9202,2023-11-26 00:00:00,0.975271,1.216274,1.017003
2023-11-27,2023-11-27 23:55:00,79241.9300,2952876966.0136,2962215222.6740,2023-11-27 00:00:00,1.205125,1.187860,1.160041
2023-11-28,2023-11-28 23:55:00,81157.2740,3065196448.6729,2951276964.3417,2023-11-28 00:00:00,0.679344,1.205700,0.732045
2023-11-29,2023-11-29 23:55:00,82716.3060,3127065133.4382,3066742354.3348,2023-11-29 00:00:00,0.807768,1.185893,0.857623
2023-11-30,2023-11-30 23:55:00,82621.1190,3114807924.1881,3127366417.5351,2023-11-30 00:00:00,0.932214,1.198128,0.957169
2023-12-01,2023-12-01 23:55:00,89069.1480,3441284509.0428,3115952010.2997,2023-12-01 00:00:00,0.593115,1.166482,0.648325
2023-12-02,2023-12-02 23:55:00,81761.4290,3225176997.2447,3442571293.2919,2023-12-02 00:00:00,0.663303,1.168199,0.693840
2023-12-03,2023-12-03 23:55:00,79911.5840,3191507494.4947,3220901149.5463,2023-12-03 00:00:00,0.701302,1.230657,0.745971
2023-12-04,2023-12-04 23:55:00,83182.7510,3493829195.5847,3198048661.6129,2023-12-04 00:00:00,0.711095,1.262192,0.733669
2023-12-05,2023-12-05 23:55:00,82496.8490,3637936458.5520,3493323846.3060,2023-12-05 00:00:00,0.785904,1.263167,0.774579
2023-12-06,2023-12-06 23:55:00,85177.0940,3725158830.8593,3640385508.5604,2023-12-06 00:00:00,0.903038,1.263938,0.942794
2023-12-07,2023-12-07 23:55:00,83437.1090,3610350128.4969,3732167516.6962,2023-12-07 00:00:00,1.023098,1.288154,1.025510
2023-12-08,2023-12-08 23:55:00,82108.9680,3631761763.6080,3611396556.7680,2023-12-08 00:00:00,0.903883,1.310760,0.870739
2023-12-09,2023-12-09 23:55:00,80769.3130,3531161671.9783,3629600688.5776,2023-12-09 00:00:00,0.966794,1.295535,0.987864
2023-12-10,2023-12-10 23:55:00,83109.4110,3637723852.2933,3534264114.1280,2023-12-10 00:00:00,1.065613,1.272090,1.002226
2023-12-11,2023-12-11 23:55:00,75580.1100,3117408909.2475,3642739017.8784,2023-12-11 00:00:00,1.334633,1.361334,1.352055
2023-12-12,2023-12-12 23:55:00,77380.1530,3214022126.3311,3117124383.4710,2023-12-12 00:00:00,1.431519,1.357256,1.278720
2023-12-13,2023-12-13 23:55:00,78552.4580,3371125866.5448,3210972454.4159,2023-12-13 00:00:00,1.119223,1.328497,1.027283
2023-12-14,2023-12-14 23:55:00,76295.6990,3281668753.2375,3370573262.4613,2023-12-14 00:00:00,1.082417,1.256142,1.113796
2023-12-15,2023-12-15 23:55:00,75847.3570,3183882428.4675,3285507045.5225,2023-12-15 00:00:00,1.287703,1.294126,1.304983
2023-12-16,2023-12-16 23:55:00,75358.7820,3185219782.3068,3181354120.3295,2023-12-16 00:00:00,1.223795,1.268262,1.116631
2023-12-17,2023-12-17 23:55:00,76370.7640,3166709932.9289,3185376678.9774,2023-12-17 00:00:00,1.369889,1.307696,1.274303
2023-12-18,2023-12-18 23:55:00,75484.0650,3220912601.9565,3159805203.8877,2023-12-18 00:00:00,1.185614,1.280421,1.068531
2023-12-19,2023-12-19 23:55:00,76763.1630,3248010629.1723,3223158517.7348,2023-12-19 00:00:00,1.238998,1.329914,1.248569
2023-12-20,2023-12-20 23:55:00,79748.3840,3483531904.9695,3246285152.7378,2023-12-20 00:00:00,0.876064,1.294669,0.916036
2023-12-21,2023-12-21 23:55:00,80550.9710,3534974106.8127,3483942335.2329,2023-12-21 00:00:00,0.929272,1.281623,0.992356
2023-12-22,2023-12-22 23:55:00,77326.6450,3402074236.4259,3535175614.9878,2023-12-22 00:00:00,1.028183,1.289919,1.095338
2023-12-23,2023-12-23 23:55:00,78634.7100,3440095566.1380,3402426910.3237,2023-12-23 00:00:00,1.034823,1.280495,1.120246
2023-12-24,2023-12-24 23:55:00,77297.4160,3326596828.4709,3437914051.0424,2023-12-24 00:00:00,1.141092,1.248884,1.224757
2023-12-25,2023-12-25 23:55:00,77526.2170,3383693761.9386,3320844381.4905,2023-12-25 00:00:00,1.141369,1.266890,1.142498
2023-12-26,2023-12-26 23:55:00,79601.6750,3387277523.2039,3381113672.4598,2023-12-26 00:00:00,1.653035,1.269895,1.628999
2023-12-27,2023-12-27 23:55:00,76026.5030,3299542627.5497,3385883768.8365,2023-12-27 00:00:00,1.258418,1.221945,1.234530
2023-12-28,2023-12-28 23:55:00,75581.3720,3221399004.8352,3304273522.9577,2023-12-28 00:00:00,1.553196,1.219722,1.508910
2023-12-29,2023-12-29 23:55:00,75664.0740,3183285956.4762,3220256304.6000,2023-12-29 00:00:00,1.890013,1.221163,1.752918
2023-12-30,2023-12-30 23:55:00,75540.5750,3190821343.9784,3187418072.2656,2023-12-30 00:00:00,1.439928,1.265115,1.354150
2023-12-31,2023-12-31 23:55:00,74018.3810,3127313606.4405,3182622877.3094,2023-12-31 00:00:00,1.507421,1.254619,1.371240
2024-01-01,2024-01-01 23:55:00,76481.5460,3379635388.0394,3131493738.8974,2024-01-01 00:00:00,1.091538,1.258522,1.024940
2024-01-02,2024-01-02 23:55:00,79762.7930,3588017575.1948,3388422457.2996,2024-01-02 00:00:00,1.028351,1.250680,1.137271
2024-01-03,2024-01-03 23:55:00,68595.1320,2937699968.6807,3588127810.3462,2024-01-03 00:00:00,1.642609,1.315966,1.619902
2024-01-04,2024-01-04 23:55:00,71336.7100,3151770297.3986,2942933171.1406,2024-01-04 00:00:00,1.173273,1.197309,1.127538
2024-01-05,2024-01-05 23:55:00,67284.8940,2968016297.6008,3150422054.7890,2024-01-05 00:00:00,1.221198,1.268684,1.254903
2024-01-06,2024-01-06 23:55:00,68211.1970,2996947614.7511,2970316346.1174,2024-01-06 00:00:00,1.238077,1.259573,1.274414
2024-01-07,2024-01-07 23:55:00,70293.2540,3081627013.3157,3004561537.2922,2024-01-07 00:00:00,1.162734,1.225630,1.179261
2024-01-08,2024-01-08 23:55:00,74589.1430,3499884388.1030,3099406812.6465,2024-01-08 00:00:00,0.789818,1.319399,0.819724
2024-01-09,2024-01-09 23:55:00,70798.3100,3262393204.6310,3504044634.9380,2024-01-09 00:00:00,1.159689,1.360442,1.229213
2024-01-10,2024-01-10 23:55:00,68587.2500,3193214779.2283,3264744018.9645,2024-01-10 00:00:00,1.601217,1.292505,1.433969
2024-01-11,2024-01-11 23:55:00,71411.3950,3311245882.9681,3199342674.6482,2024-01-11 00:00:00,1.707161,1.350774,1.625928
2024-01-12,2024-01-12 23:55:00,74772.9960,3207679278.1044,3309033664.1914,2024-01-12 00:00:00,2.690484,1.473610,2.551383
2024-01-13,2024-01-13 23:55:00,75170.3310,3220182823.9594,3199880630.8285,2024-01-13 00:00:00,2.830986,1.392179,2.348626
2024-01-14,2024-01-14 23:55:00,76980.2820,3213863295.8343,3219876239.7790,2024-01-14 00:00:00,2.660818,1.396220,2.408340
2024-01-15,2024-01-15 23:55:00,73937.0440,3150339849.5449,3217372598.5128,2024-01-15 00:00:00,2.605082,1.312976,2.166528
2024-01-16,2024-01-16 23:55:00,74144.3210,3198252358.4955,3142099254.5357,2024-01-16 00:00:00,2.154544,1.316847,1.944267
2024-01-17,2024-01-17 23:55:00,75764.0890,3240776555.9780,3197892651.4552,2024-01-17 00:00:00,2.516235,1.347752,2.268398
2024-01-18,2024-01-18 23:55:00,77570.1600,3203073588.8160,3241221637.4465,2024-01-18 00:00:00,2.912999,1.322177,2.689252
2024-01-19,2024-01-19 23:55:00,74484.4300,3101495432.2230,3211065366.4946,2024-01-19 00:00:00,2.440821,1.315428,2.178787
2024-01-20,2024-01-20 23:55:00,74642.8960,3110123154.7632,3103626971.8652,2024-01-20 00:00:00,2.360733,1.310179,2.202420
2024-01-21,2024-01-21 23:55:00,74639.0860,3102119627.0730,3111108551.2693,2024-01-21 00:00:00,2.395666,1.289773,2.231841
2024-01-22,2024-01-22 23:55:00,76117.5570,3007998394.0146,3104050346.1176,2024-01-22 00:00:00,2.614524,1.307618,2.568474
2024-01-23,2024-01-23 23:55:00,75828.2660,3023793057.1710,3016386430.6061,2024-01-23 00:00:00,2.349388,1.383714,2.153807
2024-01-24,2024-01-24 23:55:00,76253.4910,3060517740.1251,3024749801.1557,2024-01-24 00:00:00,2.119554,1.400771,2.092913
2024-01-25,2024-01-25 23:55:00,77945.5850,3112873995.3693,3058299123.6564,2024-01-25 00:00:00,2.032292,1.399705,2.109469
2024-01-26,2024-01-26 23:55:00,79505.5830,3327372253.0164,3113897055.5160,2024-01-26 00:00:00,1.464069,1.276583,1.479317
2024-01-27,2024-01-27 23:55:00,78226.2890,3292842236.5945,3316434278.2768,2024-01-27 00:00:00,1.505199,1.303748,1.595718
2024-01-28,2024-01-28 23:55:00,75159.2530,3157928753.6745,3295381338.3022,2024-01-28 00:00:00,1.568447,1.287213,1.653898
2024-01-29,2024-01-29 23:55:00,77014.8590,3330307338.8216,3158496136.8210,2024-01-29 00:00:00,1.338655,1.275776,1.392277
2024-01-30,2024-01-30 23:55:00,73884.7500,3169516991.6670,3335165475.0361,2024-01-30 00:00:00,1.176205,1.279198,1.294958
2024-01-31,2024-01-31 23:55:00,71942.7510,3064545364.3470,3169390457.3698,2024-01-31 00:00:00,1.421936,1.296635,1.437599
2024-02-01,2024-02-01 23:55:00,73894.5940,3181785280.4064,3062686083.8991,2024-02-01 00:00:00,1.374209,1.303460,1.396742
2024-02-02,2024-02-02 23:55:00,74289.0410,3207243622.5725,3182427708.5926,2024-02-02 00:00:00,1.302934,1.318092,1.370400
2024-02-03,2024-02-03 23:55:00,75701.5700,3251499782.3554,3208108021.0803,2024-02-03 00:00:00,1.339320,1.305714,1.447794
2024-02-04,2024-02-04 23:55:00,77296.7170,3292450670.4379,3254143350.1530,2024-02-04 00:00:00,1.547185,1.330924,1.607704
2024-02-05,2024-02-05 23:55:00,79782.2750,3406854728.8225,3290072199.3672,2024-02-05 00:00:00,1.784026,1.328660,1.655725
2024-02-06,2024-02-06 23:55:00,80370.3630,3462604386.1653,3405626924.9502,2024-02-06 00:00:00,1.250530,1.330245,1.293457
2024-02-07,2024-02-07 23:55:00,82827.9130,3669964017.5779,3460048693.3500,2024-02-07 00:00:00,1.047272,1.343874,1.076749
2024-02-08,2024-02-08 23:55:00,85149.5810,3856403954.0164,3670966082.2183,2024-02-08 00:00:00,0.810541,1.253522,0.907393
2024-02-09,2024-02-09 23:55:00,83214.8550,3917631791.4599,3853015028.5707,2024-02-09 00:00:00,0.721514,1.273139,0.800972
2024-02-10,2024-02-10 23:55:00,86808.3160,4144099755.8202,3920492207.5127,2024-02-10 00:00:00,0.648626,1.302762,0.733570
2024-02-11,2024-02-11 23:55:00,89416.5060,4314956596.8009,4143193576.2840,2024-02-11 00:00:00,0.679649,1.337873,0.772083
2024-02-12,2024-02-12 23:55:00,92352.8390,4621385726.9992,4315189197.1296,2024-02-12 00:00:00,0.607696,1.368482,0.691154
2024-02-13,2024-02-13 23:55:00,88156.0590,4385151367.5560,4611839977.7243,2024-02-13 00:00:00,0.797121,1.357802,0.915122
2024-02-14,2024-02-14 23:55:00,90406.9700,4680372720.2319,4382490236.0510,2024-02-14 00:00:00,0.587673,1.328252,0.664544
2024-02-15,2024-02-15 23:55:00,87227.6710,4527544219.1314,4689885662.4256,2024-02-15 00:00:00,0.690425,1.307792,0.763585
2024-02-16,2024-02-16 13:30:00,89491.9440,4685642941.5317,4526231159.8812,2024-02-16 00:00:00,0.629012,1.286351,0.695053
2024-02-17,2024-02-17 23:55:00,87533.5110,4525753403.7494,4565473569.2369,2024-02-17 00:00:00,0.758864,1.327905,0.829526
2024-02-18,2024-02-18 23:55:00,85504.8040,4458374389.2072,4520394615.0649,2024-02-18 00:00:00,0.731064,1.322617,0.783080
2024-02-19,2024-02-19 23:55:00,87604.1100,4535378660.0430,4461770305.3760,2024-02-19 00:00:00,0.795455,1.323519,0.886451
2024-02-20,2024-02-20 23:55:00,87203.0760,4561800763.0596,4543168128.3845,2024-02-20 00:00:00,0.784409,1.283701,0.830908
2024-02-21,2024-02-21 23:55:00,86293.0570,4476696198.1959,4560637493.9758,2024-02-21 00:00:00,1.023062,1.311959,1.038333
2024-02-22,2024-02-22 23:55:00,84886.3800,4360171931.4240,4474425868.2209,2024-02-22 00:00:00,0.963576,1.320462,1.004420
2024-02-23,2024-02-23 23:55:00,88089.1250,4479663214.4882,4355426950.2960,2024-02-23 00:00:00,1.184396,1.312970,1.141614
2024-02-24,2024-02-24 23:55:00,87024.1560,4488671156.8176,4478866835.7972,2024-02-24 00:00:00,0.989731,1.264472,0.941384
2024-02-25,2024-02-25 23:55:00,86416.0110,4474292271.6826,4491667725.7016,2024-02-25 00:00:00,0.938025,1.274654,0.965276
2024-02-26,2024-02-26 23:55:00,84906.7060,4626965645.7742,4472660052.4531,2024-02-26 00:00:00,0.680801,1.287241,0.723730
2024-02-27,2024-02-27 23:55:00,80667.6730,4603333026.8142,4630045990.9704,2024-02-27 00:00:00,0.756417,1.366105,0.804351
2024-02-28,2024-02-28 23:55:00,75184.6620,4704356930.6034,4605478042.3385,2024-02-28 00:00:00,1.004713,1.575111,0.968588
2024-02-29,2024-02-29 23:55:00,71841.9070,4404560010.7101,4707465105.1539,2024-02-29 00:00:00,1.147088,1.529946,1.253938
2024-03-01,2024-03-01 23:55:00,73919.9750,4619758238.4730,4403912741.4274,2024-03-01 00:00:00,1.069151,1.489904,1.069636
2024-03-02,2024-03-02 23:55:00,72912.8180,4525131362.1368,4612175672.5008,2024-03-02 00:00:00,1.293193,1.501821,1.347772
2024-03-03,2024-03-03 23:55:00,75540.7530,4769318319.1821,4523356190.7600,2024-03-03 00:00:00,1.158339,1.530111,1.193201
2024-03-04,2024-03-04 23:55:00,81105.6990,5537913348.8598,4776449759.1537,2024-03-04 00:00:00,1.113075,1.446134,1.082938
2024-03-05,2024-03-05 23:55:00,71725.6070,4571608416.1270,5529872248.0064,2024-03-05 00:00:00,1.616367,1.653094,1.930258
2024-03-06,2024-03-06 23:55:00,73260.2090,4843864009.9016,4553219551.9339,2024-03-06 00:00:00,1.234142,1.663793,1.317458
2024-03-07,2024-03-07 23:55:00,73480.6030,4913640574.5497,4841386440.3177,2024-03-07 00:00:00,1.196575,1.593387,1.364550
2024-03-08,2024-03-08 23:55:00,73990.3540,5044291842.1408,4909160951.2858,2024-03-08 00:00:00,1.213265,1.580309,1.402320
2024-03-09,2024-03-09 23:55:00,73645.2130,5034394125.2013,5039673034.4656,2024-03-09 00:00:00,1.239387,1.547159,1.411203
2024-03-10,2024-03-10 23:55:00,77404.9940,5340944586.0000,5035223030.3891,2024-03-10 00:00:00,1.088617,1.549432,1.276780
2024-03-11,2024-03-11 23:55:00,79393.5510,5728563062.3723,5331584077.3976,2024-03-11 00:00:00,0.887307,1.540763,1.152729
2024-03-12,2024-03-12 23:55:00,78117.0480,5585900127.9264,5739533379.6678,2024-03-12 00:00:00,1.340778,1.590716,1.671127
2024-03-13,2024-03-13 23:55:00,80397.2700,5878704756.4552,5580663424.8054,2024-03-13 00:00:00,1.019092,1.564231,1.280778
2024-03-14,2024-03-14 23:55:00,83981.9070,6000778051.8311,5872769277.1569,2024-03-14 00:00:00,1.613583,1.537663,1.768753
2024-03-15,2024-03-15 23:55:00,79345.2170,5515912006.6569,6016044742.7647,2024-03-15 00:00:00,1.681389,1.484073,1.810834
2024-03-16,2024-03-16 23:55:00,76563.9690,5003524281.7221,5527678138.4685,2024-03-16 00:00:00,2.046525,1.444140,2.232135
2024-03-17,2024-03-17 23:55:00,78535.7200,5375612962.5600,5047597675.6042,2024-03-17 00:00:00,1.538043,1.423038,1.436266
2024-03-18,2024-03-18 23:55:00,79113.2810,5351864595.0554,5365508955.7285,2024-03-18 00:00:00,1.588169,1.518761,1.704720
2024-03-19,2024-03-19 23:55:00,77962.6510,4831657333.0740,5368287665.4891,2024-03-19 00:00:00,2.251046,1.570318,2.374966
2024-03-20,2024-03-20 23:55:00,76952.1830,5222252166.2388,4829383315.6126,2024-03-20 00:00:00,1.319658,1.461032,1.292904
2024-03-21,2024-03-21 23:55:00,75345.5050,4938046448.5435,5209797714.7500,2024-03-21 00:00:00,1.874334,1.609656,2.103955
2024-03-22,2024-03-22 23:55:00,73071.9680,4663036381.8211,4941130522.3155,2024-03-22 00:00:00,2.362242,1.431363,2.247612
2024-03-23,2024-03-23 23:55:00,73940.0770,4733665911.5631,4655978042.0720,2024-03-23 00:00:00,1.614752,1.375771,1.599820
2024-03-24,2024-03-24 23:55:00,77033.6400,5181158418.9434,4743688935.6874,2024-03-24 00:00:00,1.409752,1.370169,1.372384
2024-03-25,2024-03-25 23:55:00,78825.9360,5511548858.0880,5156314153.3344,2024-03-25 00:00:00,1.053911,1.420068,1.244369
2024-03-26,2024-03-26 23:55:00,79655.7380,5579073630.5781,5509125652.0454,2024-03-26 00:00:00,1.176950,1.446449,1.405607
2024-03-27,2024-03-27 23:55:00,83137.8110,5780796470.9197,5581688767.9223,2024-03-27 00:00:00,1.527416,1.448688,1.638844
2024-03-28,2024-03-28 23:55:00,83098.9680,5886197843.2972,5781068507.7448,2024-03-28 00:00:00,1.087190,1.405696,1.261560
2024-03-29,2024-03-29 23:55:00,81097.3060,5668572793.5722,5887600616.1504,2024-03-29 00:00:00,1.522107,1.391401,1.714495
2024-03-30,2024-03-30 23:55:00,80226.2880,5586667134.0748,5666717142.6535,2024-03-30 00:00:00,1.396956,1.392766,1.580205
2024-03-31,2024-03-31 23:55:00,82700.7640,5901774621.3320,5586681176.2304,2024-03-31 00:00:00,1.157027,1.396416,1.286719
2024-04-01,2024-04-01 23:55:00,84163.7250,5866211632.5000,5903358786.1025,2024-04-01 00:00:00,1.513899,1.380912,1.686387
2024-04-02,2024-04-02 23:55:00,78042.0790,5110906113.0543,5864659109.4313,2024-04-02 00:00:00,2.204291,1.334151,2.241537
2024-04-03,2024-04-03 23:55:00,80098.8810,5283962981.8080,5108161588.7094,2024-04-03 00:00:00,2.141054,1.226682,1.932081
2024-04-04,2024-04-04 23:55:00,78454.8100,5373354245.9380,5304819216.9116,2024-04-04 00:40:00,1.481757,1.208605,1.418002
2024-04-05,2024-04-05 13:05:00,76300.9710,5080468678.5362,5115828830.3572,2024-04-05 19:05:00,1.821477,1.259371,1.945665
2024-04-06,2024-04-06 23:45:00,76504.4420,5279314256.3535,5090463520.1574,2024-04-06 00:05:00,1.331416,1.195195,1.397884
2024-04-07,2024-04-07 09:05:00,78691.9520,5464864906.1776,5460337224.5431,2024-04-07 10:15:00,1.196459,1.193188,1.323386
2024-04-08,2024-04-08 23:55:00,80241.3850,5751351290.9887,5547974687.3632,2024-04-08 00:00:00,1.060332,1.390912,1.201479
2024-04-09,2024-04-09 23:40:00,80294.8790,5557465519.2028,5707119282.9114,2024-04-09 01:50:00,1.777600,1.425688,1.924766
2024-04-10,2024-04-10 06:50:00,79670.5450,5532061385.8720,5498044292.5468,2024-04-10 08:05:00,1.749253,1.368642,1.745782
2024-04-11,2024-04-11 23:10:00,81959.6760,5745237702.4637,5595595951.3029,2024-04-11 00:00:00,1.301941,1.393484,1.488593
2024-04-12,2024-04-12 15:00:00,83400.3050,5779882997.3845,5963283477.4568,2024-04-12 08:55:00,1.376051,1.407917,1.483750
2024-04-13,2024-04-13 04:30:00,79723.0150,5367691132.2348,5299815594.0600,2024-04-13 10:45:00,2.195020,1.375834,1.986266
2024-04-14,2024-04-14 21:55:00,66286.8020,4220864302.9275,4209933445.0600,2024-04-14 02:35:00,1.645371,1.335114,1.624880
2024-04-15,2024-04-15 05:35:00,68231.6960,4446721110.4009,4451661989.5356,2024-04-15 05:45:00,1.756563,1.270363,1.778633
2024-04-16,2024-04-16 11:05:00,67483.8330,4228390040.5020,4178619517.6660,2024-04-16 07:15:00,2.209359,1.237363,2.084370
2024-04-17,2024-04-17 00:15:00,64225.6460,4087914323.4726,4092708029.3975,2024-04-17 01:10:00,1.887917,1.246955,1.783910
2024-04-18,2024-04-18 05:45:00,67153.4340,4121806184.8853,4166519084.6877,2024-04-18 06:55:00,2.184071,1.260288,2.032296
2024-04-19,2024-04-19 03:40:00,66698.8230,4123879261.9730,4156418766.6436,2024-04-19 04:45:00,2.011500,1.240511,1.998022
2024-04-20,2024-04-20 22:15:00,66803.1310,4318314715.3544,4175022518.6138,2024-04-20 01:25:00,1.438538,1.220937,1.399518
2024-04-21,2024-04-21 21:55:00,66468.7790,4295899973.7763,4360019668.7280,2024-04-21 01:10:00,1.432730,1.224982,1.490263
2024-04-22,2024-04-22 23:25:00,68912.4850,4616470523.2785,4462950682.2508,2024-04-22 07:15:00,1.196511,1.173565,1.210142
2024-04-23,2024-04-23 20:25:00,68384.5720,4523475314.8272,4685990274.0000,2024-04-23 02:25:00,1.339047,1.197174,1.438703
2024-04-24,2024-04-24 10:05:00,68604.4210,4542874991.5464,4579163087.5242,2024-04-24 12:10:00,1.377881,1.173468,1.432873
2024-04-25,2024-04-25 03:35:00,69409.3170,4469932251.0732,4409133980.8194,2024-04-25 06:10:00,1.948940,1.237494,1.797508
2024-04-26,2024-04-26 21:30:00,67388.7890,4303717551.3954,4280780186.0460,2024-04-26 00:40:00,2.010299,1.274317,1.930176
2024-04-27,2024-04-27 19:10:00,67042.2460,4244988766.6615,4290931309.2744,2024-04-27 00:05:00,2.234296,1.244658,2.096026
2024-04-28,2024-04-28 23:55:00,65747.6940,4147916818.1496,4319155387.3184,2024-04-28 02:25:00,2.195616,1.190519,2.019362
2024-04-29,2024-04-29 02:45:00,65788.6170,4126110744.4209,4165561048.7245,2024-04-29 05:40:00,2.166623,1.203163,1.991949
2024-04-30,2024-04-30 18:20:00,73988.7370,4469742388.2204,4242256286.2150,2024-04-30 00:00:00,2.987336,1.294487,2.867976
2024-05-01,2024-05-01 23:55:00,68404.0010,3988782717.9393,4404384087.1210,2024-05-01 00:00:00,2.959215,1.293607,2.817770
2024-05-02,2024-05-02 23:55:00,67561.1950,3988596756.9760,3967350899.2160,2024-05-02 00:00:00,1.932087,1.258997,1.900939
2024-05-03,2024-05-03 23:55:00,72115.0250,4532696146.8425,3993547665.1197,2024-05-03 00:00:00,1.250038,1.228695,1.235731
2024-05-04,2024-05-04 23:55:00,73775.7750,4711630849.7550,4529224727.6334,2024-05-04 00:00:00,1.135808,1.184674,1.242349
2024-05-05,2024-05-05 23:55:00,72614.0700,4646429111.1600,4711026804.7560,2024-05-05 00:00:00,1.128312,1.126548,1.232255
2024-05-06,2024-05-06 23:55:00,70800.9110,4470567763.0908,4658418245.6574,2024-05-06 00:00:00,1.334015,1.175600,1.424047
2024-05-07,2024-05-07 23:55:00,70977.3290,4421596589.6511,4477778178.8032,2024-05-07 00:00:00,1.557985,1.160339,1.613793
2024-05-08,2024-05-08 23:55:00,69698.0730,4262706693.0311,4433366196.4960,2024-05-08 00:00:00,1.906991,1.206626,1.967332
2024-05-09,2024-05-09 23:55:00,69749.1170,4397688801.7617,4265125990.4576,2024-05-09 00:00:00,1.773901,1.174378,1.682934
2024-05-10,2024-05-10 23:55:00,71763.4330,4361645107.2173,4378997556.9700,2024-05-10 00:00:00,2.444680,1.212574,2.354308
2024-05-11,2024-05-11 21:10:00,70830.9570,4312378333.8994,4357975754.5236,2024-05-11 00:10:00,2.236458,1.167975,2.062088
2024-05-12,2024-05-12 23:55:00,69740.4900,4285950631.2930,4317792909.9249,2024-05-12 00:00:00,1.973110,1.207300,1.851531
2024-05-13,2024-05-13 23:55:00,71110.3340,4474091550.4784,4294453905.1854,2024-05-13 00:00:00,1.249694,1.217907,1.319565
2024-05-14,2024-05-14 23:55:00,67758.0640,4170641640.0340,4468672656.0171,2024-05-14 00:00:00,1.923856,1.310767,1.978952
2024-05-15,2024-05-15 23:55:00,73614.7010,4871614098.2035,4177761872.8356,2024-05-15 00:00:00,0.948486,1.093251,0.994614
2024-05-16,2024-05-16 23:55:00,72377.8500,4720324145.7300,4899263509.6000,2024-05-16 00:00:00,1.041686,1.199093,1.334585
2024-05-17,2024-05-17 23:55:00,74105.6120,4963738682.0555,4729227278.7473,2024-05-17 00:00:00,0.946530,1.108180,1.068175
2024-05-18,2024-05-18 23:55:00,75143.7550,5026336633.2269,4969526414.5296,2024-05-18 00:00:00,0.938617,1.122522,1.127468
2024-05-19,2024-05-19 23:55:00,75130.2130,4976580230.9922,5034604035.0888,2024-05-19 00:00:00,1.011450,1.140849,1.208333
2024-05-20,2024-05-20 23:55:00,70473.9060,5036171033.6190,4974077850.0650,2024-05-20 00:00:00,0.895743,1.226547,0.964915
2024-05-21,2024-05-21 23:55:00,78452.0730,5504327639.2937,5058172193.4050,2024-05-21 00:00:00,1.191840,1.582371,1.293431
2024-05-22,2024-05-22 23:55:00,77768.5220,5382884377.6850,5501380401.5984,2024-05-22 00:00:00,1.314028,1.561471,1.517758
2024-05-23,2024-05-23 23:55:00,70841.3470,4817445372.4451,5395963854.6072,2024-05-23 00:00:00,1.874128,1.668254,1.974114
2024-05-24,2024-05-24 23:55:00,70215.7230,4815103088.7773,4803309615.9359,2024-05-24 00:00:00,1.417361,1.552608,1.566026
2024-05-25,2024-05-25 23:55:00,72347.3600,5014419413.6739,4811359571.4203,2024-05-25 00:00:00,1.399060,1.529115,1.486037
2024-05-26,2024-05-26 23:55:00,71075.2270,4870380177.5161,5020625424.9125,2024-05-26 00:00:00,1.475634,1.540004,1.660827
2024-05-27,2024-05-27 23:55:00,71580.7080,4972110506.8128,4867231875.8857,2024-05-27 00:00:00,1.377792,1.540284,1.513576
2024-05-28,2024-05-28 23:55:00,71880.3840,4919326970.3056,4960653647.6704,2024-05-28 00:00:00,1.744352,1.572679,1.901302
2024-05-29,2024-05-29 23:55:00,76232.5890,5159932381.8663,4920349940.8999,2024-05-29 00:00:00,2.088882,1.521183,2.072591
2024-05-30,2024-05-30 23:55:00,74250.5470,5078538140.0237,5164672543.9558,2024-05-30 00:00:00,1.558735,1.484662,1.632577
2024-05-31,2024-05-31 23:55:00,76516.4840,5170290748.2900,5074362930.2993,2024-05-31 00:00:00,2.174349,1.581757,2.164366
2024-06-01,2024-06-01 23:55:00,75471.8720,5116940091.2896,5180097949.0053,2024-06-01 00:00:00,2.067997,1.548295,2.073675
2024-06-02,2024-06-02 23:55:00,76090.2070,5159372575.8420,5113556372.7533,2024-06-02 00:00:00,1.941079,1.555168,1.947720
2024-06-03,2024-06-03 23:55:00,78537.5200,5407410350.7760,5159979653.8399,2024-06-03 00:00:00,1.395148,1.454376,1.503202
2024-06-04,2024-06-04 23:55:00,81171.0170,5729050379.8600,5411277108.6624,2024-06-04 00:00:00,0.970582,1.407987,1.142694
2024-06-05,2024-06-05 23:55:00,82454.5060,5865261111.6498,5721504253.0688,2024-06-05 00:00:00,0.932652,1.399389,1.178889
2024-06-06,2024-06-06 23:55:00,81918.0490,5802247218.8651,5876986416.6576,2024-06-06 00:00:00,1.076159,1.411485,1.355828
2024-06-07,2024-06-07 23:55:00,82372.6390,5714774813.1669,5800327763.6595,2024-06-07 00:00:00,1.522150,1.401819,1.726108
2024-06-08,2024-06-08 23:55:00,83482.2860,5789204346.0990,5706533786.4027,2024-06-08 00:00:00,1.469032,1.398085,1.544501
2024-06-09,2024-06-09 23:55:00,83577.7640,5822612084.5880,5788347313.4120,2024-06-09 00:00:00,1.495634,1.398098,1.522908
2024-06-10,2024-06-10 23:55:00,85572.6850,5952333281.3780,5823057514.6742,2024-06-10 00:00:00,1.405253,1.431306,1.479953
2024-06-11,2024-06-11 23:55:00,82672.3430,5565232499.8968,5953457091.0516,2024-06-11 00:00:00,2.184428,1.381838,2.108030
2024-06-12,2024-06-12 23:55:00,81189.4370,5542733861.6055,5567106856.8250,2024-06-12 00:00:00,1.684241,1.318073,1.690616
2024-06-13,2024-06-13 23:55:00,82145.9390,5485894277.7514,5539382870.0123,2024-06-13 00:00:00,2.220428,1.358459,2.109459
2024-06-14,2024-06-14 23:55:00,79378.4350,5242135971.7130,5499302584.6710,2024-06-14 00:00:00,2.312796,1.457187,2.075076
2024-06-15,2024-06-15 23:55:00,80508.0540,5330738592.0629,5247201626.4112,2024-06-15 00:00:00,2.156208,1.514862,2.011011
2024-06-16,2024-06-16 23:55:00,80884.7990,5391632282.8967,5319714477.5194,2024-06-16 00:00:00,2.164136,1.465338,1.965984
2024-06-17,2024-06-17 23:55:00,79602.3710,5291328805.1120,5386207669.2972,2024-06-17 00:00:00,2.088986,1.515582,2.069766
2024-06-18,2024-06-18 23:55:00,77688.6150,5061413267.2500,5303947468.3580,2024-06-18 00:00:00,2.363529,1.570875,2.251723
2024-06-19,2024-06-19 23:55:00,75443.8130,4899797084.0208,5068006764.6843,2024-06-19 00:00:00,2.538861,1.462148,2.359223
2024-06-20,2024-06-20 23:55:00,74377.6320,4823679507.9648,4893447141.0462,2024-06-20 00:00:00,2.427161,1.435680,2.184712
2024-06-21,2024-06-21 23:55:00,76738.1340,4920756104.6160,4831071530.6480,2024-06-21 00:00:00,2.769041,1.592906,2.554820
2024-06-22,2024-06-22 23:55:00,78036.8560,5013284397.4355,4965030779.6974,2024-06-22 00:00:00,2.454829,1.487260,2.307517
2024-06-23,2024-06-23 23:55:00,77593.9860,4903544185.8714,5053170734.4558,2024-06-23 00:00:00,2.532076,1.503222,2.467520
2024-06-24,2024-06-24 23:55:00,76111.8990,4587530544.3765,4939193271.7788,2024-06-24 00:00:00,3.290594,1.686403,3.249667
2024-06-25,2024-06-25 23:55:00,75584.4610,4669622161.6772,4588654344.7255,2024-06-25 00:00:00,2.595978,1.522113,2.366869
2024-06-26,2024-06-26 23:55:00,74876.9000,4557136663.6507,4662354482.6768,2024-06-26 00:00:00,2.598190,1.616072,2.631633
2024-06-27,2024-06-27 23:55:00,74906.6530,4620399661.0113,4557559624.8586,2024-06-27 00:00:00,2.579411,1.674385,2.491547
2024-06-28,2024-06-28 23:55:00,78522.0550,4745103580.2365,4606783207.0053,2024-06-28 00:00:00,3.120894,1.771262,3.042192
2024-06-29,2024-06-29 23:55:00,80535.8140,4911275277.2550,4745434718.2083,2024-06-29 00:00:00,2.521343,1.872240,2.408388
2024-06-30,2024-06-30 23:55:00,85675.6920,5377548313.4816,4909548157.9893,2024-06-30 00:00:00,2.182227,1.861750,2.080485
2024-07-01,2024-07-01 23:55:00,81856.1770,5148136485.1828,5375035361.0352,2024-07-01 00:00:00,1.855735,1.867578,1.964028
2024-07-02,2024-07-02 23:55:00,84473.5180,5247790595.4730,5153836790.3400,2024-07-02 00:00:00,2.629942,1.991488,2.603831
2024-07-03,2024-07-03 23:55:00,88025.5050,5299830802.4895,5254054447.3946,2024-07-03 00:00:00,3.249212,1.875298,3.079380
2024-07-04,2024-07-04 23:55:00,88552.5480,5051533909.1624,5301726036.2938,2024-07-04 00:00:00,3.197297,1.771801,3.080058
2024-07-05,2024-07-05 23:55:00,83117.8280,4705217125.2520,4998991190.4219,2024-07-05 00:00:00,2.351427,1.527934,2.311920
2024-07-06,2024-07-06 23:55:00,80177.3830,4667614546.4663,4693632364.7915,2024-07-06 00:00:00,2.231502,1.544862,2.141372
2024-07-07,2024-07-07 23:55:00,81293.2780,4538953271.8354,4665379943.6179,2024-07-07 00:00:00,2.123802,1.629304,2.329528
2024-07-08,2024-07-08 23:55:00,78848.7870,4470642111.9350,4534916327.7732,2024-07-08 00:00:00,2.408750,1.585340,2.378278
2024-07-09,2024-07-09 23:55:00,82178.8110,4768513096.8999,4470490734.7087,2024-07-09 00:00:00,1.692287,1.617765,1.814165
2024-07-10,2024-07-10 23:55:00,0.0000,0.0000,4752811965.0888,2024-07-10 00:00:00,2.077187,1.601967,2.209650
2024-07-11,2024-07-11 23:55:00,85093.5140,4876779182.9107,4760058859.8104,2024-07-11 00:00:00,1.947101,1.752381,2.038197
2024-07-12,2024-07-12 23:55:00,0.0000,0.0000,4874128549.7717,2024-07-12 00:00:00,1.915417,1.623537,2.005114
2024-07-13,2024-07-13 23:55:00,85453.3990,5056709797.9846,4809347885.8701,2024-07-13 00:00:00,1.408748,1.577853,1.496708
2024-07-14,2024-07-14 23:55:00,84969.2350,5163249030.9335,0.0000,2024-07-14 00:00:00,1.295255,1.586483,1.361658
2024-07-15,2024-07-15 23:55:00,85234.9870,5514588554.7932,0.0000,2024-07-15 00:00:00,1.138460,1.308698,1.178633
2024-07-16,2024-07-16 23:55:00,83191.0650,5408023078.2608,5536368412.4906,2024-07-16 00:00:00,1.078811,1.348536,1.294479
2024-07-17,2024-07-17 23:55:00,79387.0440,5085319693.6212,5414508494.5233,2024-07-17 00:00:00,1.190551,1.476558,1.395405
2024-07-18,2024-07-18 23:55:00,78588.6740,5026531589.0400,5096561672.8638,2024-07-18 00:00:00,1.382024,1.453596,1.513535
2024-07-19,2024-07-19 23:55:00,84274.9560,5615334248.9944,5023807439.8190,2024-07-19 00:00:00,0.883674,1.274263,1.006929
2024-07-20,2024-07-20 23:55:00,82810.2770,5556348316.4656,5617344528.0768,2024-07-20 00:00:00,0.974909,1.289128,1.136995
2024-07-21,2024-07-21 23:55:00,80653.7080,5495582355.7040,5561911296.9504,2024-07-21 00:00:00,1.002953,1.301822,1.169161
2024-07-22,2024-07-22 23:55:00,80887.1320,5460430526.3505,5501995223.0821,2024-07-22 00:00:00,1.053757,1.328567,1.262254
2024-07-23,2024-07-23 23:55:00,82275.6880,5423588670.2536,5460029589.1955,2024-07-23 00:00:00,1.364248,1.387591,1.498871
2024-07-24,2024-07-24 21:35:00,80734.1630,5280345270.2683,5289631554.1457,2024-07-24 22:15:00,1.368848,1.407817,1.455969
2024-07-25,2024-07-25 23:55:00,83327.2000,5480758418.6408,5303719504.9181,2024-07-25 00:00:00,1.339245,1.575897,1.414760
2024-07-26,2024-07-26 23:55:00,84651.1000,5746336760.8600,5479969899.7843,2024-07-26 00:00:00,0.928681,1.497393,1.040824
2024-07-27,2024-07-27 23:55:00,86084.8420,5842012173.5248,5765685606.5263,2024-07-27 00:00:00,0.920871,1.492630,1.114264
2024-07-28,2024-07-28 19:25:00,85585.6130,5840321136.2114,5821363899.3543,2024-07-28 20:05:00,1.047044,1.471580,1.162263
2024-07-29,2024-07-29 23:55:00,84865.2540,5665370847.5856,5860621804.7035,2024-07-29 00:00:00,1.490895,1.497641,1.654576
2024-07-30,2024-07-30 23:55:00,82994.0730,5490838073.2362,5663454273.0909,2024-07-30 00:00:00,1.778502,1.505521,1.863873
2024-07-31,2024-07-31 23:55:00,82570.4040,5334196725.1272,5478136835.5496,2024-07-31 00:00:00,2.109690,1.513308,2.185320
2024-08-01,2024-08-01 23:55:00,87192.0520,5696160845.9028,5343175597.7226,2024-08-01 00:00:00,2.012067,1.768662,1.925018
2024-08-02,2024-08-02 23:55:00,87796.4870,5398052867.7619,5710980037.8821,2024-08-02 00:00:00,2.350600,1.893955,2.564988
2024-08-03,2024-08-03 23:55:00,85283.1260,5175372388.0596,5423401970.3375,2024-08-03 00:00:00,2.532666,1.914179,2.509556
2024-08-04,2024-08-04 23:55:00,88098.4640,5121964528.6925,5177737282.9410,2024-08-04 00:00:00,2.552600,1.939952,2.640548
2024-08-05,2024-08-05 23:55:00,75212.5030,4060141944.6017,5132483149.9837,2024-08-05 00:00:00,1.893149,1.873290,2.005382
2024-08-06,2024-08-06 23:55:00,76846.8300,4304090775.5461,4061303979.0440,2024-08-06 00:00:00,1.594584,1.528795,1.619971
2024-08-07,2024-08-07 23:55:00,76977.2340,4241668827.3786,4293838363.2750,2024-08-07 00:00:00,1.679141,1.511383,1.828375
2024-08-08,2024-08-08 23:45:00,75598.5820,4668726508.8576,4199593806.8496,2024-08-08 00:35:00,1.072403,1.500461,1.072649
2024-08-09,2024-08-09 23:55:00,71916.7050,4373161339.3335,4607499662.2592,2024-08-09 00:00:00,1.375521,1.565813,1.552264
2024-08-10,2024-08-10 23:55:00,71072.4280,4327987229.9923,4359604318.0835,2024-08-10 00:00:00,1.338893,1.435434,1.453233
2024-08-11,2024-08-11 23:55:00,70092.7770,4113969379.0164,4331216900.0172,2024-08-11 00:00:00,1.497981,1.429723,1.655407
2024-08-12,2024-08-12 23:55:00,68490.5590,4063106525.8924,4111476680.3027,2024-08-12 00:00:00,1.798123,1.467113,1.799499
2024-08-13,2024-08-13 23:55:00,72127.8240,4367734979.3692,4066142843.6280,2024-08-13 00:00:00,1.359647,1.390594,1.493673
2024-08-14,2024-08-14 23:55:00,78050.7910,4577530595.6471,4356915858.0651,2024-08-14 00:00:00,2.124907,1.253881,2.227561
2024-08-15,2024-08-15 23:55:00,83767.5350,4817913569.9471,4590319376.1466,2024-08-15 00:00:00,2.349462,1.151353,2.378729
2024-08-16,2024-08-16 23:55:00,82133.2670,4833953429.2850,4822174040.1219,2024-08-16 00:00:00,1.432786,1.087182,1.555084
2024-08-17,2024-08-17 23:55:00,82618.6220,4913197260.5448,4836423533.7082,2024-08-17 00:00:00,1.430854,1.103122,1.541323
2024-08-18,2024-08-18 23:55:00,82695.1270,4828576735.0427,4908032938.9602,2024-08-18 00:00:00,1.516195,1.110645,1.735237
2024-08-19,2024-08-19 23:25:00,79541.1020,4718569069.2848,4798577838.1528,2024-08-19 00:00:00,1.829667,1.133709,1.847048
2024-08-20,2024-08-20 23:55:00,82720.6610,4879501534.8697,4743345393.3512,2024-08-20 00:00:00,1.925583,1.176104,2.042882
2024-08-21,2024-08-21 23:55:00,85607.4540,5232327588.4800,4889920993.8325,2024-08-21 00:00:00,1.129121,1.130523,1.240589
2024-08-22,2024-08-22 23:55:00,83676.7240,5049881925.7276,5235954065.5776,2024-08-22 00:00:00,1.566614,1.093864,1.753333
2024-08-23,2024-08-23 23:55:00,86666.8820,5548405118.9518,5051128901.5667,2024-08-23 00:00:00,0.902887,1.069431,0.962706
2024-08-24,2024-08-24 23:55:00,87051.1360,5581875784.2577,5551441345.7351,2024-08-24 00:00:00,0.962754,1.075527,1.129482
2024-08-25,2024-08-25 23:55:00,87953.8340,5646631310.3296,5581581199.3543,2024-08-25 00:00:00,0.938647,1.052592,1.064680
2024-08-26,2024-08-26 23:55:00,84295.2420,5294951304.2240,5657188705.2135,2024-08-26 00:00:00,1.131011,1.092385,1.325647
2024-08-27,2024-08-27 23:55:00,81452.8600,4837029219.3840,5306063095.2519,2024-08-27 00:00:00,2.086511,1.126346,2.259336
2024-08-28,2024-08-28 23:55:00,79140.0460,4670038286.4508,4839990908.9896,2024-08-28 00:00:00,2.384333,1.036434,2.317070
2024-08-29,2024-08-29 20:25:00,81990.6660,4864905577.5211,5073979174.2235,2024-08-29 14:00:00,1.886962,1.037160,1.904626
2024-08-30,2024-08-30 23:55:00,79855.2400,4719149219.6120,4825556401.6589,2024-08-30 00:00:00,2.339313,1.066181,2.292104
2024-08-31,2024-08-31 23:55:00,80996.5520,4774438953.5024,4719305202.9350,2024-08-31 00:00:00,2.091494,1.075330,2.142327
2024-09-01,2024-09-01 23:55:00,82146.8880,4705434422.0601,4774763632.1310,2024-09-01 00:00:00,2.467209,1.078788,2.500498
2024-09-02,2024-09-02 23:55:00,82500.5240,4876787474.7928,4701416734.0763,2024-09-02 00:00:00,2.015486,1.038281,1.908603
2024-09-03,2024-09-03 23:55:00,83178.4030,4779218287.8520,4875069779.8231,2024-09-03 00:00:00,2.413123,1.118023,2.455066
2024-09-04,2024-09-04 23:55:00,81107.8010,4699767196.6047,4794871799.4474,2024-09-04 00:00:00,1.945686,1.090804,1.985172
2024-09-05,2024-09-05 19:35:00,84239.8480,4728340548.3160,4706900478.4080,2024-09-05 21:00:00,2.742293,1.180172,2.813827
2024-09-06,2024-09-06 23:55:00,85488.7950,4610472180.1875,4702294004.6250,2024-09-06 00:00:00,3.659369,1.174809,3.642417
2024-09-07,2024-09-07 23:55:00,83343.0180,4511757610.8264,4609844829.1670,2024-09-07 00:00:00,2.812386,1.136413,2.837297
2024-09-08,2024-09-08 23:55:00,84701.2110,4645320795.9442,4507339865.1054,2024-09-08 00:00:00,2.737626,1.054684,2.737734
2024-09-09,2024-09-09 23:55:00,87589.6810,4993810645.7821,4638106513.8960,2024-09-09 00:00:00,1.630486,1.030166,1.686112
2024-09-10,2024-09-10 22:15:00,86164.5220,4963232777.5873,4966101039.1623,2024-09-10 00:40:00,1.586247,1.006421,1.738001
2024-09-11,2024-09-11 23:55:00,85823.4160,4918333994.7616,4965563740.3450,2024-09-11 00:00:00,1.576500,0.993887,1.850000
2024-09-12,2024-09-12 23:55:00,85500.0950,4967307569.2245,4921393247.4713,2024-09-12 00:00:00,1.437645,0.970568,1.606716
2024-09-13,2024-09-13 23:55:00,89407.5340,5405239757.0108,4974579592.8479,2024-09-13 00:35:00,0.998217,0.907360,1.088988
2024-09-14,2024-09-14 23:55:00,87444.7840,5243539027.7760,5417688079.1960,2024-09-14 00:00:00,1.097097,0.948293,1.311624
2024-09-15,2024-09-15 23:50:00,86325.1140,5107617466.9393,5248873498.7250,2024-09-15 00:25:00,1.211803,0.937225,1.426238
2024-09-16,2024-09-16 23:55:00,84525.9580,4918303465.5502,5096650759.3381,2024-09-16 00:00:00,1.901693,1.012089,2.008767
2024-09-17,2024-09-17 23:55:00,85409.3530,5148561208.1930,4928999913.5040,2024-09-17 00:00:00,1.088064,0.956290,1.171768
2024-09-18,2024-09-18 23:55:00,83807.5940,5173324667.7563,5149650896.8662,2024-09-18 00:00:00,1.281278,0.963640,1.346094
2024-09-19,2024-09-19 23:55:00,87179.8660,5486167941.4738,5159327350.8089,2024-09-19 00:00:00,0.837510,0.937329,0.941829
2024-09-20,2024-09-20 23:55:00,86595.4920,5471209696.4012,5482689428.4240,2024-09-20 00:00:00,0.908621,0.998287,1.033781
2024-09-21,2024-09-21 23:55:00,86575.3260,5482010245.0482,5464762187.5610,2024-09-21 00:00:00,0.932339,1.017555,1.025481
2024-09-22,2024-09-22 23:55:00,85730.2210,5448404162.1909,5482627612.1733,2024-09-22 00:00:00,0.875651,1.060496,0.995834
2024-09-23,2024-09-23 23:55:00,88986.6390,5633156798.2235,5436895841.6742,2024-09-23 00:00:00,1.020977,1.033911,1.125917
2024-09-24,2024-09-24 23:55:00,91143.4900,5855340342.4190,5634287602.5350,2024-09-24 00:00:00,0.803197,1.013849,0.902992
2024-09-25,2024-09-25 23:55:00,88401.7700,5580020338.0344,5848475680.8042,2024-09-25 00:00:00,1.106783,1.090848,1.257832
2024-09-26,2024-09-26 23:55:00,88244.1010,5748604000.1685,5592651255.7891,2024-09-26 00:00:00,0.721876,1.109965,0.803825
2024-09-27,2024-09-27 23:55:00,85849.7370,5644577282.8815,5743559632.1400,2024-09-27 00:00:00,0.783807,1.112579,0.855867
2024-09-28,2024-09-28 23:55:00,85266.2410,5612738513.5879,5649195610.2120,2024-09-28 00:00:00,0.822983,1.106515,0.921155
2024-09-29,2024-09-29 23:55:00,85611.6040,5613692767.2837,5612237964.4765,2024-09-29 00:00:00,0.861251,1.086565,0.956762
2024-09-30,2024-09-30 23:55:00,86806.0370,5496020020.4685,5650345833.3036,2024-09-30 00:00:00,1.280492,1.198408,1.418701
2024-10-01,2024-10-01 23:55:00,84304.3260,5124995236.3575,5509300108.7576,2024-10-01 00:00:00,1.577897,1.340851,1.727050
2024-10-02,2024-10-02 23:55:00,82501.5100,5001464290.2770,5138959076.7864,2024-10-02 00:00:00,1.672387,1.204323,1.654067
2024-10-03,2024-10-03 23:55:00,84456.3440,5128788847.7224,4995738056.6315,2024-10-03 00:00:00,1.624933,1.193536,1.609267
2024-10-04,2024-10-04 23:55:00,84723.3750,5257213170.7837,5131217095.7189,2024-10-04 00:00:00,1.319104,1.134488,1.313800
2024-10-05,2024-10-05 23:55:00,84276.5440,5227737408.5663,5255936398.8320,2024-10-05 00:00:00,1.347310,1.127198,1.431930
2024-10-06,2024-10-06 23:55:00,86185.6740,5411756875.4497,5224517129.0346,2024-10-06 00:00:00,1.289109,1.121928,1.325552
2024-10-07,2024-10-07 23:55:00,83246.4710,5177926075.8715,5416824037.8780,2024-10-07 00:00:00,1.375609,1.110224,1.447191
2024-10-08,2024-10-08 23:55:00,85922.8310,5338646120.1794,5205134738.6304,2024-10-08 00:00:00,1.518993,1.154935,1.524356
2024-10-09,2024-10-09 23:55:00,86901.5530,5266788489.5146,5343994882.6845,2024-10-09 00:00:00,1.823725,1.181779,1.888392
2024-10-10,2024-10-10 23:55:00,85843.9820,5175860569.0412,5265831310.0269,2024-10-10 00:00:00,2.097000,1.179513,2.063668
2024-10-11,2024-10-11 23:55:00,87533.7670,5471648241.4030,5171803269.9468,2024-10-11 00:00:00,1.099336,0.982804,1.131511
2024-10-12,2024-10-12 23:55:00,89354.7500,5645066750.5250,5476920357.6828,2024-10-12 00:00:00,1.054246,0.995741,1.146458
2024-10-13,2024-10-13 23:55:00,85774.1970,5390145537.1402,5650795922.7500,2024-10-13 00:00:00,1.258741,1.010534,1.396227
2024-10-14,2024-10-14 23:55:00,86445.0820,5710977053.3136,5394589307.2262,2024-10-14 00:00:00,0.707724,1.118032,0.772572
2024-10-15,2024-10-15 23:55:00,82779.1010,5550265847.0868,5709605474.3255,2024-10-15 00:00:00,0.720683,1.199470,0.833444
2024-10-16,2024-10-16 23:55:00,86461.0850,5844251791.1712,5555871880.0710,2024-10-16 00:00:00,0.646508,1.150562,0.732223
2024-10-17,2024-10-17 23:55:00,81685.6460,5506125468.9029,5854393834.8144,2024-10-17 00:00:00,0.707876,1.274220,0.800673
2024-10-18,2024-10-18 23:55:00,86390.0620,5909080240.8000,5505265359.9956,2024-10-18 00:00:00,0.622693,1.254117,0.689265
2024-10-19,2024-10-19 23:55:00,86749.2390,5929622782.9104,5914882902.8295,2024-10-19 00:00:00,0.703551,1.273315,0.778599
2024-10-20,2024-10-20 23:55:00,86609.7970,5977973177.1086,5931118971.3860,2024-10-20 00:00:00,0.673294,1.255804,0.727720
2024-10-21,2024-10-21 23:55:00,86956.1650,5858123793.0355,5974087576.4454,2024-10-21 00:00:00,0.827278,1.376899,0.951851
2024-10-22,2024-10-22 23:55:00,86928.6610,5860260909.8506,5856676807.7559,2024-10-22 00:00:00,0.828957,1.381540,0.896832
2024-10-23,2024-10-23 23:55:00,84249.3920,5615177033.0359,5856462822.5624,2024-10-23 00:00:00,1.070071,1.445748,1.160960
2024-10-24,2024-10-24 23:55:00,85471.0490,5827038700.0653,5611490085.5629,2024-10-24 00:00:00,0.842193,1.396202,0.880285
2024-10-25,2024-10-25 23:55:00,80098.8460,5340978489.9243,5827041001.7820,2024-10-25 00:00:00,1.031912,1.375878,1.154461
2024-10-26,2024-10-26 23:55:00,80968.7400,5430727232.4060,5326368724.2870,2024-10-26 00:00:00,0.928812,1.364074,0.962604
2024-10-27,2024-10-27 23:55:00,82206.3490,5589801554.2228,5431061072.9876,2024-10-27 00:00:00,0.812325,1.367541,0.863675
2024-10-28,2024-10-28 23:55:00,89115.0370,6232705687.7800,5589467051.0931,2024-10-28 00:00:00,0.569941,1.338650,0.636871
2024-10-29,2024-10-29 23:55:00,90242.9790,6564165236.4514,6222634112.1852,2024-10-29 00:00:00,0.561829,1.417271,0.634560
2024-10-30,2024-10-30 23:55:00,89315.4930,6462035630.3416,6559396383.2363,2024-10-30 00:00:00,0.617539,1.458756,0.749037
2024-10-31,2024-10-31 23:55:00,89544.9290,6296634723.9940,6467824204.9131,2024-10-31 00:00:00,0.904500,1.611596,1.049738
2024-11-01,2024-11-01 23:55:00,84087.5990,5843770944.3237,6303892783.3057,2024-11-01 00:00:00,1.104622,1.645380,1.135965
2024-11-02,2024-11-02 23:55:00,85855.1110,5955468557.1815,5854967631.5953,2024-11-02 00:00:00,1.117937,1.649940,1.127847
2024-11-03,2024-11-03 23:55:00,82985.2430,5706272771.7875,5946331712.8000,2024-11-03 00:00:00,1.241213,1.704388,1.276764
2024-11-04,2024-11-04 23:55:00,84138.0440,5707641246.9706,5697203676.2500,2024-11-04 00:00:00,1.473796,1.834688,1.514562
2024-11-05,2024-11-05 23:55:00,82913.2800,5750301290.4960,5704837174.6722,2024-11-05 00:00:00,1.238945,1.709552,1.194968
2024-11-06,2024-11-06 23:55:00,89441.8500,6759597498.9294,5760447268.3793,2024-11-06 00:00:00,0.657618,1.477152,0.673417
2024-11-07,2024-11-07 23:55:00,88615.4120,6721881903.1404,6764878506.8192,2024-11-07 00:00:00,0.650426,1.398211,0.749207
2024-11-08,2024-11-08 23:55:00,89975.0840,6881831540.6926,6725505852.8752,2024-11-08 00:00:00,0.595521,1.289418,0.683904
2024-11-09,2024-11-09 23:55:00,87469.0860,6706787770.8997,6873701561.8986,2024-11-09 00:00:00,0.607653,1.312810,0.710911
2024-11-10,2024-11-10 23:55:00,85939.8320,6910413297.1368,6696726360.9323,2024-11-10 00:00:00,0.661070,1.478040,0.719709
2024-11-11,2024-11-11 23:55:00,84951.3600,7537649221.4400,6911887242.8025,2024-11-11 00:00:00,0.810766,1.643088,0.797327
2024-11-12,2024-11-12 23:55:00,84314.9180,7416746073.3156,7477744359.3795,2024-11-12 00:00:00,0.763741,1.810100,0.934369
2024-11-13,2024-11-13 23:55:00,83030.4770,7507044851.1502,7441621777.8000,2024-11-13 00:00:00,0.901687,1.662885,0.956827
2024-11-14,2024-11-14 23:55:00,85959.1470,7510788819.3275,7489730967.7332,2024-11-14 00:00:00,1.138827,1.638693,1.211379
2024-11-15,2024-11-15 23:55:00,84836.0270,7726407224.6142,7521303311.8924,2024-11-15 00:00:00,0.787488,1.649845,0.833808
2024-11-16,2024-11-16 23:55:00,84696.5600,7674838071.9920,7723884003.2374,2024-11-16 00:00:00,0.811401,1.685447,0.945308
2024-11-17,2024-11-17 23:55:00,84052.7530,7555943419.2329,7679311811.6337,2024-11-17 00:00:00,0.992377,1.637994,1.075024
2024-11-18,2024-11-18 23:55:00,84971.4380,7690097664.7295,7550537650.2959,2024-11-18 00:00:00,0.911819,1.585425,1.000197
2024-11-19,2024-11-19 23:55:00,85377.1910,7881534551.3889,7686416793.7695,2024-11-19 00:00:00,0.791374,1.579860,0.887889
2024-11-20,2024-11-20 23:55:00,89561.2990,8443854909.7013,7872202201.6816,2024-11-20 00:00:00,0.606675,1.436144,0.718594
2024-11-21,2024-11-21 23:55:00,89307.8430,8784775885.8065,8441041925.7889,2024-11-21 00:00:00,0.712553,1.441566,0.769202
2024-11-22,2024-11-22 23:55:00,90671.1530,8969070556.6286,8788067713.9080,2024-11-22 00:00:00,0.738212,1.404472,0.846151
2024-11-23,2024-11-23 23:55:00,90282.7420,8822926103.3210,8955647867.5200,2024-11-23 00:00:00,0.893448,1.365930,0.997177
2024-11-24,2024-11-24 23:55:00,87507.2220,8572251220.7310,8823099201.6614,2024-11-24 00:00:00,0.949744,1.390048,1.033846
2024-11-25,2024-11-25 23:55:00,90378.8080,8411022425.5928,8560700627.9748,2024-11-25 00:00:00,1.310078,1.552331,1.470895
2024-11-26,2024-11-26 23:55:00,87584.8880,8059009608.9656,8422638211.4409,2024-11-26 00:00:00,1.449877,1.715155,1.478251
2024-11-27,2024-11-27 23:55:00,86144.7600,8261683736.5164,8058162059.1033,2024-11-27 00:00:00,0.966254,1.524781,1.006330
2024-11-28,2024-11-28 23:55:00,85987.7540,8228507339.8088,8269970383.1721,2024-11-28 00:00:00,1.072362,1.578207,1.204033
2024-11-29,2024-11-29 23:55:00,88021.7660,8583556939.7858,8226008655.9495,2024-11-29 00:00:00,0.864358,1.576111,0.987877
2024-11-30,2024-11-30 23:55:00,86886.5010,8381261873.9619,8570563085.2200,2024-11-30 00:00:00,0.980682,1.639364,1.153451
2024-12-01,2024-12-01 23:55:00,86613.0450,8424426483.2295,8390763926.4792,2024-12-01 00:00:00,0.911019,1.628653,1.052914
2024-12-02,2024-12-02 23:55:00,86363.4240,8281306750.0951,8422484424.3750,2024-12-02 00:00:00,1.115758,1.569722,1.273592
2024-12-03,2024-12-03 23:55:00,87478.5080,8390361129.2072,8282386990.4292,2024-12-03 00:00:00,1.070008,1.650199,1.195442
2024-12-04,2024-12-04 23:55:00,92642.8320,9142841816.0682,8398494064.4102,2024-12-04 00:00:00,0.824057,1.562406,0.986336
2024-12-05,2024-12-05 23:55:00,92201.5750,8943700297.5200,9138304272.6940,2024-12-05 00:00:00,1.354904,1.953593,1.644894
2024-12-06,2024-12-06 23:55:00,89431.1610,8925453445.7025,8910854861.3848,2024-12-06 00:00:00,0.960181,1.588221,1.108039
2024-12-07,2024-12-07 23:55:00,88605.1330,8851573042.0803,8940955578.3396,2024-12-07 00:00:00,1.095585,1.732968,1.282959
2024-12-08,2024-12-08 23:55:00,89375.0950,9044218357.7910,8856902722.7564,2024-12-08 00:00:00,1.031126,1.689135,1.197005
2024-12-09,2024-12-09 23:55:00,89931.0620,8754707947.7442,9037684041.8785,2024-12-09 00:00:00,1.404780,1.808377,1.605783
2024-12-10,2024-12-10 23:55:00,87743.1120,8476186428.3576,8729789203.0956,2024-12-10 00:00:00,1.376154,1.773541,1.417895
2024-12-11,2024-12-11 23:55:00,92933.3710,9396205048.3599,8488061117.9640,2024-12-11 00:00:00,0.742932,1.689383,0.857498
2024-12-12,2024-12-12 23:55:00,91669.0900,9165286457.1070,9391464828.7570,2024-12-12 00:00:00,0.845757,1.847052,1.047635
2024-12-13,2024-12-13 23:55:00,92004.4740,9326668337.8806,9165854987.5850,2024-12-13 00:00:00,0.707162,1.656591,0.859062
2024-12-14,2024-12-14 23:55:00,92610.0170,9389878148.2144,9324164363.4260,2024-12-14 00:00:00,0.763781,1.713085,0.950819
2024-12-15,2024-12-15 23:55:00,98884.5090,10328388080.5410,9396348760.2347,2024-12-15 00:00:00,0.628260,1.646257,0.761582
2024-12-16,2024-12-16 23:55:00,93136.4790,9874636853.9607,10350850095.8083,2024-12-16 00:00:00,0.624110,1.657945,0.805803
2024-12-17,2024-12-17 23:55:00,92379.0100,9799945879.4590,9877171058.3325,2024-12-17 00:00:00,0.676669,1.605188,0.826977
2024-12-18,2024-12-18 23:55:00,92500.7720,9266967840.9672,9792215493.8179,2024-12-18 00:00:00,1.195232,1.715022,1.358411
2024-12-19,2024-12-19 23:55:00,91568.3580,8921908020.7152,9288563389.2225,2024-12-19 00:00:00,1.549017,1.767802,1.551605
2024-12-20,2024-12-20 23:55:00,89107.0000,8711492390.8000,8934119247.1517,2024-12-20 00:00:00,1.416706,2.110070,1.425652
2024-12-21,2024-12-21 23:55:00,87819.0920,8541442962.2856,8710137580.9836,2024-12-21 00:00:00,1.374382,2.138501,1.434435
2024-12-22,2024-12-22 23:55:00,86862.2280,8265452522.7806,8524295954.6948,2024-12-22 00:00:00,1.535533,2.196185,1.580042
2024-12-23,2024-12-23 23:55:00,90262.4650,8562396718.6115,8276134382.7435,2024-12-23 00:00:00,2.005674,2.221413,1.942098
2024-12-24,2024-12-24 23:55:00,91745.7620,9049216838.4906,8552803712.8587,2024-12-24 00:00:00,1.102109,2.014028,1.146983
2024-12-25,2024-12-25 23:55:00,91878.3280,9130831485.3088,9040686219.5960,2024-12-25 00:00:00,1.101191,2.014306,1.204558
2024-12-26,2024-12-26 23:55:00,89325.4920,8553294203.1401,9169655920.6552,2024-12-26 00:00:00,1.535968,2.129578,1.612822
2024-12-27,2024-12-27 23:55:00,89656.6930,8451384092.6641,8560624570.1900,2024-12-27 00:00:00,1.780200,2.204989,1.745592
2024-12-28,2024-12-28 23:55:00,90696.2940,8639984798.8158,8449834553.3329,2024-12-28 00:00:00,1.734264,2.117882,1.638222
2024-12-29,2024-12-29 23:55:00,89934.1750,8426823204.0825,8629363441.4934,2024-12-29 00:00:00,1.856137,2.080662,1.880864
2024-12-30,2024-12-30 23:55:00,90901.5150,8432059554.2711,8409019632.2779,2024-12-30 00:00:00,2.039732,2.122862,1.986241
2024-12-31,2024-12-31 23:55:00,91237.3470,8535222950.9789,8437213182.3896,2024-12-31 00:00:00,1.821882,2.113485,1.810149
2025-01-01,2025-01-01 23:55:00,92290.2830,8728907256.4230,8545728911.0624,2025-01-01 00:00:00,1.681329,2.108719,1.666541
2025-01-02,2025-01-02 23:55:00,91933.1810,8914539921.9356,8716000222.7591,2025-01-02 00:00:00,1.145844,2.031332,1.226327
2025-01-03,2025-01-03 23:55:00,90565.9820,8888670756.1756,8908332286.4481,2025-01-03 00:00:00,1.087485,2.115648,1.211197
2025-01-04,2025-01-04 23:55:00,87457.5030,8585982933.5196,8896589137.2288,2025-01-04 00:00:00,1.127578,2.138868,1.299318
2025-01-05,2025-01-05 23:55:00,90096.5330,8860102064.8733,8582998549.7288,2025-01-05 00:00:00,1.128301,2.084987,1.297740
2025-01-06,2025-01-06 23:55:00,93902.7660,9595851507.5826,8882648378.2122,2025-01-06 00:00:00,0.761696,1.929836,0.886791
2025-01-07,2025-01-07 23:55:00,92131.3580,8929389643.6316,9585091880.7105,2025-01-07 00:00:00,1.554604,2.212076,1.755640
2025-01-08,2025-01-08 23:55:00,90708.2130,8620556565.4747,8911502032.0172,2025-01-08 00:00:00,1.813380,2.303762,1.840700
2025-01-09,2025-01-09 23:55:00,87392.5330,8084656141.7230,8613489221.8487,2025-01-09 00:00:00,2.152189,2.100645,2.154745
2025-01-10,2025-01-10 23:55:00,88470.1000,8376434085.2562,8111271455.7693,2025-01-10 00:00:00,1.692963,1.930086,1.646507
2025-01-11,2025-01-11 23:55:00,87663.8490,8289940206.2636,8375345581.4700,2025-01-11 00:00:00,1.735755,1.937560,1.761116
2025-01-12,2025-01-12 23:55:00,87549.2920,8273399339.0708,8296854024.8000,2025-01-12 00:00:00,1.743631,1.907345,1.799914
2025-01-13,2025-01-13 23:55:00,83846.4020,7922459113.0266,8277043253.5658,2025-01-13 00:00:00,1.689080,1.898068,1.726315
2025-01-14,2025-01-14 23:55:00,84491.9680,8154742291.5200,7921245418.0207,2025-01-14 00:00:00,1.243646,1.860799,1.353561
2025-01-15,2025-01-15 23:55:00,86632.0150,8703217789.2122,8150591140.5906,2025-01-15 00:00:00,0.869940,1.762356,0.951603
2025-01-16,2025-01-16 23:55:00,86229.6240,8617451446.4391,8685311040.6482,2025-01-16 00:00:00,0.904051,1.808518,1.128537
2025-01-17,2025-01-17 23:55:00,90556.7420,9421758885.2092,8622110923.2719,2025-01-17 00:00:00,0.717401,1.552694,0.838627
2025-01-18,2025-01-18 23:55:00,87814.4410,9179704071.2098,9443686281.2833,2025-01-18 00:00:00,0.789811,1.785206,0.955442
2025-01-19,2025-01-19 23:55:00,84146.1290,8524684451.3449,9179969146.9144,2025-01-19 00:00:00,1.016654,1.926382,1.244943
2025-01-20,2025-01-20 23:55:00,84057.9820,8595910363.7566,8498960477.0366,2025-01-20 00:00:00,1.121302,2.173071,1.250589
2025-01-21,2025-01-21 23:55:00,86596.4920,9189143450.3340,8557610113.6596,2025-01-21 00:00:00,0.785772,1.936130,0.887400
2025-01-22,2025-01-22 23:55:00,83833.5940,8690601138.6506,9164979083.5228,2025-01-22 00:00:00,1.098003,2.106623,1.280477
2025-01-23,2025-01-23 23:55:00,80453.9740,8356559123.0691,8690457302.5020,2025-01-23 00:00:00,1.121486,1.895109,1.221167
2025-01-24,2025-01-24 23:55:00,82342.8550,8630476876.3127,8354572296.6900,2025-01-24 00:00:00,0.835270,1.813209,0.971246
2025-01-25,2025-01-25 23:55:00,81553.9810,8538856763.2639,8627042743.3395,2025-01-25 00:00:00,0.963175,1.876311,1.072515
2025-01-26,2025-01-26 23:55:00,81648.0750,8376307867.8854,8541389178.0829,2025-01-26 00:00:00,1.151755,1.921320,1.325728
2025-01-27,2025-01-27 23:55:00,84007.8530,8571709327.3794,8393793949.3824,2025-01-27 00:00:00,1.518770,1.970000,1.616956
2025-01-28,2025-01-28 23:55:00,80332.0240,8137351151.2004,8602739360.3932,2025-01-28 00:00:00,1.318809,1.894541,1.514436
2025-01-29,2025-01-29 23:55:00,81401.9340,8441234032.3188,8135334801.6889,2025-01-29 00:00:00,1.008886,1.798275,1.105457
2025-01-30,2025-01-30 23:55:00,82971.8710,8685246540.6670,8427186876.4253,2025-01-30 00:00:00,0.817695,1.772395,0.946519
2025-01-31,2025-01-31 23:55:00,83384.8420,8536923446.9916,8708128881.7341,2025-01-31 00:00:00,1.517528,2.126407,1.671305
2025-02-01,2025-02-01 23:55:00,84243.1180,8475160946.0248,8526995420.0530,2025-02-01 00:00:00,1.637294,1.991302,1.795582
2025-02-02,2025-02-02 23:55:00,83568.3800,8161813828.4267,8474085825.4800,2025-02-02 00:00:00,2.159471,1.952133,2.299195
2025-02-03,2025-02-03 23:55:00,78322.0600,7933531249.0220,8123168598.1590,2025-02-03 00:00:00,1.333682,1.844986,1.399527
2025-02-04,2025-02-04 23:55:00,74870.0660,7315546661.8534,7938024020.7896,2025-02-04 00:00:00,1.669898,2.321412,1.939621
2025-02-05,2025-02-05 23:55:00,76450.4730,7382730437.0424,7337731291.0356,2025-02-05 00:00:00,1.753764,2.032982,1.883461
2025-02-06,2025-02-06 23:55:00,75204.7010,7258381717.0150,7409748904.5528,2025-02-06 00:00:00,1.974954,2.061232,2.030595
2025-02-07,2025-02-07 23:55:00,75993.5400,7330034253.6801,7272423274.9212,2025-02-07 00:00:00,2.027754,1.859182,2.038760
2025-02-08,2025-02-08 23:55:00,76262.2830,7352591602.3677,7328713119.2820,2025-02-08 00:00:00,1.938555,1.894169,1.963737
2025-02-09,2025-02-09 23:55:00,74484.2480,7182179801.7097,7353762316.4219,2025-02-09 00:00:00,2.028593,2.015635,2.116576
2025-02-10,2025-02-10 23:55:00,75990.8540,7400334069.9803,7171357971.8458,2025-02-10 00:00:00,1.586914,2.040295,1.698226
2025-02-11,2025-02-11 23:55:00,79155.8040,7577695935.0456,7402482277.3572,2025-02-11 00:00:00,2.306260,1.916532,2.380604
2025-02-12,2025-02-12 23:55:00,78374.6970,7667447857.0144,7587397356.6434,2025-02-12 00:00:00,1.477587,2.005586,1.530105
2025-02-13,2025-02-13 23:55:00,78469.9610,7577098669.1405,7651911322.8267,2025-02-13 00:00:00,2.087838,1.952656,2.251046
2025-02-14,2025-02-14 23:55:00,76975.2900,7501172900.3742,7574173474.0392,2025-02-14 00:00:00,1.423770,1.902436,1.551404
2025-02-15,2025-02-15 23:55:00,76875.5380,7498278537.8902,7498448088.0000,2025-02-15 00:00:00,1.449065,1.898928,1.599700
2025-02-16,2025-02-16 23:55:00,76101.5660,7311338253.0153,7501002037.0470,2025-02-16 00:00:00,1.752548,1.911760,1.959436
2025-02-17,2025-02-17 23:55:00,76980.3610,7370338401.2591,7310363389.6555,2025-02-17 00:00:00,2.222732,1.876466,2.308663
2025-02-18,2025-02-18 23:55:00,81978.8770,7838865299.8352,7393876777.0682,2025-02-18 00:00:00,2.373703,1.853861,2.463794
2025-02-19,2025-02-19 23:55:00,77709.8020,7507186635.6474,7829903586.0563,2025-02-19 00:00:00,1.585529,2.014754,1.721486
2025-02-20,2025-02-20 23:55:00,82419.6100,8097965699.3690,7507970090.4560,2025-02-20 00:00:00,1.062658,1.718975,1.200281
2025-02-21,2025-02-21 23:55:00,81285.2830,7814067839.8337,8106175550.7344,2025-02-21 00:00:00,1.936879,2.122586,2.111145
2025-02-22,2025-02-22 23:55:00,79662.0120,7687654186.2564,7824651761.3310,2025-02-22 00:00:00,1.602493,1.933015,1.688108
2025-02-23,2025-02-23 23:55:00,80419.4920,7737826807.1036,7682596191.5472,2025-02-23 00:00:00,2.004023,1.763985,2.104294
2025-02-24,2025-02-24 23:55:00,90351.8270,8269421806.6290,7739187748.3055,2025-02-24 00:00:00,2.581855,1.681659,2.834034
2025-02-25,2025-02-25 23:55:00,85153.3120,7547912937.6992,8294997571.2058,2025-02-25 00:00:00,2.942197,1.869250,3.041996
2025-02-26,2025-02-26 23:55:00,82318.4380,6931361212.5538,7517389916.8932,2025-02-26 00:00:00,2.826672,2.072510,3.213112
2025-02-27,2025-02-27 23:55:00,82513.1100,6986018208.3079,6939380051.3961,2025-02-27 00:00:00,2.668628,2.057823,2.845582
2025-02-28,2025-02-28 23:55:00,78947.4480,6655319009.7243,7000904868.6587,2025-02-28 00:00:00,1.795175,1.951007,2.083244
2025-03-01,2025-03-01 23:55:00,78477.4030,6750510789.6338,6651685957.6409,2025-03-01 00:00:00,1.727364,1.881073,1.958196
2025-03-02,2025-03-02 23:55:00,79049.4040,7448688745.0628,6753457976.4792,2025-03-02 00:00:00,1.273196,1.793940,1.390534
2025-03-03,2025-03-03 23:55:00,71171.5250,6133576258.8050,7429716655.3016,2025-03-03 00:00:00,2.285974,2.028308,2.844197
2025-03-04,2025-03-04 23:55:00,67718.1050,5908133788.8300,6118115342.6778,2025-03-04 00:00:00,1.768385,1.984830,1.977236
2025-03-05,2025-03-05 23:55:00,69816.0690,6323060438.1429,5899025359.0554,2025-03-05 00:00:00,1.292563,1.893027,1.455175
2025-03-06,2025-03-06 23:55:00,68745.8550,6179420539.6545,6331705305.1895,2025-03-06 00:00:00,1.416179,2.155643,1.647549
2025-03-07,2025-03-07 23:55:00,69111.7420,5995706243.1196,6170785434.7826,2025-03-07 00:00:00,2.166482,2.093183,2.456244
2025-03-08,2025-03-08 23:55:00,68425.0010,5897195026.1848,5978069859.6677,2025-03-08 00:00:00,2.324932,1.906544,2.515178
2025-03-09,2025-03-09 23:55:00,70149.2340,5660257512.3792,5904798905.1056,2025-03-09 00:00:00,2.703169,1.952899,3.201397
2025-03-10,2025-03-10 23:55:00,69692.4880,5476435707.0400,5667296305.6600,2025-03-10 00:00:00,2.921164,1.901375,3.192834
2025-03-11,2025-03-11 23:55:00,69968.5860,5800115905.0560,5513143677.2086,2025-03-11 00:00:00,1.795406,1.910430,2.013472
2025-03-12,2025-03-12 23:55:00,68962.5660,5768070397.7796,5786290974.4096,2025-03-12 00:00:00,1.841577,1.939199,2.117830
2025-03-13,2025-03-13 23:55:00,72030.1450,5840593119.3830,5787380802.6103,2025-03-13 00:00:00,2.415758,2.050586,2.759213
2025-03-14,2025-03-14 23:55:00,72975.5740,6125212101.2474,5836263993.5471,2025-03-14 00:00:00,1.219195,1.767177,1.369058
2025-03-15,2025-03-15 23:55:00,70622.1540,5953659448.6620,6134066521.8192,2025-03-15 00:00:00,1.326871,1.738366,1.499201
2025-03-16,2025-03-16 23:55:00,68524.9060,5656155381.0896,5951952649.2729,2025-03-16 00:00:00,1.677095,1.946375,1.947550
2025-03-17,2025-03-17 23:55:00,71103.8460,5970358010.0537,5659928270.8419,2025-03-17 00:00:00,1.307930,1.800744,1.470701
2025-03-18,2025-03-18 23:55:00,70453.0530,5824387489.2662,5969221335.0184,2025-03-18 00:00:00,2.113846,1.960364,2.289940
2025-03-19,2025-03-19 23:55:00,76225.3490,6616512743.8980,5820014166.5478,2025-03-19 00:00:00,1.047945,1.740729,1.153320
2025-03-20,2025-03-20 23:55:00,70731.8360,5954460589.0896,6680068390.4990,2025-03-20 00:00:00,1.642585,2.046522,1.955233
2025-03-21,2025-03-21 23:55:00,70736.4540,5945420179.6362,5967303975.4839,2025-03-21 00:00:00,1.571404,1.912614,1.751497
2025-03-22,2025-03-22 23:55:00,70129.1690,5877167995.1281,5943654984.0248,2025-03-22 00:00:00,1.549754,1.918099,1.748818
2025-03-23,2025-03-23 23:55:00,72903.5250,6273557041.4820,5878285333.9383,2025-03-23 00:00:00,1.191877,1.794749,1.289072
2025-03-24,2025-03-24 23:55:00,77221.5530,6754051856.5049,6260439954.8278,2025-03-24 00:00:00,0.821931,1.610010,0.947629
2025-03-25,2025-03-25 23:55:00,75025.1970,6554936456.8506,6741371733.0606,2025-03-25 00:00:00,0.917718,1.459842,1.054997
2025-03-26,2025-03-26 23:55:00,70461.6880,6120901144.0280,6552750738.1819,2025-03-26 00:00:00,1.093548,1.591829,1.227391
2025-03-27,2025-03-27 23:55:00,70732.3020,6167227216.9122,6109504521.1346,2025-03-27 00:00:00,1.027444,1.501331,1.134013
2025-03-28,2025-03-28 23:55:00,73855.5340,6231989043.3472,6163825748.3439,2025-03-28 00:00:00,2.067065,1.707792,2.250873
2025-03-29,2025-03-29 23:55:00,71042.9540,5868724516.9662,6229265048.1601,2025-03-29 00:00:00,2.008216,1.650257,2.263883
2025-03-30,2025-03-30 23:55:00,69934.0690,5758504116.1911,5871018934.1370,2025-03-30 00:00:00,1.998623,1.655142,2.136980
2025-03-31,2025-03-31 23:55:00,68841.8490,5680669442.5270,5758388423.7893,2025-03-31 00:00:00,1.965195,1.630493,2.101850
2025-04-01,2025-04-01 23:55:00,71538.5230,6089430616.2830,5688507397.6480,2025-04-01 00:00:00,1.119856,1.506161,1.233099
2025-04-02,2025-04-02 23:55:00,69853.2420,5761844666.3700,6092810968.0524,2025-04-02 00:00:00,1.473853,1.586151,1.675339
2025-04-03,2025-04-03 23:55:00,71579.8810,5952568587.9838,5745253464.4416,2025-04-03 00:00:00,1.952083,1.794286,2.013641
2025-04-04,2025-04-04 23:55:00,72830.0830,6107632722.4962,5967860717.9123,2025-04-04 00:00:00,1.210394,1.708426,1.352723
2025-04-05,2025-04-05 23:55:00,70789.8530,5911088381.4063,6101525442.1642,2025-04-05 00:00:00,1.617621,1.824326,1.778076
2025-04-06,2025-04-06 23:55:00,73134.1700,5732993289.6441,5910479336.5778,2025-04-06 00:00:00,2.206479,1.935243,2.542066
2025-04-07,2025-04-07 23:55:00,70877.5670,5609257740.1367,5683284714.0549,2025-04-07 00:00:00,1.609718,1.793750,1.742135
2025-04-08,2025-04-08 23:55:00,73341.1000,5595779247.8000,5609670338.7400,2025-04-08 00:00:00,2.139748,1.935140,2.452101
2025-04-09,2025-04-09 23:55:00,74632.4000,6163733187.9600,5580071406.0000,2025-04-09 00:00:00,0.894166,1.717024,0.972026
2025-04-10,2025-04-10 23:55:00,73550.6040,5852870989.3386,6163746298.7760,2025-04-10 00:00:00,1.749395,2.069773,2.100966
2025-04-11,2025-04-11 23:55:00,78186.8680,6519666718.9876,5842872535.6420,2025-04-11 00:00:00,0.779527,1.698560,0.874763
2025-04-12,2025-04-12 23:55:00,80937.7520,6899135306.0607,6509235497.8989,2025-04-12 00:00:00,0.736873,1.713755,0.817634
2025-04-13,2025-04-13 23:55:00,77524.9420,6489982238.0005,6901177118.7408,2025-04-13 00:00:00,0.955052,2.014919,1.153281
2025-04-14,2025-04-14 23:55:00,75818.0000,6410700008.4000,6494234999.7601,2025-04-14 00:00:00,0.918940,1.924192,1.026253
2025-04-15,2025-04-15 23:55:00,77459.1840,6476253931.3824,6404446889.2287,2025-04-15 00:00:00,1.038925,1.887183,1.161777
2025-04-16,2025-04-16 23:55:00,76363.6670,6414103866.3673,6477494408.7412,2025-04-16 00:00:00,0.981042,1.853688,1.075083
2025-04-17,2025-04-17 23:55:00,78013.2420,6624581025.2594,6421625697.6516,2025-04-17 00:00:00,0.836616,1.740082,0.939513
2025-04-18,2025-04-18 23:55:00,76433.6220,6453269179.8779,6621969558.6558,2025-04-18 00:00:00,1.001263,1.764168,1.112234
2025-04-19,2025-04-19 23:55:00,79184.5980,6734412506.1060,6451924328.1770,2025-04-19 00:00:00,0.843017,1.578415,0.956635
2025-04-20,2025-04-20 23:55:00,77416.4710,6591407601.4447,6731575884.8689,2025-04-20 00:00:00,1.011653,1.652463,1.161536
2025-04-21,2025-04-21 23:55:00,82121.3740,7182978876.1684,6609692971.2000,2025-04-21 00:00:00,0.741394,1.593590,0.851541
2025-04-22,2025-04-22 23:55:00,84569.0120,7899160108.9588,7187104784.8996,2025-04-22 00:00:00,0.603562,1.372392,0.651877
2025-04-23,2025-04-23 23:55:00,81651.7200,7645970802.5543,7937348876.6053,2025-04-23 00:00:00,0.613207,1.470799,0.755145
2025-04-24,2025-04-24 23:55:00,82880.6830,7785115163.2828,7640916897.1776,2025-04-24 00:00:00,0.648039,1.395260,0.773940
2025-04-25,2025-04-25 23:55:00,86023.5620,8137123571.9916,7786946608.1315,2025-04-25 00:00:00,0.578583,1.304053,0.677252
2025-04-26,2025-04-26 23:55:00,83908.8750,7935732198.4500,8151215483.9593,2025-04-26 00:00:00,0.664733,1.358364,0.756040
2025-04-27,2025-04-27 23:55:00,84165.3720,7886042860.2840,7941122410.4817,2025-04-27 00:00:00,0.710966,1.410716,0.808446
2025-04-28,2025-04-28 23:55:00,81930.5260,7780860123.6940,7879081387.5313,2025-04-28 00:00:00,0.688484,1.385648,0.761202
2025-04-29,2025-04-29 23:55:00,81975.4470,7723122154.9366,7771418742.3816,2025-04-29 00:00:00,0.732590,1.455180,0.848928
2025-04-30,2025-04-30 23:55:00,80085.0110,7538483829.5934,7713896957.7750,2025-04-30 00:00:00,0.775131,1.448589,0.875693
2025-05-01,2025-05-01 23:55:00,86024.7870,8295776517.3229,7545348708.2928,2025-05-01 00:00:00,0.571317,1.236301,0.653269
2025-05-02,2025-05-02 23:55:00,86234.6040,8350239727.6408,8308634364.5409,2025-05-02 00:00:00,0.615849,1.290680,0.710465
2025-05-03,2025-05-03 23:55:00,83719.9580,8022046642.8268,8351331849.3261,2025-05-03 00:00:00,0.712842,1.300840,0.815764
2025-05-04,2025-05-04 23:55:00,81781.6830,7707149039.9842,8026715228.0774,2025-05-04 00:00:00,0.801694,1.325917,0.892379
2025-05-05,2025-05-05 23:55:00,80389.4470,7612623384.6696,7718371432.6208,2025-05-05 00:00:00,0.857317,1.256844,0.910708
2025-05-06,2025-05-06 23:55:00,82532.4190,7988675977.6536,7605271882.7553,2025-05-06 00:00:00,0.720810,1.308465,0.780512
2025-05-07,2025-05-07 23:55:00,81443.1330,7899223105.8744,7996438366.8652,2025-05-07 00:00:00,0.592343,1.404371,0.717756
2025-05-08,2025-05-08 23:55:00,79514.5740,8209223649.2640,7900632886.8294,2025-05-08 00:00:00,0.584170,1.533358,0.636962
2025-05-09,2025-05-09 23:55:00,78466.3580,8077468131.9644,8204359795.5681,2025-05-09 00:00:00,0.602201,1.716555,0.760565
2025-05-10,2025-05-10 23:55:00,79950.7180,8377955788.5020,8082557125.9955,2025-05-10 00:00:00,0.625523,1.641296,0.738742
2025-05-11,2025-05-11 23:55:00,81331.6180,8464401080.6286,8409116704.0346,2025-05-11 00:00:00,0.617922,1.675511,0.774692
2025-05-12,2025-05-12 23:55:00,81619.9830,8385635997.9789,8469795094.6675,2025-05-12 00:00:00,0.805902,1.597688,0.932882
2025-05-13,2025-05-13 23:55:00,82270.9300,8562944751.7685,8366951456.3479,2025-05-13 00:00:00,0.680633,1.631683,0.797814
2025-05-14,2025-05-14 23:55:00,80227.7130,8300214777.0966,8540741734.8670,2025-05-14 00:00:00,0.748132,1.617547,0.893939
2025-05-15,2025-05-15 23:55:00,79526.0470,8249316381.3570,8300385168.6124,2025-05-15 00:00:00,0.761829,1.614853,0.895914
2025-05-16,2025-05-16 23:55:00,80264.7660,8301053492.6119,8271204744.3982,2025-05-16 00:00:00,0.689722,1.584323,0.818065
2025-05-17,2025-05-17 23:55:00,78568.7560,8099126645.3748,8305858831.7740,2025-05-17 00:00:00,0.750531,1.547589,0.838248
2025-05-18,2025-05-18 23:55:00,80978.9290,8617426094.3561,8105338044.0032,2025-05-18 00:00:00,0.631248,1.550622,0.742654
2025-05-19,2025-05-19 23:55:00,82341.7860,8690457550.9973,8668247786.0874,2025-05-19 00:00:00,0.604493,1.639354,0.743622
2025-05-20,2025-05-20 23:55:00,83827.0180,8952423745.1352,8709289016.0400,2025-05-20 00:00:00,0.523609,1.533521,0.658112
2025-05-21,2025-05-21 23:55:00,86980.9180,9534103033.4900,8959870375.2752,2025-05-21 00:00:00,0.494153,1.641979,0.614156
2025-05-22,2025-05-22 23:55:00,88030.2010,9829760874.4953,9568040509.6875,2025-05-22 00:00:00,0.464046,1.608222,0.580475
2025-05-23,2025-05-23 23:55:00,84035.5950,9014803055.7022,9862898394.0794,2025-05-23 00:00:00,0.711691,1.674682,0.918078
2025-05-24,2025-05-24 23:55:00,86276.1070,9291841820.1823,8981071988.2128,2025-05-24 00:00:00,0.710743,1.557072,0.783467
2025-05-25,2025-05-25 23:55:00,87959.1790,9583671511.2061,9327085423.2914,2025-05-25 00:00:00,0.749009,1.453273,0.816241
2025-05-26,2025-05-26 23:55:00,90182.6120,9866399705.1517,9594291780.2785,2025-05-26 00:00:00,0.607923,1.427525,0.722093
2025-05-27,2025-05-27 23:55:00,86811.2420,9452815373.5106,9854036158.9448,2025-05-27 00:00:00,0.648383,1.481636,0.770958
2025-05-28,2025-05-28 23:55:00,87222.6580,9395886387.7340,9449261057.1792,2025-05-28 00:00:00,1.052203,1.424557,1.114905
2025-05-29,2025-05-29 23:55:00,85633.7550,9037786502.7000,9381298169.2290,2025-05-29 00:00:00,1.187416,1.509531,1.246512
2025-05-30,2025-05-30 23:55:00,82415.9540,8567138418.3000,9046768032.1044,2025-05-30 00:00:00,1.203339,1.568458,1.305139
2025-05-31,2025-05-31 23:55:00,83551.6290,8734879988.3163,8557683128.6508,2025-05-31 00:00:00,1.190797,1.565348,1.236866
2025-06-01,2025-06-01 23:55:00,82804.4160,8743286238.0311,8736988614.4487,2025-06-01 00:00:00,1.136098,1.531246,1.213171
2025-06-02,2025-06-02 23:55:00,82000.8870,8676341651.6073,8742808969.7711,2025-06-02 00:00:00,1.071844,1.503322,1.205449
2025-06-03,2025-06-03 23:55:00,82486.5290,8688314348.2229,8685657080.6808,2025-06-03 00:00:00,0.920692,1.434522,1.072319
2025-06-04,2025-06-04 23:55:00,80790.8980,8454447353.1824,8696889985.4375,2025-06-04 00:00:00,1.031706,1.402285,1.116732
2025-06-05,2025-06-05 23:55:00,82247.5290,8344727370.5523,8458277452.5717,2025-06-05 00:00:00,1.426859,1.414761,1.524061
2025-06-06,2025-06-06 23:55:00,84607.0430,8819446623.0243,8328454529.5875,2025-06-06 00:00:00,0.735002,1.286598,0.849933
2025-06-07,2025-06-07 23:55:00,83206.6260,8779100499.1706,8812774111.3978,2025-06-07 00:00:00,0.682124,1.330285,0.828909
2025-06-08,2025-06-08 23:55:00,82511.3920,8719744539.0152,8779692823.2310,2025-06-08 00:00:00,0.667574,1.344163,0.844550
2025-06-09,2025-06-09 23:55:00,86408.0930,9524582634.3947,8720955252.3533,2025-06-09 00:00:00,0.515105,1.395458,0.628516
2025-06-10,2025-06-10 23:55:00,84493.3760,9314152651.3728,9508305984.7120,2025-06-10 00:00:00,0.528682,1.612039,0.737169
2025-06-11,2025-06-11 23:55:00,82285.9490,8937139383.9292,9321820598.2375,2025-06-11 00:00:00,0.615317,1.581965,0.827329
2025-06-12,2025-06-12 23:55:00,79455.0850,8392170589.0003,8939940556.3782,2025-06-12 00:00:00,0.934731,1.549984,1.095350
2025-06-13,2025-06-13 23:55:00,78497.0800,8323192639.8390,8299257284.2630,2025-06-13 00:00:00,0.853969,1.487098,0.926187
2025-06-14,2025-06-14 23:55:00,78209.4620,8240133274.4276,8326664610.1936,2025-06-14 00:00:00,0.879964,1.491238,1.008155
2025-06-15,2025-06-15 23:55:00,78624.3890,8298510858.9098,8238730133.2008,2025-06-15 00:00:00,0.881908,1.534108,0.968302
2025-06-16,2025-06-16 23:55:00,77946.8620,8320835313.1862,8302111075.8960,2025-06-16 00:00:00,0.596728,1.510323,0.718332
2025-06-17,2025-06-17 23:55:00,76552.4820,8000346788.8560,8288781684.1471,2025-06-17 00:00:00,1.153182,1.504224,1.232185
2025-06-18,2025-06-18 23:55:00,76490.2550,8018969053.0285,8011215214.7862,2025-06-18 00:00:00,1.034922,1.509789,1.095410
2025-06-19,2025-06-19 23:55:00,77793.7100,8138177943.9366,8014333266.1747,2025-06-19 00:00:00,1.037673,1.485359,1.087685
2025-06-20,2025-06-20 23:55:00,77505.7060,8002115368.8230,8135115091.2528,2025-06-20 00:00:00,1.276447,1.549840,1.280233
2025-06-21,2025-06-21 23:55:00,75459.0190,7702841567.7162,7994202983.3462,2025-06-21 00:00:00,1.218520,1.499037,1.249363
2025-06-22,2025-06-22 23:55:00,78683.3020,7940490209.5366,7739786189.0308,2025-06-22 00:00:00,1.200070,1.499223,1.285914
2025-06-23,2025-06-23 23:55:00,72609.4660,7645337021.3553,7905724991.8863,2025-06-23 00:00:00,0.772057,1.484496,0.842995
2025-06-24,2025-06-24 23:55:00,75448.8990,8000224005.4650,7643676662.8343,2025-06-24 00:00:00,0.663448,1.420898,0.813688
2025-06-25,2025-06-25 23:55:00,76626.1790,8220723524.2435,8007041098.4181,2025-06-25 00:00:00,0.526449,1.405362,0.663930
2025-06-26,2025-06-26 23:55:00,77712.9980,8307817984.6409,8229194340.9713,2025-06-26 00:00:00,0.537776,1.453585,0.690616
2025-06-27,2025-06-27 23:55:00,75329.4750,8060020303.6275,8311797981.4854,2025-06-27 00:00:00,0.569175,1.411478,0.706164
2025-06-28,2025-06-28 23:55:00,75523.8640,8099251412.9919,8059710957.6178,2025-06-28 00:00:00,0.567808,1.426033,0.697117
2025-06-29,2025-06-29 23:55:00,77916.5410,8439165474.6057,8096931377.6400,2025-06-29 00:00:00,0.555412,1.410189,0.685383
2025-06-30,2025-06-30 23:55:00,76425.9900,8185783816.7935,8416255338.6800,2025-06-30 00:00:00,0.603746,1.510635,0.744964
2025-07-01,2025-07-01 23:55:00,74368.3870,7856127665.9060,8179458942.4995,2025-07-01 00:00:00,0.753596,1.527742,0.881999
2025-07-02,2025-07-02 23:55:00,81361.3310,8852104676.6669,7854518046.7143,2025-07-02 00:00:00,0.440886,1.330543,0.562601
2025-07-03,2025-07-03 23:55:00,82935.4930,9085176874.2343,8867833497.4695,2025-07-03 00:00:00,0.454412,1.425170,0.597621
2025-07-04,2025-07-04 23:55:00,79507.8620,8581704937.3286,9088239302.5641,2025-07-04 00:00:00,0.673174,1.446464,0.831538
2025-07-05,2025-07-05 23:55:00,79294.5830,8575978753.0322,8589678968.4090,2025-07-05 00:00:00,0.624141,1.420155,0.731100
2025-07-06,2025-07-06 23:55:00,77925.4390,8505234380.0062,8586696846.5110,2025-07-06 00:00:00,0.593056,1.349052,0.713217
2025-07-07,2025-07-07 23:55:00,78235.7380,8465800427.5746,8502178372.7754,2025-07-07 00:00:00,0.665831,1.409010,0.805926
2025-07-08,2025-07-08 23:55:00,78100.4280,8503043517.7296,8468717620.5482,2025-07-08 00:00:00,0.578014,1.407636,0.702656
2025-07-09,2025-07-09 23:55:00,85656.2950,9524971438.3705,8497365817.2356,2025-07-09 00:00:00,0.450000,1.468390,0.571801
2025-07-10,2025-07-10 23:55:00,85104.8130,9870379617.4083,9533095117.8432,2025-07-10 00:00:00,0.459515,1.611454,0.582657
2025-07-11,2025-07-11 23:55:00,87802.0170,10316848232.4758,9870370054.1705,2025-07-11 00:00:00,0.473101,1.807840,0.671715
2025-07-12,2025-07-12 23:55:00,88029.0210,10333673957.7774,10318486465.3961,2025-07-12 00:00:00,0.483097,1.787195,0.665181
2025-07-13,2025-07-13 23:55:00,89419.3900,10644568665.8644,10326916102.1904,2025-07-13 00:00:00,0.484274,1.685494,0.631341
2025-07-14,2025-07-14 23:55:00,93070.3340,11151549767.1696,10637972672.0300,2025-07-14 00:00:00,0.578924,2.020406,0.710508
2025-07-15,2025-07-15 23:55:00,89719.1590,10563399201.9215,11144871103.4640,2025-07-15 00:00:00,0.817238,2.095511,0.960640
2025-07-16,2025-07-16 23:55:00,89544.4600,10619801515.0204,10553021854.2676,2025-07-16 00:00:00,0.703416,1.901356,0.813506
2025-07-17,2025-07-17 23:55:00,89608.4770,10679233620.0382,10625839238.3780,2025-07-17 00:00:00,0.638570,1.976293,0.787171
2025-07-18,2025-07-18 23:55:00,89349.0220,10534042570.4654,10700168347.9452,2025-07-18 00:00:00,0.813901,1.857295,0.948508
2025-07-19,2025-07-19 23:55:00,87692.6150,10331444051.3945,10535796899.2117,2025-07-19 00:00:00,0.817471,1.819299,0.923561
2025-07-20,2025-07-20 23:55:00,89276.4760,10465890557.8237,10328297459.6995,2025-07-20 00:00:00,0.893771,1.656066,1.003746
2025-07-21,2025-07-21 23:55:00,90303.9410,10595459874.3046,10461408910.1473,2025-07-21 00:00:00,1.018947,1.601541,1.108367
2025-07-22,2025-07-22 23:55:00,90080.7320,10809120331.3884,10591686030.9957,2025-07-22 00:00:00,0.689890,1.826462,0.871347
2025-07-23,2025-07-23 23:55:00,87174.5980,10348801639.6730,10806221517.5719,2025-07-23 00:00:00,0.890961,1.835694,1.085774
2025-07-24,2025-07-24 23:55:00,89595.1960,10597615447.0268,10386201019.3514,2025-07-24 00:00:00,0.824934,1.823951,1.003570
2025-07-25,2025-07-25 23:55:00,91507.4020,10760223516.2211,10588404748.6108,2025-07-25 00:00:00,1.102563,1.667550,1.252708
2025-07-26,2025-07-26 23:55:00,89294.4130,10526855842.4809,10781062683.7240,2025-07-26 00:00:00,0.866746,1.747724,1.056490
2025-07-27,2025-07-27 23:55:00,90391.5760,10794511818.9451,10521832751.1357,2025-07-27 00:00:00,0.795638,1.812227,0.972238
2025-07-28,2025-07-28 23:55:00,91809.7460,10837393360.9795,10790820009.5190,2025-07-28 00:00:00,0.951659,2.018013,1.190090
2025-07-29,2025-07-29 23:55:00,90965.9430,10725260093.5097,10841389486.3230,2025-07-29 00:00:00,1.009621,1.862506,1.140964
2025-07-30,2025-07-30 23:55:00,91480.6860,10773947547.6316,10710068021.3596,2025-07-30 00:00:00,1.042977,1.809485,1.170913
2025-07-31,2025-07-31 23:55:00,90242.8520,10441293601.3234,10769313520.9734,2025-07-31 00:00:00,1.154271,1.931758,1.270017
2025-08-01,2025-08-01 23:55:00,89004.2360,10079258004.5492,10444720905.5924,2025-08-01 00:00:00,1.503084,1.952844,1.539676
2025-08-02,2025-08-02 23:55:00,85730.2430,9645489573.7730,10067821057.4695,2025-08-02 00:00:00,1.553309,1.862132,1.545509
2025-08-03,2025-08-03 23:55:00,85207.6360,9726528336.2724,9651199800.1272,2025-08-03 00:00:00,1.494462,1.797145,1.444046
2025-08-04,2025-08-04 23:55:00,84829.5150,9755572366.9815,9733916176.3312,2025-08-04 00:00:00,1.404219,1.800123,1.475360
2025-08-05,2025-08-05 23:55:00,83848.5310,9565232667.1623,9745345124.0520,2025-08-05 00:00:00,1.467828,1.886535,1.553258
2025-08-06,2025-08-06 23:55:00,83762.8570,9628139769.5350,9565058695.4037,2025-08-06 00:00:00,1.181884,1.811893,1.310109
2025-08-07,2025-08-07 23:55:00,82983.9100,9743962413.8090,9623261851.8400,2025-08-07 00:00:00,1.010917,1.805850,1.145895
2025-08-08,2025-08-08 23:55:00,82228.7610,9590192383.6602,9739475096.8624,2025-08-08 00:00:00,1.085952,1.937057,1.285917
2025-08-09,2025-08-09 23:55:00,84005.2910,9780063988.8020,9593154699.0998,2025-08-09 00:00:00,1.247895,1.887382,1.443923
2025-08-10,2025-08-10 23:55:00,86956.3900,10370019072.0060,9779995440.0248,2025-08-10 00:00:00,0.938904,2.053007,1.106568
2025-08-11,2025-08-11 23:55:00,89725.7600,10645255106.3937,10359212963.6528,2025-08-11 00:00:00,0.988688,2.241577,1.220063
2025-08-12,2025-08-12 23:55:00,88969.7030,10683570905.9430,10646657229.1777,2025-08-12 00:00:00,1.027502,2.133983,1.186093
2025-08-13,2025-08-13 23:55:00,93245.3800,11499383918.5820,10679163086.9342,2025-08-13 00:00:00,0.740079,2.401837,0.954549
2025-08-14,2025-08-14 23:55:00,91925.6970,10869764688.1598,11531677583.2157,2025-08-14 00:00:00,1.329037,2.234893,1.622526
2025-08-15,2025-08-15 23:55:00,89022.7850,10440774775.6645,10872888295.1484,2025-08-15 00:00:00,1.380379,2.169277,1.499938
2025-08-16,2025-08-16 23:55:00,90567.5900,10626621094.6226,10443889144.3717,2025-08-16 00:00:00,1.302968,2.036930,1.392882
2025-08-17,2025-08-17 23:55:00,89560.0720,10510666575.9448,10623782499.1138,2025-08-17 00:00:00,1.337728,2.040698,1.396005
2025-08-18,2025-08-18 23:55:00,87486.3420,10164478164.3912,10509448316.9276,2025-08-18 00:00:00,1.374799,1.947803,1.481544
2025-08-19,2025-08-19 23:55:00,87863.0500,9913496421.1784,10170848067.0649,2025-08-19 00:00:00,1.649578,1.956381,1.754835
2025-08-20,2025-08-20 23:55:00,85994.2630,9822337739.8942,9937123860.1900,2025-08-20 00:00:00,1.625429,1.762604,1.562607
2025-08-21,2025-08-21 23:55:00,89657.8480,10083056072.8520,9818769893.1840,2025-08-21 00:00:00,1.873499,1.899153,1.885888
2025-08-22,2025-08-22 23:55:00,88577.4700,10354493657.0720,10075871121.1944,2025-08-22 00:00:00,1.342865,1.941754,1.419464
2025-08-23,2025-08-23 23:55:00,91748.2240,10585644015.2704,10347233112.4860,2025-08-23 00:00:00,1.669740,2.121599,1.901980
2025-08-24,2025-08-24 23:55:00,93742.2510,10634702155.3962,10578555434.4400,2025-08-24 00:00:00,1.792229,2.031492,1.969104
2025-08-25,2025-08-25 23:55:00,90123.2200,9919374502.2017,10619670698.8360,2025-08-25 00:00:00,2.034729,1.918330,2.140793
2025-08-26,2025-08-26 23:55:00,89251.9850,9970330319.1515,9900353916.6292,2025-08-26 00:00:00,1.914480,1.808430,1.889642
2025-08-27,2025-08-27 23:55:00,88137.7380,9801568720.3076,9952711834.5232,2025-08-27 00:00:00,1.803486,1.850855,1.957773
2025-08-28,2025-08-28 23:55:00,88004.4360,9901380762.9364,9809935696.5943,2025-08-28 00:00:00,1.688272,1.882643,1.764279
2025-08-29,2025-08-29 23:55:00,89145.4250,9657337839.2700,9893504295.8640,2025-08-29 00:00:00,2.322846,1.950713,2.453772
2025-08-30,2025-08-30 23:55:00,89550.1310,9739306586.3065,9646678896.3346,2025-08-30 00:00:00,2.299378,1.872869,2.272292
2025-08-31,2025-08-31 23:55:00,89832.0670,9720584238.7628,9741522123.7257,2025-08-31 00:00:00,2.154660,1.945626,2.191232
2025-09-01,2025-09-01 23:55:00,88447.9670,9657908124.5941,9709361865.4500,2025-09-01 00:00:00,2.015992,2.046882,2.087886
2025-09-02,2025-09-02 23:55:00,89269.3900,9925816193.3442,9641096939.4000,2025-09-02 00:00:00,1.518603,1.935194,1.672875
2025-09-03,2025-09-03 23:55:00,90305.2980,10083869835.5665,9926549410.3564,2025-09-03 00:00:00,1.383491,1.848689,1.572801
2025-09-04,2025-09-04 23:55:00,88078.6000,9749517120.4600,10080806960.5750,2025-09-04 00:00:00,1.720466,2.005943,1.940876
2025-09-05,2025-09-05 23:55:00,87253.3640,9651513408.1872,9750021626.7378,2025-09-05 00:00:00,1.775049,2.156162,1.936943
2025-09-06,2025-09-06 23:55:00,86989.7270,9580639680.0631,9660043326.5250,2025-09-06 00:00:00,1.911301,2.191002,2.036150
2025-09-07,2025-09-07 23:55:00,88888.0880,9873777703.1280,9580993628.3439,2025-09-07 00:00:00,1.671985,1.988133,1.813923
2025-09-08,2025-09-08 23:55:00,91251.6880,10221566921.7739,9867066398.2919,2025-09-08 00:00:00,1.400406,1.886350,1.599517
2025-09-09,2025-09-09 23:55:00,92140.7790,10273687644.4221,10222425160.6928,2025-09-09 00:00:00,1.796400,2.043987,2.004813
2025-09-10,2025-09-10 23:55:00,93802.9320,10684144188.0791,10283627767.2794,2025-09-10 00:00:00,1.124004,1.944812,1.316782
2025-09-11,2025-09-11 23:55:00,92643.9210,10693609869.2670,10685598641.9977,2025-09-11 00:00:00,1.022601,2.037343,1.208342
2025-09-12,2025-09-12 23:55:00,91691.0680,10634183360.9312,10777280860.7936,2025-09-12 00:00:00,0.987169,1.894535,1.186316
2025-09-13,2025-09-13 23:55:00,89215.4090,10336997617.4212,10635271770.5211,2025-09-13 00:00:00,1.038348,1.920497,1.280806
2025-09-14,2025-09-14 23:55:00,87747.1680,10110916340.3592,10342484127.6801,2025-09-14 00:00:00,1.080866,2.004220,1.313935
2025-09-15,2025-09-15 23:55:00,88351.4000,10186960595.7000,10090855586.2565,2025-09-15 00:00:00,1.176561,2.164879,1.371429
2025-09-16,2025-09-16 23:55:00,90738.3180,10593453633.0414,10176863001.0432,2025-09-16 00:00:00,0.909285,1.928090,1.077152
2025-09-17,2025-09-17 23:55:00,87443.4210,10178632812.9525,10588701459.4494,2025-09-17 00:00:00,1.209994,2.090632,1.433694
2025-09-18,2025-09-18 23:55:00,91079.3610,10657880703.8667,10166821168.4001,2025-09-18 00:00:00,0.940770,1.859465,1.152983
2025-09-19,2025-09-19 23:55:00,90128.5480,10416134961.2841,10654328515.0711,2025-09-19 00:00:00,1.252224,2.013705,1.480969
2025-09-20,2025-09-20 23:55:00,89156.2940,10308696493.7500,10416740288.8277,2025-09-20 00:00:00,1.247479,1.888924,1.383969
2025-09-21,2025-09-21 23:55:00,88679.9260,10215838795.2740,10308075310.3031,2025-09-21 00:00:00,1.265300,1.871938,1.403644
2025-09-22,2025-09-22 23:55:00,87113.6590,9809407437.5973,10217075581.9693,2025-09-22 00:00:00,1.491584,1.838718,1.652244
2025-09-23,2025-09-23 23:55:00,88246.1610,9878901810.0831,9809526597.1985,2025-09-23 00:00:00,1.608412,1.890230,1.653787
2025-09-24,2025-09-24 23:55:00,89149.1820,10096566579.7673,9879443363.1812,2025-09-24 00:00:00,1.240219,1.682130,1.280897
2025-09-25,2025-09-25 23:55:00,84823.2440,9241291596.3301,10105975935.0869,2025-09-25 00:00:00,1.803097,1.973460,1.937717
2025-09-26,2025-09-26 23:55:00,84921.8110,9306474678.3095,9258877766.3104,2025-09-26 00:00:00,1.791446,1.924163,1.703969
2025-09-27,2025-09-27 23:55:00,84552.9770,9265089596.7806,9299558681.8764,2025-09-27 00:00:00,1.782334,1.900054,1.791147
2025-09-28,2025-09-28 23:55:00,86092.0450,9652614257.7865,9267994710.8299,2025-09-28 00:00:00,1.490081,1.687752,1.475524
2025-09-29,2025-09-29 23:55:00,88866.5790,10154035503.5684,9645599277.1377,2025-09-29 00:00:00,1.022714,1.547386,1.112329
2025-09-30,2025-09-30 23:55:00,88526.4350,10091013241.2845,10145569609.6992,2025-09-30 00:00:00,1.068228,1.650868,1.228302
2025-10-01,2025-10-01 23:55:00,91466.0920,10843634484.5312,10092485610.1498,2025-10-01 00:00:00,0.783815,1.596001,0.868117
2025-10-02,2025-10-02 23:55:00,93675.4140,11286126289.2168,10910398168.0336,2025-10-02 00:00:00,0.671929,1.657819,0.804197
2025-10-03,2025-10-03 23:55:00,95866.1740,11712862032.9982,11268660227.8134,2025-10-03 00:00:00,0.620159,1.794545,0.769443
2025-10-04,2025-10-04 23:55:00,96414.1390,11795614290.5048,11692011048.4976,2025-10-04 00:00:00,0.627528,1.696923,0.790406
2025-10-05,2025-10-05 23:55:00,99288.6790,12254873996.3293,11786619052.1508,2025-10-05 00:00:00,0.661102,1.756816,0.791670
2025-10-06,2025-10-06 23:55:00,100137.4250,12478899605.2554,12236149759.2313,2025-10-06 00:00:00,0.559834,1.823575,0.693831
2025-10-07,2025-10-07 23:55:00,93160.6620,11299130631.6630,12494186585.4079,2025-10-07 00:00:00,0.785642,1.859852,0.989854
2025-10-08,2025-10-08 23:55:00,92251.6960,11368910594.9620,11322484910.5086,2025-10-08 00:00:00,0.697717,1.798668,0.799288
2025-10-09,2025-10-09 23:55:00,96730.2660,11760735714.8877,11364996470.0496,2025-10-09 00:00:00,0.904057,1.643134,1.082055
2025-10-10,2025-10-10 23:55:00,72613.7820,8185170734.6040,11765324685.4136,2025-10-10 00:00:00,1.185835,2.034251,1.494345
2025-10-11,2025-10-11 23:55:00,74333.7900,8219771031.1680,8190750632.8344,2025-10-11 00:00:00,1.402290,1.742264,1.553006
2025-10-12,2025-10-12 23:55:00,75918.4350,8722603038.2640,8210966312.7480,2025-10-12 00:00:00,1.555553,1.397527,1.562212
2025-10-13,2025-10-13 23:55:00,76672.9570,8825969758.8883,8735830560.0000,2025-10-13 00:00:00,1.329753,1.441036,1.514219
2025-10-14,2025-10-14 23:55:00,79284.8350,8958369721.1995,8820691557.8916,2025-10-14 00:00:00,1.674232,1.370355,1.891622
2025-10-15,2025-10-15 23:55:00,78149.2600,8651211854.4625,8948208755.2122,2025-10-15 00:00:00,1.976385,1.394351,2.152821
2025-10-16,2025-10-16 23:55:00,79755.5530,8624248777.9067,8653548675.5524,2025-10-16 00:00:00,2.407626,1.172937,2.604636
2025-10-17,2025-10-17 23:55:00,79035.6430,8407701052.4398,8610899168.0921,2025-10-17 00:00:00,2.140954,1.226548,2.388398
2025-10-18,2025-10-18 23:55:00,82232.1740,8808504898.4450,8403659527.3799,2025-10-18 00:00:00,2.122426,1.014799,2.320964
2025-10-19,2025-10-19 23:55:00,80787.7270,8772795826.3389,8805908682.8216,2025-10-19 00:00:00,2.060361,1.011255,2.214641
2025-10-20,2025-10-20 23:55:00,83840.8090,9261885786.1491,8751464006.0104,2025-10-20 00:00:00,1.707462,0.963204,1.879839
2025-10-21,2025-10-21 23:55:00,82918.3240,8976485255.5231,9251741639.2032,2025-10-21 00:00:00,1.809944,0.935698,2.083052
2025-10-22,2025-10-22 23:55:00,75968.7560,8169079867.0676,8980121226.0564,2025-10-22 00:00:00,2.300329,1.063113,2.471631
2025-10-23,2025-10-23 23:55:00,76584.2540,8426728856.2416,8173486703.2912,2025-10-23 00:00:00,1.776413,1.062974,1.887627
2025-10-24,2025-10-24 23:55:00,77769.8600,8629763622.8440,8410428870.0070,2025-10-24 00:00:00,1.627423,1.078248,1.805529
2025-10-25,2025-10-25 23:55:00,79307.0060,8850132895.3182,8627965595.0041,2025-10-25 00:00:00,1.453884,1.066768,1.649728
2025-10-26,2025-10-26 23:55:00,81741.8630,9359874067.0554,8845788135.0264,2025-10-26 00:00:00,1.274621,1.097617,1.382362
2025-10-27,2025-10-27 23:55:00,78019.1290,8899181732.1689,9380638555.7040,2025-10-27 00:00:00,1.174570,1.326878,1.375685
2025-10-28,2025-10-28 23:55:00,75821.6360,8555778136.4892,8892047928.9796,2025-10-28 00:00:00,1.441937,1.386506,1.620211
2025-10-29,2025-10-29 23:55:00,78319.0520,8613995970.6824,8561374631.4232,2025-10-29 00:00:00,2.041866,1.280140,2.296515
2025-10-30,2025-10-30 23:55:00,77900.5120,8433782080.9120,8607411603.0725,2025-10-30 00:00:00,2.634628,1.264674,2.815758
2025-10-31,2025-10-31 23:55:00,78358.9960,8584792196.5712,8440878169.2005,2025-10-31 00:00:00,1.970836,1.842358,2.096804
2025-11-01,2025-11-01 23:55:00,76681.1480,8438899744.2830,8568592707.4850,2025-11-01 00:00:00,1.875301,1.911495,2.050598
2025-11-02,2025-11-02 23:55:00,76022.2260,8400309017.0790,8430743345.6809,2025-11-02 00:00:00,1.919136,1.850392,2.108684
2025-11-03,2025-11-03 23:55:00,77417.8460,8248399242.4394,8402339969.0608,2025-11-03 00:00:00,2.220183,2.006985,2.533403
2025-11-04,2025-11-04 23:55:00,81004.8050,8216908706.2265,8246503198.8936,2025-11-04 00:00:00,2.757010,2.044128,3.137558
2025-11-05,2025-11-05 23:55:00,83888.4840,8711448334.6577,8222827270.5696,2025-11-05 00:00:00,2.388413,1.785245,2.485482
2025-11-06,2025-11-06 23:55:00,82292.5110,8336692202.3616,8690546371.4112,2025-11-06 00:00:00,2.574686,2.109400,2.956097
2025-11-07,2025-11-07 23:55:00,86828.8890,8969884426.8117,8349174151.6220,2025-11-07 00:00:00,2.413988,2.105653,2.643257
2025-11-08,2025-11-08 23:55:00,84277.9060,8619042452.0858,8940042026.9622,2025-11-08 00:00:00,2.648323,2.172203,3.022976
2025-11-09,2025-11-09 23:55:00,85498.2040,8949148311.6024,8621395837.6190,2025-11-09 00:00:00,2.180529,2.175525,2.394092
2025-11-10,2025-11-10 23:55:00,86847.4490,9202894150.2238,8910456318.9401,2025-11-10 00:00:00,1.762775,2.103690,2.044247
2025-11-11,2025-11-11 23:55:00,85642.4650,8821820136.9050,9203009750.8317,2025-11-11 00:00:00,2.321809,2.061477,2.706366
2025-11-12,2025-11-12 23:55:00,85988.0910,8736888776.5278,8818010320.3113,2025-11-12 00:00:00,2.684229,2.051551,2.891164
2025-11-13,2025-11-13 23:55:00,91608.8280,9130386257.6695,8746414767.9519,2025-11-13 00:00:00,3.263167,2.123265,3.469554
2025-11-14,2025-11-14 23:55:00,93386.8000,8829245667.3200,9105153038.9248,2025-11-14 00:00:00,3.326159,2.317606,3.828504
2025-11-15,2025-11-15 23:55:00,96867.4820,9256685640.1646,8869482885.7020,2025-11-15 00:00:00,3.156419,2.420601,3.447195
2025-11-16,2025-11-16 23:55:00,98685.1640,9299540400.6809,9255175796.9820,2025-11-16 00:00:00,3.354680,2.368951,3.907662
2025-11-17,2025-11-17 23:55:00,101318.6710,9338177158.8544,9297916044.8112,2025-11-17 00:00:00,3.656839,2.626240,4.323977
2025-11-18,2025-11-18 23:55:00,99954.9560,9287504651.1564,9360822277.5590,2025-11-18 00:00:00,2.655741,2.467834,3.131891
2025-11-19,2025-11-19 23:55:00,100821.3120,9227186355.7642,9257145636.1816,2025-11-19 00:00:00,3.432490,2.688629,4.223810
2025-11-20,2025-11-20 23:55:00,105044.0670,9097192182.3186,9222582954.4150,2025-11-20 00:00:00,3.991401,2.719521,4.979082
2025-11-21,2025-11-21 23:55:00,98408.8610,8373797978.3565,9108882836.1606,2025-11-21 00:00:00,2.606453,2.544938,3.293251
2025-11-22,2025-11-22 23:55:00,98862.4350,8372771128.3796,8397794609.2204,2025-11-22 00:00:00,2.444157,2.483811,3.170975
2025-11-23,2025-11-23 23:55:00,96647.2850,8389728522.0945,8412068793.0912,2025-11-23 00:00:00,2.249529,2.261605,2.683031
2025-11-24,2025-11-24 23:55:00,93201.2960,8224813410.7225,8365398414.7591,2025-11-24 00:00:00,1.963522,2.261722,2.405389
2025-11-25,2025-11-25 23:55:00,90029.0920,7861700429.8080,8208276379.9517,2025-11-25 00:00:00,2.438038,2.406150,3.123654
2025-11-26,2025-11-26 23:55:00,88994.9130,8048699931.7200,7886230236.2926,2025-11-26 00:00:00,1.748580,2.093530,2.077659
2025-11-27,2025-11-27 23:55:00,90207.0050,8235254701.2662,8039010218.4812,2025-11-27 00:00:00,1.524786,2.070500,1.882246
2025-11-28,2025-11-28 23:55:00,89275.7180,8110502573.7204,8225800368.9244,2025-11-28 00:00:00,1.707870,2.216798,2.065845
2025-11-29,2025-11-29 23:55:00,88486.5510,8031472952.8599,8116996024.0260,2025-11-29 00:00:00,1.692801,2.193865,1.981875
2025-11-30,2025-11-30 23:55:00,90584.6420,8182255546.7384,8038880897.7100,2025-11-30 00:00:00,1.735749,2.170519,2.020220
2025-12-01,2025-12-01 23:55:00,88384.9840,7624302890.1058,8064963864.4751,2025-12-01 00:00:00,2.136861,2.235784,2.632695
2025-12-02,2025-12-02 23:55:00,88900.5260,8111364002.7134,7626617924.4788,2025-12-02 00:00:00,1.427447,2.054009,1.651468
2025-12-03,2025-12-03 23:55:00,88324.7240,8247814177.5516,8110376578.8464,2025-12-03 00:00:00,1.458742,2.115728,1.732962
2025-12-04,2025-12-04 23:55:00,89253.0820,8214704928.9592,8247512949.9972,2025-12-04 00:00:00,1.445255,2.214742,1.846985
2025-12-05,2025-12-05 23:55:00,86708.8250,7742134475.4427,8230261038.9552,2025-12-05 00:00:00,1.896885,2.236513,2.376134
2025-12-06,2025-12-06 23:55:00,87642.5930,7815905093.9249,7732131041.4041,2025-12-06 00:00:00,1.921549,2.235270,2.258934
2025-12-07,2025-12-07 23:55:00,87157.6650,7874440013.2118,7822662315.8802,2025-12-07 00:00:00,2.066671,2.197317,2.382851
2025-12-08,2025-12-08 23:55:00,87041.2470,7885980498.8235,7872884960.6880,2025-12-08 00:00:00,2.106201,2.346262,2.480403
2025-12-09,2025-12-09 23:55:00,88590.6330,8206894496.1072,7882664773.0713,2025-12-09 00:00:00,1.496395,2.293690,1.811698
2025-12-10,2025-12-10 23:55:00,85474.0850,7861895590.8629,8206038295.1478,2025-12-10 00:00:00,1.764330,2.287026,2.062536
2025-12-11,2025-12-11 23:55:00,87102.9540,8055272475.6246,7856081632.9864,2025-12-11 00:00:00,1.659236,2.334356,1.942297
2025-12-12,2025-12-12 23:55:00,87505.0830,7895557387.5651,8049490266.3190,2025-12-12 00:00:00,2.204639,2.328278,2.571358
2025-12-13,2025-12-13 23:55:00,87754.6930,7915210044.5210,7918577898.6412,2025-12-13 00:00:00,2.182840,2.319586,2.431757
2025-12-14,2025-12-14 23:55:00,88545.9150,7801176369.8990,7907875075.0493,2025-12-14 00:00:00,2.370689,2.264412,2.789731
2025-12-15,2025-12-15 23:55:00,91474.2300,7902458729.7000,7817451223.3092,2025-12-15 00:00:00,2.986239,2.239417,3.256694
2025-12-16,2025-12-16 23:55:00,88599.4980,7781357231.2476,7918473201.0090,2025-12-16 00:00:00,2.183793,2.090814,2.431744
2025-12-17,2025-12-17 23:55:00,88166.4120,7600530833.8458,7762567071.6806,2025-12-17 00:00:00,2.451441,2.219055,2.769133
2025-12-18,2025-12-18 23:55:00,89787.5910,7674479220.6714,7599346124.7355,2025-12-18 00:00:00,2.441529,2.212938,2.702683
2025-12-19,2025-12-19 23:55:00,91993.8690,8104669058.2869,7665111273.3523,2025-12-19 00:00:00,1.567034,2.175810,1.762336
2025-12-20,2025-12-20 23:55:00,91226.8870,8057222518.6609,8089153191.2280,2025-12-20 00:00:00,1.564800,2.248583,1.874046
2025-12-21,2025-12-21 23:55:00,89864.5600,7963914131.1280,8060042160.5022,2025-12-21 00:00:00,1.710583,2.260473,2.031818
2025-12-22,2025-12-22 23:55:00,91128.1000,8070359212.8600,7973001584.6285,2025-12-22 00:00:00,1.903616,2.303959,2.242835
2025-12-23,2025-12-23 23:55:00,95128.2370,8319493461.9926,8063634654.1138,2025-12-23 00:00:00,2.262539,2.244936,2.674575
2025-12-24,2025-12-24 23:55:00,92607.0630,8114906891.6199,8340143613.2729,2025-12-24 00:00:00,2.275755,2.302769,2.603515
2025-12-25,2025-12-25 23:55:00,93185.6220,8125075510.9854,8111756437.1174,2025-12-25 00:00:00,2.127804,2.293441,2.482381
2025-12-26,2025-12-26 23:55:00,92492.5500,8077380422.7912,8124961585.5703,2025-12-26 00:00:00,2.556548,2.337608,2.881595
2025-12-27,2025-12-27 23:55:00,91504.2470,8038382736.6337,8074839205.2419,2025-12-27 00:00:00,2.395418,2.334276,2.716541
2025-12-28,2025-12-28 23:55:00,93051.1930,8181851823.7005,8055103245.7776,2025-12-28 00:00:00,2.252904,2.301775,2.620435
2025-12-29,2025-12-29 23:55:00,94901.7930,8276735511.8216,8172305527.2418,2025-12-29 00:00:00,2.841616,2.535407,3.243697
2025-12-30,2025-12-30 23:55:00,94709.6190,8377567761.5307,8279664590.4108,2025-12-30 00:00:00,2.043057,2.267788,2.307036
2025-12-31,2025-12-31 23:55:00,94202.5850,8252928327.4555,8367643285.2424,2025-12-31 00:00:00,2.611425,2.478241,3.071707
2026-01-01,2026-01-01 23:55:00,93941.0260,8341953714.6974,8264112415.5510,2026-01-01 00:00:00,2.273432,2.494429,2.548776
2026-01-02,2026-01-02 23:55:00,96737.1940,8701694257.9659,8321535621.4139,2026-01-02 00:00:00,1.393187,2.212714,1.601369
2026-01-03,2026-01-03 23:55:00,97122.4980,8798900116.5582,8702210005.8780,2026-01-03 00:00:00,1.381245,2.179360,1.632517
2026-01-04,2026-01-04 23:55:00,97713.1300,8942188043.5357,8834495940.8241,2026-01-04 00:00:00,1.369384,2.147659,1.595819
2026-01-05,2026-01-05 23:55:00,96545.1400,9058087088.6220,8995403487.3038,2026-01-05 00:00:00,1.049645,2.107446,1.183365
2026-01-06,2026-01-06 23:55:00,92969.5230,8711997358.2363,9071619128.5902,2026-01-06 00:00:00,1.478794,2.255322,1.747927
2026-01-07,2026-01-07 23:55:00,95925.5190,8760695391.7839,8700920901.2293,2026-01-07 00:00:00,2.150762,2.583527,2.588437
2026-01-08,2026-01-08 23:55:00,97476.1750,8876209738.3525,8745573263.5653,2026-01-08 00:00:00,2.186651,2.402282,2.552567
2026-01-09,2026-01-09 23:55:00,95976.2450,8695835426.6578,8875214304.2980,2026-01-09 00:00:00,2.259248,2.424992,2.614403
2026-01-10,2026-01-10 23:55:00,95965.9160,8682003291.4170,8697462670.9944,2026-01-10 00:00:00,2.267304,2.425654,2.611157
2026-01-11,2026-01-11 23:55:00,96509.0810,8780068058.5046,8677691562.8218,2026-01-11 00:00:00,2.330111,2.356140,2.643468
2026-01-12,2026-01-12 23:55:00,93404.2380,8523532297.3078,8771612095.0392,2026-01-12 00:00:00,1.878769,2.135989,2.191998
2026-01-13,2026-01-13 23:55:00,95153.4400,9075278370.6880,8518134214.4826,2026-01-13 00:00:00,1.116899,1.819029,1.207286
2026-01-14,2026-01-14 23:55:00,96369.7580,9338990871.2882,9085038023.8273,2026-01-14 00:00:00,0.875499,1.683796,1.018207
2026-01-15,2026-01-15 23:55:00,96594.6730,9231301752.4602,9332582108.0814,2026-01-15 00:00:00,1.142340,1.996237,1.331497
2026-01-16,2026-01-16 23:55:00,95255.8780,9097298321.3364,9232455762.8162,2026-01-16 00:00:00,1.295133,1.961552,1.465011
2026-01-17,2026-01-17 23:55:00,95958.8710,9126515783.9735,9090823269.1643,2026-01-17 00:00:00,1.361184,2.044034,1.539557
2026-01-18,2026-01-18 23:55:00,95771.1450,8965491236.6865,9121886101.2222,2026-01-18 00:00:00,1.512706,2.134600,1.726234
2026-01-19,2026-01-19 23:55:00,94014.5150,8704859825.9414,8833696857.6300,2026-01-19 00:00:00,2.009962,2.201278,2.255656
2026-01-20,2026-01-20 23:55:00,98893.8990,8741300958.3393,8720089677.3033,2026-01-20 00:00:00,2.535855,2.281033,3.050026
2026-01-21,2026-01-21 23:55:00,99076.7900,8859633939.7021,8759251382.3612,2026-01-21 00:00:00,2.320383,2.131378,2.612824
2026-01-22,2026-01-22 23:55:00,99638.4580,8919604868.6226,8869456339.9065,2026-01-22 00:00:00,2.482912,2.118699,2.877943
2026-01-23,2026-01-23 23:55:00,98288.6210,8802610950.4148,8915195737.6277,2026-01-23 00:00:00,2.301515,2.101701,2.608796
2026-01-24,2026-01-24 23:55:00,99585.4610,8881140017.1412,8800290406.8347,2026-01-24 00:00:00,2.518850,2.071573,2.853058
2026-01-25,2026-01-25 23:55:00,102177.9780,8852035857.0630,8885146577.1995,2026-01-25 00:00:00,2.854124,2.044464,3.386956
2026-01-26,2026-01-26 23:55:00,100909.7290,8910467454.5001,8876337101.1147,2026-01-26 00:00:00,2.391031,1.963640,2.642068
2026-01-27,2026-01-27 23:55:00,101896.1270,9089531741.6542,8898546700.2033,2026-01-27 00:00:00,2.112300,2.001857,2.383239
2026-01-28,2026-01-28 23:55:00,101533.9300,9063507488.5940,9084720597.4206,2026-01-28 00:00:00,2.041731,2.020443,2.359577
2026-01-29,2026-01-29 23:55:00,106511.1870,9013074911.3156,9052666671.0800,2026-01-29 00:00:00,3.281933,2.027846,3.826637
2026-01-30,2026-01-30 23:55:00,102164.4870,8603676558.3719,9020305484.2032,2026-01-30 00:00:00,2.522448,1.934600,2.876123
2026-01-31,2026-01-31 23:55:00,93551.2980,7362636457.7596,8586560528.9618,2026-01-31 00:00:00,2.739480,1.939000,3.450884
2026-02-01,2026-02-01 23:55:00,89521.2160,6887010380.8256,7380887152.7281,2026-02-01 00:00:00,2.566243,1.810922,3.075605
2026-02-02,2026-02-02 23:55:00,88898.2930,6996173691.8412,6869759747.1552,2026-02-02 00:00:00,2.297260,1.615557,2.672402
2026-02-03,2026-02-03 23:55:00,88991.5190,6739541313.5156,6971826170.6419,2026-02-03 00:00:00,2.847099,1.820402,3.605173
2026-02-04,2026-02-04 23:55:00,93814.8060,6862449862.6134,6724773319.4460,2026-02-04 00:00:00,2.887923,1.931784,3.590675
2026-02-05,2026-02-05 23:55:00,92719.6870,5831224563.1483,6849882282.1480,2026-02-05 00:00:00,2.588032,1.696352,3.484754
2026-02-06,2026-02-06 23:55:00,85124.1080,6004867388.5900,5740648940.1085,2026-02-06 00:00:00,1.850260,1.317411,2.076201
2026-02-07,2026-02-07 23:55:00,81369.3950,5636836736.9054,5972022818.5418,2026-02-07 00:00:00,1.631872,1.317301,2.105904
2026-02-08,2026-02-08 23:55:00,80494.1010,5660635723.4440,5645330149.5564,2026-02-08 00:00:00,1.689117,1.245691,1.983388
2026-02-09,2026-02-09 23:55:00,78783.9240,5523580303.6020,5645070086.7792,2026-02-09 00:00:00,1.614324,1.225186,1.960655
2026-02-10,2026-02-10 23:55:00,79253.8970,5453080233.8644,5518923564.5223,2026-02-10 00:00:00,1.873404,1.238555,2.260515
2026-02-11,2026-02-11 23:55:00,80997.5190,5432681793.8718,5451266565.7692,2026-02-11 00:00:00,1.882635,1.252575,2.286379
2026-02-12,2026-02-12 23:55:00,79782.2310,5285030284.5792,5417496687.6552,2026-02-12 00:00:00,2.330960,1.330686,2.710666
2026-02-13,2026-02-13 23:55:00,79203.4630,5453426457.2344,5295359716.0037,2026-02-13 00:00:00,1.580333,1.229156,1.824342
2026-02-14,2026-02-14 23:55:00,77778.2390,5428547746.6528,5453577943.2384,2026-02-14 00:00:00,1.684616,1.188851,1.978671
2026-02-15,2026-02-15 23:55:00,77130.0180,5305413472.7577,5428496315.3743,2026-02-15 00:00:00,1.852482,1.256696,2.244519
2026-02-16,2026-02-16 23:55:00,75734.7310,5215287408.1794,5297367814.8342,2026-02-16 00:00:00,2.024589,1.317263,2.370789
2026-02-17,2026-02-17 23:55:00,79067.5610,5335154839.2799,5215216108.4270,2026-02-17 00:00:00,2.127620,1.420662,2.555564
2026-02-18,2026-02-18 23:55:00,80180.3600,5327423387.5643,5338829901.5897,2026-02-18 00:00:00,2.663398,1.418502,3.058593
2026-02-19,2026-02-19 23:55:00,80783.1750,5410372362.4500,5323038839.1161,2026-02-19 00:00:00,2.212986,1.287696,2.527021
2026-02-20,2026-02-20 23:55:00,80199.6570,5452680747.0350,5407844675.0378,2026-02-20 00:00:00,2.012372,1.338893,2.291759
2026-02-21,2026-02-21 23:55:00,80844.2460,5494674778.2970,5452441783.9612,2026-02-21 00:00:00,1.762954,1.244130,2.021391
2026-02-22,2026-02-22 23:55:00,78625.7050,5316159105.0175,5491672484.9660,2026-02-22 00:00:00,1.931297,1.402448,2.281015
2026-02-23,2026-02-23 23:55:00,79623.1210,5146082716.0792,5311185597.6724,2026-02-23 00:00:00,2.422968,1.276817,2.865265
2026-02-24,2026-02-24 23:55:00,79798.7870,5109292895.0064,5154306402.8738,2026-02-24 00:00:00,2.131008,1.202374,2.447248
2026-02-25,2026-02-25 23:55:00,80112.5400,5443964929.0534,5108757788.5400,2026-02-25 00:00:00,1.487114,1.121643,1.681291
2026-02-26,2026-02-26 23:55:00,79068.2390,5333010397.7198,5428424448.8106,2026-02-26 00:00:00,1.818589,1.236108,2.169822
2026-02-27,2026-02-27 23:55:00,79180.5960,5213380080.1690,5325892789.8160,2026-02-27 00:00:00,2.328378,1.238028,2.719896
2026-02-28,2026-02-28 23:55:00,77361.2510,5179889735.5656,5215680929.0100,2026-02-28 00:00:00,1.888787,1.134028,2.116634
2026-03-01,2026-03-01 23:55:00,77832.7760,5116796743.7384,5181706594.4420,2026-03-01 00:00:00,1.740536,1.279587,2.074677
2026-03-02,2026-03-02 23:55:00,82214.7510,5656522855.3518,5128815242.3891,2026-03-02 00:00:00,1.054026,1.086372,1.226287
2026-03-03,2026-03-03 23:55:00,79135.7250,5404964066.2640,5669693844.2268,2026-03-03 00:00:00,1.428745,1.155051,1.684141
2026-03-04,2026-03-04 23:55:00,91427.8710,6643426773.9671,5404380545.3385,2026-03-04 00:00:00,0.805204,1.066597,0.904330
2026-03-05,2026-03-05 23:55:00,83431.3990,5911950970.5590,6636074428.7637,2026-03-05 00:00:00,1.167130,1.147729,1.346859
2026-03-06,2026-03-06 23:55:00,83334.5390,5674898107.4646,5913379566.9180,2026-03-06 00:00:00,1.828779,1.227382,2.039861
2026-03-07,2026-03-07 23:55:00,83750.5800,5630727369.6180,5677515066.2963,2026-03-07 00:00:00,1.910678,1.223295,2.061426
2026-03-08,2026-03-08 23:55:00,82092.1100,5412771325.0900,5642553551.4684,2026-03-08 00:00:00,2.138705,1.222650,2.298670
2026-03-09,2026-03-09 23:55:00,81593.0110,5580886459.3535,5428237432.6064,2026-03-09 00:00:00,1.482930,1.086299,1.555189
2026-03-10,2026-03-10 23:55:00,80589.9620,5633753832.2359,5588428908.7410,2026-03-10 00:00:00,1.222564,1.044062,1.326534
2026-03-11,2026-03-11 23:55:00,82660.2430,5798607780.4257,5608583554.3660,2026-03-11 00:00:00,1.124678,1.009134,1.245804
2026-03-12,2026-03-12 23:55:00,84271.1930,5940047298.4466,5800428196.9262,2026-03-12 00:00:00,1.126124,1.004234,1.248894
2026-03-13,2026-03-13 23:55:00,83154.1670,5895264561.9652,5936292780.4145,2026-03-13 00:00:00,1.106520,1.014289,1.210067
2026-03-14,2026-03-14 23:55:00,83494.7630,5942689659.6672,5883300983.0266,2026-03-14 00:00:00,1.296780,1.054723,1.357922
2026-03-15,2026-03-15 23:55:00,83090.6140,6047235178.1832,5932716135.8680,2026-03-15 00:00:00,1.086167,1.041032,1.157372
2026-03-16,2026-03-16 23:55:00,88359.1140,6613707290.6416,6067926361.2528,2026-03-16 00:00:00,0.850614,1.041721,0.939022
2026-03-17,2026-03-17 23:55:00,93211.4240,6885751598.2976,6584495269.1616,2026-03-17 00:00:00,0.899620,1.012820,1.016156
2026-03-18,2026-03-18 23:55:00,85934.4440,6119282055.6954,6884997199.7644,2026-03-18 00:00:00,1.388863,1.057800,1.518631
2026-03-19,2026-03-19 23:55:00,86874.4190,6072083733.1905,6121791595.5429,2026-03-19 00:00:00,1.550150,1.061174,1.643615
2026-03-20,2026-03-20 23:55:00,86774.8270,6115467845.4997,6063157005.6832,2026-03-20 00:00:00,1.537639,1.011461,1.570524
2026-03-21,2026-03-21 23:55:00,86381.6120,5950086368.8168,6120874325.9651,2026-03-21 00:00:00,1.567217,1.021045,1.678724
2026-03-22,2026-03-22 23:55:00,86672.0120,5879387266.8188,5902888360.4696,2026-03-22 00:00:00,1.791719,1.047914,1.873989
2026-03-23,2026-03-23 23:55:00,85432.9100,6054518040.6643,5887653508.3418,2026-03-23 00:00:00,1.386656,0.926790,1.431279
2026-03-24,2026-03-24 23:55:00,86159.6080,6076509318.6778,6049905223.3364,2026-03-24 00:00:00,1.703449,0.986767,1.839133
2026-03-25,2026-03-25 23:55:00,86309.1420,6153626051.7450,6081207950.2608,2026-03-25 00:00:00,1.341041,0.962343,1.414879
2026-03-26,2026-03-26 23:55:00,87406.8380,6012543398.4520,6149721623.4862,2026-03-26 00:00:00,2.157137,0.981414,2.318868
2026-03-27,2026-03-27 23:55:00,95177.6860,6316390989.2412,6037742327.9505,2026-03-27 00:00:00,2.731701,0.945225,2.848038
2026-03-28,2026-03-28 23:55:00,93836.9890,6225327094.9273,6316460314.3968,2026-03-28 00:00:00,2.393356,0.907774,2.390725
2026-03-29,2026-03-29 23:55:00,94223.4170,6217661952.7045,6236681720.6561,2026-03-29 00:00:00,2.138308,0.949198,2.221355
2026-03-30,2026-03-30 23:55:00,89941.6940,6004606427.3034,6204067714.4523,2026-03-30 00:00:00,1.974378,0.936426,2.004589
2026-03-31,2026-03-31 23:55:00,89212.4520,6087857724.4800,6005730456.5346,2026-03-31 00:00:00,1.629359,0.868336,1.682436
2026-04-01,2026-04-01 23:55:00,89176.9670,6071747563.6455,6079801476.7232,2026-04-01 00:00:00,1.538646,0.888207,1.625102
2026-04-02,2026-04-02 23:55:00,90119.3440,6026348660.5004,6074948204.4357,2026-04-02 00:00:00,1.823208,0.880000,1.923123
2026-04-03,2026-04-03 23:55:00,90276.7660,6042223948.3800,6035004985.8324,2026-04-03 00:00:00,1.733738,0.872683,1.812830
2026-04-04,2026-04-04 23:55:00,91402.9720,6148641365.2512,6038314322.4472,2026-04-04 00:00:00,1.551142,0.849005,1.610419
2026-04-05,2026-04-05 23:55:00,91034.3470,6280741806.0057,6147387058.4928,2026-04-05 00:00:00,1.306562,0.881860,1.341852
2026-04-06,2026-04-06 23:55:00,91588.3060,6303299554.3626,6318164933.4440,2026-04-06 00:00:00,1.135157,0.884756,1.232696
2026-04-07,2026-04-07 23:55:00,87992.1920,6328106335.6041,6311566784.4730,2026-04-07 00:00:00,1.030460,0.942972,1.049283
2026-04-08,2026-04-08 23:55:00,90980.2580,6463611364.8154,6277600926.1408,2026-04-08 00:00:00,0.956771,1.037124,1.074787
2026-04-09,2026-04-09 23:55:00,92972.1740,6671269465.2441,6463478444.1048,2026-04-09 00:00:00,0.882921,1.042812,0.922618
2026-04-10,2026-04-10 23:55:00,97125.2360,7082119683.5064,6670411478.7634,2026-04-10 00:00:00,0.725268,1.009389,0.764629
2026-04-11,2026-04-11 23:55:00,98725.8480,7207692418.9413,7065235786.1617,2026-04-11 00:00:00,0.742549,0.933263,0.782833
2026-04-12,2026-04-12 23:55:00,90771.4520,6418385830.9036,7195967132.1786,2026-04-12 00:00:00,1.168229,1.048115,1.289170
2026-04-13,2026-04-13 23:55:00,93639.1440,6964827651.5460,6425617181.2840,2026-04-13 00:00:00,0.743426,0.907148,0.760492
2026-04-14,2026-04-14 23:55:00,99507.7580,7374211471.3302,6968019827.9863,2026-04-14 00:00:00,0.678406,0.878322,0.757027
2026-04-15,2026-04-15 23:55:00,98125.7610,7337471529.6882,7386791685.2592,2026-04-15 00:00:00,0.761597,0.893802,0.799639
2026-04-16,2026-04-16 23:55:00,97937.0950,7356550651.4713,7322085080.6235,2026-04-16 00:00:00,0.738877,0.908232,0.789719
2026-04-17,2026-04-17 23:55:00,106822.3630,8230152712.1513,7352280587.8272,2026-04-17 00:00:00,0.601004,0.796342,0.633562
2026-04-18,2026-04-18 23:55:00,98259.9060,7433735276.5428,8235730258.9590,2026-04-18 00:00:00,0.795022,0.809037,0.843010
2026-04-19,2026-04-19 23:55:00,95695.6420,7057530464.6738,7441153088.3651,2026-04-19 00:00:00,0.992637,0.768411,1.033145
2026-04-20,2026-04-20 23:55:00,93250.3220,7067777605.5392,7067434364.0065,2026-04-20 00:00:00,0.816397,0.755689,0.799798
2026-04-21,2026-04-21 23:55:00,94836.6520,7234926958.7716,7068833829.9435,2026-04-21 00:00:00,0.860776,0.800019,0.894104
2026-04-22,2026-04-22 23:55:00,103867.5140,8116627561.6069,7241553948.8353,2026-04-22 00:00:00,0.512455,0.872580,0.548504
2026-04-23,2026-04-23 23:20:00,99022.7950,7732749475.2270,7780164366.5225,2026-04-23 10:00:00,0.667229,0.819993,0.703250
2026-04-24,2026-04-24 23:40:00,96206.5630,7446070494.5421,7785913214.9467,2026-04-24 00:30:00,0.765224,0.827846,0.800226
2026-04-25,2026-04-25 23:45:00,95945.2600,7442569763.4600,7455445331.3560,2026-04-25 02:00:00,0.803585,0.820851,0.813210
2026-04-26,2026-04-26 23:35:00,96094.8320,7532209792.4356,7408769538.2390,2026-04-26 00:20:00,0.743651,0.815574,0.746093
2026-04-27,2026-04-27 23:30:00,97336.9400,7512891473.6194,7555140381.1169,2026-04-27 00:25:00,0.926031,0.781070,0.969539
2026-04-28,2026-04-28 23:35:00,97700.4270,7447904213.4357,7568040534.3431,2026-04-28 01:20:00,0.944995,0.824759,0.962285
2026-04-29,2026-04-29 19:05:00,95113.6900,7167701529.4671,7445551837.0905,2026-04-29 00:20:00,1.031171,0.858139,1.043141
2026-04-30,2026-04-30 21:35:00,95345.2360,7282144951.8776,7242152544.9520,2026-04-30 00:40:00,0.898630,0.803360,0.894503
2026-05-01,2026-05-01 23:55:00,103865.0070,8121402240.8433,7288263800.4216,2026-05-01 00:05:00,0.579547,0.763329,0.594640
2026-05-02,2026-05-02 23:55:00,102089.1300,8029811346.9241,8123530075.9268,2026-05-02 00:00:00,0.598544,0.782243,0.619243
2026-05-03,2026-05-03 23:30:00,103639.2820,8144586251.3238,8015590478.9887,2026-05-03 00:10:00,0.580208,0.798167,0.609209
2026-05-04,2026-05-04 23:30:00,108858.1650,8689613906.9415,8746019493.3465,2026-05-04 04:10:00,0.526924,0.749442,0.553047
2026-05-05,2026-05-05 23:55:00,113249.7700,9157591576.7630,8665466531.0895,2026-05-05 00:25:00,0.506271,0.748736,0.523077
2026-05-06,2026-05-06 23:55:00,106377.8200,8658795642.0741,9223297734.8980,2026-05-06 00:20:00,0.585990,0.694615,0.596953
2026-05-07,2026-05-07 23:25:00,103885.1300,8301003643.7280,8682732903.3705,2026-05-07 03:30:00,0.753243,0.690479,0.772130
2026-05-08,2026-05-08 23:15:00,100875.1360,8090488532.6080,8320791185.0856,2026-05-08 00:10:00,0.781011,0.701700,0.768993
2026-05-09,2026-05-09 21:40:00,100442.1440,8106120321.9093,8087367609.9676,2026-05-09 00:55:00,0.734027,0.697740,0.721659
2026-05-10,2026-05-10 21:15:00,98593.4720,7971380022.3545,8086392685.7292,2026-05-10 00:20:00,0.669269,0.753288,0.673091
2026-05-11,2026-05-11 23:25:00,100532.7760,8202274079.3910,8041058677.9057,2026-05-11 01:25:00,0.609327,0.773825,0.640857
2026-05-12,2026-05-12 18:55:00,106090.3920,8555428914.7002,8191155921.8993,2026-05-12 01:00:00,0.761052,0.895219,0.778979
2026-05-13,2026-05-13 23:55:00,104290.4460,8269001740.5372,8554274323.0154,2026-05-13 03:35:00,0.990436,0.926820,0.983390
2026-05-14,2026-05-14 22:20:00,110633.3890,9007146564.0743,8291765664.6507,2026-05-14 01:50:00,0.618472,0.892716,0.612521
2026-05-15,2026-05-15 23:50:00,101891.5320,8057582350.5600,8911180887.7349,2026-05-15 03:40:00,1.094721,0.980578,1.086567
2026-05-16,2026-05-16 19:30:00,101913.9510,7974756474.3549,8037146924.1476,2026-05-16 01:30:00,1.247687,1.001450,1.229225
2026-05-17,2026-05-17 23:05:00,102638.5380,7986955357.4669,7968336620.6617,2026-05-17 00:15:00,1.312532,1.003420,1.253897
2026-05-18,2026-05-18 23:40:00,104527.0220,8056964536.8897,7741299963.2185,2026-05-18 00:25:00,1.414192,1.076351,1.391792
2026-05-19,2026-05-19 23:10:00,103898.7280,7976532958.2992,8045811056.5862,2026-05-19 04:00:00,1.458275,1.063263,1.439920
2026-05-20,2026-05-20 23:55:00,101591.3060,7874378647.9259,7961800615.8119,2026-05-20 00:25:00,1.310070,1.064676,1.256872
2026-05-21,2026-05-21 23:50:00,100702.6490,7819872873.0619,7883749434.3376,2026-05-21 00:20:00,1.239383,1.070040,1.221401
2026-05-22,2026-05-22 23:55:00,104881.2130,7919307702.4762,7834292270.3797,2026-05-22 03:20:00,1.507976,1.105351,1.546230
2026-05-23,2026-05-23 22:15:00,103039.1470,7900402949.2486,7920764141.5656,2026-05-23 00:35:00,1.255866,1.167999,1.220389
2026-05-24,2026-05-24 23:55:00,99129.2400,7635290930.0640,7906711739.8750,2026-05-24 00:55:00,1.161499,1.139194,1.194599
2026-05-25,2026-05-25 19:45:00,99754.1940,7720934713.9224,7642705886.5519,2026-05-25 00:45:00,1.006619,1.103938,1.027392
2026-05-26,2026-05-26 23:40:00,99187.9330,7530794219.0585,7709113820.8553,2026-05-26 00:10:00,1.336798,1.283290,1.362905
2026-05-27,2026-05-27 23:10:00,100930.4320,7511749840.7524,7533360638.0316,2026-05-27 01:15:00,1.651775,1.381385,1.646752
2026-05-28,2026-05-28 23:35:00,106626.0570,7845428715.5544,7540528603.3827,2026-05-28 00:50:00,1.764888,1.350515,1.761378
2026-05-29,2026-05-29 23:55:00,104364.0640,7663275800.6112,7849530040.1553,2026-05-29 00:00:00,1.655869,1.386268,1.657583
2026-05-30,2026-05-30 22:25:00,103776.5100,7666064192.5590,7661114849.7800,2026-05-30 00:00:00,1.525976,1.376061,1.508336
2026-05-31,2026-05-31 23:50:00,105039.2190,7735835738.8140,7703366334.1316,2026-05-31 00:55:00,1.520889,1.366735,1.535344
2026-06-01,2026-06-01 23:20:00,105208.8560,7503274671.3224,7756978905.2000,2026-06-01 03:10:00,2.093910,1.546836,2.190503
2026-06-02,2026-06-02 23:45:00,107511.7660,7176303308.9087,7529431419.4944,2026-06-02 01:05:00,2.251380,1.515052,2.429452
2026-06-03,2026-06-03 21:30:00,104001.5070,6818869206.6057,7128621763.5772,2026-06-03 00:10:00,2.279225,1.517814,2.376152
2026-06-04,2026-06-04 23:55:00,98688.4170,6301849095.4617,6483664452.9690,2026-06-04 04:50:00,1.995453,1.331540,2.072225
2026-06-05,2026-06-05 23:50:00,101688.1110,6200796753.1410,6189496292.3851,2026-06-05 02:20:00,2.023560,1.243050,2.202988
2026-06-06,2026-06-06 21:40:00,101849.8010,6192326912.6301,6194469925.4592,2026-06-06 03:00:00,1.958724,1.134816,2.036018
2026-06-07,2026-06-07 23:20:00,98577.1140,6203625905.1449,6297075778.9500,2026-06-07 01:20:00,2.082642,1.166137,2.081085
2026-06-08,2026-06-08 22:45:00,98604.8420,6240828636.4746,6282376516.6920,2026-06-08 00:40:00,1.819999,1.182604,1.944092
2026-06-09,2026-06-09 22:25:00,99126.7650,6123407217.7275,6141282602.1010,2026-06-09 00:25:00,2.104488,1.189605,2.271025
2026-06-10,2026-06-10 18:15:00,100371.2760,6211296320.8249,6138191029.0030,2026-06-10 00:20:00,2.041227,1.116283,2.117889
2026-06-11,2026-06-11 23:55:00,98329.4920,6253559032.2160,6115465913.4916,2026-06-11 00:00:00,1.586375,1.187205,1.641392
2026-06-12,2026-06-12 23:55:00,97795.5940,6214606832.3586,6247085139.9056,2026-06-12 00:00:00,1.562926,1.195358,1.691613
2026-06-13,2026-06-13 23:55:00,100142.2730,6451335468.5241,6217290075.8507,2026-06-13 00:00:00,1.456230,1.176099,1.517947
2026-06-14,2026-06-14 23:55:00,101679.0830,6681322376.0217,6450349129.9676,2026-06-14 00:00:00,1.426335,1.183128,1.495117
2026-06-15,2026-06-15 23:55:00,103300.7790,6847516496.3240,6668710356.5096,2026-06-15 00:00:00,1.328735,1.227425,1.435466
2026-06-16,2026-06-16 23:55:00,102414.6510,6723012609.3196,6847978683.3736,2026-06-16 00:00:00,1.425037,1.228306,1.530048
2026-06-17,2026-06-17 23:55:00,99312.6920,6403522307.5310,6727106414.4189,2026-06-17 00:00:00,1.762660,1.187039,1.853135
2026-06-18,2026-06-18 23:55:00,98609.7970,6204932727.4077,6414145971.2178,2026-06-18 00:00:00,1.936151,1.222728,2.041107
2026-06-19,2026-06-19 23:55:00,97664.2080,6202898010.6000,6211966637.8641,2026-06-19 00:00:00,1.908894,1.199520,1.926751
2026-06-20,2026-06-20 23:55:00,97540.1350,6269488531.2285,6205447180.9314,2026-06-20 00:00:00,1.692735,1.219992,1.750791
2026-06-21,2026-06-21 23:55:00,100266.1260,6344840299.1980,6268364665.9764,2026-06-21 00:00:00,1.583141,1.197290,1.719847
2026-06-22,2026-06-22 23:55:00,99597.3700,6373276294.3935,6363566379.2272,2026-06-22 00:00:00,1.740177,1.138475,1.779694
2026-06-23,2026-06-23 23:55:00,98871.0440,6198898071.4592,6372244497.1679,2026-06-23 00:00:00,2.069268,1.206847,2.155546
2026-06-24,2026-06-24 23:55:00,100826.8340,6155589125.2174,6201933848.2184,2026-06-24 00:00:00,2.565269,1.108960,2.661832
2026-06-25,2026-06-25 23:55:00,105339.4650,6295950212.0130,6160605386.3781,2026-06-25 00:00:00,2.386111,1.167106,2.482790
2026-06-26,2026-06-26 23:55:00,103637.4870,6225711119.0640,6305215155.7236,2026-06-26 00:00:00,2.132915,1.244948,2.216069
2026-06-27,2026-06-27 23:55:00,102912.5670,6174784893.7701,6225989541.6712,2026-06-27 00:00:00,2.013984,1.225608,2.126113
2026-06-28,2026-06-28 23:55:00,102976.5280,6132283135.3584,6176381544.3824,2026-06-28 00:00:00,2.309929,1.223531,2.430874
2026-06-29,2026-06-29 23:55:00,102060.2660,6146720996.8256,6116703580.4790,2026-06-29 00:00:00,2.036933,1.283252,2.110855
2026-06-30,2026-06-30 23:55:00,108494.1970,6358356662.2835,6151468696.6888,2026-06-30 00:00:00,2.851224,1.304129,2.971916
2026-07-01,2026-07-01 23:55:00,103471.2490,6208233551.5004,6370849179.8000,2026-07-01 00:00:00,1.846880,1.138107,1.858202
2026-07-02,2026-07-02 23:55:00,106938.4770,6581058037.6662,6193385024.6319,2026-07-02 00:00:00,1.678719,1.164732,1.780143
2026-07-03,2026-07-03 23:55:00,106236.1540,6649185983.6316,6577774356.4679,2026-07-03 00:00:00,1.545606,1.231742,1.634534
2026-07-04,2026-07-04 23:55:00,106397.7280,6715367081.1296,6648354028.1178,2026-07-04 00:00:00,1.471770,1.247549,1.606595
2026-07-05,2026-07-05 23:55:00,105283.1200,6698811383.3575,6705557625.6129,2026-07-05 00:00:00,1.425500,1.316177,1.556045
2026-07-06,2026-07-06 23:55:00,102690.9280,6574632628.8080,6699908628.3264,2026-07-06 00:00:00,1.326108,1.389202,1.463497
2026-07-07,2026-07-07 23:55:00,99418.2770,6296278784.3424,6574012081.7944,2026-07-07 00:00:00,1.428606,1.397428,1.591065
2026-07-08,2026-07-08 23:55:00,100362.5950,6248314221.9530,6303136243.2613,2026-07-08 00:00:00,1.777498,1.462358,1.958044
2026-07-09,2026-07-09 23:55:00,100146.6510,6329051472.7240,6241888865.1257,2026-07-09 00:00:00,1.463200,1.394440,1.564377
2026-07-10,2026-07-10 23:55:00,103937.4980,6665459777.9910,6338204499.7232,2026-07-10 00:00:00,1.267569,1.347856,1.395715
2026-07-11,2026-07-11 23:55:00,101386.2560,6467203161.2570,6655883739.4413,2026-07-11 00:00:00,1.257379,1.374743,1.404525
2026-07-12,2026-07-12 23:55:00,100679.5230,6418319591.2500,6470842373.3473,2026-07-12 00:00:00,1.356064,1.429452,1.494981
2026-07-13,2026-07-13 23:55:00,107308.9040,6686095881.5280,6429126186.5424,2026-07-13 00:00:00,1.844178,1.700873,2.023614
2026-07-14,2026-07-14 23:55:00,105378.4100,6851145712.6270,6675783580.2925,2026-07-14 00:00:00,1.198157,1.470271,1.286056
2026-07-15,2026-07-15 23:55:00,102994.6060,6666039336.7975,6858675634.7063,2026-07-15 00:00:00,1.181259,1.470823,1.336729
2026-07-16,2026-07-16 23:55:00,101759.8220,6492865497.4571,6672341325.3824,2026-07-16 00:00:00,1.428831,1.594481,1.600265
2026-07-17,2026-07-17 23:55:00,100175.4580,6401812818.9480,6495313206.4442,2026-07-17 00:00:00,1.554607,1.536490,1.667866
2026-07-18,2026-07-18 23:55:00,101424.4490,6572983839.0083,6401501432.2242,2026-07-18 00:00:00,1.445022,1.488243,1.555291
2026-07-19,2026-07-19 23:55:00,102374.6080,6623104789.6384,6575398299.7776,2026-07-19 00:00:00,1.393155,1.476737,1.548471
2026-07-20,2026-07-20 23:55:00,101264.6260,6605274763.2935,6616155263.1900,2026-07-20 00:00:00,1.216682,1.480139,1.352270
2026-07-21,2026-07-21 23:55:00,104322.6180,6939780491.3814,6601544826.8677,2026-07-21 00:00:00,1.039057,1.416107,1.136233
2026-07-22,2026-07-22 23:55:00,102239.4570,6756421156.0707,6940892453.1623,2026-07-22 00:00:00,1.205576,1.552922,1.348447
2026-07-23,2026-07-23 23:55:00,104584.9150,6805304178.1033,6759472426.4003,2026-07-23 00:00:00,1.523600,1.630170,1.691622
2026-07-24,2026-07-24 23:55:00,106114.8180,6803700116.8152,6792955144.2837,2026-07-24 00:00:00,1.876511,1.659886,2.025996
2026-07-25,2026-07-25 23:55:00,107509.0000,6917476416.9045,6802591901.1961,2026-07-25 00:00:00,1.803789,1.618781,1.888715
2026-07-26,2026-07-26 23:55:00,104354.1980,6821873937.9154,6917637112.2505,2026-07-26 00:00:00,1.561707,1.624179,1.636513
2026-07-27,2026-07-27 23:55:00,105602.9100,6729450397.1310,6812485795.2362,2026-07-27 00:00:00,1.686139,1.573368,1.870242
2026-07-28,2026-07-28 23:55:00,103253.2970,6598257390.1692,6727987137.2908,2026-07-28 00:00:00,1.732655,1.634970,1.825005
2026-07-29,2026-07-29 23:55:00,104348.7100,6674049577.7610,6610597893.7544,2026-07-29 00:00:00,1.559813,1.583884,1.677843
2026-07-30,2026-07-30 23:55:00,106595.9360,6902141264.7286,6675194889.2867,2026-07-30 00:00:00,1.253597,1.496026,1.344030
2026-07-31,2026-07-31 23:55:00,109523.5890,6884630899.8222,6912189053.2800,2026-07-31 00:00:00,2.206912,1.607235,2.368073
2026-08-01,2026-08-01 23:55:00,108516.0300,6813971110.5690,6890085260.3540,2026-08-01 00:00:00,2.193579,1.605029,2.260443
2026-08-02,2026-08-02 23:55:00,109126.5590,6934992824.4500,6826736587.0378,2026-08-02 00:00:00,1.940104,1.591284,1.962660
2026-08-03,2026-08-03 23:55:00,108556.0300,6893003948.1160,6928423854.0800,2026-08-03 00:00:00,1.497978,1.504293,1.590709
2026-08-04,2026-08-04 23:55:00,108225.6520,6934623587.2912,6899770468.0240,2026-08-04 00:00:00,1.278559,1.538064,1.323268
2026-08-05,2026-08-05 23:55:00,107104.8320,6922603001.0048,6931837041.0629,2026-08-05 00:00:00,1.146927,1.503620,1.208595
2026-08-06,2026-08-06 23:55:00,105767.5270,6800841409.3473,6918621654.3411,2026-08-06 00:00:00,1.214127,1.569810,1.309811
2026-08-07,2026-08-07 23:55:00,106954.6130,6939798035.1987,6801645857.3525,2026-08-07 00:00:00,1.102477,1.538954,1.170553
2026-08-08,2026-08-08 23:55:00,107208.9060,6960955962.3295,6940865634.4026,2026-08-08 00:00:00,1.145850,1.555760,1.232608
2026-08-09,2026-08-09 23:55:00,107032.4340,6943198658.0224,6961097425.5890,2026-08-09 00:00:00,1.163776,1.540070,1.251082
2026-08-10,2026-08-10 23:55:00,106280.2660,6795475183.8272,6943278386.3800,2026-08-10 00:00:00,1.604240,1.669476,1.733345
2026-08-11,2026-08-11 23:05:00,109213.8560,6940824504.8256,6793236309.0818,2026-08-11 00:20:00,1.798623,1.654767,1.901874
2026-08-12,2026-08-12 22:20:00,110938.0240,7042867172.2328,6967319612.6295,2026-08-12 00:20:00,1.834866,1.583454,1.883152
2026-08-13,2026-08-13 23:55:00,109583.4680,6953694869.9316,7066026943.1036,2026-08-13 00:05:00,1.868576,1.520521,1.925995
2026-08-14,2026-08-14 22:55:00,112009.3720,7040646807.3045,6963120805.3593,2026-08-14 00:10:00,2.109019,1.480386,2.203256
2026-08-15,2026-08-15 23:35:00,111486.5910,7031827200.1203,7056681442.4626,2026-08-15 00:35:00,2.017912,1.457546,2.084062
2026-08-16,2026-08-16 23:55:00,110943.2090,6975665209.0840,7028762566.4532,2026-08-16 00:00:00,2.221569,1.470834,2.288968
2026-08-17,2026-08-17 23:35:00,106515.9940,6867469410.9157,6979873577.0607,2026-08-17 00:00:00,1.514448,1.477631,1.563756
2026-08-18,2026-08-18 23:15:00,106372.5560,6880068152.2876,6861400759.0345,2026-08-18 01:30:00,1.400257,1.439212,1.501517
2026-08-19,2026-08-19 23:35:00,107346.9950,7435892715.2587,6871979076.8452,2026-08-19 00:30:00,1.090138,1.495397,1.137568
2026-08-20,2026-08-20 22:10:00,106936.1640,7761616704.0721,7497622895.4992,2026-08-20 00:35:00,0.950469,1.728736,1.045681
2026-08-21,2026-08-21 23:40:00,106173.2910,8319884665.9214,7860285504.6539,2026-08-21 00:00:00,1.044258,1.964288,1.091777
2026-08-22,2026-08-22 23:50:00,105789.8160,8155950496.3728,8223498169.9578,2026-08-22 00:45:00,1.007469,2.052305,1.136130
2026-08-23,2026-08-23 23:35:00,105241.3690,8157532138.7494,8164305928.9388,2026-08-23 00:10:00,1.071404,2.079599,1.157215
2026-08-24,2026-08-24 23:35:00,107269.1650,8464813621.5635,8225239570.8160,2026-08-24 02:40:00,0.944888,2.025341,1.021779
2026-08-25,2026-08-25 23:40:00,106450.2150,8362728890.4000,8459101457.4436,2026-08-25 00:00:00,1.002369,2.251958,1.089546
2026-08-26,2026-08-26 22:45:00,105822.3670,8314664437.6873,8386110710.8863,2026-08-26 00:00:00,1.073533,2.143186,1.140029
2026-08-27,2026-08-27 23:00:00,108765.2720,8722000588.0953,8328897272.3779,2026-08-27 00:40:00,0.924042,2.076060,1.001817
2026-08-28,2026-08-28 22:55:00,105873.2730,8229263623.3739,8733091376.4556,2026-08-28 00:45:00,1.181990,2.142788,1.305517
2026-08-29,2026-08-29 23:40:00,107732.7910,8423745434.3601,8215828598.3462,2026-08-29 01:10:00,1.188759,2.080896,1.229617
2026-08-30,2026-08-30 23:35:00,106427.4850,8246845764.5698,8411054168.8477,2026-08-30 00:10:00,1.043869,2.068042,1.115215
2026-08-31,2026-08-31 23:30:00,107951.1450,8475463911.8207,8263412040.1712,2026-08-31 01:50:00,0.990105,2.099687,1.052388
2026-09-01,2026-09-01 23:50:00,108330.4960,8389050261.2623,8481814045.5043,2026-09-01 00:00:00,1.287813,2.070962,1.388996
2026-09-02,2026-09-02 23:50:00,107575.0320,8309683536.8286,8362099064.2015,2026-09-02 00:30:00,1.214272,1.976577,1.294955
2026-09-03,2026-09-03 23:40:00,112964.1000,9172526770.2600,8303246135.5520,2026-09-03 00:45:00,0.785129,1.931777,0.833074
2026-09-04,2026-09-04 23:45:00,107952.8340,8593747279.8210,9124260651.6390,2026-09-04 00:15:00,1.016622,2.156426,1.138308
2026-09-05,2026-09-05 23:00:00,106370.2970,8478992801.1968,8589251458.8817,2026-09-05 00:50:00,1.052138,2.093922,1.116798
2026-09-06,2026-09-06 19:45:00,106204.0320,8473796918.7697,8497706800.4740,2026-09-06 01:25:00,1.050003,2.014106,1.131240
2026-09-07,2026-09-07 23:05:00,106954.6700,8458661001.6153,8414290367.0076,2026-09-07 03:25:00,1.155611,1.997896,1.264336
2026-09-08,2026-09-08 22:25:00,106545.0530,8360158117.3952,8468228171.9346,2026-09-08 01:50:00,1.297125,2.135782,1.395500
2026-09-09,2026-09-09 21:40:00,105112.1170,8220818670.5700,8373492319.5290,2026-09-09 02:35:00,1.188289,2.152011,1.243265
2026-09-10,2026-09-10 23:35:00,106957.0590,8206957955.2116,8226729929.8790,2026-09-10 00:00:00,1.599651,2.121978,1.700364
2026-09-11,2026-09-11 21:45:00,103115.4020,7964922373.6056,8254104572.0927,2026-09-11 05:35:00,1.511384,2.195571,1.551732
2026-09-12,2026-09-12 22:00:00,103198.2610,7970878882.2485,7992877899.3612,2026-09-12 00:05:00,1.644335,2.229656,1.717320
2026-09-13,2026-09-13 23:40:00,104891.6670,8056527398.2520,7978244241.7690,2026-09-13 00:30:00,1.666734,2.310738,1.756970
2026-09-14,2026-09-14 21:40:00,104405.3480,8225260734.8209,8024717948.9459,2026-09-14 00:35:00,1.153261,2.027482,1.198087
2026-09-15,2026-09-15 23:40:00,107446.4540,8127679566.3760,8088539305.1839,2026-09-15 00:00:00,1.819369,2.402874,1.982928
2026-09-16,2026-09-16 23:00:00,107918.8370,8169207747.5749,8128825534.5732,2026-09-16 01:50:00,1.522682,2.309163,1.587309
2026-09-17,2026-09-17 23:50:00,108231.5600,8269971326.3417,8228343739.0082,2026-09-17 00:00:00,1.442751,2.360718,1.516636
2026-09-18,2026-09-18 22:30:00,108106.3460,8771046223.1910,8290163663.0852,2026-09-18 00:35:00,0.917346,1.981713,0.995617
2026-09-19,2026-09-19 19:50:00,107782.8700,8765495794.1850,8748744827.3512,2026-09-19 01:15:00,0.946313,2.039792,1.093878
2026-09-20,2026-09-20 23:55:00,107777.7400,8745506156.7860,8737599861.8674,2026-09-20 00:30:00,0.960953,2.095593,1.115509
2026-09-21,2026-09-21 22:30:00,109010.3050,9431746005.0880,8770302997.2480,2026-09-21 01:35:00,0.893894,2.199708,0.962065
2026-09-22,2026-09-22 23:45:00,106794.0400,9195992066.7840,9349168404.6684,2026-09-22 02:30:00,0.903535,2.107881,1.032642
2026-09-23,2026-09-23 22:05:00,98340.5520,8316542196.0583,9235354874.8984,2026-09-23 00:55:00,1.156592,1.901481,1.302827
2026-09-24,2026-09-24 21:10:00,95949.2750,8088522776.3018,8289594909.6400,2026-09-24 00:40:00,1.226236,1.925208,1.319790
2026-09-25,2026-09-25 22:50:00,95300.4210,8012563966.3749,8109108462.2166,2026-09-25 01:50:00,1.313108,1.964927,1.416280
2026-09-26,2026-09-26 23:45:00,94389.7160,7964967811.5861,8000405316.8303,2026-09-26 00:00:00,1.288172,1.929251,1.387300
2026-09-27,2026-09-27 23:25:00,94212.3900,7947691376.8624,7957112431.1229,2026-09-27 00:45:00,1.166686,1.893847,1.249733
2026-09-28,2026-09-28 22:45:00,92737.3000,7741898320.7173,7987705380.4086,2026-09-28 00:25:00,1.372173,1.888062,1.472704
2026-09-29,2026-09-29 20:30:00,92597.6070,7737443385.9134,7748030355.6956,2026-09-29 00:15:00,1.392439,1.930282,1.457715
2026-09-30,2026-09-30 23:05:00,95441.0880,7981518674.9376,7734131259.6348,2026-09-30 02:30:00,1.331156,2.088049,1.402341
2026-10-01,2026-10-01 22:15:00,96963.3930,8212438409.9780,7982126717.1932,2026-10-01 00:30:00,1.041360,1.914395,1.093723
2026-10-02,2026-10-02 23:40:00,98175.2700,8298333419.4390,8214389718.7745,2026-10-02 00:05:00,1.184412,2.049197,1.256034
2026-10-03,2026-10-03 22:25:00,97323.0750,8245781179.2636,8279562861.2260,2026-10-03 02:20:00,1.216343,1.855155,1.245879
2026-10-04,2026-10-04 23:15:00,96836.0930,8382141893.6893,8230393077.5137,2026-10-04 00:50:00,1.041819,1.798806,1.076152
2026-10-05,2026-10-05 20:40:00,94653.9750,8117165210.8950,8498688919.2100,2026-10-05 00:45:00,1.130036,1.783811,1.219848
