date,PriceUSD,CapMrktCurUSD,CapMVRVCur,SplyCur,IssTotNtv
2011-01-01,0.3,1508925,3.49431915,5029750,9050
2011-01-02,0.29997,1511398.845,3.46374621,5038500,8750
2011-01-03,0.295,1488658.5,3.38619201,5046300,7800
2011-01-04,0.29895,1510698.9825,3.41744847,5053350,7050
2011-01-05,0.298916302162478,1512830.3510594092819,3.39994438,5061050,7700
2011-01-06,0.298,1510293.8,3.37409013,5068100,7050
2011-01-07,0.32,1624416,3.59662517,5076300,8200
2011-01-08,0.3229,1641881.92,3.60311438,5084800,8500
2011-01-09,0.323,1645022.85,3.58303029,5092950,8150
2011-01-10,0.32659,1665951.9195,3.56790627,5101050,8100
2011-01-11,0.32659,1668760.5935,3.47434474,5109650,8600
2011-01-12,0.318799621274109,1631616.461680889862,3.37613389,5118000,8350
2011-01-13,0.3176,1628462.24,3.31520101,5127400,9400
2011-01-14,0.399990005844535,2054528.66552016180075,4.10741466,5136450,9050
2011-01-15,0.386,1985699.8,3.93479597,5144300,7850
2011-01-16,0.38679,1993128.87,3.89072744,5153000,8700
2011-01-17,0.3495,1804136.475,3.48443916,5162050,9050
2011-01-18,0.31299,1617876.609,3.11008305,5169100,7050
2011-01-19,0.31299,1620521.3745,3.07260733,5177550,8450
2011-01-20,0.39,2022871.5,3.78751517,5186850,9300
2011-01-21,0.41991,2181663.4005,4.03324208,5195550,8700
2011-01-22,0.44003552893045,2289856.88544827571,4.1752733,5203800,8250
2011-01-23,0.4424,2305921.52,4.11467439,5212300,8500
2011-01-24,0.4199,2192591.83,3.8538566,5221700,9400
2011-01-25,0.41,2144095,3.73958941,5229500,7800
2011-01-26,0.415085129748685,2174423.4521884863725,3.28267628,5238500,9000
2011-01-27,0.4212,2209825.8,3.29852211,5246500,8000
2011-01-28,0.444484044418469,2335496.9629924035136,3.44964227,5254400,7900
2011-01-29,0.439,2310215.55,3.35970677,5262450,8050
2011-01-30,0.477142033898305,2514657.80415254192625,3.62408311,5270250,7800
2011-01-31,0.525136870251315,2772066.25383912905625,3.88967746,5278750,8500
2011-02-01,0.707510116890707,3740570.61249532337365,5.02344554,5286950,8200
2011-02-02,0.725434821741671,3841068.56589888669435,4.95514811,5294850,7900
2011-02-03,0.693898367621274,3679638.9587404728309,4.68663449,5302850,8000
2011-02-04,0.810958971361777,4308260.08330800840135,5.36029838,5312550,9700
2011-02-05,0.911671477498539,4851459.7675084752885,5.79068626,5321500,8950
2011-02-06,0.898,4786654.3,5.59155797,5330350,8850
2011-02-07,0.889421369959088,4749954.826266509464,5.25293615,5340500,10150
2011-02-08,0.918,4910290.2,5.35492291,5348900,8400
2011-02-09,1.01605024547049,5444505.240353620665,5.69602563,5358500,9600
2011-02-10,0.979652963179427,5258581.1757545282506,5.38116292,5367800,9300
2011-02-11,1.05406945353594,5667836.858608102974,5.62034798,5377100,9300
2011-02-12,1.07870328404442,5810866.720818886098,5.66318761,5386900,9800
2011-02-13,1.05,5666640,5.42738984,5396800,9900
2011-02-14,1.07001262419638,5785130.253980148108,5.31812686,5406600,9800
2011-02-15,1.05,5688742.5,5.15817185,5417850,11250
2011-02-16,1.031687628872,5601496.3965790804,5.01369832,5429450,11600
2011-02-17,1.0399231975453,5658222.1178439773,5.00090272,5441000,11550
2011-02-18,0.898955914669784,4900748.0644137944544,4.27713788,5451600,10600
2011-02-19,0.944028116890707,5154063.10838234847255,4.46173899,5459650,8050
2011-02-20,0.865,4731160.75,4.04564986,5469550,9900
2011-02-21,0.835747428404442,4579269.0970850388285,3.8865163,5479250,9700
2011-02-22,0.877041779661017,4814783.9619830511266,4.03903963,5489800,10550
2011-02-23,0.9,4951755,4.11116115,5501950,12150
2011-02-24,0.989095265926359,5452189.8343658687157,4.46075117,5512300,10350
2011-02-25,0.914652001753361,5052126.06428477715155,4.09708361,5523550,11250
2011-02-26,0.958,5304781.3,4.20136279,5537350,13800
2011-02-27,0.895033114552893,4967031.02086700734815,3.85737612,5549550,12200
2011-02-28,0.860220923436587,4780290.68258328578835,3.66264324,5557050,7500
2011-03-01,0.921096891876096,5124568.6127972539008,3.45556491,5563550,6500
2011-03-02,0.9399,5237075.805,3.49629585,5571950,8400
2011-03-03,0.939073383401519,5241203.32110972791875,3.4729141,5581250,9300
2011-03-04,0.9011,5039221.53,3.31231304,5592300,11050
2011-03-05,0.90784060666277,5089490.6170424880355,3.30711769,5606150,13850
2011-03-06,0.884770973115138,4972280.1532611082893,3.2074455,5619850,13700
2011-03-07,0.877583864406779,4941148.1901559284816,3.17308684,5630400,10550
2011-03-08,0.866071591466979,4884427.25797589481525,3.11400943,5639750,9350
2011-03-09,0.86,4857065,3.08389438,5647750,8000
2011-03-10,0.920670309760374,5204779.4286528343155,3.286687,5653250,5500
2011-03-11,0.88,4980580,3.13277134,5659750,6500
2011-03-12,0.917815513150205,5201031.05914392418375,3.23180751,5666750,7000
2011-03-13,0.89249,5062738.774,3.12541924,5672600,5850
2011-03-14,0.893924922852133,5075884.4969389816006,3.09976092,5678200,5600
2011-03-15,0.87224,4957637.712,3.0094772,5683800,5600
2011-03-16,0.851211665692578,4843905.1047901843668,2.90524469,5690600,6800
2011-03-17,0.82542,4702954.263,2.80330055,5697650,7050
2011-03-18,0.801959208065459,4574094.63708255522535,2.72116816,5703650,6000
2011-03-19,0.765,4367691,2.5915635,5709400,5750
2011-03-20,0.7415,4238599.375,2.50871253,5716250,6850
2011-03-21,0.75897,4344078.6405,2.56031946,5723650,7400
2011-03-22,0.809130292811222,4635992.9256911775712,2.71742347,5729600,5950
2011-03-23,0.84971,4875168.6395,2.8434557,5737450,7850
2011-03-24,0.872374365867914,5011834.3506294593257,2.88481841,5745050,7600
2011-03-25,0.88377,5084947.449,2.91145917,5753700,8650
2011-03-26,0.8552,4926465.12,2.79254753,5760600,6900
2011-03-27,0.822,4741090.5,2.67675364,5767750,7150
2011-03-28,0.794740500292227,4590540.34076294698605,2.58237,5776150,8400
2011-03-29,0.792509941554646,4584115.2549345388578,2.56999182,5784300,8150
2011-03-30,0.789706312098189,4574057.9303039205069,2.55673793,5792100,7800
2011-03-31,0.78461,4552424.9115,2.53409399,5802150,10050
2011-04-01,0.77411,4498314.5045,2.49434063,5810950,8800
2011-04-02,0.78199,4551142.7005,2.51639313,5819950,9000
2011-04-03,0.779,4540557.3,2.50130518,5828700,8750
2011-04-04,0.68,3969568,2.1702087,5837600,8900
2011-04-05,0.715691834599649,4184864.8644545275977,2.2785139,5847300,9700
2011-04-06,0.74,4332478,2.35209347,5854700,7400
2011-04-07,0.7538,4418813.29,2.39124558,5862050,7350
2011-04-08,0.74999,4402703.7965,2.37382641,5870350,8300
2011-04-09,0.734060517241379,4314917.82942241196885,2.31988599,5878150,7800
2011-04-10,0.733156820572765,4315947.571347753002,2.31383197,5886800,8650
2011-04-11,0.770113933372297,4539783.13153302220015,2.42399078,5894950,8150
2011-04-12,0.861381607831677,5084821.7691911724987,2.6961135,5903100,8150
2011-04-13,0.930320058445353,5500796.4415756832184,2.89135449,5912800,9700
2011-04-14,0.998629766218586,5912687.1198270039888,3.07319764,5920800,8000
2011-04-15,0.983673136762127,5830820.8854711840052,2.99333242,5927600,6800
2011-04-16,1.04663285797779,6213074.3031706558875,3.15615233,5936250,8650
2011-04-17,1.09812209789597,6528610.4025160156425,3.27386129,5945250,9000
2011-04-18,1.14943331151373,6842174.2017822048845,3.37473832,5952650,7400
2011-04-19,1.18516222092344,7063981.643481025604,3.42498343,5960350,7700
2011-04-20,1.14212598480421,6815693.9206183633855,3.28485981,5967550,7200
2011-04-21,1.20733887200468,7213729.026340762532,3.43905824,5974900,7350
2011-04-22,1.40450508182349,8404137.058107217113,3.90431563,5983700,8800
2011-04-23,1.82885230099357,10959031.643243769511,4.86099744,5992300,8600
2011-04-24,1.63198421975453,9792558.112215081812,4.27543628,6000400,8100
2011-04-25,1.56448363530099,9402546.6481589499,4.06113168,6010000,9600
2011-04-26,1.77084089012274,10660019.448316364115,4.51459705,6019750,9750
2011-04-27,1.9031759585038,11474057.53622355982,4.76744161,6028900,9150
2011-04-28,2.28574446580947,13799267.914538351337,5.53562475,6037100,8200
2011-04-29,2.85060509000585,17237894.039774375535,5.27956549,6047100,10000
2011-04-30,3.5,21197925,5.74340681,6056550,9450
2011-05-01,3.0942275534775,18768037.22561777625,4.96719361,6065500,8950
2011-05-02,3.2,19441120,5.05486151,6075350,9850
2011-05-03,3.36058570368206,20449668.094760887409,5.13349205,6085150,9800
2011-05-04,3.40867304734074,20775862.2235418103,4.84337805,6095000,9850
2011-05-05,3.34373668439509,20416689.0080821997855,4.67664599,6105950,10950
2011-05-06,3.45507558445354,21134179.088764636149,4.63603126,6116850,10900
2011-05-07,3.64126297779077,22312020.9595618327135,4.80792811,6127550,10700
2011-05-08,3.84866837697253,23625050.832045875405,4.92348609,6138500,10950
2011-05-09,3.80408958211572,23396862.770323630074,4.77598264,6150450,11950
2011-05-10,5.65166700233781,34812008.067599974476,6.2849561,6159600,9150
2011-05-11,5.43975104383402,33558640.152068644483,5.77375573,6169150,9550
2011-05-12,6.3348786943308,39134346.62209795008,6.23619574,6177600,8450
2011-05-13,8.13903486732905,50363940.8072887949475,6.81610339,6187950,10350
2011-05-14,7.00724382933957,43445262.1040968009785,5.71115111,6200050,12100
2011-05-15,6.92492484453536,43011054.455651347728,5.38878812,6211050,11000
2011-05-16,7.88514074517826,49072384.913542383284,5.64948105,6223400,12350
2011-05-17,7.25719954061952,45257710.5626164136218093938048,5.05909092,6236249.98999999,12850
2011-05-18,6.76316336236119,42274167.0033112710182544763881,4.61026723,6250649.98999999,14400
2011-05-19,6.89014363237873,43126786.9548834415907763762127,4.62646251,6259199.98999999,8550
2011-05-20,5.61809621858562,35226586.8535945361571816141438,3.71328197,6270199.98999999,11000
2011-05-21,6.08480066744594,38219849.8915133708055339255406,4.07285788,6281199.98999999,11000
2011-05-22,6.71195603974284,42243708.8558138588750112025716,4.35034379,6293799.98999999,12600
2011-05-23,7.06525678375219,44568346.2469345512489102624781,4.487161,6308099.98999999,14300
2011-05-24,7.40266058211573,46807392.9197201867287368788427,4.5999394,6323049.98999999,14950
2011-05-25,8.56928963705436,54315585.3498123733605600294564,5.19133406,6338399.98999999,15350
2011-05-26,8.78215543424898,55794789.8170489775719558575102,5.17913836,6353199.98999999,14800
2011-05-27,8.52865846814728,54255487.1927556591159425185272,4.74938352,6361549.98999999,8350
2011-05-28,8.34926911981298,53178999.7213320388231790018702,4.61095078,6369299.98999999,7750
2011-05-29,8.40095347223846,53583801.4479689506860806776154,4.59177413,6378299.98999999,9000
2011-05-30,8.77934246464056,56064880.8914011037201697535944,4.71031321,6385999.98999999,7700
2011-05-31,8.72157642197545,55761398.7666841881394812802455,4.60202531,6393499.98999999,7500
2011-06-01,9.62377723202805,61620083.1427145327869471797195,4.97744055,6402899.98999999,9400
2011-06-02,10.7027602279369,68630379.578594868253028720631,5.3275221,6412399.98999999,9500
2011-06-03,14.2646467738165,91614693.762189860865367261835,6.42904939,6422499.98999999,10100
2011-06-04,18.3127387258913,117818666.957639286423699741087,7.74313927,6433699.98999999,11200
2011-06-05,16.5433423962595,106606952.570302254553981037405,6.57534893,6444099.98999999,10400
2011-06-06,18.4020986440678,118799348.137419529388335559322,6.0241396,6455749.98999999,11650
2011-06-07,23.2378784628872,150215455.621339565592343371128,7.22127316,6464249.98999999,8500
2011-06-08,29.0299213267095,187925195.418154444683691732905,7.38787829,6473499.98999999,9250
2011-06-09,28.7905440181181,186695161.451982903173378818819,6.61438788,6484599.98999999,11100
2011-06-10,24.0493992285213,156218884.798173001695794714787,5.13598194,6495749.98999999,11150
2011-06-11,14.7497466277031,95996513.316913857110502722969,3.17745001,6508349.98999999,12600
2011-06-12,18.8501447311514,122902943.458605492187038688486,3.60717104,6519999.98999999,11650
2011-06-13,19.5423291145529,127637791.066911596846179854471,3.61267024,6531349.98999999,11350
2011-06-14,19.2577355055523,126016843.635105037877121944477,3.30858495,6543699.98999999,12350
2011-06-15,19.4641426241964,127639034.684919901576609758036,3.13518917,6557649.98999999,13950
2011-06-16,17.9293625423729,117735848.359579199067645576271,2.83819584,6566649.98999999,9000
2011-06-17,15.4363689129164,101508789.998528757087146870836,2.42625836,6575949.98999999,9300
2011-06-18,16.8754045353594,111138039.020215722412360646406,2.62955708,6585799.98999999,9850
2011-06-19,17.5107167913501,115517322.961589699174331086499,2.69066084,6596949.98999999,11150
2011-06-20,17.5107167913501,115722198.348048495344331086499,2.67081932,6608649.98999999,11700
2011-06-21,17.5107167913501,115943708.915459074109331086499,2.63871848,6621299.98999999,12650
2011-06-22,17.5107167913501,116171348.233746625409331086499,2.62779902,6634299.98999999,13000
2011-06-23,17.5107167913501,116381476.835242826609331086499,2.61500773,6646299.98999999,12000
2011-06-24,17.5107167913501,116570592.576589407689331086499,2.59755925,6657099.98999999,10800
2011-06-25,17.5107167913501,116695794.201647560904331086499,2.58920413,6664249.98999999,7150
2011-06-26,16.3613420157802,109157965.363067176568777842198,2.40438777,6671699.98999999,7450
2011-06-27,16.7522858132671,111907781.907973192409470867329,2.41862667,6680149.98999999,8450
2011-06-28,16.9618353071303,113443298.639764993255343928697,2.4228443,6688149.98999999,8000
2011-06-29,16.8545683179427,112870830.214636924499889820573,2.39153255,6696749.98999999,8600
2011-06-30,16.1852627808299,108543227.625226768709073191701,2.27916897,6706299.98999999,9550
2011-07-01,15.4203573991818,103546928.763432099714608008182,2.17517451,6714949.98999999,8650
2011-07-02,15.38284406955,103425013.6633838754760593045,2.17108212,6723399.98999999,8450
2011-07-03,15.4575505604909,104054820.075952906804585395091,2.17640481,6731649.98999999,8250
2011-07-04,13.8527968123904,93369928.296505047908127876096,1.95761946,6740149.98999999,8500
2011-07-05,12.9648177147867,87474921.473789036773955852133,1.82728432,6747099.98999999,6950
2011-07-06,14.7147835832846,99397627.218760325789318167154,2.06878863,6754949.98999999,7850
2011-07-07,14.7972891613092,100051870.516219116214016386908,2.07598143,6761499.98999999,6550
2011-07-08,14.2990376969608,96800910.306009855840015030392,2.0056172,6769749.98999999,8250
2011-07-09,14.3815006697838,97466306.195443618847155302162,2.01609779,6777199.98999999,7450
2011-07-10,14.6229375511397,99202739.347579760044227488603,2.03850499,6784049.98999999,6850
2011-07-11,14.3101554330801,97193144.542835033757644669199,1.99133352,6791899.98999999,7850
2011-07-12,14.0212726215663,95329931.350185328956610784337,1.94872351,6798949.98999999,7050
2011-07-13,13.9714545225015,95124647.976736777810439774985,1.93841196,6808499.98999999,9550
2011-07-14,13.997974547633,95405994.98432235264392452367,1.93955814,6815699.98999999,7200
2011-07-15,13.8063904056108,94212046.711742934919987943892,1.91086852,6823799.98999999,8100
2011-07-16,13.7130792992402,93682958.057523382206805007598,1.89668424,6831649.98999999,7850
2011-07-17,13.2581353109293,90687634.114471565704353890707,1.8320481,6840149.98999999,8500
2011-07-18,13.6305212504383,93350669.225508914485404495617,1.94207395,6848649.98999999,8500
2011-07-19,13.8247948386908,94779337.077106365465143613092,1.96438973,6855749.98999999,7100
2011-07-20,13.6783305920514,93877118.382583725776180079486,1.96296845,6863199.98999999,7450
2011-07-21,13.6118084418469,93524013.306123459983446581531,1.95201716,6870799.98999999,7600
2011-07-22,13.6985473310929,94223402.897837238418597689071,1.96311336,6878349.98999999,7550
2011-07-23,13.6817183424898,94207523.768147571127918575102,1.95853437,6885649.98999999,7300
2011-07-24,13.992515176505,96463699.86114135305979823495,1.99913286,6893949.98999999,8300
2011-07-25,14.0334253787259,96861508.508707512858487212741,2.00132141,6902199.98999999,8250
2011-07-26,13.8780323232028,95911081.246874088787648767972,1.97632833,6910999.98999999,8800
2011-07-27,13.878224755114,96033151.69917995946661244886,1.97282473,6919699.98999999,8700
2011-07-28,13.4915910756867,93462322.462349784242222243133,1.91925019,6927449.98999999,7750
2011-07-29,13.5123163901227,93716697.036031205230609098773,1.91940166,6935649.98999999,8200
2011-07-30,13.5402806738749,94013553.653478957283444261251,1.91948827,6943249.98999999,7600
2011-07-31,13.3729061022794,92968443.089317194048144977206,1.8957305,6951999.98999999,8750
2011-08-01,13.0191138468732,90616287.022507921640129531268,1.84650394,6960249.98999999,8250
2011-08-02,12.2141564389246,85107631.236462980039189610754,1.73338364,6967949.98999999,7700
2011-08-03,9.28635691350088,64779768.4643357767054220649912,1.33360498,6975799.98999999,7850
2011-08-04,10.7685037481005,75188385.187489570958957518995,1.54422773,6982249.98999999,6450
2011-08-05,9.73015395967271,68006478.4653408514692333032729,1.40034516,6989249.98999999,7000
2011-08-06,6.964169735827,48716804.69187563745003264173,1.01786264,6995349.98999999,6100
2011-08-07,8.50179329222677,59526580.9195015462302993777323,1.24329896,7001649.98999999,6300
2011-08-08,7.77533763793104,54493064.9908043431553132206896,1.15587536,7008449.98999999,6800
2011-08-09,9.80249948100526,68771885.6358375600099525899474,1.45369998,7015749.98999999,7300
2011-08-10,10.0512531274109,70593468.551888712728359725891,1.48953532,7023349.98999999,7600
2011-08-11,9.43841299473992,66353930.9412363612524708526008,1.40111707,7030199.98999999,6850
2011-08-12,9.45299328521333,66518350.4051948724954338478667,1.40327416,7036749.98999999,6550
2011-08-13,10.0040247445938,70460847.182319934363814554062,1.48374896,7043249.98999999,6500
2011-08-14,10.8068207665108,76186465.272717847646684334892,1.60021658,7049849.98999999,6600
2011-08-15,11.1306965499708,78541533.954251879233326500292,1.64552851,7056299.98999999,6450
2011-08-16,10.9919655669199,77643397.466853986046145330801,1.62211392,7063649.98999999,7350
2011-08-17,10.9639640561075,77520159.550865523174284438925,1.61521112,7070449.98999999,6800
2011-08-18,10.8584714558738,76852460.391080377426547441262,1.59806892,7077649.98999999,7200
2011-08-19,11.6704730432496,82675965.016283969182773567504,1.71440506,7084199.98999999,6550
2011-08-20,11.4597317393337,81270125.434409301669345606663,1.68142171,7091799.98999999,7600
2011-08-21,11.3544813407364,80614546.509415365767822592636,1.66508331,7099799.98999999,8000
2011-08-22,10.9208958246639,77628457.636458099719402753361,1.60062575,7108249.98999999,8450
2011-08-23,10.9172450543542,77687115.697611927484007456458,1.60020118,7115999.98999999,7750
2011-08-24,10.870444289889,77426913.43488782869666710111,1.5924043,7122699.98999999,6700
2011-08-25,9.5460936735827,68058397.445663148318236264173,1.38808124,7129449.98999999,6750
2011-08-26,8.12692016306254,58000203.7384754525721729693746,1.18126116,7136799.98999999,7350
2011-08-27,8.59649760666277,61403922.6686664378013962333723,1.32290185,7142899.98999999,6100
2011-08-28,9.03086639976622,64558954.5417000226076738023378,1.38880945,7148699.98999999,5800
2011-08-29,8.96115727060199,64122456.8759079373264073939801,1.37651145,7155599.98999999,6900
2011-08-30,8.80994873816481,63104781.7285011420678645183519,1.35371166,7162899.98999999,7300
2011-08-31,8.19915176446523,58793247.5178710018633300553477,1.26084033,7170649.98999999,7750
2011-09-01,8.23428166510813,59098262.8563046608291020489187,1.26774835,7177099.98999999,6450
2011-09-02,8.6214244377557,61944072.356616598338198622443,1.32640199,7184899.98999999,7800
2011-09-03,8.44965344067796,60771174.9088753711106859932204,1.29992885,7192149.98999999,7250
2011-09-04,8.20347060227937,59055554.2631840546670002772063,1.26279873,7198849.98999999,6700
2011-09-05,7.5973325251315,54751316.366265523250359748685,1.17142574,7206649.98999999,7800
2011-09-06,6.84653002893045,49392236.8662446836353952106955,1.05875513,7214199.98999999,7550
2011-09-07,7.16297027352426,51723808.2734889070950546647574,1.10898952,7220999.98999999,6800
2011-09-08,6.67818000029223,48266211.9763302109287776970777,1.03732633,7227449.98999999,6450
2011-09-09,4.98677704178843,36080079.8640277390288452821157,0.7778049,7235149.98999999,7700
2011-09-10,4.74284665517242,34346746.8599991171758092482758,0.74125214,7241799.98999999,6650
2011-09-11,5.85290397253068,42422140.5795718969196534746932,0.95191723,7248049.98999999,6250
2011-09-12,6.09062947223846,44185689.5713420001333206776154,0.99274325,7254699.98999999,6650
2011-09-13,5.80252327703098,42136763.4751182797684574296902,0.94859348,7261799.98999999,7100
2011-09-14,5.59743261016949,40688297.3306086576829789983051,0.9162271,7269099.98999999,7300
2011-09-15,4.86775518468732,35422167.6547735583835749531268,0.79879632,7276899.98999999,7800
2011-09-16,4.83116810052601,35184672.5526041226115588947399,0.7945909,7282849.98999999,5950
2011-09-17,4.775285635301,34809683.35505550044413364699,0.78623754,7289549.98999999,6700
2011-09-18,5.23673227819988,38214791.9111823391566784180012,0.86238311,7297449.98999999,7900
2011-09-19,5.52037669199299,40319727.2277745782383031800701,0.91006394,7303799.98999999,6350
2011-09-20,6.14666555172414,44937042.4540781257281030827586,1.01350919,7310799.98999999,7000
2011-09-21,5.59706749795441,40959899.6008094368707809204559,0.92389277,7318099.98999999,7300
2011-09-22,5.47504877673875,40107469.7592491706071247326125,0.90549337,7325499.98999999,7400
2011-09-23,5.56342141963764,40791840.3063618522954094036236,0.92077591,7332149.98999999,6650
2011-09-24,5.45788968731736,40053269.2047682266439295268264,0.90381871,7338599.98999999,6450
2011-09-25,5.34115488135593,39233186.0698443137933918864407,0.88996971,7345449.98999999,6850
2011-09-26,4.87382608123904,35833100.3744432983853487876096,0.81318218,7352149.98999999,6700
2011-09-27,4.91115779251899,36140227.9144771165752321748101,0.82013287,7358799.98999999,6650
2011-09-28,4.76341532144945,35088031.7224606652688522855055,0.79634397,7366149.98999999,7350
2011-09-29,4.77766097837522,35222827.7491968143676380162478,0.79926256,7372399.98999999,6250
2011-09-30,5.14368590999416,37952686.4354549990231993000584,0.86045873,7378499.98999999,6100
2011-10-01,5.03407054471069,37179883.0682017518106876528931,0.84362417,7385649.98999999,7150
2011-10-02,5.00706259672706,37010704.5461567333641034327294,0.84035131,7391699.98999999,6050
2011-10-03,5.02284486031561,37163777.9290036837778952968439,0.84387152,7398949.98999999,7250
2011-10-04,4.95680562068966,36702915.0091095161780471931034,0.83346608,7404549.98999999,5600
2011-10-05,4.88506713091759,36207140.5120842734021527908241,0.82223206,7411799.98999999,7250
2011-10-06,4.73016629573349,35089319.5677084652590021426651,0.79686105,7418199.98999999,6400
2011-10-07,4.27603575686733,31749993.0555552116539691313267,0.72247318,7425099.98999999,6900
2011-10-08,3.98125299415546,29584890.0224063612789154584454,0.67368961,7431049.98999999,5950
2011-10-09,4.11163464348334,30579871.4563266053648201651666,0.6969726,7437399.98999999,6350
2011-10-10,4.07496248392753,30332186.9564891003425998607247,0.69210157,7443549.98999999,6150
2011-10-11,4.00892449590883,29859271.3903388625576667409117,0.68231478,7448199.98999999,4650
2011-10-12,4.16623534248977,31055951.4483248484467488751023,0.71047083,7454199.98999999,6000
2011-10-13,4.03698109000584,30112043.7590382095821306999416,0.68913751,7459049.98999999,4850
2011-10-14,3.98628088544711,29761573.0508852745427200455289,0.68173462,7465999.98999999,6950
2011-10-15,3.83733856049094,28675279.8226072233597049950906,0.65700741,7472699.98999999,6700
2011-10-16,3.60974171654003,26995994.8523046420966825345997,0.61884987,7478649.98999999,5950
2011-10-17,2.58124672180012,19319470.1258365951155315819988,0.44588055,7484549.98999999,5900
2011-10-18,2.42227473816482,18144170.0157377208466044183518,0.41992353,7490549.98999999,6000
2011-10-19,2.21725471303331,16623202.0123807624291197696669,0.38682853,7497199.98999999,6650
2011-10-20,2.35612350847458,17677876.8543480913650191152542,0.41178781,7502949.98999999,5750
2011-10-21,2.57009230508475,19298823.0931804389982294491525,0.4496029,7508999.98999999,6050
2011-10-22,3.15548613851549,23710007.2646366473709837148451,0.55278915,7513899.98999999,4900
2011-10-23,3.14775092986558,23668883.5354607149178349013442,0.55184552,7519299.98999999,5400
2011-10-24,2.52293599766219,18986733.2655770749675181233781,0.44332969,7525649.98999999,6350
2011-10-25,2.80192383109293,21104370.4601557917228323890707,0.49277864,7532099.98999999,6450
2011-10-26,2.7775052390415,20936695.588857794759532609585,0.49043071,7537949.98999999,5850
2011-10-27,3.04540782758621,22971358.9426372939895596241379,0.53782812,7542949.98999999,5000
2011-10-28,3.17963943658679,24000554.3634479821157377341321,0.56150563,7548199.98999999,5250
2011-10-29,3.56918896873174,26961118.0557623288197929126826,0.63046202,7553849.98999999,5650
2011-10-30,3.25740372296902,24624017.6708379399842725703098,0.57571366,7559399.98999999,5550
2011-10-31,3.26509821274109,24703569.7900374351071069725891,0.57758861,7565949.98999999,6550
2011-11-01,3.17100774284044,24015468.5583048211795181715956,0.56157774,7573449.98999999,7500
2011-11-02,3.2558005666277,24682712.433131549630717333723,0.57806992,7581149.98999999,7700
2011-11-03,3.16831638515488,24039283.7090409409772873484512,0.56292746,7587399.98999999,6250
2011-11-04,3.12011817182934,23696517.4542996670455248817066,0.55505983,7594749.98999999,7350
2011-11-05,2.97781759789597,22637518.2403068529813643210403,0.53030549,7602049.98999999,7300
2011-11-06,2.96272057685564,22544081.5198115432742378314436,0.52799021,7609249.98999999,7200
2011-11-07,3.01775768731736,22982789.8527783091052495268264,0.5382165,7615849.98999999,6600
2011-11-08,3.05656711104617,23301128.0270725660848671895383,0.54611468,7623299.98999999,7450
2011-11-09,2.9195672238457,22280239.304499181260870761543,0.53811177,7631349.98999999,8050
2011-11-10,2.85670208533022,21820633.1800193030276769466978,0.52701216,7638399.98999999,7050
2011-11-11,3.06786173348919,23451808.8117194415629907651081,0.56660138,7644349.98999999,5950
2011-11-12,3.02552299590883,23149789.1729411525306817409117,0.55904007,7651499.98999999,7150
2011-11-13,2.98637330333139,22871737.1883603536959530666861,0.55219421,7658699.98999999,7200
2011-11-14,2.22422446434833,17050571.0877823786447720565167,0.4125825,7665849.98999999,7150
2011-11-15,2.3223841157218,17822207.919236800998940842782,0.43137161,7674099.98999999,8250
2011-11-16,2.54678093074226,19561442.2864238529457680925774,0.50419206,7680849.98999999,6750
2011-11-17,2.27909583576856,17521232.9434305544193560423144,0.45379982,7687799.98999999,6950
2011-11-18,2.10506600321449,16197325.0873830514976950678551,0.42341662,7694449.98999999,6650
2011-11-19,2.20345672180012,16967938.8098594148194315819988,0.44318529,7700599.98999999,6150
2011-11-20,2.20198950964348,16972384.6209346158536701035652,0.44369635,7707749.98999999,7150
2011-11-21,2.27987916540035,17586189.9013915953247048459965,0.45948528,7713649.98999999,5900
2011-11-22,2.32245859614261,17930889.9370838327104879385739,0.46857456,7720649.98999999,7000
2011-11-23,2.33032356750438,18007225.7960517118147205249562,0.4707238,7727349.98999999,6700
2011-11-24,2.43887900029223,18859851.2848710001982876970777,0.49214464,7732999.98999999,5650
2011-11-25,2.49616100292227,19319662.0974060042416672707773,0.50383539,7739749.98999999,6750
2011-11-26,2.47179996902396,19145944.5853493137617607097604,0.50116148,7745749.98999999,6000
2011-11-27,2.47756495119813,19204720.8161890705008691880187,0.50265443,7751449.98999999,5700
2011-11-28,2.5412402521917,19714433.603040342325680478083,0.52129794,7757799.98999999,6350
2011-11-29,2.75769848275862,21412701.3814988443094289724138,0.56397222,7764699.98999999,6900
2011-11-30,2.9660415458796,23054447.698152509760788541204,0.60468486,7772799.98999999,8100
2011-12-01,3.08258945002922,23988402.8103564617918132997078,0.62781131,7781899.98999999,9100
2011-12-02,3.10040233313852,24149653.8222785056485914686148,0.63153668,7789199.98999999,7300
2011-12-03,2.80385618527177,21861105.8772883464447204472823,0.57397228,7796799.98999999,7600
2011-12-04,2.81969397603741,22003763.8832085647186861396259,0.57735261,7803599.98999999,6800
2011-12-05,2.87479622735242,22456470.7012154378085135264758,0.58900798,7811499.98999999,7900
2011-12-06,3.02536045149036,23658469.9684235549494918850964,0.6191175,7820049.98999999,8550
2011-12-07,2.98550242109877,23367378.1449639637854880890123,0.61474353,7826949.98999999,6900
2011-12-08,2.99188048305085,23441832.3368570326281866694915,0.61605341,7835149.98999999,8200
2011-12-09,2.95579195207481,23180798.3545887483463323792519,0.60914874,7842499.98999999,7350
2011-12-10,3.06897526709527,24090535.1234279575582946290473,0.63235376,7849699.98999999,7200
2011-12-11,3.2492688471654,25530480.080339976455657528346,0.66826403,7857299.98999999,7600
2011-12-12,3.18733535651666,25064089.6443988479704798348334,0.65547484,7863649.98999999,6350
2011-12-13,3.24108840853302,25508176.0148460841587857146698,0.66660548,7870249.98999999,6600
2011-12-14,3.1550865043834,24855455.941331090265300956166,0.65014649,7877899.98999999,7650
2011-12-15,3.20313854061952,25251942.6529425684824193938048,0.6600436,7883499.98999999,5600
2011-12-16,3.2091377773232,25318171.548322244215390226768,0.66134284,7889399.98999999,5900
2011-12-17,3.19254170426651,25211182.5524967538509178573349,0.65825176,7896899.98999999,7500
2011-12-18,3.19401080888369,25245780.8025574341000550111631,0.65885831,7904099.98999999,7200
2011-12-19,3.52577391934541,27896099.5032990767393067065459,0.72601344,7912049.98999999,7950
2011-12-20,3.95255082729398,31299261.8241086563265519270602,0.81110758,7918749.98999999,6700
2011-12-21,3.88899325073057,30824938.2650506725367617926943,0.79739555,7926199.98999999,7450
2011-12-22,3.90306042051432,30965320.1131617659162525948568,0.79956455,7933599.98999999,7400
2011-12-23,3.93796507597896,31270199.2394464375325596402104,0.80606997,7940699.98999999,7100
2011-12-24,3.93941911864407,31310306.1446329055758681135593,0.80659692,7947949.98999999,7250
2011-12-25,4.23386687784921,33687396.8513002056293391215079,0.86693708,7956649.98999999,8700
2011-12-26,3.99912196405611,31855005.9646976845732192594389,0.81869415,7965499.98999999,8850
2011-12-27,4.0955185458796,32652545.445706354486018541204,0.83793425,7972749.98999999,7250
2011-12-28,4.20729587609585,33576324.6971099300910827390415,0.86007177,7980499.98999999,7750
2011-12-29,4.17335222676797,33334233.5343529195767980323203,0.85308817,7987399.98999999,6900
2011-12-30,4.31063509000584,34461372.1839452938735906999416,0.88040913,7994499.98999999,7100
2011-12-31,4.71430633138515,37724114.9319174291005851861485,0.96110917,8002049.98999999,7550
2012-01-01,5.2948427773232,42410102.140577154318340226768,1.07623657,8009699.98999999,7650
2012-01-02,5.2048778918761,41728807.226594831757460081239,1.05930034,8017249.98999999,7550
2012-01-03,4.87050882875511,39086807.4038203717793606124489,0.99064729,8025199.98999999,7950
2012-01-04,5.58570626709527,44868023.3905257020374846290473,1.13112076,8032649.98999999,7450
2012-01-05,6.87400087726476,55266966.9844685928873436273524,1.37524885,8039999.98999999,7350
2012-01-06,6.68331663997662,53791008.0758505916680674002338,1.3299183,8048549.98999999,8550
2012-01-07,6.79622798071303,54762305.9436280697130898928697,1.34825017,8057749.98999999,9200
2012-01-08,7.09665056633548,57240873.7320387715021395366452,1.40190243,8065899.98999999,8150
2012-01-09,6.28853834248977,50774287.3682112056467188751023,1.23859081,8074099.98999999,8200
2012-01-10,6.52847455523086,52757582.0867190534519458476914,1.28528776,8081149.98999999,7050
2012-01-11,6.88912772121566,55724776.2424778845045661878434,1.35196805,8088799.98999999,7650
2012-01-12,6.77356419579194,54842501.1217035221134386420806,1.3223058,8096549.98999999,7750
2012-01-13,6.45436889012273,52303300.9550102952465837987727,1.2583872,8103549.98999999,7000
2012-01-14,6.76172714260666,54844706.8724224105496619739334,1.3151655,8111049.98999999,7500
2012-01-15,7.04692255815312,57206917.2566177321092432184688,1.36849062,8117999.98999999,6950
2012-01-16,6.71560766656926,54576064.5371355898832307343074,1.30213368,8126749.98999999,8750
2012-01-17,5.59962195032145,45550684.6610885916705659967855,1.08841281,8134599.98999999,7850
2012-01-18,5.9002312881356,48033782.757405615818025918644,1.14730395,8140999.97299999,6400
2012-01-19,6.31570634161309,51463532.3484633856723031559994,1.22398742,8148499.87710466,7500
2012-01-20,6.50149198831093,53024539.8507803398560265169733,1.25883339,8155749.47198481,7250
2012-01-21,6.18056832554062,50457844.8939597173282794090614,1.19649675,8163949.04744397,8200
2012-01-22,6.30296722676797,51499962.1695371421145218328482,1.2195885,8170748.84204106,6800
2012-01-23,6.37487607714787,52141696.6986074312214049282023,1.23243877,8179248.67363629,8500
2012-01-24,6.27447647574518,51364104.036424993130117614547,1.21229511,8186197.56325165,6950
2012-01-25,5.81046507247224,47608611.1860676258573361534472,1.12369377,8193597.34414703,7400
2012-01-26,5.36722695441262,44013925.9542613389581663158186,1.04093223,8200496.51861203,6900
2012-01-27,5.30313719696084,43525737.988286144528458785536,1.03027298,8207545.1514304,7050
2012-01-28,5.65979677498539,46494058.3675950643634308375359,1.09958449,8214792.90088381,7250
2012-01-29,5.39142945733489,44334488.6684053358132934945394,1.04861043,8223141.75104146,8350
2012-01-30,5.50348193863238,45303240.1813138409005547731876,1.07087848,8231741.41143302,8600
2012-01-31,5.53822029573349,45630733.6351854377658690758398,1.07878577,8239241.34443302,7500
2012-02-01,6.07523265225015,50098136.989088278278761763321,1.18086101,8246291.10632214,7050
2012-02-02,6.09957291291642,50347344.4735503225544674844122,1.18457113,8254240.94315441,7950
2012-02-03,5.95161092752776,49173047.378759998689074183808,1.15560669,8262140.7846608,7900
2012-02-04,5.8954132390415,48755013.004408042287637153855,1.14466214,8269990.75849937,7850
2012-02-05,5.67811571712449,46998279.1279011391601238765713,1.10288002,8277090.75849937,7100
2012-02-06,5.48266405844535,45420531.4577413073389411544295,1.066879,8284390.75849937,7300
2012-02-07,5.66202770017534,46945234.8292911602767059295358,1.10174851,8291240.75599937,6850
2012-02-08,5.6185281899474,46625304.246600371353474733138,1.09353017,8298490.75599937,7250
2012-02-09,5.83569985417884,48469810.1186327718098949073308,1.1353915,8305740.75599937,7250
2012-02-10,5.93783415546464,49359082.0094759580262279985632,1.15551803,8312640.72339413,6900
2012-02-11,5.61213285330216,46693734.5085834467646068603208,1.09013106,8320140.61839413,7500
2012-02-12,5.51909716949152,45963265.2470951814034627327776,1.07230709,8328040.58989413,7900
2012-02-13,5.34835455932203,44577950.0130335904989938566839,1.04822456,8334890.57589413,6850
2012-02-14,4.48365409175921,37401703.4482061327805104124373,0.88628318,8341790.57589413,6900
2012-02-15,4.3255203220339,36111565.610580638685564183203,0.85881942,8348490.56808977,6700
2012-02-16,4.25523904500292,35554183.6184633612976316009792,0.84731155,8355390.43575376,6900
2012-02-17,4.39153837288136,36726393.3294089831354294939136,0.87548728,8362990.41725376,7600
2012-02-18,4.27008127761543,35747158.0005161454528420015168,0.85418126,8371540.41725376,8550
2012-02-19,4.38955145821157,36781984.9025532087730604580032,0.87896592,8379440.41725376,7900
2012-02-20,4.36513593892461,36607952.4650042897158238790336,0.8748865,8386440.41725376,7000
2012-02-21,4.31511560198714,36216292.3852600571983976366464,0.86595781,8392890.41725376,6450
2012-02-22,4.41931028755114,37125920.4800449530449943572864,0.88771358,8400840.41725376,7950
2012-02-23,5.03951511805961,42377990.2626364204226161766336,1.01031089,8409140.41725376,8300
2012-02-24,5.02560875891292,42298490.5211330442881493825792,1.0069634,8416590.41725376,7450
2012-02-25,4.77256738106371,40208118.5660524711585857970496,0.9562508,8424840.41725376,8250
2012-02-26,4.9264208515488,41541257.626894896308071423488,0.987122,8432340.41075376,7500
2012-02-27,4.95251575628287,41799433.1179221424672324760912,0.99206546,8440040.41075376,7700
2012-02-28,4.85725777556984,41034309.9734619257181479225984,0.97277124,8448040.41075376,8000
2012-02-29,4.87274875569842,41208789.5009538538942474410592,0.98303424,8456990.41075376,8950
2012-03-01,4.92207212361192,41663078.3949576730815809208192,0.99267825,8464540.41075376,7550
2012-03-02,4.71482358708358,39940404.1004774223704679192608,0.95273137,8471240.41075376,6700
2012-03-03,4.62819325248393,39232686.9015901269136990920768,0.93570447,8476890.38925376,5650
2012-03-04,4.83414448158971,41011626.7419600873749790338096,0.97707036,8483740.38015376,6850
2012-03-05,4.98239290385739,42305450.2167994561148053122864,1.00656035,8490990.38015376,7250
2012-03-06,4.98784135242548,42385879.3950742350451063818048,1.00730295,8497840.32815376,6850
2012-03-07,4.94911288457043,42094879.2282991769184325893168,0.99924077,8505540.32815376,7700
2012-03-08,4.93497949503214,42013159.9536689955652980618464,0.99664788,8513340.32815376,7800
2012-03-09,4.87229784745763,41520457.0574564423593277251888,0.98421823,8521740.32815376,8400
2012-03-10,4.84142380479252,41297298.2293735729709714578752,0.97883044,8529990.32815376,8250
2012-03-11,4.89202875160724,41761734.5288956385036218492224,0.98947911,8536690.32815376,6700
2012-03-12,4.91083937931035,41963074.999323554723257559416,0.99347632,8544990.32815376,8300
2012-03-13,5.29088027878434,45252847.8518619293695294001184,1.06881595,8552990.32815376,8000
2012-03-14,5.39054329222677,46142189.8634614447037933481552,1.08718901,8559840.32815376,6850
2012-03-15,5.34082089888954,45748886.0821993812477823756704,1.07616655,8565890.32815376,6050
2012-03-16,5.33957479135009,45779059.8088331952013475098384,1.07471861,8573540.32815376,7650
2012-03-17,5.23600355406195,44935593.659316071016792165432,1.05459511,8582040.32815376,8500
2012-03-18,5.27014898538866,45270792.3198672102618738403616,1.06154819,8590040.32815376,8000
2012-03-19,4.67867255289305,40223438.420330590570153235368,0.94459498,8597190.32815376,7150
2012-03-20,4.83083021624781,41570213.4538085915172319432656,0.97583693,8605190.32815376,8000
2012-03-21,4.81722952483928,41491233.0288899355342231276928,0.97521983,8613090.32815376,7900
2012-03-22,4.72960850496785,40773909.177281599404678656616,0.958695,8620990.32815376,7900
2012-03-23,4.69164317650497,40476167.7998099115797495641872,0.95107358,8627290.32815376,6300
2012-03-24,4.65198626592636,40176834.3923771335084949171136,0.94428539,8636490.32815376,9200
2012-03-25,4.55227026241964,39351373.4140891939867915638464,0.92514492,8644340.32815376,7850
2012-03-26,4.63272235973115,40081805.777179600755349461624,0.94207727,8651890.32815376,7550
2012-03-27,4.81134073524255,41664720.830432110720507294488,0.97836225,8659690.32815376,7800
2012-03-28,4.79058939158387,41520950.0408917236896592958512,0.97414873,8667190.32815376,7500
2012-03-29,4.79406657218001,41584885.5962577012935816783376,0.97547676,8674240.32815376,7050
2012-03-30,4.86140935651666,42206465.9440060103605224816416,1.00380823,8681940.32815376,7700
2012-03-31,4.88977687317358,42494314.1343012730681534096608,1.00947443,8690440.32815376,8500
2012-04-01,4.79332567738165,41690143.385001840078335402504,0.98982662,8697540.32815376,7100
2012-04-02,4.98304547866745,43369140.671510674358723507112,1.02854689,8703340.32815376,5800
2012-04-03,4.95623319286967,43168743.1739694546802874004592,1.02616999,8709990.32815376,6650
2012-04-04,4.91784217767387,42868045.0218430986610684942512,1.01818959,8716840.32815376,6850
2012-04-05,4.92084924488603,42923044.1146701071232115159728,1.01855009,8722690.32815376,5850
2012-04-06,4.94910743220339,43203185.4624133834925875132464,1.02383214,8729490.32815376,6800
2012-04-07,4.70971191028638,41143762.2110568703744582737888,0.9749089,8735940.32815376,6450
2012-04-08,4.77881884921099,41783317.4471327121330594018224,0.98932901,8743440.32815376,7500
2012-04-09,4.85254738106371,42463382.0617511183196092360496,1.00365621,8750740.32815376,7300
2012-04-10,4.84141759380479,42401572.6028551803882945445104,1.00159858,8758090.32815376,7350
2012-04-11,4.91525071712449,43082862.2836545564456977815824,1.01641869,8765140.32815376,7050
2012-04-12,4.90115814728229,42990461.2856386082974172449104,1.01283392,8771490.32815376,6350
2012-04-13,4.93440673348919,43312447.5393881766753956178544,1.01932475,8777640.32815376,6150
2012-04-14,4.95636466101695,43539633.063972588244337566232,1.0235231,8784590.32815376,6950
2012-04-15,4.9616003383986,43612170.906671196746772968736,1.0239991,8789940.32815376,5350
2012-04-16,4.95076456925774,43554055.8767828204623077901024,1.02128074,8797440.32815376,7500
2012-04-17,4.9687445075979,43745772.336860547848599453104,1.02477367,8804190.32815376,6750
2012-04-18,5.12437744301578,45149302.7749884282730139463328,1.05577307,8810690.32815376,6500
2012-04-19,5.13090651139684,45247105.9907397533369558981184,1.05634217,8818540.32815376,7850
2012-04-20,5.36651596814728,47366159.6597426416747701657728,1.10253174,8826240.32815376,7700
2012-04-21,5.28255033898305,46665734.475044680843562433768,1.08513311,8833940.32815376,7700
2012-04-22,5.19560899473992,45934069.0909145754385249700992,1.06645583,8840940.32815376,7000
2012-04-23,5.11088819170076,45219556.0219860742906051888576,1.05038086,8847690.32815376,6750
2012-04-24,5.08786726241964,45050980.2527510926915115638464,1.04562838,8854590.32815376,6900
2012-04-25,5.14881624547048,45623353.5117426055514209810048,1.05274593,8860940.32815376,6350
2012-04-26,5.09741928579778,45207433.1184992184392561066528,1.04365008,8868690.32815376,7750
2012-04-27,5.09588733985973,45228244.0039192331425682720848,1.04332334,8875440.32815376,6750
2012-04-28,4.9707366528346,44155254.147761787781488648096,1.01826429,8883040.32815376,7600
2012-04-29,4.90260617767387,43593926.7146229263042084942512,1.00664344,8891990.32815376,8950
2012-04-30,4.9421168100526,43989486.821043803021966487776,1.0154865,8900940.32815376,8950
2012-05-01,4.98713722735243,44432601.5354106667308747496368,1.02469896,8909440.32815376,8500
2012-05-02,5.05343735388662,45061199.3366702259451449666912,1.03816859,8916940.32815376,7500
2012-05-03,5.11887297895967,45684868.0536668882273165988592,1.05122986,8924790.32815376,7850
2012-05-04,5.08550708825248,45428022.8070535559599031413248,1.04434248,8932840.32815376,8050
2012-05-05,5.05663956458212,45212376.7678012916051855067712,1.0384012,8941190.32815376,8350
2012-05-06,5.0478007729398,45174739.415794520093101623648,1.03909745,8949390.32815376,8200
2012-05-07,5.06755586703682,45394609.6887079712879925414432,1.04315667,8957890.32815376,8500
2012-05-08,5.02346642285213,45043867.7875933604423763835088,1.034375,8966690.32815376,8800
2012-05-09,5.04130623553478,45245674.7051858916543836677728,1.03787929,8974990.32815376,8300
2012-05-10,4.92748871975453,44255945.9041260766682352965328,1.01481717,8981440.32815376,6450
2012-05-11,4.96370997749854,44616755.4955036943242612955104,1.02276513,8988590.32815376,7150
2012-05-12,4.94653223495032,44494009.6112789307569509212032,1.01650991,8994990.32815376,6400
2012-05-13,4.94479505376973,44512997.2487376610866390736848,1.01723564,9001990.32815376,7000
2012-05-14,5.01143592197545,45147727.179443051318310545192,1.03132782,9008940.32815376,6950
2012-05-15,5.03364040035067,45380484.6627454682077776790192,1.03590742,9015440.32815376,6500
2012-05-16,5.08778450905903,45899398.7376626730176452414528,1.04782389,9021490.32765376,6050
2012-05-17,5.08966168644068,45945853.7003117206313281189568,1.04954557,9027290.32515376,5800
2012-05-18,5.11830148275862,46241501.0808574168742370254112,1.05722248,9034540.31315376,7250
2012-05-19,5.11254581122151,46227589.6929509064443337843776,1.05598806,9041990.31165376,7450
2012-05-20,5.09420096843951,46096865.7837079276610641263076,1.05630265,9048890.31062876,6900
2012-05-21,5.0942213100526,46129143.439345519736135772776,1.05927394,9055190.30912876,6300
2012-05-22,5.08913918877849,46112386.4118252884807112833724,1.05870456,9060940.30862876,5750
2012-05-23,5.12885889976622,46505621.9224451468767296584872,1.0665583,9067440.30812876,6500
2012-05-24,5.11915775920514,46449652.1454818193548583738264,1.06748348,9073690.30812876,6250
2012-05-25,5.13727680654588,46645139.2867037054391230675088,1.07106937,9079740.30662876,6050
2012-05-26,5.10397880479252,46379040.3198605464213757596752,1.0671858,9086840.30511876,7100
2012-05-27,5.13461613500877,46698257.0143764226881158715252,1.07321035,9094790.29911876,7950
2012-05-28,5.13632541905318,46750270.4945245879757612156568,1.07353739,9101890.29711876,7100
2012-05-29,5.14847069783752,46893250.8473212448798623438752,1.07601639,9108190.29561876,6300
2012-05-30,5.13826456925774,46833947.1163945613188783492024,1.07393,9114740.29511876,6550
2012-05-31,5.18163972121566,47265053.6727197183415818757816,1.08799952,9121640.29451876,6900
2012-06-01,5.26694375803624,48083195.1795615645061371998624,1.10502904,9129240.29351876,7600
2012-06-02,5.24363906019871,47912390.0924073981469939377996,1.09982963,9137240.29101876,8000
2012-06-03,5.21270498480421,47669615.1872366454636253019796,1.09327409,9144890.28751876,7650
2012-06-04,5.25876585739334,48131592.2384888861508832690584,1.10255401,9152640.28551876,7750
2012-06-05,5.42601429485681,49702238.2218352827994055537556,1.13624416,9159990.28401876,7350
2012-06-06,5.44616942197545,49928522.181047130995408609442,1.13951888,9167640.28301876,7650
2012-06-07,5.58716980976037,51259993.8406160946563554445412,1.16734111,9174590.28201876,6950
2012-06-08,5.62252910169492,51624039.6813223014910203166992,1.17328064,9181640.28101876,7050
2012-06-09,5.55700233547633,51069908.8467576153321477709508,1.15906527,9190190.27951876,8550
2012-06-10,5.45789356925774,50204380.9270915907957243852024,1.13827143,9198490.27651876,8300
2012-06-11,5.58699698158971,51431046.3856115387918756119596,1.16358167,9205490.27591876,7000
2012-06-12,5.72749129865575,52769039.88158684065472845687,1.19076668,9213290.27491876,7800
2012-06-13,5.90930132378726,54488428.1543049162422029829976,1.22631584,9220790.27091876,7500
2012-06-14,5.96202318205728,55021069.0673436662067824665728,1.23632319,9228590.25991876,7800
2012-06-15,6.52338071917008,60253468.6238220961002851827008,1.34544986,9236540.25691876,7950
2012-06-16,6.44415828229106,59571991.8180513761657669742856,1.32650659,9244340.25491876,7800
2012-06-17,6.1999664880187,57365439.484740445713207060812,1.27481556,9252540.25091876,8200
2012-06-18,6.31084466861485,58446564.172951119614874829586,1.29624188,9261290.24591876,8750
2012-06-19,6.49482671595558,60198212.2670423659080239186808,1.33207309,9268640.24241876,7350
2012-06-20,6.69355105552309,62088644.9163648711211755391684,1.37148675,9275890.24141876,7250
2012-06-21,6.67226250379895,61936546.022190421481439373302,1.36507314,9282690.23991876,6800
2012-06-22,6.56376169783752,60974656.5856927298039599198752,1.340806,9289590.23691876,6900
2012-06-23,6.44754168907072,59947890.1494258066645283747072,1.31590739,9297790.23391876,8200
2012-06-24,6.35049403857393,59087157.1724884156503710489268,1.29595593,9304340.23141876,6550
2012-06-25,6.31747363004091,58828568.5842839011000393204716,1.28915512,9312040.22831876,7700
2012-06-26,6.43286082875511,59950983.6208520461103288388636,1.31046257,9319490.22631876,7450
2012-06-27,6.61571340151958,61708994.4068080116286161913208,1.34542168,9327640.21981876,8150
2012-06-28,6.59006463296318,61514893.8478931484336134032568,1.33892459,9334490.21731876,6850
2012-06-29,6.65877675715956,62204895.5393782185879186813456,1.35144702,9341790.21281876,7300
2012-06-30,6.68042762302747,62451244.1851725965951574663372,1.35478588,9348390.20931876,6600
2012-07-01,6.62686009234366,61997524.7091328948700885750616,1.3431952,9355490.20881876,7100
2012-07-02,6.74347805084746,63139793.2809284176877699763496,1.36464463,9363090.20431876,7600
2012-07-03,6.44999240327294,60443460.6121164841425646923544,1.30578732,9371090.20181876,8000
2012-07-04,6.51483533313852,61099970.7566872274936178146352,1.31743258,9378590.19181876,7500
2012-07-05,6.64239860432496,62344159.6573390328170945442496,1.34189548,9385790.18981876,7200
2012-07-06,6.67218118936295,62675402.126008789851067083942,1.34647254,9393540.18531876,7750
2012-07-07,6.80827371186441,64010301.3564313054021165193316,1.37465592,9401840.18231876,8300
2012-07-08,6.79631768790181,63949884.5500369390693722859556,1.37033073,9409490.18081876,7650
2012-07-09,7.03239588603156,66228574.0109723955144913000656,1.41488587,9417640.17331876,8150
2012-07-10,7.17858003565167,67659123.0526902511810965563292,1.45714854,9425140.16931876,7500
2012-07-11,7.18514778901227,67769165.5245275071510746411852,1.45509139,9431840.16731876,6700
2012-07-12,7.55593565020456,71323046.8733177915471138855456,1.52548031,9439340.16581876,7500
2012-07-13,7.63092125599065,72093053.517530453540917764594,1.53494235,9447490.16521876,8150
2012-07-14,7.58012917825833,71674215.8105455448958041160708,1.53495281,9455540.15307876,8050
2012-07-15,7.62723485973115,72173016.098099963528090500374,1.54252702,9462540.15057876,7000
2012-07-16,8.49340567738165,80432892.749381555404514963754,1.70367355,9470040.14697876,7500
2012-07-17,8.75198485505552,82956914.9909993734900012607552,1.73352208,9478640.14447876,8600
2012-07-18,9.09519268614845,86280546.205442799734406531922,1.79066623,9486390.13847876,7750
2012-07-19,8.87953341350087,84294655.0142707584444633865212,1.73994899,9493140.13347876,6750
2012-07-20,8.53245067913501,81062890.0925058263526831071376,1.67043972,9500540.13095376,7400
2012-07-21,8.87564584102864,84386002.7507508076424908356864,1.73068675,9507590.12495376,7050
2012-07-22,8.50656254412624,80942835.8760334634529608826624,1.65722469,9515340.12195376,7750
2012-07-23,8.53121126943308,81237521.8947565245146379343808,1.65967218,9522390.11895376,7050
2012-07-24,8.57458517066043,81719570.4966989646381789717168,1.66485314,9530440.11695376,8050
2012-07-25,8.7693472729398,83645893.810169347682176263648,1.69811126,9538440.11495376,8000
2012-07-26,8.87576504617183,84735953.5420090043349522295808,1.71150143,9546890.11045376,8450
2012-07-27,8.89145989421391,84964924.4979511365613868738016,1.71018114,9555790.10745376,8900
2012-07-28,8.84256089421391,84565301.4685359675386842788016,1.69715731,9563440.10295376,7650
2012-07-29,8.74768065926359,83730525.7478632481192746515984,1.67503455,9571740.09995376,8300
2012-07-30,9.08831724897721,87070987.8219795995478608385596,1.73507837,9580540.09742876,8800
2012-07-31,9.32099840210403,89360785.4197197376480730039028,1.77024687,9587040.09642876,6500
2012-08-01,9.56802090385739,91793105.7840211776997186395364,1.80931121,9593740.09592876,6700
2012-08-02,10.5510396960842,101310978.647725122770007861592,1.9719365,9601990.09442876,8250
2012-08-03,10.9158647466394,104902443.635597877285634809144,2.02602743,9610090.09092876,8100
2012-08-04,10.9197148807715,105024617.52570010603555733834,2.01583662,9617890.08892876,7800
2012-08-05,10.805117377557,103997526.89568884723181733932,1.9855767,9624840.08842876,6950
2012-08-06,10.8694465017534,104692770.505707635034500687784,1.98923564,9631840.08392876,7000
2012-08-07,10.9412794400935,105474372.35008440108035473906,1.99677645,9640040.08192876,8200
2012-08-08,11.0703915967271,106810902.928817111979071931396,2.00790333,9648340.07862876,8300
2012-08-09,11.1037247440094,107226894.096589630819308256344,2.00671418,9656840.07561876,8500
2012-08-10,11.4475688045003,110636632.184861533025863305598,2.06026781,9664640.07111866,7800
2012-08-11,11.5425355271771,111651408.618982157443343434686,2.07039383,9673040.06611866,8400
2012-08-12,11.5925523898305,112227384.47474271643615303713,2.0737898,9680990.06161866,7950
2012-08-13,11.9849629903565,116122187.29643910305518220229,2.13114399,9688990.06111866,8000
2012-08-14,12.1870974810053,118176335.076476951839916738898,2.1544732,9696840.06061866,7850
2012-08-15,13.1700773538866,127818103.773253784650461783956,2.30814027,9705190.05611866,8350
2012-08-16,13.4507908246639,130646052.434359313866769118374,2.33572798,9712890.05511866,7700
2012-08-17,12.0770055423729,117385958.354292046456794568314,2.0858717,9719790.05411866,6900
2012-08-18,11.5775071648159,112618349.171159470606235654694,1.97544904,9727340.05411866,7550
2012-08-19,7.83062184190532,76242380.1227762184647791452712,1.36686681,9736440.05061866,9100
2012-08-20,9.97987664874343,97255295.6149337173817679654038,1.71866113,9745140.04911866,8700
2012-08-21,9.90298201811806,96591607.4500664861542777389996,1.70425191,9753790.04761866,8650
2012-08-22,9.772554578609,95395671.50898487710199029394,1.67933753,9761590.04706866,7800
2012-08-23,10.0886574260666,98564569.317120454022837432756,1.72984273,9769840.04456866,8250
2012-08-24,10.5940425943892,103580497.487728144222850162472,1.80794118,9777240.04456866,7400
2012-08-25,10.5836766715371,103552174.735461450381900137286,1.80118006,9784140.04406866,6900
2012-08-26,10.545530742256,103273332.10031615835551529696,1.7917826,9793090.04206866,8950
2012-08-27,10.9003800806546,106827431.350410916842161714836,1.83189532,9800340.03951866,7250
2012-08-28,10.9329585336061,107229255.087826365412268889826,1.83040885,9807890.03801866,7550
2012-08-29,10.8677839018118,106681318.818091383633020808188,1.81697118,9816290.03501866,8400
2012-08-30,10.7277488383986,105389297.616880484101684617876,1.79273795,9823990.02851866,7700
2012-08-31,10.1024098205728,99316690.199957772105003888448,1.67505198,9830990.02751866,7000
2012-09-01,10.0065329374635,98454678.08337092038120056891,1.66090374,9839040.02501866,8050
2012-09-02,10.2261162016365,100699020.68966391921777953709,1.69521665,9847240.01801866,8200
2012-09-03,10.4971343091759,103450203.510370930909342182294,1.73716742,9855090.01441866,7850
2012-09-04,10.3640018942139,102217456.181210217743812291374,1.71209367,9862740.01341866,7650
2012-09-05,11.0255228784337,108841095.329307506391405202842,1.81269181,9871740.00991866,9000
2012-09-06,11.1607690157802,110271634.580604826023029918532,1.82965166,9880290.00731866,8550
2012-09-07,11.0761223366452,109528340.248070151615021359432,1.81354854,9888690.00531866,8400
2012-09-08,11.0432700333139,109283537.655887076991484417374,1.80523977,9895940.00021866,7250
2012-09-09,11.0620954932788,109557776.886462173063477862408,1.8034734,9903889.99561866,7950
2012-09-10,11.1252888047925,110267076.141424744793284945275,1.78632149,9911389.99411183,7500
2012-09-11,11.2680929552893,111764157.421166029744875602419,1.80560418,9918639.99211183,7250
2012-09-12,11.3152859082408,112319940.780472567006830968664,1.80894872,9926389.99061183,7750
2012-09-13,11.38029928872,113039260.8894036667822575576,1.81613397,9932889.99011183,6500
2012-09-14,11.730107622443,116608882.45764034028098780069,1.86613678,9940989.99011183,8100
2012-09-15,11.7183934155465,116576804.076732069615195565095,1.85833105,9948189.99011183,7200
2012-09-16,11.8869112238457,118348940.850100979540168564631,1.87885659,9956239.98711183,8050
2012-09-17,11.908317157218,118662093.31211603842663968894,1.87699904,9964639.98611183,8400
2012-09-18,12.2596508386908,122265375.029101370245583392164,1.92401948,9972989.98461183,8350
2012-09-19,12.5048540981882,124798943.895402915790789186406,1.9513395,9980039.98411183,7050
2012-09-20,12.3671766493279,123518907.993401502131447939057,1.91810213,9987639.98411183,7600
2012-09-21,12.3336578357686,123288353.559588892357476402538,1.90624657,9996089.98411183,8450
2012-09-22,12.2137276250731,122185398.125199415735532674773,1.88391087,10003939.98261183,7850
2012-09-23,12.1654630263004,121798669.133700257505974173732,1.87373566,10011839.98261183,7900
2012-09-24,12.11358871654,121371980.7988522246867206682,1.86187643,10019489.98261183,7650
2012-09-25,12.1824053945061,122146156.531862005275410867163,1.86751446,10026439.98261183,6950
2012-09-26,12.3198168597312,123610143.058882341402127740096,1.88332202,10033439.98261183,7000
2012-09-27,12.3187514018118,123698618.799578628019558113594,1.87790927,10041489.98261183,8050
2012-09-28,12.3814573892461,124426093.857624978947032641363,1.87920326,10049389.98261183,7900
2012-09-29,12.4047515055523,124764385.429332939430700663709,1.87778161,10057789.98261183,8400
2012-09-30,12.3916224728229,124730849.774124739312735034907,1.87229802,10065739.98261183,7950
2012-10-01,12.3893951601403,124789580.762100633045303239749,1.8688831,10072289.98261183,6550
2012-10-02,12.8072380958504,129091708.815858300094876950232,1.9232089,10079589.98261183,7300
2012-10-03,12.9554304944477,130671581.045046941787359336291,1.93693159,10086239.98261183,6650
2012-10-04,12.8623857779077,129817358.331755704971158668091,1.91743612,10092789.98261183,6550
2012-10-05,12.7522194190532,128792187.500737749052201719356,1.8990167,10099589.98261183,6800
2012-10-06,12.5051297136178,126393597.542196413319562378574,1.86118784,10107339.98261183,7750
2012-10-07,11.8739970853302,120088737.975757577518773976266,1.76871725,10113589.98261183,6250
2012-10-08,11.7333297481005,118770512.826095368170870828915,1.74493179,10122489.98161183,8900
2012-10-09,11.8286634354179,119819510.613524336384624783757,1.7595105,10129589.98011183,7100
2012-10-10,12.109188478083,122751327.72903689530584402189,1.79846745,10137039.98011183,7450
2012-10-11,12.0675518082992,122412521.244243289096588499536,1.79078273,10143939.97961183,6900
2012-10-12,12.0280681648159,122101610.636386146502737462097,1.7833828,10151389.97911183,7450
2012-10-13,11.9268038293396,121161895.218364327225433647468,1.76778643,10158789.97861183,7400
2012-10-14,11.6505779608416,118429755.797859550818845716128,1.72624831,10165139.97811183,6350
2012-10-15,11.9083095268849,121150258.441107382163596388367,1.76179327,10173589.97661183,8450
2012-10-16,11.8480180689655,120628700.003253733975480411865,1.7507955,10181339.97611183,7750
2012-10-17,11.9193881607247,121439970.821561897708258693201,1.7561613,10188439.97561183,7100
2012-10-18,11.9259328445354,121600269.512556176044887093782,1.75473806,10196289.97561183,7850
2012-10-19,11.7574857971946,119962097.601464829189432572118,1.72901826,10203039.97561183,6750
2012-10-20,11.6943775517241,119410587.232797213878368856103,1.71932352,10210939.97561183,7900
2012-10-21,11.657411405903,119126970.24021870981338363249,1.70878321,10218989.97061183,8050
2012-10-22,11.7410779129164,120074124.856787389792760241012,1.71974123,10226839.96711183,7850
2012-10-23,11.7077817299825,119809710.691943818961458942975,1.71372613,10233339.96611183,6500
2012-10-24,11.6343523869082,119152521.515110204280549144006,1.70097555,10241439.96611183,8100
2012-10-25,10.7536298202805,110209542.663578701225956418315,1.57445232,10248589.96501183,7150
2012-10-26,10.130619493571,103908142.88185631910005294493,1.4868804,10256839.96401183,8250
2012-10-27,10.4581862957335,107359452.263560594518872277305,1.53614064,10265589.96251183,8750
2012-10-28,10.7099620838691,110032971.946990047463426371453,1.57242952,10273889.96201183,8300
2012-10-29,10.6307389760374,109303025.287273890010646622442,1.56040388,10281789.96151183,7900
2012-10-30,10.8593230584454,111730922.965576080388410809082,1.59285398,10288939.96101183,7150
2012-10-31,11.1460718381064,114761515.643916777882535598712,1.63149593,10296139.95951183,7200
2012-11-01,10.6135357510228,109351152.261787454756976999724,1.5558671,10302989.95801183,6850
2012-11-02,10.5305036388077,108570966.328664487647912145091,1.5453108,10310139.95651183,7150
2012-11-03,10.650747019287,109888442.85816559476861016521,1.56238365,10317439.95601183,7300
2012-11-04,10.7968828924605,111480946.480359914455125557715,1.58109304,10325289.95551183,7850
2012-11-05,10.7408207352425,110988015.006693693280764168775,1.57225848,10333289.95451183,8000
2012-11-06,10.8681974991233,112377596.363592273999181178639,1.58971981,10340039.95351183,6750
2012-11-07,10.9540989444769,113351810.417327054813337311727,1.60010198,10347889.95351183,7850
2012-11-08,10.892699371128,112800328.17427774539610844424,1.5902082,10355589.95351183,7700
2012-11-09,10.8158672180012,112086886.486700048291132554196,1.57844306,10363189.95301183,7600
2012-11-10,10.8632604430158,112656246.944338633268282476914,1.5845781,10370389.95201183,7200
2012-11-11,10.8418406388077,112513802.745279208590583645091,1.58025646,10377739.95151183,7350
2012-11-12,11.0313424552893,114553210.177269281261715022419,1.60489338,10384339.95151183,6600
2012-11-13,10.9980027790766,114283985.643060802673508176178,1.59806012,10391339.94951183,7000
2012-11-14,10.9589524184687,113956556.569666187118972434721,1.59128731,10398489.94851183,7150
2012-11-15,11.1751098585622,116280258.279225162942392390826,1.62005507,10405289.94801183,6800
2012-11-16,11.705044829924,121879246.88485298648429000092,1.68971657,10412539.94801183,7250
2012-11-17,11.7500423991818,122430036.157357488216946920694,1.69344447,10419539.94701183,7000
2012-11-18,11.6656310321449,121635667.653069288827430574167,1.67867627,10426839.94701183,7300
2012-11-19,11.7505293506721,122606667.684632209319925050943,1.6880353,10434139.94601183,7300
2012-11-20,11.6991703167738,122156769.221724913565901534054,1.67898029,10441489.94451183,7350
2012-11-21,11.7291351759205,122558788.424530890750543389515,1.68083489,10449089.94451183,7600
2012-11-22,12.2919979465225,128528694.520037280855447361175,1.75627213,10456289.94401183,7200
2012-11-23,12.2802876195207,128506332.289666363017379729881,1.74998238,10464439.94401183,8150
2012-11-24,12.4132043997662,129990951.641108448359258934146,1.76602085,10471989.94351183,7550
2012-11-25,12.5296894897721,131302249.065494639863540353943,1.77806828,10479289.94351183,7300
2012-11-26,12.1846262399182,127781880.537408513521039932306,1.72578205,10487139.94351183,7850
2012-11-27,12.1592753845704,127606001.207534230615571867832,1.72025602,10494539.94351183,7400
2012-11-28,12.3316598270018,129501418.243059586082151731294,1.74127299,10501539.94351183,7000
2012-11-29,12.4976616534191,131296558.343489637771471247953,1.76192076,10505689.94301183,4150
2012-11-30,12.5861389275278,132265404.830133963247664153874,1.77041545,10508814.94251183,3125
2012-12-01,12.5923868702513,132383636.512873743849099672879,1.76938314,10512989.94201183,4175
2012-12-02,12.4979447565751,131435447.674198271336614483433,1.75501044,10516564.94201183,3575
2012-12-03,12.6569578369375,133154233.367852584431898470625,1.77399667,10520239.94101183,3675
2012-12-04,13.3695895815313,140688725.148019918504871515279,1.85774266,10523039.94001183,2800
2012-12-05,13.3127502220923,140131206.160030514172404751909,1.84294645,10526089.93801183,3050
2012-12-06,13.4779245403273,141916007.774033570336355821959,1.8612199,10529514.93751183,3425
2012-12-07,13.4772824494448,141952711.090917223463632131984,1.8543992,10532739.93651183,3225
2012-12-08,13.4999844091175,142238399.860910422752481110025,1.85513901,10536189.93551183,3450
2012-12-09,13.3465108907072,140663415.230173958021222666176,1.83087828,10539339.93551183,3150
2012-12-10,13.4922565809468,142247713.407529539265337200644,1.84712224,10542914.93451183,3575
2012-12-11,13.615415666277,143595184.64355359538177305691,1.85959868,10546514.93301183,3600
2012-12-12,13.6682136426067,144196440.983686053338243137261,1.86112478,10549764.93301183,3250
2012-12-13,13.7552515207481,145159718.587076401959367750023,1.86515926,10553039.93301183,3275
2012-12-14,13.6009222527762,143567118.089705392299468742446,1.84173767,10555689.93201183,2650
2012-12-15,13.5309482887201,142867734.358321799855568658783,1.83124675,10558589.93101183,2900
2012-12-16,13.3328610765634,140813211.390736465428097745022,1.80326306,10561364.93001183,2775
2012-12-17,13.3200719514904,140722763.008082405107112931432,1.80108367,10564714.92951183,3350
2012-12-18,13.2720338690824,140256729.467522370406362044792,1.79259699,10567839.92951183,3125
2012-12-19,13.5385431800117,143121219.033436752037994688411,1.82412757,10571389.92951183,3550
2012-12-20,13.5700270263004,143490007.607085082655242533732,1.82505515,10574039.92851183,2650
2012-12-21,13.4289680023378,142040745.084491555302808256174,1.80384887,10577189.92701183,3150
2012-12-22,13.4272139129164,142073550.827322136530776201012,1.80284753,10581014.92601183,3825
2012-12-23,13.3181057568673,140959696.015516373878989890159,1.78784107,10584064.92551183,3050
2012-12-24,13.4266626715371,142152977.428597525795621783893,1.80152292,10587364.92501183,3300
2012-12-25,13.3655670046756,141547568.565912367460995312348,1.79274659,10590464.92501183,3100
2012-12-26,13.4546990175336,142543318.606270874749590622488,1.80324201,10594314.92451183,3850
2012-12-27,13.3993031811806,142008694.952847076206498066498,1.79484765,10598214.92451183,3900
2012-12-28,13.4555072215079,142661206.949689341870322138457,1.80018039,10602439.92301183,4225
2012-12-29,13.3740038603156,141845218.846273575724735133548,1.78895887,10606039.92101183,3600
2012-12-30,13.445013798948,142654149.83023797552160955484,1.79682629,10610189.91601183,4150
2012-12-31,13.5455524436002,143774388.855730136785590690366,1.80428719,10614139.91451183,3950
2013-01-01,13.3313714219755,141555033.526106002202114720165,1.77533304,10618189.91051183,4050
2013-01-02,13.2806068129749,141066803.574783775427869043067,1.7682754,10622014.90951183,3825
2013-01-03,13.3840811484512,142220115.004155887402024577696,1.78037669,10626064.90701183,4050
2013-01-04,13.4517211496201,142990314.833203247711860355783,1.78670376,10629889.90351183,3825
2013-01-05,13.459406766803,143119456.47290247711355427949,1.78641402,10633414.90101183,3525
2013-01-06,13.5044965078901,143647868.183997416708678339883,1.79112313,10637039.90001183,3625
2013-01-07,13.5560616578025,144253304.186472415871359303575,1.79609055,10641239.89901183,4200
2013-01-08,13.7803506312098,146685836.611271001901567611934,1.82064961,10644564.89801183,3325
2013-01-09,13.8209552565751,147162973.271894308879949983433,1.82378518,10647814.89701183,3250
2013-01-10,14.12317285564,150432832.9502932444648622212,1.85730887,10651489.89451183,3675
2013-01-11,14.2276211227352,151586978.382199608533215557416,1.86676138,10654414.89301183,2925
2013-01-12,14.2142856560491,151488250.358584911333557360853,1.86299654,10657464.89301183,3050
2013-01-13,14.1607882670953,150965188.420769292565907337399,1.85333941,10660789.89201183,3325
2013-01-14,14.3179703202805,152697071.269442898915533918315,1.87068729,10664714.89001183,3925
2013-01-15,14.3136377516072,152694164.399685731634202313176,1.86625363,10667739.88901183,3025
2013-01-16,14.7078140479252,156947302.653457627078676755116,1.91141576,10671014.88651183,3275
2013-01-17,15.598599739626,166496176.12116816391792977558,2.0121271,10673789.88501183,2775
2013-01-18,15.7157911239042,167794592.577863472997156486686,2.01889919,10676814.88351183,3025
2013-01-19,15.5881263997662,166491554.222138416085780734146,1.99859889,10680664.88251183,3850
2013-01-20,15.7195921373466,167946784.359633898369739410278,2.01174993,10683914.88101183,3250
2013-01-21,16.7810195207481,179342361.507127062991910350023,2.13015937,10687214.87901183,3300
2013-01-22,17.3001788386908,184953009.294990759539347912164,2.1703499,10690814.87651183,3600
2013-01-23,17.5363954228521,187533596.668762189854987740343,2.18559134,10693964.87401183,3150
2013-01-24,16.90108607218,180805534.9904228183091938894,2.09953529,10697864.87201183,3900
2013-01-25,17.4072020292227,186279514.740570250684054704541,2.15223509,10701289.87001183,3425
2013-01-26,17.5536291760608,187914933.184849294569066399264,2.16087068,10705189.86701183,3900
2013-01-27,17.8646280148217,191311673.728299309081574990711,2.18079976,10708964.86451183,3775
2013-01-28,18.7942648743425,201336191.079487355131369721775,2.27526587,10712639.86251183,3675
2013-01-29,19.5147141861484,209131188.187821669150194535572,2.32416991,10716589.86101183,3950
2013-01-30,19.7374466864407,211593616.686929071380560143481,2.32557517,10720414.85651183,3825
2013-01-31,20.5116430306838,219992291.293698067853876289354,2.38254625,10725239.85351183,4825
2013-02-01,20.443091956166,219332192.91977451813335644378,2.33077644,10728914.85251183,3675
2013-02-02,19.6359017054354,210747024.724841771897865300782,2.2350697,10732739.85001183,3825
2013-02-03,20.5789396832262,220964098.058099724307296365946,2.32891208,10737389.84901183,4650
2013-02-04,20.4404879614261,219561293.926066479724816470763,2.30317042,10741489.84801183,4100
2013-02-05,20.6593447276446,221998394.402149767377504235618,2.31494333,10745664.84701183,4175
2013-02-06,21.2085655318527,227977548.323554728559499667441,2.36137756,10749314.84551183,3650
2013-02-07,22.1177651789246,237835974.950121031608829078018,2.44320117,10753164.84401183,3850
2013-02-08,22.7873650499299,245122315.045633565245476270717,2.48951622,10756939.84401183,3775
2013-02-09,23.7338601537113,255388554.477844406829299954679,2.57029343,10760514.84351183,3575
2013-02-10,23.9002893571011,257275617.020126096995120706013,2.57573299,10764539.84201183,4025
2013-02-11,24.4972726949153,263799244.591757912371405797999,2.61956557,10768514.84151183,3975
2013-02-12,24.9797364073641,269081466.773809828458761067303,2.64695645,10771989.83951183,3475
2013-02-13,24.6416509347867,265544956.469819955101039726661,2.58643345,10776264.83601183,4275
2013-02-14,27.2823898203039,294105249.084479674297734595137,2.81731895,10780039.83601183,3775
2013-02-15,27.1712692291058,293028956.046635046155864621614,2.76388477,10784514.83351183,4475
2013-02-16,27.3461635619521,295044317.196343347453913243343,2.75541364,10789239.83351183,4725
2013-02-17,26.9272513763881,290651131.117409132135417571223,2.69341809,10793939.82901183,4700
2013-02-18,26.9288676370544,290776965.616563883045316753552,2.67527962,10797964.82851183,4025
2013-02-19,29.4136243807715,317724200.611301405441797776845,2.87905367,10801939.82551183,3975
2013-02-20,29.8198072276447,322255643.806524472649535836801,2.88625353,10806764.82401183,4825
2013-02-21,29.8180689158387,322368057.738148814279405121821,2.8644687,10811164.82251183,4400
2013-02-22,30.4726565324372,329574421.142233236457175732076,2.89510636,10815414.82251183,4250
2013-02-23,29.8064545458796,322491376.750766221584708955668,2.81513609,10819514.82201183,4100
2013-02-24,29.8828484924021,323434465.296598757621591316843,2.78872419,10823414.82201183,3900
2013-02-25,30.3520330949737,328667440.201588259059234388871,2.77552491,10828514.82051183,5100
2013-02-26,31.1555373506721,337497493.391612462357044400943,2.82058485,10832664.81951183,4150
2013-02-27,31.2402610829924,338566011.414581490801491200092,2.81550442,10837489.81851183,4825
2013-02-28,33.3752939365868,361844584.445445076960472221844,2.93242114,10841689.81801183,4200
2013-03-01,34.6062570341204,375321808.199234297704439644332,2.99916694,10845489.81501183,3800
2013-03-02,34.143515924021,370426924.43081680530248566843,2.94238341,10849114.81451183,3625
2013-03-03,34.451740484512,373909556.33168627189295577696,2.95351788,10853139.81451183,4025
2013-03-04,36.3762652507306,394959476.392003787599563342998,3.07990408,10857614.81201183,4475
2013-03-05,40.6729539902747,441752606.208198452297061349701,3.34059331,10861089.81201183,3475
2013-03-06,43.2849961852133,470289960.440408800719270673339,3.41073072,10864964.81201183,3875
2013-03-07,41.9474407158387,455925257.052455718875654071821,3.24461202,10868964.81101183,4000
2013-03-08,43.902928914962,477355001.19273560905124600046,3.35334641,10872964.81101183,4000
2013-03-09,46.8885866123086,510016056.552148803087298210738,3.50857536,10877189.81101183,4225
2013-03-10,46.0660384590181,501279796.286060787427049284123,3.41442475,10881764.81101183,4575
2013-03-11,48.275074577218,525515935.58910922260804648894,3.52669627,10885864.81101183,4100
2013-03-12,44.4135452582116,483629745.129479896364200643228,3.21775227,10889239.81001183,3375
2013-03-13,47.0161908515809,512155115.661733098860112752047,3.35448171,10893164.80951183,3925
2013-03-14,46.9255625535453,511377878.567252866046628790899,3.31080577,10897639.80951183,4475
2013-03-15,46.9025172478223,511328419.903446649083071287809,3.27320999,10901939.80851183,4300
2013-03-16,47.1570156995909,514309258.649673087557568810347,3.26643484,10906314.80851183,4375
2013-03-17,47.3334997837522,516481367.166598227101895488526,3.25507816,10911539.80851183,5225
2013-03-18,51.3654363912578,560719989.787650193748639879774,3.46957223,10916289.80851183,4750
2013-03-19,59.4986011114249,649756841.988081833059279806567,3.86035942,10920539.80851183,4250
2013-03-20,63.6874854981899,695837672.173005632318577736517,4.00566845,10925814.80851183,5275
2013-03-21,70.9175250053215,775218245.397428642499245703345,4.23461019,10931264.80851183,5450
2013-03-22,69.8460845417884,763905914.728149317801862356772,4.05568242,10936989.80751183,5725
2013-03-23,64.3831163705435,704506765.926792503489539779605,3.70672564,10942414.80751183,5425
2013-03-24,71.6904242064758,784805096.648120927183771108714,4.02556381,10947139.80751183,4725
2013-03-25,74.3140892495617,813794255.404162245793195064911,4.02378239,10950739.80751183,3600
2013-03-26,78.6141974320088,861180389.849598880025926664104,4.15075356,10954514.80751183,3775
2013-03-27,88.8520799138223,973622415.655908597411587767809,4.49610198,10957789.80751183,3275
2013-03-28,87.6731739608416,961105316.791192512569948756128,4.28052357,10962364.80751183,4575
2013-03-29,90.29569935827,990247183.1166803553481633341,4.30087359,10966714.80651183,4350
2013-03-30,92.1899599883109,1011419720.792491765824502567947,4.24924608,10971039.80651183,4325
2013-03-31,93.8992384231444,1030569006.823800116378104398252,4.26532297,10975264.80651183,4225
2013-04-01,103.580346911163,1137334458.81758386823891855829,4.45266486,10980214.80651183,4950
2013-04-02,116.679944241173,1281698828.01091386885222457659,4.75336825,10984739.80551183,4525
2013-04-03,131.384809378154,1443802753.89112924726491356182,4.85046378,10989114.80501183,4375
2013-04-04,133.007120475745,1462142594.20583311538995306335,4.73920513,10992964.80501183,3850
2013-04-05,142.626065488019,1568446691.14578295757601826477,4.71276367,10996914.80501183,3950
2013-04-06,143.081822964933,1574041675.71973546347374015739,4.6145611,11000989.80501183,4075
2013-04-07,162.852214576856,1792203246.36335689625152420648,5.04960835,11005089.80501183,4100
2013-04-08,186.351161848042,2051533382.15815767040647233686,5.33290242,11008964.80501183,3875
2013-04-09,230.682996695207,2540595996.91765306584053929881,5.64074143,11013364.80501183,4400
2013-04-10,161.192889661017,1776045793.85893127636637483111,3.7993504,11018139.80501183,4775
2013-04-11,82.9015850379895,913752860.345797230873046915785,2.09881888,11022139.80501183,4000
2013-04-12,111.476373194039,1229190266.59770461687863048137,2.84072926,11026464.45501183,4325
2013-04-13,97.6090718702513,1076690513.502254500453221572879,2.50198944,11030639.80501183,4175
2013-04-14,88.8614913997663,980538999.371582654018330735329,2.29456796,11034464.80501183,3825
2013-04-15,80.8746931659848,892740541.598170584065117600184,2.11528578,11038564.80501183,4100
2013-04-16,68.2831387270602,754050004.817134255752402122166,1.81094891,11042989.80501183,4425
2013-04-17,92.8640369135009,1025893606.645837903462511215647,2.42321708,11047264.80501183,4275
2013-04-18,108.628345092344,1200445302.73354578367536242952,2.78425484,11050939.80501183,3675
2013-04-19,119.012283239042,1315605195.20176520202752786686,3.00006559,11054364.80501183,3425
2013-04-20,128.208288893045,1417754798.36230398458882972235,3.18525555,11058214.80501183,3850
2013-04-21,118.483243756283,1310734486.52408178434345182789,2.91485166,11062614.80501183,4400
2013-04-22,126.31427175979,1397849284.9436217522758683157,3.07341776,11066439.80501183,3825
2013-04-23,142.127218053185,1573439237.55518583301849417855,3.38292483,11070639.80501183,4200
2013-04-24,154.1332778045,1706978240.314552329798927235,3.50996743,11074689.80501183,4050
2013-04-25,141.008659278492,1562233498.56479965621332456036,3.16156158,11078989.80501183,4300
2013-04-26,137.209600419638,1520730335.24071026581355431754,3.0583438,11083264.80501183,4275
2013-04-27,128.226669605202,1421641367.31001461036703953966,2.83739563,11086939.80501183,3675
2013-04-28,134.62356956166,1493159121.3612575982042144378,2.9627086,11091364.80501183,4425
2013-04-29,143.810378192577,1595678942.25315458294541078591,3.11966325,11095714.80381183,4350
2013-04-30,139.129647545295,1544261147.85455819014358183985,3.00006777,11099439.80381183,3725
2013-05-01,116.113801040327,1289236474.63782021345914966841,2.52047369,11103214.80381183,3775
2013-05-02,106.340984697253,1181083037.84120258219292990299,2.32100761,11106564.80381183,3350
2013-05-03,96.3168402741087,1070079113.380720282353315765921,2.10886798,11109989.80381183,3425
2013-05-04,112.497636369082,1250294771.11799902155435784006,2.45598818,11113964.80381183,3975
2013-05-05,116.488715827002,1295132003.69532468243044103366,2.53233335,11118089.80381183,4125
2013-05-06,112.118596195207,1247009913.34983689317337589881,2.43394807,11122239.80381183,4150
2013-05-07,111.609212873466,1241813188.58743981225426390278,2.41884231,11126439.80381183,4200
2013-05-08,113.136061854763,1259268268.12250319480224124629,2.44959787,11130564.80381183,4125
2013-05-09,111.974532710696,1246798888.29706321772341233368,2.42161822,11134664.80381183,4100
2013-05-10,117.691036883694,1310956317.57158738509557130002,2.54554421,11138964.80381183,4300
2013-05-11,115.49977766277,1287073482.2220524214842765691,2.486801,11143514.80381183,4550
2013-05-12,114.885675559614,1280712746.18183193475560343362,2.46930854,11147714.80381183,4200
2013-05-13,117.404456646113,1309302108.77376867409975291679,2.5169175,11152064.80381183,4350
2013-05-14,107.865566569258,1203339070.91153574983409472214,2.31657619,11155914.80381183,3850
2013-05-15,108.986852425482,1216232218.99459629245188405206,2.33507149,11159439.80331183,3525
2013-05-16,112.917874050263,1260518014.31584289858328251129,2.41471463,11163139.80331183,3700
2013-05-17,117.284616014027,1309736635.92178533050333503941,2.50090692,11167164.80331183,4025
2013-05-18,118.169876680304,1320062670.46662435718533119632,2.50453812,11170889.80331183,3725
2013-05-19,117.033880187025,1307829010.95598537776479500575,2.47744864,11174789.80331183,3900
2013-05-20,117.818636469901,1316978462.56656842735491222883,2.48938747,11178014.80331183,3225
2013-05-21,117.252040911748,1311087675.48448531322315437884,2.4741524,11181789.80331183,3775
2013-05-22,118.9781735827,1330852943.060672331076393341,2.50485148,11185689.80331183,3900
2013-05-23,123.726156049094,1384500610.90013260932927098202,2.59511089,11190039.80331183,4350
2013-05-24,128.971080654588,1443736428.81674570094668417604,2.69072496,11194264.80331183,4225
2013-05-25,128.844915254237,1442855585.19162448326903972371,2.65472177,11198389.80331183,4125
2013-05-26,130.158601110462,1458097147.78825462665326136546,2.67740913,11202464.80331183,4075
2013-05-27,126.392905902981,1416468208.55242180152546956523,2.59424673,11206864.80331183,4400
2013-05-28,125.904595265926,1411493100.41222775224435170458,2.57846403,11210814.80331183,3950
2013-05-29,129.564812390415,1453071288.94682423576094810945,2.63946924,11215014.80331183,4200
2013-05-30,126.513068381064,1419412080.68703983640365918712,2.56977125,11219489.80331183,4475
2013-05-31,127.816488895383,1434594990.99578661863679628089,2.58656508,11223864.80331183,4375
2013-06-01,128.791151081239,1446220280.47824234804757975737,2.59949225,11229189.80331183,5325
2013-06-02,122.626708942139,1377608657.54374200398304420437,2.47023042,11234164.80331183,4975
2013-06-03,122.949187901812,1381886143.74788618448645803596,2.47098358,11239489.80331183,5325
2013-06-04,120.189968731736,1351513939.60421094663762523688,2.41037014,11244814.80331183,5325
2013-06-05,120.869923845704,1359715910.58503613390911787832,2.41605705,11249414.80331183,4600
2013-06-06,119.053975669784,1339826275.53270034324566074472,2.36554851,11253939.80331183,4525
2013-06-07,110.1977314436,1240602181.996858138206857788,2.19162685,11257964.80331183,4025
2013-06-08,109.178545341321,1229622253.64704606284354712743,2.17144932,11262489.80331183,4525
2013-06-09,99.9036034482759,1125560431.974022799046423573897,1.98865953,11266464.80331183,3975
2013-06-10,104.357566627703,1176194806.78511558228902562649,2.07770045,11270814.80331183,4350
2013-06-11,107.507520455874,1212181136.86346549060657718942,2.13557988,11275314.80331183,4500
2013-06-12,106.378116306254,1199986618.47658753473574118482,2.11326913,11280389.80331183,5075
2013-06-13,101.323897720631,1143444218.80401764030191736473,2.01619261,11285039.80331183,4650
2013-06-14,99.2132443015781,1120071870.558366561633675398923,1.97525553,11289539.80331183,4500
2013-06-15,99.8750374050263,1127975169.678079017773328251129,1.98785838,11293864.80331183,4325
2013-06-16,99.0383512565751,1118983801.809229133126043113433,1.97078129,11298489.80331183,4625
2013-06-17,100.126305084746,1131638994.89922432180961434518,1.99247389,11302114.80331183,3625
2013-06-18,104.289176382233,1179053256.33217188486637071639,2.07413684,11305614.80331183,3500
2013-06-19,104.417150789012,1180855103.99258023787517361196,2.07549068,11309014.80331183,3400
2013-06-20,104.323499707773,1180197648.00237715412759385459,2.07320647,11312864.80331183,3850
2013-06-21,101.416857393337,1147741147.26862930805857527671,2.01650897,11317064.80331183,4200
2013-06-22,100.039508474576,1132593774.13552772427615503408,1.9886398,11321464.80331183,4400
2013-06-23,100.314744593805,1136123648.49342843177710121315,1.99397986,11325589.80331183,4125
2013-06-24,99.0456832261835,1122122201.320615593732271300805,1.96797679,11329339.80331183,3750
2013-06-25,97.8327887200468,1108764901.010749017459352593644,1.94416036,11333264.80331183,3925
2013-06-26,98.6517007597896,1118474982.906079475973373990968,1.95910003,11337614.80331183,4350
2013-06-27,96.8039495990649,1097930048.482986596758691107767,1.92349796,11341789.80331183,4175
2013-06-28,89.4245067212157,1014611777.037771570286883791731,1.78128607,11346014.80331183,4225
2013-06-29,88.7972910578609,1007870547.391198422487975464447,1.76821188,11350239.80331183,4225
2013-06-30,89.4809076563413,1015972024.189260805519740807579,1.78301213,11354064.80331183,3825
2013-07-01,82.8675701344243,941209016.612019133070430429469,1.65189371,11357989.80331183,3925
2013-07-02,87.8164666861484,997754431.169221054981506855572,1.74762367,11361814.80331183,3825
2013-07-03,77.6913308007014,883071892.502088723426406917562,1.55181119,11366414.80331183,4600
2013-07-04,79.1348708357686,899806198.668047369170303522538,1.58276019,11370539.80331183,4125
2013-07-05,67.4476238527177,767229523.107046147423606060391,1.36137275,11375189.80331183,4650
2013-07-06,66.3416808883694,754959359.334100033473648430002,1.34844416,11379864.80331183,4675
2013-07-07,72.1095223728814,820931924.913813896424899806962,1.46501861,11384514.80331183,4650
2013-07-08,73.9885537697253,842678930.725165663255629340299,1.50296907,11389314.80331183,4800
2013-07-09,74.8919108708358,853313924.217297958064200127514,1.52222014,11393939.80331183,4625
2013-07-10,85.0136791350088,969055184.208140360539936194104,1.71733658,11398814.80331183,4875
2013-07-11,87.4975493863238,997748975.538166166546348750554,1.76516035,11403164.80331183,4350
2013-07-12,90.0466987142022,1027164025.222264823795216272026,1.81083744,11407014.80331183,3850
2013-07-13,91.5925978959673,1045157621.019828636558341383159,1.83583015,11410939.80331183,3925
2013-07-14,89.892269275862,1026141810.24784499586347804746,1.80117415,11415239.80331183,4300
2013-07-15,93.7961525423729,1071090138.124626955285826841407,1.87663807,11419339.80331183,4100
2013-07-16,91.7810356516657,1048455135.852420080977116015231,1.83749352,11423439.80331183,4100
2013-07-17,91.0313512565751,1040309905.509400614521043113433,1.8238974,11428039.80331183,4600
2013-07-18,84.9617291174752,971287993.072402102136087891616,1.7072557,11432064.80331183,4025
2013-07-19,86.2387945996493,986256159.269602582751096541219,1.7344736,11436339.80331183,4275
2013-07-20,84.9108591466978,971464273.602905704983550374974,1.70903901,11440989.80231183,4650
2013-07-21,85.6643502618352,980511137.909877897466778470416,1.72424963,11445964.80231183,4975
2013-07-22,85.6490286382233,980689069.388434491329043771639,1.72449453,11450089.80231183,4125
2013-07-23,86.977056691993,996201703.98892623526865017719,1.75049177,11453614.80231183,3525
2013-07-24,88.15173056692,1010006369.1996826246925226636,1.77287254,11457589.80231183,3975
2013-07-25,90.166092226768,1033415205.04835270395900906544,1.81143598,11461239.80231183,3650
2013-07-26,89.9839859731151,1031696975.948225964303206681633,1.80661592,11465339.80231183,4100
2013-07-27,88.165275862069,1011243794.39645800796740697627,1.76941732,11469864.80231183,4525
2013-07-28,92.7458421975453,1064171803.519621793502991150899,1.85884089,11474064.80231183,4200
2013-07-29,93.2986972530684,1070930477.455755702082881119172,1.869772,11478514.80231183,4450
2013-07-30,96.659552893045,1109984156.86899899746268322235,1.93317595,11483439.80131183,4925
2013-07-31,98.0244199298656,1126123141.317790076087475590048,1.95512089,11488189.80131183,4750
2013-08-01,96.5680178258329,1109819030.998511831691382373207,1.92448734,11492614.80131183,4425
2013-08-02,96.0745306838106,1104608731.113131564423823259398,1.90836477,11497414.80131183,4800
2013-08-03,95.5067095265926,1098486159.251123338118749970458,1.88398021,11501664.80131183,4250
2013-08-04,96.3654821741672,1108794709.916790882255097757976,1.89918712,11506139.80131183,4475
2013-08-05,97.5271338398598,1122621651.992542894900323481434,1.91794773,11510864.80031183,4725
2013-08-06,97.6712066043249,1124743992.239407168199621733567,1.91969225,11515614.79931183,4750
2013-08-07,97.0542068965517,1118090163.238417790433608316611,1.90613164,11520264.79831183,4650
2013-08-08,94.2572717708942,1086351798.390712379302795338386,1.85073304,11525389.79731183,5125
2013-08-09,92.4727767387493,1066235602.340477305568836294219,1.81530455,11530264.79731183,4875
2013-08-10,93.293552893045,1076189159.89151448448550322235,1.83035886,11535514.79731183,5250
2013-08-11,94.271312390415,1087977184.08141088161825060945,1.84834368,11540914.79681183,5400
2013-08-12,95.4464707773232,1102054997.744228323027898293456,1.87013093,11546314.79581183,5400
2013-08-13,97.7590750847458,1129204302.844392771315160182814,1.90506811,11550889.79581183,4575
2013-08-14,99.1212875511397,1145355378.329904522962003242651,1.92870802,11555089.79581183,4200
2013-08-15,98.1063331385155,1134044440.869215130806163538365,1.90518517,11559339.79581183,4250
2013-08-16,98.2909602571596,1136591430.502224018531851878068,1.90684121,11563539.79581183,4200
2013-08-17,99.6305043834015,1152554547.210089372211269339745,1.92994937,11568289.79581183,4750
2013-08-18,99.1780397428405,1147801318.618474664892127703115,1.91982911,11573139.79581183,4850
2013-08-19,102.784012273524,1189988562.07024251767159498892,1.98520771,11577564.79581183,4425
2013-08-20,104.500210987726,1210354339.88859681949233559858,2.01417621,11582314.79581183,4750
2013-08-21,110.801603740503,1283881982.26163576830653755049,2.12829753,11587214.79581183,4900
2013-08-22,109.523216832262,1269660463.93458772763722525946,2.10024403,11592614.79581183,5400
2013-08-23,107.697571595558,1249024180.05248778082903185114,2.06093411,11597514.79581183,4900
2013-08-24,108.882675043834,1263266573.06676185115486575622,2.08130944,11602089.79581183,4575
2013-08-25,113.082563413209,1312420941.73752118853290046247,2.15729459,11605864.79581183,3775
2013-08-26,112.11811484512,1301692972.2303731827251137696,2.13483001,11610014.79581183,4150
2013-08-27,117.759790765634,1367690448.25670085214229465022,2.23422335,11614239.79581183,4225
2013-08-28,118.317414377557,1374693335.09536141944494709931,2.23736392,11618689.79581183,4450
2013-08-29,118.835638223261,1381275915.59399375672528497763,2.23910779,11623414.79581183,4725
2013-08-30,124.885379602572,1452234606.62357548407549602676,2.34219842,11628539.79581183,5125
2013-08-31,128.377978959673,1493564144.47115145232086633159,2.39605237,11634114.79581183,5575
2013-09-01,130.536372004676,1519396350.38652403856597611708,2.42498554,11639639.79581183,5525
2013-09-02,129.565371712449,1508790670.61632814640027247167,2.39758629,11645014.79581183,5375
2013-09-03,129.182803623612,1504962196.15899034500529692996,2.37429811,11649864.79581183,4850
2013-09-04,122.529238749269,1427948371.61063493815367405227,2.2514393,11653939.79581183,4075
2013-09-05,122.370085037989,1426641209.97164280078364560987,2.24501895,11658414.79581183,4475
2013-09-06,117.861146405611,1374619240.90864551877621217813,2.16099099,11663039.79581183,4625
2013-09-07,119.814989479836,1397841319.77496742648303525988,2.19342788,11666664.79581183,3625
2013-09-08,118.057386323787,1377799328.15060365589290500021,2.15970205,11670589.79581183,3925
2013-09-09,121.259272647575,1415782620.81703978493560581225,2.21003514,11675664.79581183,5075
2013-09-10,122.215530189363,1427531142.49007770477421556429,2.22281192,11680439.79581183,4775
2013-09-11,127.088227060199,1485081826.06841929059348635417,2.30280245,11685439.79581183,5000
2013-09-12,126.780723553478,1482163619.70655229700943004474,2.28428174,11690764.79581183,5325
2013-09-13,127.407745178258,1490143761.53141139687734939214,2.29152617,11695864.79571183,5100
2013-09-14,124.348477498539,1455040679.57789396832229001637,2.22795516,11701314.79571183,5450
2013-09-15,125.076417884278,1464124509.97486426378557560874,2.23809743,11705839.79571183,4525
2013-09-16,126.204665984804,1477817489.45347929126314303132,2.25259491,11709689.79571183,3850
2013-09-17,126.897250146113,1486495300.33423478026334261679,2.26165636,11714164.79571183,4475
2013-09-18,126.903819403857,1487095731.95707441250556252831,2.25652894,11718289.79571183,4125
2013-09-19,124.180957334892,1455778304.70653178888683617236,2.19436054,11723039.79571183,4750
2013-09-20,122.921635885447,1441629837.41852178543570273801,2.17030968,11728039.79571183,5000
2013-09-21,123.508256867329,1449093328.15273155936842580207,2.17848848,11732764.79571183,4725
2013-09-22,123.124935125658,1445220763.36238582053060713414,2.16687478,11737839.79571183,5075
2013-09-23,122.865699006429,1442822936.24539751981580135507,2.16034239,11743089.79571183,5250
2013-09-24,123.797357685564,1454419613.76916758954069502212,2.17210146,11748389.79571183,5300
2013-09-25,123.614078609001,1452902992.24114370827104018183,2.16519894,11753539.79571183,5150
2013-09-26,124.68567445938,1466003013.6950534336775204654,2.18059655,11757589.79571183,4050
2013-09-27,126.605347749854,1489137138.58371793812870857282,2.21042861,11762039.79571183,4450
2013-09-28,126.796551724138,1491947162.07972391813550315254,2.21128719,11766464.79571183,4425
2013-09-29,127.108627703098,1496159404.76748223039280624934,2.21364079,11770714.79571183,4250
2013-09-30,126.090261835184,1484686328.39555736622941902672,2.19174983,11774789.79571183,4075
2013-10-01,127.575424313267,1502770219.49612769222417784861,2.21273466,11779464.79571183,4675
2013-10-02,104.105092928112,1226799379.01973563291605796496,1.81680607,11784239.79571183,4775
2013-10-03,117.575495032145,1386122765.64610659921400677535,2.04455417,11789214.79571183,4975
2013-10-04,121.930347749854,1438011746.30374175832870857282,2.11654681,11793714.79571183,4500
2013-10-05,121.393402688486,1432343798.26872104103611498938,2.10462698,11799189.79571183,5475
2013-10-06,122.475261250731,1445675300.84780282145617974773,2.12014896,11803814.79561183,4625
2013-10-07,123.906872589129,1463057012.74864839131976179607,2.126249,11807714.79561183,3900
2013-10-08,124.76652893045,1473712894.0913742189032672235,2.13762894,11811764.79561183,4050
2013-10-09,125.933520312683,1488057525.98220779647789383989,2.15267013,11816214.79561183,4450
2013-10-10,126.704650496785,1497777548.19532129124752296655,2.16263506,11821014.79561183,4800
2013-10-11,127.25529924021,1504875330.8975192498910876843,2.16817047,11825639.79561183,4625
2013-10-12,127.851263004091,1512606987.95748490249513799653,2.174057,11830989.79561183,5350
2013-10-13,132.415658679135,1567339903.12626745775198016705,2.2466238,11836514.79561183,5525
2013-10-14,135.339194915254,1602790253.00881765930792985482,2.28766824,11842764.79561183,6250
2013-10-15,141.493908533022,1676598789.17385789761824885026,2.37863355,11849264.79561183,6500
2013-10-16,138.327921917008,1639810397.01140927059984300464,2.31116231,11854514.79561183,5250
2013-10-17,143.74713383986,1704652669.2151957551259415438,2.38998533,11858689.79561183,4175
2013-10-18,152.775572180012,1812451441.57633094330443674196,2.52745724,11863489.79561183,4800
2013-10-19,165.772717124489,1967567120.89519074378303110487,2.71725799,11869064.79561183,5575
2013-10-20,166.500151081239,1977029419.91401395134203945737,2.71537286,11874039.79561183,4975
2013-10-21,179.910628579778,2137214991.97558135309947557374,2.87138391,11879314.79561183,5275
2013-10-22,190.402781414378,2263020795.41762689609745474796,2.97641992,11885439.79561182,6125
2013-10-23,204.600350964348,2432895570.48688290885215774988,3.12646993,11890964.79561181,5525
2013-10-24,194.41004376505,2312767940.3087979540406452405,2.94581752,11896339.79561181,5375
2013-10-25,185.64378762595,2209572235.7949987416376824695,2.72008931,11902214.79561181,5875
2013-10-26,179.808218001169,2140934160.05801278390065020589,2.63011758,11906764.79561181,4550
2013-10-27,194.546133255406,2317285644.51419011586875994486,2.83044183,11911239.79561181,4475
2013-10-28,196.274687317358,2338733568.20279266155924279798,2.84330802,11915614.79561181,4375
2013-10-29,204.428174167154,2436705089.23828864851348248874,2.92026025,11919614.79461181,4000
2013-10-30,197.900599420982,2359863678.14305973418945899742,2.81514522,11924489.79461181,4875
2013-10-31,203.283649912332,2425126130.04433044989247184092,2.87412323,11929764.79461181,5275
2013-11-01,203.037109849386,2423240758.05215268669343684866,2.85280581,11934964.79461181,5200
2013-11-02,204.792881355932,2445230033.22100919240038075692,2.86731813,11940014.79461181,5050
2013-11-03,210.275382611748,2511700501.16346645043560554388,2.92760426,11944814.79461181,4800
2013-11-04,228.79103886616,2733981942.2375861294597453496,3.1028572,11949689.79461181,4875
2013-11-05,243.641668907072,2912502205.74077358547720372032,3.23550814,11954039.79461181,4350
2013-11-06,263.209583987142,3147490420.36026251155792134702,3.44238515,11958114.79461181,4075
2013-11-07,290.124226183518,3470383248.61469032238663014758,3.65033333,11961714.79461181,3600
2013-11-08,333.750656511981,3993348230.41008269145750909561,4.05004446,11965064.79461181,3350
2013-11-09,331.051148451198,3962273330.79850003163417042442,3.9318261,11968764.79461179,3700
2013-11-10,327.558653499708,3921872793.42145836000473835732,3.83414476,11973039.79461179,4275
2013-11-11,342.697692869667,4104735225.96433776127433157393,3.93601752,11977714.79461179,4675
2013-11-12,354.645488310929,4249624605.76289933670236925291,3.97746675,11982739.79461179,5025
2013-11-13,394.50449522443,4728901632.9589568331007740297,4.2842717,11986939.79461179,4200
2013-11-14,416.706303302747,4996939801.06287846063670558713,4.37591685,11991514.79461179,4575
2013-11-15,408.398797334892,4899015075.35195929241376157668,4.19286144,11995664.79461179,4150
2013-11-16,435.798442767387,5229805659.89880712352393769273,4.38705732,12000514.79461179,4850
2013-11-17,485.33657685564,5826545586.0047286126926719956,4.73725385,12005164.79461179,4650
2013-11-18,657.778503874927,7899304673.53680072590567958933,5.88406778,12009064.79461179,3900
2013-11-19,546.878397311514,6569699293.63660060677932715006,4.73213355,12013089.79461179,4025
2013-11-20,595.339099649328,7154302952.63927592833289437712,4.91891962,12017189.79461179,4100
2013-11-21,720.764425260082,8664265762.14941498123297356678,5.68827806,12020939.79461179,3750
2013-11-22,802.916933718294,9655268663.11690594547095108626,5.68433725,12025239.79461179,4300
2013-11-23,834.295339989129,10036147278.09140092250137523091,5.59412815,12029489.79461179,4250
2013-11-24,807.166695499708,9713193626.18535840221991835732,5.296892,12033689.79461179,4200
2013-11-25,816.243386616014,9825949964.08760767080892720506,5.13246251,12038014.79461179,4325
2013-11-26,916.097160140269,11031632653.28196198801680117151,5.08521124,12041989.79461179,3975
2013-11-27,962.910560911748,11599523735.79912711286011030892,5.07240404,12046314.79461179,4325
2013-11-28,1007.38716364699,12139861320.2582466531676520121,5.00804872,12050839.79461179,4525
2013-11-29,1128.7254880187,13606971765.944044019962760473,5.25316203,12055164.79461179,4325
2013-11-30,1119.29671478667,13498231256.3659592896353168393,5.06423911,12059564.79461179,4400
2013-12-01,964.485793687902,11635980790.70606166889250956458,4.31245878,12064439.79461179,4875
2013-12-02,1040.80821770894,12560905292.9521003415705124026,4.55216972,12068414.79461179,3975
2013-12-03,1053.62102744828,12720803700.7081386302369032212,4.5167953,12073414.79461179,5000
2013-12-04,1134.93223088837,13707359422.5764580918309758823,4.71817918,12077689.79461179,4275
2013-12-05,1027.411772827,12413127183.57117942613583033,4.1962207,12081939.79461179,4250
2013-12-06,824.581710337814,9966834404.93324362693788722706,3.37225697,12087139.79461179,5200
2013-12-07,703.748376025716,8509735774.12651645297765081284,2.86818513,12092014.79395749,4875
2013-12-08,783.573348334307,9478800440.28237554532506660943,3.17322401,12096889.79395749,4875
2013-12-09,896.079289888954,10843715165.30987410292229656546,3.60228356,12101289.79395749,4400
2013-12-10,977.165367329047,11829651680.43089762668116021203,3.88194448,12106089.79395749,4800
2013-12-11,875.464034272355,10602057499.42278057012295218895,3.43846013,12110214.79395749,4125
2013-12-12,873.324805987727,10579709783.98702624785569972523,3.41655496,12114289.79395749,4075
2013-12-13,879.156135300994,10654176526.36050112884359074506,3.40755236,12118639.79395749,4350
2013-12-14,852.856120526008,10339677758.52328958667879139992,3.3146272,12123589.79395749,4950
2013-12-15,864.0616578609,10479352569.428430333078933141,3.34036895,12128014.79395749,4425
2013-12-16,677.894106801286,8224916173.90927180989496133214,2.62754698,12133039.79395749,5025
2013-12-17,682.62677270602,8285802128.5343983107521470898,2.64569174,12138114.79395749,5075
2013-12-18,526.12097632671,6388734258.0198224078940915579,2.04906035,12143089.79395749,4975
2013-12-19,685.525128959673,8328266413.95021952309528630077,2.65997338,12148739.79395749,5650
2013-12-20,600.216954260666,7294550562.68097562411718308834,2.33082877,12153189.79395749,4450
2013-12-21,597.033502548217,7258264529.66744051652897329533,2.28074868,12157214.79395749,4025
2013-12-22,615.013035271771,7479444000.95669724012577101479,2.38571042,12161439.79395749,4225
2013-12-23,657.926634155465,8004147786.48379778523126118285,2.54494127,12165714.79395749,4275
2013-12-24,650.664745178258,7918550774.87009189948132425242,2.46859013,12169939.79395749,4225
2013-12-25,678.290158094681,8257497461.98645886506510911069,2.56119713,12173989.79395749,4050
2013-12-26,749.996594956166,9133825877.17653715311821738334,2.81662728,12178489.79395749,4500
2013-12-27,722.570567492694,8803142106.23431196614092157806,2.69881739,12183089.79395749,4600
2013-12-28,715.852363078901,8723978064.96845618463190991849,2.67127051,12186839.79395749,3750
2013-12-29,727.271215663355,8866192331.15180061317102077895,2.70995202,12191039.79395749,4200
2013-12-30,735.741997077732,8972642048.59774732187143361268,2.73973508,12195364.79395749,4325
2013-12-31,729.557582910579,8900576826.67378635730619728671,2.71424112,12199964.79395749,4600
2014-01-01,752.404549944594,9183165093.45594277745549130906,2.79859382,12205089.79395749,5125
2014-01-02,784.954921314436,9583074897.83793081536110732564,2.90688604,12208439.79395749,3350
2014-01-03,807.222939029807,9858181723.77641145697660090443,2.97276592,12212464.79395749,4025
2014-01-04,828.602062618352,10122194340.19791307541758185648,3.00082617,12215989.79395749,3525
2014-01-05,902.487380263004,11029131128.07805815554619569996,3.23751863,12220814.79395749,4825
2014-01-06,914.459960841613,11179698056.75288464873734503137,3.25855458,12225464.79395749,4650
2014-01-07,803.351796198714,9824903933.28806985966850866786,2.85648041,12229889.79395749,4425
2014-01-08,820.690009503214,10040908200.52208538404393437286,2.89105715,12234714.79395749,4825
2014-01-09,831.334750487434,10175445727.85333990160537518066,2.91922133,12239889.79395749,5175
2014-01-10,853.298854844603,10448273116.75446850038733792647,2.98942387,12244564.79395749,4675
2014-01-11,889.555837119345,10896894253.59579170595398664405,3.08800818,12249814.79395749,5250
2014-01-12,845.191332220924,10357811150.30875788971694452076,2.92251348,12254989.79395749,5175
2014-01-13,822.877012197545,10087826041.53968161269221236205,2.83904175,12259214.79395749,4225
2014-01-14,815.293602711864,9998161334.87516658626473466136,2.80186801,12263264.79395749,4050
2014-01-15,841.089857364115,10318376649.71195331763076147135,2.87183201,12267864.79395749,4600
2014-01-16,815.854800298071,10012569710.00930251782670300179,2.77584537,12272489.79395749,4625
2014-01-17,792.829506475745,9733004778.69654206972624608005,2.69438096,12276289.79395749,3800
2014-01-18,809.783528356386,9944659822.82473742783405403114,2.74847429,12280639.79395749,4350
2014-01-19,838.428474734073,10299980451.51209031546501655677,2.83776277,12284864.79395749,4225
2014-01-20,828.885216592636,10186783630.98159182599963104364,2.79830469,12289739.79395749,4875
2014-01-21,823.817963763881,10127927256.79561795009091141869,2.77609902,12293889.79395749,4150
2014-01-22,818.976386323787,10072336523.97254567014725381463,2.75067841,12298689.79395749,4800
2014-01-23,810.922425195792,9976871686.17823458945177488208,2.72035724,12303114.79395749,4425
2014-01-24,781.042513950906,9612946133.97755891188531098594,2.61463948,12307839.79395749,4725
2014-01-25,804.403240800701,9903784380.88353990075415620049,2.68630023,12311964.79395749,4125
2014-01-26,814.499381373466,10031182805.81948755985381796034,2.7159709,12315764.79395749,3800
2014-01-27,742.701374970777,9150166197.27003879992493026973,2.47713004,12320114.79395749,4350
2014-01-28,790.176401876096,9738106157.73701225532047115904,2.62930512,12323964.79395749,3850
2014-01-29,793.38442490941,9780656581.4724344654086409809,2.63373693,12327764.79395749,3800
2014-01-30,799.474479836353,9859251033.90534968781843863397,2.64884556,12332164.79395749,4400
2014-01-31,803.237598784921,9909353329.87275690817093915908,2.65797129,12336764.79395748,4600
2014-02-01,813.219549216833,10036340766.90624706726970226084,2.67963991,12341489.79395748,4725
2014-02-02,814.490870426651,10055818147.18954151743935279948,2.68024654,12346139.79395748,4650
2014-02-03,806.997428372531,9966954727.41484180771921398188,2.65176796,12350664.79395748,4525
2014-02-04,800.078231893629,9884938387.45753492147730889492,2.627458,12354964.79395748,4300
2014-02-05,784.473692777791,9695439645.56509077087314232668,2.49283475,12359164.79395748,4200
2014-02-06,763.569382232612,9440554067.32231876352939733776,2.4248508,12363714.79395748,4550
2014-02-07,711.571273419053,8800421618.81080735739930386644,2.26379227,12367589.79395748,3875
2014-02-08,677.682300941379,8384380163.13750373569989856492,2.15811443,12372139.79395748,4550
2014-02-09,687.406054576271,8507055353.31867787673759095708,2.18797536,12375589.79395748,3450
2014-02-10,685.457498836938,8485614111.04349518836022539624,2.1809637,12379489.79395748,3900
2014-02-11,671.89969169024,8320530164.5784334985198909952,2.13932234,12383589.79395748,4100
2014-02-12,653.765780911747,8098876509.86240931705575051756,2.08400611,12388039.79395748,4450
2014-02-13,612.918414962011,7595585201.94531692421154929228,1.95543342,12392489.79395748,4450
2014-02-14,668.788602659264,8291149398.34771147376654409472,2.12998114,12397264.79395748,4775
2014-02-15,654.377060198714,8115544903.13134059162526668072,2.08368328,12401939.79395748,4675
2014-02-16,623.250321948568,7732551314.69025576582573888864,1.98508729,12406814.79395748,4875
2014-02-17,631.334596306254,7835297830.95029226913673407992,2.01155832,12410689.79395748,3875
2014-02-18,627.271761415484,7787431379.86464677437490962032,1.99849686,12414764.79395748,4075
2014-02-19,623.54013694623,7744221840.4642130984036663004,1.9894402,12419764.79395748,5000
2014-02-20,563.768561098773,7004367602.95746949330484217204,1.80129677,12424189.79395748,4425
2014-02-21,580.324315973115,7212264676.0992290084731331502,1.85383269,12427989.79395748,3800
2014-02-22,607.12463333723,7548070807.6252891958211209804,1.93944631,12432489.79395748,4500
2014-02-23,610.082323746347,7587404609.21005687927682332556,1.94857991,12436689.79395748,4200
2014-02-24,542.266650753945,6746591444.2924430961222722586,1.7420652,12441464.79395748,4775
2014-02-25,533.707644436002,6642253041.78535052812216919496,1.72827883,12445489.79395748,4025
2014-02-26,587.57858829924,7315406185.3323119003820763152,1.89989181,12450089.79395748,4600
2014-02-27,585.393925650058,7290958290.63104624418941153384,1.89448535,12454789.79395748,4700
2014-02-28,551.29477030976,6868755087.5517836769558690048,1.78120748,12459314.79395748,4525
2014-03-01,567.534235441262,7073130818.95825174213906553976,1.83532329,12462914.79395748,3600
2014-03-02,558.527707156633,6962838071.33260070832030196484,1.80787101,12466414.79395748,3500
2014-03-03,676.505732781999,8436104146.56185148303531540252,2.18083347,12470114.79395748,3700
2014-03-04,674.51139943308,8413747135.7263021192816254384,2.17294282,12473839.79395748,3725
2014-03-05,670.338851099514,8364313757.80014368391136466472,2.15549405,12477739.79395748,3900
2014-03-06,667.712834003507,8334434857.78874964753072888236,2.14266138,12482064.79395748,4325
2014-03-07,631.770295213326,7888419606.47551561419237337848,1.96402906,12486214.79395748,4150
2014-03-08,621.524114496201,7763093994.50467162184921553348,1.93041869,12490414.79395748,4200
2014-03-09,640.578889322034,8003962626.41450079154702311432,1.95221351,12494889.79395748,4475
2014-03-10,628.151241165985,7851020395.6799329398077123178,1.9107893,12498614.79395748,3725
2014-03-11,633.73383823495,7923456808.115389345048549926,1.92512349,12502814.79395748,4200
2014-03-12,634.646823717125,7937759339.556508256952797845,1.92370225,12507364.79395748,4550
2014-03-13,643.432100859147,8050245905.56114176038527764336,1.94782915,12511414.79390288,4050
2014-03-14,628.308590005845,7863118514.1971577838345623336,1.90343662,12514739.79390288,3325
2014-03-15,636.218650061368,7964735259.47767623938423193984,1.92641386,12518864.79390288,4125
2014-03-16,634.168900970894,7941785799.80425740349354277472,1.91927821,12523139.79390288,4275
2014-03-17,622.760208649912,7801419760.84278940613404854656,1.88442201,12527164.79390288,4025
2014-03-18,614.309513717125,7697798742.52183414117504282,1.85742156,12530814.79390288,3650
2014-03-19,610.511203474576,7652644865.15656659959589317888,1.84533875,12534814.79390288,4000
2014-03-20,586.607595710111,7355613307.53391620966176801968,1.77477734,12539239.79390288,4425
2014-03-21,569.694517995324,7146185249.92396533173555013312,1.71786219,12543889.79390288,4650
2014-03-22,564.700026703682,7085934876.69849108392804640416,1.7024792,12548139.79390288,4250
2014-03-23,558.958861691408,7016884365.28696298315782622688,1.68536505,12553489.79360286,5350
2014-03-24,585.023250518995,7346833013.6880120784259163257,1.76264446,12558189.79360286,4700
2014-03-25,583.771189094097,7333400690.59808849173418831742,1.75724218,12562114.79360286,3925
2014-03-26,579.243850400994,7278830236.53115260810698524284,1.74314104,12566089.79360286,3975
2014-03-27,483.164012612507,6073572051.88077682625962697002,1.4579435,12570414.79360286,4325
2014-03-28,498.661328949153,6270548923.20102380034061537758,1.50668923,12574764.79360286,4350
2014-03-29,489.517023547633,6157703070.55405853407589503038,1.47991892,12579139.79360286,4375
2014-03-30,458.966328275862,5775007986.08765472324095216532,1.38999605,12582639.79360286,3500
2014-03-31,455.355354056108,5731621497.26975649025190926888,1.38223661,12587139.79360286,4500
2014-04-01,479.008465867913,6031394283.39025037597013903118,1.45469684,12591414.79360286,4275
2014-04-02,439.011492524839,5529937933.13961400500185143954,1.33564877,12596339.79360286,4925
2014-04-03,449.441151519579,5663605611.19207866470417659173,1.36778873,12601439.79260287,5100
2014-04-04,449.719869736996,5669310246.39292844231317477852,1.36964635,12606314.79260287,4875
2014-04-05,461.675331482174,5821998222.68564988145846623938,1.41084013,12610589.79260287,4275
2014-04-06,458.633480544535,5785370029.68989565842760381545,1.40141439,12614364.79260287,3775
2014-04-07,448.655275066394,5661194979.47645237902932495078,1.37167544,12618139.79260287,3775
2014-04-08,452.803098796026,5715049689.51299105333775219462,1.38533994,12621489.79260287,3350
2014-04-09,442.837984932203,5591057529.48797582962285322261,1.35469234,12625514.79260287,4025
2014-04-10,366.911866063413,4633872976.04613952357374579531,1.1286601,12629389.79260287,3875
2014-04-11,421.943528071303,5330671997.88465790628232243961,1.30082437,12633614.79260287,4225
2014-04-12,424.274212647575,5361824672.73024568688324354025,1.30827456,12637639.79260287,4025
2014-04-13,416.362321654004,5263783538.12888902808271739148,1.28401659,12642314.79260287,4675
2014-04-14,461.108246586649,5831700454.10334507245670108263,1.42132931,12647139.79260287,4825
2014-04-15,521.615299606078,6599314961.69170486942929224386,1.60547388,12651689.79260287,4550
2014-04-16,531.481846731999,6726256095.59371446501852823713,1.62848084,12655664.79260287,3975
2014-04-17,499.837551544721,6327888316.76062428408779794927,1.53010414,12659889.79260287,4225
2014-04-18,483.020013533606,6116912219.01113314790895704922,1.48000554,12663889.79260287,4000
2014-04-19,504.365595178488,6389235165.76175997735975106056,1.54481447,12667864.79260287,3975
2014-04-20,501.55718444916,6355890527.8313364197635850892,1.53703688,12672314.79260287,4450
2014-04-21,498.084530300994,6314013272.66697544863580825278,1.52622244,12676589.79260287,4275
2014-04-22,489.503510029223,6207119787.19333739313293367001,1.50076937,12680439.79260287,3850
2014-04-23,490.63296754332,6223465666.1902635039322813284,1.5016104,12684564.79260287,4125
2014-04-24,503.291801028638,6385937386.28243359504943099106,1.53947611,12688339.79260287,3775
2014-04-25,466.426171344243,5920295989.25817923858575977741,1.42807837,12692889.79260287,4550
2014-04-26,459.22670981882,5830785366.3924122455339120134,1.4063299,12696964.79260287,4075
2014-04-27,438.709363717287,5572218634.21409545857958094349,1.34395279,12701389.79254827,4425
2014-04-28,441.547805468089,5609948670.95525355985147715603,1.35421878,12705189.79254827,3800
2014-04-29,447.709930772047,5690153602.42155464801361420869,1.37364362,12709464.79254827,4275
2014-04-30,448.875715514009,5706507501.88084613764099371443,1.37742743,12712889.79254827,3425
2014-05-01,460.194698255991,5852429338.71574549435668418557,1.41200262,12717289.79254827,4400
2014-05-02,452.239779761701,5753084600.06129867043113980727,1.38757157,12721314.79254827,4025
2014-05-03,438.978588005844,5585943179.19811659629041208988,1.34737725,12724864.79254827,3550
2014-05-04,436.675398644705,5558283855.61587095391629241035,1.34079342,12728639.79254827,3775
2014-05-05,432.338179035394,5504428006.31725990446778346838,1.32836701,12731764.79254827,3125
2014-05-06,430.128205394506,5478377263.51990570630439780462,1.32260352,12736614.79254827,4850
2014-05-07,442.18287609585,5633670637.6264229290402716795,1.36002582,12740589.79254827,3975
2014-05-08,440.402762711864,5612829624.75115437060432167528,1.35471389,12744764.79254827,4175
2014-05-09,452.697999723553,5771453495.03258984010440840331,1.39224562,12749014.79254827,4250
2014-05-10,456.75584628872,5825231023.2842615479620845144,1.4045981,12753489.79244827,4475
2014-05-11,439.114476037405,5601910622.86825726284304753935,1.3505933,12757289.79244827,3800
2014-05-12,441.280955581531,5631358282.15996814109008490137,1.3576711,12761389.79244827,4100
2014-05-13,439.005774985389,5604101789.11307607795178832703,1.35114784,12765439.79244827,4050
2014-05-14,444.848205727645,5680351167.76637257138137142415,1.36967388,12769189.79244827,3750
2014-05-15,446.96155873758,5709247733.8682365441479363066,1.37634402,12773464.79190227,4275
2014-05-16,448.74215371128,5734022659.3189751845715566056,1.38233452,12777989.79190227,4525
2014-05-17,449.2222893045,5742100713.429111247830271215,1.38379554,12782314.79190227,4325
2014-05-18,446.962641437756,5715139122.43572135793904010612,1.37668474,12786614.79190227,4300
2014-05-19,447.404856808884,5722672660.04913762464795470428,1.37835145,12790814.79102867,4200
2014-05-20,490.335648158971,6273962196.28349955584777869857,1.50867507,12795239.79102867,4425
2014-05-21,493.933491817651,6322158427.65364428768635305417,1.51856262,12799614.79102867,4375
2014-05-22,526.81428842782,6745285259.7262083995348455994,1.61686251,12803914.79102867,4300
2014-05-23,523.699320280538,6707561732.68773036548836455452,1.60608676,12808039.79102854,4125
2014-05-24,527.691243132671,6760722050.70662675154076743034,1.61622687,12811889.79102854,3850
2014-05-25,573.312458796026,7347523620.56493000299460458204,1.7510962,12815914.79102854,4025
2014-05-26,584.847974868498,7497671961.12100192645666493292,1.78420425,12819864.79102854,3950
2014-05-27,573.928269245471,7359634167.59139632331582674234,1.7360648,12823264.79102854,3400
2014-05-28,579.189318819404,7429545074.22867904586366979016,1.74983943,12827489.79102854,4225
2014-05-29,570.349310929281,7318160444.58654023532919267974,1.72220405,12831014.79102854,3525
2014-05-30,620.846360607832,7968680869.47086879617485952528,1.86223265,12835189.79102854,4175
2014-05-31,627.892420689655,8061425892.5460915671235877537,1.87963895,12838864.79102854,3675
2014-06-01,630.074953535944,8092203714.58329446872161984176,1.88300736,12843239.79102854,4375
2014-06-02,663.505723845704,8524764529.18789513236642039216,1.97543263,12848064.79102854,4825
2014-06-03,672.387897136178,8641875393.25130423679306452012,1.99693718,12852514.79102854,4450
2014-06-04,643.887368790181,8278485521.47602519259744276574,1.90998921,12857039.79102854,4525
2014-06-05,661.503558153127,8507491282.60269750422614724458,1.95863649,12860839.79102854,3800
2014-06-06,650.133315897136,8363519631.83595688417428026144,1.92408683,12864314.79102854,3475
2014-06-07,656.800271770894,8451830551.94698874149949531476,1.94195206,12868189.79102854,3875
2014-06-08,657.819974868498,8467188872.85200960638666493292,1.94276934,12871589.79102854,3400
2014-06-09,648.336322326125,8347647699.2630113287290626075,1.91093556,12875489.79102854,3900
2014-06-10,650.936609585038,8383845331.66390477983461498452,1.91468487,12879664.79102854,4175
2014-06-11,631.489022209235,8135671860.2003874689887365669,1.8557786,12883314.79102854,3650
2014-06-12,591.975077147867,7629146760.17111181200259712418,1.71579412,12887614.79102854,4300
2014-06-13,597.044999707773,7696918927.51733483173710284142,1.72900225,12891689.79102854,4075
2014-06-14,575.559461718293,7422495275.79268659521591008222,1.6672379,12896139.79002854,4450
2014-06-15,589.724646405611,7607972669.74233789002010613794,1.70763012,12900889.79002854,4750
2014-06-16,590.567482174167,7621621668.26979143289618072618,1.70895309,12905589.79002854,4700
2014-06-17,609.080002922268,7863338435.03761764052712152872,1.76144005,12910189.79002854,4600
2014-06-18,607.629796025716,7847016126.46262461321821393464,1.75639628,12914139.79002854,3950
2014-06-19,595.751476914085,7696105115.4005705619682779859,1.72175665,12918314.79002854,4175
2014-06-20,591.531522793688,7644341041.25479476790605185552,1.70893923,12922964.79002854,4650
2014-06-21,592.764349503215,7663029171.6394088810846717561,1.71186032,12927614.79002854,4650
2014-06-22,599.634633547633,7754543912.91824815528331487502,1.73072722,12932114.78970094,4500
2014-06-23,589.552299824664,7626752045.95177917642456932976,1.70033791,12936514.78964634,4400
2014-06-24,579.973718585622,7505564464.56643580243438892348,1.67166269,12941214.78964634,4700
2014-06-25,562.236779953244,7278655388.86824313282415435976,1.62093285,12945889.78948254,4675
2014-06-26,580.749230274693,7520798233.42241681996152736022,1.67219737,12950164.78948254,4275
2014-06-27,600.638305376973,7781323177.16131871590530155142,1.72780213,12955089.78948254,4925
2014-06-28,594.390304208065,7703084236.8974704060908446851,1.70918053,12959639.78948254,4550
2014-06-29,600.840518410286,7789034988.55801942877335340644,1.72411286,12963564.78948254,3925
2014-06-30,638.94611396844,8285127867.5940627510934910376,1.82938369,12966864.78948254,3300
2014-07-01,642.95659672706,8339269085.9497567081750155324,1.83761917,12970189.78948254,3325
2014-07-02,651.298347749854,8449693876.73304823171402054916,1.85565119,12973614.78948254,3425
2014-07-03,646.413389130333,8388564591.86804828126068788582,1.83854971,12977089.78948254,3475
2014-07-04,630.635502922268,8186430683.19487799130156320072,1.79270708,12981239.78948254,4150
2014-07-05,630.468341905318,8186656505.64963649440089414772,1.79121232,12985039.78948254,3800
2014-07-06,634.67267445938,8243503019.1466791156044492252,1.80217443,12988589.78948254,3550
2014-07-07,622.854978959673,8092343526.21506978587619760942,1.76756914,12992339.78948254,3750
2014-07-08,624.894331092928,8121182835.82232330143777347712,1.77273738,12996089.78948254,3750
2014-07-09,621.939091759205,8085357327.3226493373452317807,1.76136723,13000239.78948254,4150
2014-07-10,616.522849795441,8017241430.58402325746957894294,1.74495565,13003964.78937334,3725
2014-07-11,634.494378141438,8253417080.41789531534776266292,1.79446067,13007864.78927334,3900
2014-07-12,636.923957934541,8287520652.39622290886367643694,1.80030291,13011789.78927334,3925
2014-07-13,629.87575043834,8198330361.0318370677611424916,1.77957268,13015789.78921874,4000
2014-07-14,619.197459088252,8061433756.93548173415979224248,1.74898486,13019164.78921874,3375
2014-07-15,621.934601402689,8099541253.81925630220344519186,1.75571279,13023139.78921874,3975
2014-07-16,616.351882232612,8029055588.43942970451842954888,1.73946637,13026739.78921874,3600
2014-07-17,624.259274985389,8134747451.00415097900351715196,1.76036866,13031039.78902764,4300
2014-07-18,630.750140268849,8222042400.38129246080989198636,1.77738508,13035339.78902764,4300
2014-07-19,629.17336440678,8204272683.3855860686616233992,1.77274463,13039764.78902764,4425
2014-07-20,625.248676212741,8155518511.08536820976216916124,1.76080313,13043639.78902764,3875
2014-07-21,621.305331385155,8106490499.0371399039505619612,1.74762284,13047514.78788104,3875
2014-07-22,619.823264465225,8089353581.571575472456516834,1.74270129,13051064.78788104,3550
2014-07-23,619.772816773817,8090957356.26383506682238272968,1.74066345,13054714.78788104,3650
2014-07-24,602.87964552893,7872577118.4823920719658991202,1.69279908,13058289.78779914,3575
2014-07-25,601.578514319112,7858038002.48922004351938389088,1.68863136,13062364.78771724,4075
2014-07-26,594.702607247224,7770214649.36569718772135813136,1.66914747,13065714.78698014,3350
2014-07-27,591.575444184687,7731618804.77221583432016111618,1.65995112,13069539.78698014,3825
2014-07-28,587.493004967855,7680466301.7685314237182233997,1.64850401,13073289.78698014,3750
2014-07-29,584.11239333723,7638446404.9293165154883326122,1.63937643,13077014.78698014,3725
2014-07-30,562.914625073057,7363663408.72945929714642471968,1.58077127,13081314.78689824,4300
2014-07-31,581.975561952075,7615246130.0111672741923236105,1.63310806,13085164.78676174,3850
2014-08-01,596.506759205143,7807730529.54863818116296889684,1.67172212,13089089.78659788,3925
2014-08-02,589.757261542957,7721789009.47462299752565884245,1.65218507,13093164.78659785,4075
2014-08-03,586.753736703682,7684722365.6996647761303482837,1.64362281,13097014.78659785,3850
2014-08-04,587.60833547633,7697795405.1351682623799038905,1.64417187,13100214.78659785,3200
2014-08-05,581.881988603156,7624742882.8655615158510128146,1.61859835,13103589.78659785,3375
2014-08-06,582.248371420222,7631931031.3280754121060717227,1.61916711,13107689.78659785,4100
2014-08-07,586.046633547633,7684061659.55654080951031943639,1.62893008,13111689.78659783,4000
2014-08-08,589.024412624196,7725432021.49132218846117909468,1.63661291,13115639.78659783,3950
2014-08-09,588.978521332554,7727509980.11286712950168475782,1.63562717,13120189.78659783,4550
2014-08-10,589.373502045587,7735300179.77645754697729527621,1.63601768,13124614.78659783,4425
2014-08-11,573.441483927528,7528807737.95570611596540206424,1.59181557,13129164.78659783,4550
2014-08-12,568.307520163647,7463875219.40400229896397508601,1.57747585,13133514.78659783,4350
2014-08-13,548.370175336061,7204015648.19099502554410334763,1.52247712,13137139.78659783,3625
2014-08-14,505.107499707773,6637940814.66862144680687593259,1.40529956,13141639.78659783,4500
2014-08-15,500.323060132671,6577129265.81493505496252070393,1.39272818,13145764.78659783,4125
2014-08-16,521.7479628872,6860836902.455109674792054776,1.4519714,13149714.78659783,3950
2014-08-17,497.764658971362,6547578796.12217337653138134446,1.38521881,13153964.78659783,4250
2014-08-18,468.957918176505,6170977283.784932845788844689,1.30849176,13158914.7865978,4950
2014-08-19,486.794350672122,6407948972.82227651804067308916,1.35854035,13163564.78659778,4650
2014-08-20,515.120353886616,6782996534.77681621205051731248,1.43685004,13167789.78659778,4225
2014-08-21,519.307852133255,6840278776.31034983157812584135,1.44883851,13171914.78659777,4125
2014-08-22,516.159368790181,6800833147.53085293022928459456,1.43998218,13175839.78659776,3925
2014-08-23,497.12575949737,6552062720.2540313083447779438,1.38794257,13179889.78659774,4050
2014-08-24,508.430741963764,6702916915.40868168740108501808,1.41936719,13183539.78659772,3650
2014-08-25,501.610286674459,6614717186.97127837915183163348,1.40049218,13186964.78659772,3425
2014-08-26,511.852321741672,6751992304.03724795391362418784,1.4286897,13191289.78659772,4325
2014-08-27,510.162323787259,6731854487.09982477546245657689,1.42412594,13195514.78659771,4225
2014-08-28,506.285151665693,6682882888.32047033066379936303,1.41962708,13199839.78659771,4325
2014-08-29,508.866571887785,6719119904.60448111801562021665,1.4275503,13204089.78659769,4250
2014-08-30,501.275723261251,6621170462.05486795231915042311,1.40634187,13208639.78606061,4550
2014-08-31,478.511425482174,6322734056.40816738501621927918,1.34266216,13213339.78606057,4700
2014-09-01,474.541489772063,6271891388.00687535601911413528,1.33136652,13216739.78606056,3400
2014-09-02,474.430670660433,6272170253.35980210685741400949,1.33208957,13220414.78606053,3675
2014-09-03,473.95920338983,6267939738.1186911571734986133,1.33099316,13224639.78606051,4225
2014-09-04,489.555201344243,6476124936.21523961383131125907,1.37428858,13228589.78606049,3950
2014-09-05,478.749782875511,6334919955.78857625087612815017,1.34365527,13232214.78606047,3625
2014-09-06,480.64249181765,6362115562.189335974578195119,1.34865874,13236689.78606046,4475
2014-09-07,478.36550087668,6333829405.773938531118475306,1.34317011,13240564.78606045,3875
2014-09-08,468.975495908825,6211188748.44089670036413847125,1.31734021,13244164.78606045,3600
2014-09-09,473.51202717709,6272999635.0141105444955950905,1.33112394,13247814.78606045,3650
2014-09-10,477.778417592051,6331395265.32558625938452548295,1.34373558,13251739.78606045,3925
2014-09-11,477.270682057276,6326695286.5373551357132983342,1.34256122,13255989.78606045,4250
2014-09-12,473.997282291058,6285128022.2074972361480824561,1.33422001,13259839.78606045,3850
2014-09-13,477.960973991818,6339848712.5282252721987533981,1.34529696,13264364.78606045,4525
2014-09-14,475.648063997662,6311048240.5012059094989906679,1.33870825,13268314.78606045,3950
2014-09-15,472.655629748685,6273210670.64669798812471800825,1.33078173,13272264.78606045,3950
2014-09-16,464.177754529515,6162674425.81530715404509918175,1.30741226,13276539.78606045,4275
2014-09-17,456.339891291642,6060736703.11973878640470788288,1.28560635,13281189.78589664,4650
2014-09-18,426.880106954997,5671386004.70187204026154500148,1.20503333,13285664.78573284,4475
2014-09-19,393.893890707189,5234826089.46657407548022138676,1.11512348,13289939.78573284,4275
2014-09-20,411.041342781999,5464523276.92777942517457514716,1.16620763,13294339.78573284,4400
2014-09-21,400.404530683811,5324755541.16769165196095081144,1.1367134,13298439.78556904,4100
2014-09-22,400.881622150789,5332783816.12654069880904997256,1.13884767,13302639.78556904,4200
2014-09-23,438.491800993571,5834742821.79662537950961664184,1.2456203,13306389.78556904,3750
2014-09-24,423.700091759205,5639571003.4872112914355830132,1.20431489,13310289.78556904,3900
2014-09-25,409.537749853887,5452827141.00949245392115085848,1.16485544,13314589.78556904,4300
2014-09-26,405.298251899474,5397737713.99357941646892869548,1.15453429,13317939.78556902,3350
2014-09-27,400.599334599649,5336499824.10805032165935727398,1.14181027,13321289.78556902,3350
2014-09-28,375.549989772063,5004030780.18789198020655428826,1.07103907,13324539.78556902,3250
2014-09-29,373.0645578609,4972191289.913951323120509318,1.0668785,13327964.78556902,3425
2014-09-30,389.264040411455,5189586357.846754204981292895,1.1140296,13331789.785569,3825
2014-10-01,382.909365867914,5106350946.469297120387333066,1.09708972,13335664.785569,3875
2014-10-02,372.525699006429,4969163059.62108028143043303671,1.06843242,13339114.78556899,3450
2014-10-03,357.665713617767,4772249488.66454469232646824533,1.02941189,13342764.78556899,3650
2014-10-04,328.826113091759,4388715462.87164492462263311823,0.9484552,13346614.78556897,3850
2014-10-05,322.826261542957,4310001696.43420426017434124429,0.93172895,13350839.78556897,4225
2014-10-06,326.803532729398,4364416991.04736388636049369812,0.95087199,13354864.78556894,4025
2014-10-07,333.570194915254,4455902309.74205923152547461076,0.97154668,13358214.78556894,3350
2014-10-08,354.407334307423,4735525159.66299888542992024162,1.03194969,13361814.78556894,3600
2014-10-09,361.716424897721,4834526225.15361984675779643132,1.05462843,13365514.78556892,3700
2014-10-10,358.890390810053,4798145525.03474960793653605117,1.04743744,13369389.78556889,3875
2014-10-11,361.908376972531,4839797028.56546872608796843528,1.05694518,13372989.78556888,3600
2014-10-12,377.871243717124,5054666406.09106143350413750112,1.10393506,13376689.78556888,3700
2014-10-13,391.994208942139,5245103908.31811487155811903432,1.14335604,13380564.78556888,3875
2014-10-14,400.880592054354,5365331639.21426824892585035998,1.16884486,13383864.78556887,3300
2014-10-15,394.625879894798,5283109130.09472014363418373826,1.15308824,13387639.78556887,3775
2014-10-16,382.321476329632,5119796796.85042799424875775584,1.11729203,13391339.78556887,3700
2014-10-17,382.200789596727,5119537452.60555532491158508849,1.11813531,13394889.78556887,3550
2014-10-18,391.293177089421,5242933282.98394296021534392427,1.14449554,13398989.78556887,4100
2014-10-19,388.684497954413,5209271993.85584255624753192331,1.13688775,13402314.78556887,3325
2014-10-20,381.190858562244,5110145458.52303033338784374428,1.11540138,13405739.78556887,3425
2014-10-21,385.204633541204,5165426489.17209036478372471948,1.1273598,13409564.78556887,3825
2014-10-22,380.778763296318,5107591090.97487285208800642066,1.11497797,13413539.78556887,3975
2014-10-23,357.344793103448,4794607576.05294161733143846376,1.04769288,13417314.78556887,3775
2014-10-24,357.48843395675,4797955867.1227403522237263725,1.04955841,13421289.78556887,3975
2014-10-25,345.811246639392,4642572970.83683671608647092704,1.01613431,13425164.78556887,3875
2014-10-26,353.081956165985,4741286825.45237187236736888695,1.03785791,13428289.78556887,3125
2014-10-27,350.015711864407,4701503720.87209427901580021009,1.02988218,13432264.78556887,3975
2014-10-28,354.653805084746,4765027372.77084375423859320956,1.04388822,13435714.78566886,3450
2014-10-29,333.599350087668,4483438417.94399296857101761848,0.98355448,13439589.78566886,3875
2014-10-30,344.609382232613,4632873323.37357020530831053118,1.01672909,13443839.78566886,4250
2014-10-31,337.182912624196,4534617815.47420682257567973656,0.99675714,13448539.78566886,4700
2014-11-01,324.371315020456,4363609911.35953591520654220016,0.95963351,13452514.78566886,3975
2014-11-02,324.248566627703,4363215099.98679144348846042858,0.95980572,13456389.78566886,3875
2014-11-03,325.361865575687,4379570738.46089650614124900682,0.96404683,13460614.78566886,4225
2014-11-04,329.657703974284,4438730478.02699117226917959624,0.97805226,13464664.78566886,4050
2014-11-05,338.805765341905,4563074937.6711649347720115783,1.00559416,13468114.78566886,3450
2014-11-06,349.689911747516,4711010176.9661834606963860766,1.03634538,13471964.78566885,3850
2014-11-07,342.133288135593,4610490609.59831152461199637805,1.01476248,13475714.78566885,3750
2014-11-08,345.716332554062,4660097059.2180017613854543687,1.02534954,13479539.78566885,3825
2014-11-09,363.610051724138,4902659696.34222747515308865992,1.07917955,13483289.78556884,3750
2014-11-10,365.502253945061,4929516028.00307733381099349924,1.0847227,13486964.78556884,3675
2014-11-11,367.825466978375,4962035357.503763079535353835,1.09194006,13490189.78556884,3225
2014-11-12,422.591419637639,5702391476.13188126578928956876,1.25193043,13493864.78556884,3675
2014-11-13,421.914471654004,5694786271.53359287240480363536,1.24597359,13497489.78556884,3625
2014-11-14,398.388882817066,5378783673.70637559487246982344,1.1770509,13501339.78556884,3850
2014-11-15,377.993840736411,5104746259.07705498727613503324,1.11736503,13504839.78556884,3500
2014-11-16,390.205823495032,5271130401.47055124019654776128,1.15327838,13508589.78540504,3750
2014-11-17,387.501031560491,5235987480.48558251760769627464,1.14624262,13512189.78540504,3600
2014-11-18,373.864564582116,5053168329.24501185872340026464,1.10670813,13516039.78540504,3850
2014-11-19,377.613398012858,5105168798.27177252473665800432,1.1187722,13519564.78540504,3525
2014-11-20,356.181265341905,4816644517.4672389282453197012,1.05691479,13523014.78530504,3450
2014-11-21,350.748858854471,4744295631.84474487368370283384,1.04171403,13526189.78530504,3175
2014-11-22,352.455514611338,4768737135.24156498225937254352,1.04704666,13530039.78530504,3850
2014-11-23,367.773242255991,4977292194.70419570246970249464,1.09252099,13533589.78530504,3550
2014-11-24,376.994223845704,5103470630.72985435077553354816,1.11975677,13537264.78530504,3675
2014-11-25,376.755630040912,5101484016.79738667387159979648,1.11940193,13540564.78530504,3300
2014-11-26,367.530208065459,4977825383.82961272200460261336,1.09262566,13543989.78530504,3425
2014-11-27,369.530227352425,5006216218.674110593655208722,1.09877029,13547514.78530504,3525
2014-11-28,377.896931911163,5120962491.03596403225513616152,1.13429879,13551214.78530504,3700
2014-11-29,376.07633547633,5097767297.3269185126360401766,1.12906205,13555139.78530502,3925
2014-11-30,378.690397136178,5134716030.12210932757620701356,1.13677757,13559139.78530502,4000
2014-12-01,379.111978959673,5141664430.92944075796258445846,1.13825789,13562389.78530502,3250
2014-12-02,382.946796317943,5195109769.18394447347515397386,1.1510639,13566139.78530502,3750
2014-12-03,375.916019286967,5100819421.63834445918500567434,1.13011906,13569039.78530502,2900
2014-12-04,368.845568088837,5006226474.33424622959085156154,1.11229742,13572689.78525042,3650
2014-12-05,378.428329631794,5137766194.52839325393068385348,1.1410958,13576589.78525042,3900
2014-12-06,375.13795119813,5094378923.7791559100910857146,1.13129289,13580014.78525042,3425
2014-12-07,376.639793103448,5115960374.40674757347385234472,1.13597735,13583164.78525039,3150
2014-12-08,363.215676797195,4935098494.40549485371632465605,1.10418082,13587239.78525039,4075
2014-12-09,351.106837814144,4771819224.89603364483932351616,1.06761307,13590789.78525039,3550
2014-12-10,347.881393921683,4729226570.97274644535720520637,1.06041309,13594364.78525039,3575
2014-12-11,348.593006136762,4740190281.13287644893275383718,1.06328138,13598064.78525039,3700
2014-12-12,353.190612507306,4803953827.32569486112266420322,1.07767689,13601589.78525037,3525
2014-12-13,349.242945061368,4751534010.86693313628089470616,1.06591465,13605239.78525037,3650
2014-12-14,356.07972150789,4845805174.7983322115275804193,1.08689147,13608764.78525037,3525
2014-12-15,347.095181472823,4724760193.27213199859840569451,1.06028962,13612289.78525037,3525
2014-12-16,328.613320280538,4474354535.57197530591976549368,1.00469489,13615864.78525036,3575
2014-12-17,320.297613383986,4362153947.2375749230436908951,0.98028857,13619064.78525035,3200
2014-12-18,313.511651179427,4270746563.41847926612596454945,0.96077271,13622289.78525035,3225
2014-12-19,318.242888661601,4336286833.33715771464721681035,0.97619248,13625714.78525035,3425
2014-12-20,330.065758328463,4498487603.65140749907298571205,1.01306177,13629064.78525035,3350
2014-12-21,320.992670075979,4375889171.86725669902633558286,0.98778637,13632364.78525034,3300
2014-12-22,331.842584453536,4525159717.14710228689601366688,1.0214974,13636464.78525033,4100
2014-12-23,336.084128579778,4584259699.74186086752510582674,1.03954357,13640214.78525033,3750
2014-12-24,323.032297779077,4407465522.81855840368148134541,0.99961153,13644039.78525033,3825
2014-12-25,318.996144360023,4353656119.75983357118269955759,0.98749454,13647989.78525033,3950
2014-12-26,329.210341905319,4494310382.82180258625557350527,1.01929944,13651789.78525033,3800
2014-12-27,315.968443892461,4314735454.87933245067048476213,0.97876537,13655589.78525033,3800
2014-12-28,317.010480420807,4330304447.53144971379523561631,0.98276009,13659814.78525033,4225
2014-12-29,313.065531560491,4277700745.44164679127497271203,0.97130504,13663914.78525033,4100
2014-12-30,310.442004091175,4243056052.43000282053151883775,0.9677018,13667789.78525033,3875
2014-12-31,320.662287258913,4383963251.00396201137322869129,1.00093553,13671589.78525033,3800
2015-01-01,314.77647194623,4304793251.4314022713550005559,0.98274685,13675714.78521033,4125
2015-01-02,315.942731735827,4322045951.44780053924319149291,0.98668726,13679839.78521033,4125
2015-01-03,285.647309760374,3908766304.13260637456026796788,0.89443575,13683889.78496462,4050
2015-01-04,263.334574810053,3604573636.94296901265182532486,0.826303,13688189.78496462,4300
2015-01-05,275.003851548802,3765377426.61727865691977338524,0.86470946,13692089.78496462,3900
2015-01-06,287.549521040327,3938289680.31583967935528823074,0.90423431,13696039.78496462,3950
2015-01-07,297.535565166569,4076100312.44134535915207178878,0.93577843,13699539.78496462,3500
2015-01-08,284.342391876096,3896404868.34872256145478372352,0.89651769,13703214.78496462,3675
2015-01-09,292.501114552893,4009229351.46076845819012364566,0.9241025,13706714.78496462,3500
2015-01-10,276.230532144944,3787228266.21538132076975188128,0.87375367,13710389.78496462,3675
2015-01-11,268.755515488019,3685784301.82235249097294888778,0.85069708,13714264.78496462,3875
2015-01-12,268.617232028054,3684841437.01071101830923744948,0.85146752,13717814.78496462,3550
2015-01-13,224.108117767388,3074985194.61397880892496981256,0.71350593,13720989.78496462,3175
2015-01-14,175.637640561075,2410558958.4408315807708241665,0.56357972,13724614.78496462,3625
2015-01-15,212.341011396844,2915100171.71992621052171356488,0.68179854,13728389.78463702,3775
2015-01-16,207.595204850964,2850669282.95246081744593708728,0.66753485,13731864.78463702,3475
2015-01-17,199.824836645237,2744657033.11100114672355687374,0.64325099,13735314.78463702,3450
2015-01-18,211.132518410286,2900779183.52136845429594438772,0.68000493,13739139.78463702,3825
2015-01-19,216.894694915254,2980727352.88856991282005110308,0.69895138,13742739.78463702,3600
2015-01-20,211.919853886616,2912984570.73102743085379612432,0.68366065,13745689.78463702,2950
2015-01-21,227.904210403273,3133549519.99978564925702093373,0.73912676,13749414.78463701,3725
2015-01-22,233.647382817066,3213303339.61371814498204321266,0.75789177,13752789.78463701,3375
2015-01-23,233.132852425482,3206949823.14297542339944428882,0.75661441,13755889.78463701,3100
2015-01-24,249.08212390415,3427130852.4390850564517825915,0.8081469,13759039.78463701,3150
2015-01-25,254.51794126242,3502717848.2999875003808541642,0.8258294,13762164.78463701,3125
2015-01-26,273.952244886032,3771045735.62031715501193924432,0.89147229,13765339.78463701,3175
2015-01-27,264.753804500292,3645412286.14364211592165900692,0.86202293,13769064.78463701,3725
2015-01-28,235.735840444185,3246828576.08265784730239028685,0.76846781,13773164.78463701,4100
2015-01-29,233.957373465809,3223292682.55665955024171099109,0.76357085,13777264.78463701,4100
2015-01-30,228.896189947399,3154353108.95520274360520863699,0.74804548,13780714.78463701,3450
2015-01-31,217.332156049094,2995894384.49039121243052936894,0.71163625,13784864.78463701,4150
2015-02-01,227.111301285798,3131578635.58016540681969818398,0.74387279,13788739.78463701,3875
2015-02-02,240.092419929866,3311526270.04594029375846794066,0.78676033,13792714.78463701,3975
2015-02-03,227.775695791935,3142368394.76454325206846051435,0.74694335,13795889.78463701,3175
2015-02-04,226.781134132087,3129548986.72942964597768873987,0.7443882,13799864.78463701,3975
2015-02-05,217.011151081239,2995587161.00507979756263605539,0.71333929,13803839.78463701,3975
2015-02-06,222.724969316189,3075445350.46808670799289523111,0.73237364,13808264.78463699,4425
2015-02-07,228.647127410871,3158128949.86739527398131471829,0.75214553,13812239.78463699,3975
2015-02-08,224.035988895383,3095178117.77465473498374201717,0.73731062,13815539.78463699,3300
2015-02-09,220.768493863238,3050924501.14206636128415597362,0.72729218,13819564.77463699,4025
2015-02-10,220.888154295734,3053373353.59537055267895560066,0.72810409,13823164.77463699,3600
2015-02-11,219.495859731151,3034994445.06024632781501987549,0.72439005,13827114.77463699,3950
2015-02-12,222.583227936879,3078346024.69552466573885855421,0.73482642,13830089.77463699,2975
2015-02-13,236.555363822326,3272445345.41263525659550743874,0.78098836,13833739.77463699,3650
2015-02-14,257.627695791935,3564985013.10813764386519467565,0.85038033,13837739.77463699,4000
2015-02-15,234.445803039158,3245020574.02230342114820525442,0.7743708,13841239.77463699,3500
2015-02-16,235.086126826417,3254806162.14295257296191736483,0.77684571,13845164.77463699,3925
2015-02-17,243.905794272355,3377824460.27313048229131741145,0.80607357,13848889.77463699,3725
2015-02-18,235.995232320281,3269257239.83835760991718979419,0.78023417,13853064.77463699,4175
2015-02-19,241.872253945061,3351675770.86301193017927642279,0.80139075,13857214.77430939,4150
2015-02-20,245.530775277615,3403342533.24673393430667796785,0.81236962,13861164.77414559,3950
2015-02-21,245.596002630041,3405118526.01514275525623952179,0.81269734,13864714.77365419,3550
2015-02-22,236.690668322618,3282542113.11283353442444264102,0.78366869,13868489.77349039,3775
2015-02-23,239.066017825833,3316333307.76991794733751924487,0.79211394,13872039.77349039,3550
2015-02-24,239.869262127411,3328249523.03959837344736408029,0.79522354,13875264.77349039,3225
2015-02-25,238.236111046172,3306536107.91370366829488828708,0.79086428,13879239.77349039,3975
2015-02-26,237.044402396259,3290885014.33040459495030845101,0.78721981,13882989.77349039,3750
2015-02-27,255.116774400935,3542753013.79675907463622951465,0.8470053,13886789.77349039,3800
2015-02-28,254.948448568089,3541320575.33499570499710216471,0.84675657,13890339.77349039,3550
2015-03-01,260.651330800701,3621447826.42233872835552570159,0.86514949,13893839.77168859,3500
2015-03-02,276.322613676213,3840273594.03553072596852650967,0.91679724,13897789.77168859,3950
2015-03-03,282.705900935126,3930103866.72089566142106441234,0.9391453,13901739.77168859,3950
2015-03-04,273.447536528346,3802353560.40422530722681977214,0.90841341,13905239.77168859,3500
2015-03-05,276.268809175921,3842495720.10034290336453844139,0.91835146,13908539.77168859,3300
2015-03-06,273.31811484512,3802467147.6712280899687211808,0.90850025,13912239.77168859,3700
2015-03-07,276.403357393337,3846357193.50671516917330492483,0.91980286,13915739.77168859,3500
2015-03-08,275.338033898305,3832606247.30938746425018883995,0.91749265,13919639.77168859,3900
2015-03-09,290.130059029807,4039550376.79864385053244941553,0.96777239,13923239.77152479,3600
2015-03-10,292.320383109293,4071157601.59048706454382887347,0.9731036,13927039.77152479,3800
2015-03-11,296.693329339568,4133202066.97622372906303989072,0.98702529,13930889.77152479,3850
2015-03-12,295.800344827586,4121730744.30143397313487485694,0.98143882,13934164.77152479,3275
2015-03-13,285.911026300409,3984974925.71165329103353063911,0.95005909,13937814.77152479,3650
2015-03-14,283.608306253653,3953808857.43227197272231755787,0.94250473,13941089.77152479,3275
2015-03-15,287.270142022209,4005885829.32096619046773622691,0.95476771,13944664.77136099,3575
2015-03-16,291.392118059614,4064377990.96841902300673405786,0.96883474,13948139.77136099,3475
2015-03-17,285.248396551724,3979597299.52901526600244532952,0.94842564,13951339.77136098,3200
2015-03-18,257.286160140269,3590470758.14822152535083330362,0.85686576,13955164.77136098,3825
2015-03-19,262.092947983635,3658447942.8702128987607175623,0.87346947,13958589.77136098,3425
2015-03-20,262.966492109877,3671535473.04878052638999039946,0.87674824,13961989.77136098,3400
2015-03-21,261.18429748685,3647638460.674515873468153113,0.87101347,13965764.77136098,3775
2015-03-22,268.899415838691,3756340581.68576485073421167718,0.89689624,13969314.77136098,3550
2015-03-23,266.777992986558,3727672828.32573686650650570684,0.89015559,13972939.77136098,3625
2015-03-24,246.835082992402,3450079309.84566426352853927396,0.8245462,13977264.77136098,4325
2015-03-25,246.719136762127,3449457911.18975601246630960446,0.82488492,13981314.77136098,4050
2015-03-26,249.532993571011,3489722601.03251329242274455078,0.834809,13985014.77136098,3700
2015-03-27,247.378898305085,3460655091.7098736624957045833,0.82811622,13989289.77136098,4275
2015-03-28,253.23161396844,3543467384.0456131848375674712,0.84785463,13992989.77136098,3700
2015-03-29,242.967614260666,3400772692.24602656249330121268,0.81383575,13996814.77136098,3825
2015-03-30,248.336934541204,3476807669.77845019615496781992,0.83226724,14000364.77136098,3550
2015-03-31,244.712485680888,3426981735.46018594627773495024,0.82051756,14004114.77136098,3750
2015-04-01,247.185819403857,3462434297.98855409326015129986,0.83080879,14007414.77136098,3300
2015-04-02,253.630070426651,3553754159.74786747393453347798,0.85233643,14011564.77136098,4150
2015-04-03,254.83316364699,3571541519.3779441531025804502,0.85676268,14015214.77136098,3650
2015-04-04,253.945848626534,3560076951.56340441930835457032,0.85381712,14019039.77095148,3825
2015-04-05,261.112136177674,3661507536.65676796122531325752,0.87790912,14022739.77095148,3700
2015-04-06,256.367386908241,3595780709.64185781189002314668,0.86213123,14025889.77095148,3150
2015-04-07,254.831898012858,3575212472.86314466538393412984,0.85722526,14029689.77095148,3800
2015-04-08,245.825210403273,3449619643.61930478193671619404,0.82735719,14032814.77095148,3125
2015-04-09,243.860636177674,3422861974.02297933560531325752,0.82153081,14036139.77095148,3325
2015-04-10,235.871900642899,3311627278.68615363421693554052,0.7967323,14039939.77095148,3800
2015-04-11,237.40906779661,3334039944.6794291250068184828,0.80216867,14043439.77095148,3500
2015-04-12,237.141042372881,3331034797.11980038307431881388,0.80176151,14046639.77095148,3200
2015-04-13,225.505635885447,3168475905.58217634015947511156,0.76357046,14050539.77095148,3900
2015-04-14,219.757236703682,3088526389.95521561562677524936,0.74489185,14054264.77090148,3725
2015-04-15,223.313907948568,3139193896.75313836848683508064,0.75926768,14057314.77090148,3050
2015-04-16,228.493815312683,3212797788.71744226520598747084,0.77719921,14060764.77090148,3450
2015-04-17,222.785060198714,3133230098.86486923567371669672,0.75827898,14063914.77090148,3150
2015-04-18,223.398044126242,3142666455.43861626051326463816,0.76055574,14067564.77090148,3650
2015-04-19,223.284135300994,3141873440.65192882592252007112,0.76035314,14071189.77090148,3625
2015-04-20,224.894903565167,3165404711.95277856935751674716,0.76631946,14075039.77090148,3850
2015-04-21,234.939356516657,3307679429.76062528658652595236,0.80085177,14078864.77090148,3825
2015-04-22,233.822418760958,3292842739.33191651211428841784,0.79730639,14082664.77090148,3800
2015-04-23,235.933293687902,3323336266.50585569770630989496,0.80445024,14085914.77090148,3250
2015-04-24,231.458592343659,3261023526.38187585866939171532,0.78956794,14089014.77090148,3100
2015-04-25,226.445992986558,3191323707.42048883106918230584,0.77276772,14093089.77090148,4075
2015-04-26,220.503406779661,3108368118.79857132531068184922,0.75294572,14096689.77089602,3600
2015-04-27,227.325990356517,3205322554.43449155133533636234,0.77665961,14100114.77089602,3425
2015-04-28,225.549368790181,3181134712.78032733682174797962,0.77087913,14103939.77089602,3825
2015-04-29,225.66928842782,3183542552.1176937967184952764,0.77154151,14107114.77089602,3175
2015-04-30,236.327976037405,3334697580.2529620478108856281,0.80792304,14110464.77089602,3350
2015-05-01,232.746582700175,3285023618.0932470508657608035,0.7959527,14114164.77089602,3700
2015-05-02,235.540077147867,3325317068.79807352319662178934,0.80559481,14117839.77089602,3675
2015-05-03,240.464248977206,3395683374.16668611780117612012,0.8223728,14121364.77089602,3525
2015-05-04,238.976661309176,3375441331.39393727539576787952,0.81741779,14124564.77089602,3200
2015-05-05,236.02338340152,3334636256.3268896804458299504,0.80768013,14128414.77089602,3850
2015-05-06,229.481219300429,3243129510.31509413977890039258,0.78562752,14132439.77089602,4025
2015-05-07,237.130687317358,3352071042.01653233592775911516,0.81202047,14135964.77089602,3525
2015-05-08,244.383472822911,3455512600.43698074041425471422,0.83681725,14139714.77089602,3750
2015-05-09,242.705950029223,3432575633.30140001424389439246,0.83113721,14142939.77089602,3225
2015-05-10,240.731483927528,3405427237.13297175423179803856,0.82457424,14146164.77069602,3225
2015-05-11,242.24983722969,3427862999.9825430832299088338,0.83050336,14150114.77069602,3950
2015-05-12,242.209092051432,3428194735.12903278510027770064,0.83069449,14153864.77069602,3750
2015-05-13,236.550265926359,3349058503.97086953451249439118,0.81161902,14157914.77069602,4050
2015-05-14,236.948916715371,3355614821.19432633029190252342,0.81336253,14161764.77069602,3850
2015-05-15,237.484502337814,3364072414.34002237377994530028,0.81536167,14165439.77069602,3675
2015-05-16,235.812134424313,3341160767.43047961983002033426,0.80981981,14168739.77069602,3300
2015-05-17,236.963682933957,3358489778.34150095814058275114,0.81389832,14173014.77069602,4275
2015-05-18,232.88384961543,3301504622.3146555749104315886,0.80026593,14176614.77069602,3600
2015-05-19,231.974446814728,3289366286.08985913880454698256,0.79745588,14179864.77069602,3250
2015-05-20,234.190306253653,3321635813.12143645696311226106,0.80520035,14183489.77059602,3625
2015-05-21,235.553821741672,3341887992.13349678035574414544,0.81004487,14187364.77049602,3875
2015-05-22,240.323203682057,3410382068.50425797507226391314,0.82662537,14190814.77049602,3450
2015-05-23,238.963281706604,3391752764.83705590793318971608,0.8221977,14193614.77049602,2800
2015-05-24,240.711758328463,3417448566.33676850868174791726,0.82826864,14197264.77039602,3650
2015-05-25,237.003543249562,3365637492.52599074977843154324,0.81597835,14200789.77039602,3525
2015-05-26,236.796261250731,3363546390.97790687680238449062,0.8155281,14204389.77039602,3600
2015-05-27,237.203596434833,3370150691.10778787896853256466,0.81731823,14207839.77039602,3450
2015-05-28,236.956881940386,3367427368.81205391813725166372,0.81693429,14211139.77039602,3300
2015-05-29,236.646526592636,3363927954.35910066490598170872,0.81601049,14214989.76889602,3850
2015-05-30,232.788770017534,3309881465.93119399990322281468,0.80519424,14218389.76889602,3400
2015-05-31,229.45054792519,3263266290.1144306084078487438,0.79414393,14222089.76889602,3700
2015-06-01,223.282701928697,3176283463.58794593595444708594,0.77376466,14225389.76889602,3300
2015-06-02,225.320800993571,3206121170.17712697253778748742,0.78141163,14229139.76889602,3750
2015-06-03,225.213063413209,3205387663.46291029942501552818,0.781559,14232689.76889602,3550
2015-06-04,223.54007685564,3182364543.5724135517557105528,0.77606861,14236214.76889602,3525
2015-06-05,224.731071887785,3200095126.8254942954973838657,0.78040202,14239664.76884602,3450
2015-06-06,225.160513150205,3207212190.7237835400627764341,0.78204257,14244114.76884602,4450
2015-06-07,223.411685856225,3183133902.5672564398238834745,0.77660755,14247839.76884602,3725
2015-06-08,228.774291350088,3260437385.48089893806758544976,0.79532581,14251764.76884602,3925
2015-06-09,229.370529514904,3269800705.30098148237717593304,0.79751177,14255539.76884601,3775
2015-06-10,228.588487434249,3259618059.678700467108606654,0.79522298,14259764.768846,4225
2015-06-11,229.584411747516,3274594553.39029017137783969844,0.79912895,14263139.76835459,3375
2015-06-12,229.811218510228,3278645359.77158960549539927624,0.79991673,14266689.76834858,3550
2015-06-13,233.015344535359,3325283867.74535117017640208663,0.81144066,14270664.76834857,3975
2015-06-14,232.507108708358,3318891280.93717642521341634806,0.80992401,14274364.76834857,3700
2015-06-15,236.7909628872,3380893025.566775384103191304,0.8248878,14277964.76834857,3600
2015-06-16,251.432676797195,3590688627.31847490462695826115,0.87513216,14280914.76834857,2950
2015-06-17,247.969317650497,3542208169.25578504958082692209,0.86325931,14284864.76802097,3950
2015-06-18,249.012479544126,3558080744.5076451015992174397,0.86709753,14288764.76802095,3900
2015-06-19,244.803484219755,3498839053.21116902704803521475,0.85251691,14292439.76801545,3675
2015-06-20,245.582513150205,3510795978.6962178801054791652,0.85520736,14295789.76801544,3350
2015-06-21,244.300260081824,3493222489.16851371088343625216,0.85070324,14298889.76785584,3100
2015-06-22,247.017892460549,3533026458.36483733597784838996,0.86017515,14302714.76763204,3825
2015-06-23,244.184763296318,3493359666.62724618419938468646,0.85051054,14306214.76733197,3500
2015-06-24,240.451545295149,3440889209.15589656431055475906,0.8379559,14310114.76733194,3900
2015-06-25,242.347857685564,3468946578.95664181281084983596,0.8448489,14313914.76733189,3800
2015-06-26,242.967997369959,3478758632.3324728543650614454,0.84717268,14317764.7673306,3850
2015-06-27,251.529326709527,3602148913.99068651323384443566,0.87686139,14320989.76733058,3225
2015-06-28,249.058285797779,3567639092.83631538709009087066,0.86825845,14324514.76733054,3525
2015-06-29,256.65022238457,3677288176.3647783779455142307,0.89447788,14328014.76733051,3500
2015-06-30,263.854356864991,3781465593.62971569209740787559,0.91895089,14331639.76733049,3625
2015-07-01,258.042647574518,3699045163.58175471451887823756,0.89877462,14335014.76733042,3375
2015-07-02,254.747113383986,3652784408.57415032420326667326,0.88759905,14338864.76691191,3850
2015-07-03,256.087042833431,3673028226.0687382026436086289,0.89360593,14342889.7668119,4025
2015-07-04,260.50923962595,3737445242.3015164879244798745,0.90895603,14346689.76681171,3800
2015-07-05,271.302458211572,3893255324.65875151047120504096,0.94652746,14350239.76680168,3550
2015-07-06,269.137940093513,3863411819.86391743896251708567,0.93879668,14354764.76680159,4525
2015-07-07,266.469919053185,3826005679.6659252691540756501,0.92913382,14358114.76680146,3350
2015-07-08,270.576142898889,3886052381.87588817960771757794,0.94328042,14362139.76680146,4025
2015-07-09,269.680304792519,3874082916.79719982475237457698,0.94097662,14365464.76680142,3325
2015-07-10,285.558780829924,4103284006.15495924694900549208,0.99548676,14369314.76675142,3850
2015-07-11,293.917453828171,4224479904.06061602395347717572,1.02415822,14373014.76669132,3700
2015-07-12,311.481879894798,4477984910.62934877704613975336,1.08367916,14376389.76669132,3375
2015-07-13,292.649223845704,4208322109.05375673541756071816,1.0183322,14380089.76669129,3700
2015-07-14,287.740951490357,4138776579.40983409684708185483,1.00130096,14383689.76669119,3600
2015-07-15,285.922885447107,4113719736.50519121752987553198,0.9949258,14387514.76669114,3825
2015-07-16,278.532749269433,4008327127.83110072482775392362,0.96964467,14390864.76669114,3350
2015-07-17,280.064724722385,4031402817.2637781267065391689,0.97483547,14394539.76669114,3675
2015-07-18,277.354635300994,3993425473.33277259761933299316,0.96571539,14398264.76669114,3725
2015-07-19,275.281989479836,3964629041.59212380240988949076,0.95860718,14402064.76669091,3800
2015-07-20,279.114393045003,4020912112.08260368422371652243,0.97272012,14405964.76669081,3900
2015-07-21,276.652412624196,3986323280.29413552348150219252,0.96438518,14409139.76669037,3175
2015-07-22,277.764369082408,4003415009.13587572809660693672,0.96830559,14412989.76669009,3850
2015-07-23,276.811628579778,3990652010.72117928396970960668,0.96492102,14416489.76669006,3500
2015-07-24,289.305976329632,4171998964.94544954763428572256,1.00796633,14420714.76667983,4225
2015-07-25,289.507639976622,4176021703.29140784870935916804,1.00828547,14424564.76667982,3850
2015-07-26,293.314842781999,4231994880.17141002429873616038,1.02127006,14428164.76667962,3600
2015-07-27,294.426761835184,4249134571.16574783458538636144,1.02492676,14431889.76667941,3725
2015-07-28,295.410125268849,4264330758.26689856150824269909,1.02815783,14435289.76667941,3400
2015-07-29,289.85583635301,4185254440.4912512913451983241,1.00910193,14439089.76665941,3800
2015-07-30,288.236260666277,4162834833.18975101051333277397,1.00375693,14442439.76648561,3350
2015-07-31,284.597324371712,4111354069.84092087378753906432,0.99098704,14446214.76648561,3775
2015-08-01,281.66884628872,4070140113.2944411616857853192,0.98089158,14450089.76648561,3875
2015-08-02,282.423006428989,4082103941.8226393115704226602,0.98353023,14453864.7663218,3775
2015-08-03,282.185052308591,4079772161.4761287835126105838,0.98277599,14457789.7663218,3925
2015-08-04,285.286617475161,4125583913.09880258097441843074,0.99397021,14461189.76631634,3400
2015-08-05,282.338886908241,4083894998.74178243507307008628,0.98382413,14464514.76614708,3325
2015-08-06,278.99574868498,4036535536.3477017906312668584,0.97232925,14468089.76614708,3575
2015-08-07,279.488715078901,4044625067.23578987676597075908,0.97419688,14471514.76614708,3425
2015-08-08,261.450275569842,3784633860.88136028786778436136,0.91166096,14475539.76614708,4025
2015-08-09,266.342020455874,3856390022.63394133230243899302,0.93317694,14479089.76598323,3550
2015-08-10,264.928825248393,3837034320.21337867862162244939,0.92856137,14483264.76598323,4175
2015-08-11,271.421736119229,3932172125.44445120534436481947,0.95127646,14487314.76581943,4050
2015-08-12,268.143868497954,3885529278.64012104175408844622,0.93998135,14490464.76581943,3150
2015-08-13,264.691627995324,3836477451.00650908318706834532,0.92822959,14494139.76581943,3675
2015-08-14,266.355941554646,3861545807.94198955158631357178,0.93435614,14497689.76581943,3550
2015-08-15,261.936836645237,3798376129.58827561030814510254,0.91933993,14501114.76581942,3425
2015-08-16,258.930817389831,3755678810.57012647862492736462,0.90950511,14504564.76532802,3450
2015-08-17,258.009398305085,3743262212.3181900415370589817,0.90668516,14508239.76532802,3675
2015-08-18,217.885883116937,3161908681.47874565870482267474,0.76798027,14511764.76532802,3525
2015-08-19,227.218251899474,3298223973.13662119482167546148,0.80186184,14515664.76532802,3900
2015-08-20,235.523883109293,3419668945.81156537678214432286,0.83203851,14519414.76450902,3750
2015-08-21,232.80061783986,3381089030.1706782174728711292,0.82326318,14523539.76352622,4125
2015-08-22,230.639173290473,3350608229.04548955952161298787,0.81611734,14527489.76352619,3950
2015-08-23,228.673073933372,3322811795.55880615504383701268,0.8092317,14530839.76352619,3350
2015-08-24,211.955917592051,3080718804.64192416542667431569,0.75213176,14534714.76352619,3875
2015-08-25,222.655039450614,3236978949.76154960174897943426,0.79407506,14538089.76319859,3375
2015-08-26,226.116700175336,3288215003.81253957915213596336,0.80814493,14542114.76314126,4025
2015-08-27,224.939877264757,3271871929.03352029994755302125,0.80418084,14545539.76297625,3425
2015-08-28,232.17080829924,3377949385.75465715932316505,0.82998858,14549414.76277625,3875
2015-08-29,229.826200175336,3344756014.50450451859613657,0.82198826,14553414.76277625,4000
2015-08-30,229.019572472238,3333875650.3789446800089307475,0.81927215,14557164.76277625,3750
2015-08-31,230.689466101695,3359090020.86934117880650445145,0.82540167,14561089.75252711,3925
2015-09-01,227.955570426651,3320159149.47153129677281380861,0.81598508,14564939.75232711,3850
2015-09-02,229.502180709527,3343603441.55861678086678547697,0.82188383,14568939.74262711,4000
2015-09-03,227.107121566335,3309538909.86580082400526651815,0.81397546,14572589.74108889,3650
2015-09-04,231.177563413209,3369757378.78090294685617648383,0.82872426,14576489.72948887,3900
2015-09-05,235.903006136762,3439504689.65561376527757683894,0.8456626,14580164.72948887,3675
2015-09-06,240.805472238457,3511850352.62293440988956444793,0.86322379,14583764.72917249,3600
2015-09-07,240.6336157218,3510258445.208254700709450198,0.86259401,14587564.72855611,3800
2015-09-08,244.174952659264,3562748121.60400400670427130304,0.87516289,14590964.72755611,3400
2015-09-09,238.722463179427,3484080201.86577914044643983471,0.85581756,14594689.39563973,3725
2015-09-10,238.750477206312,3485509618.43249843178030117576,0.85661875,14598963.98623973,4275
2015-09-11,240.845008116891,3517038528.37458459074726837943,0.86421443,14602912.28733973,3950
2015-09-12,236.351832176505,3452222524.85823767189689954365,0.84831164,14606286.28543973,3375
2015-09-13,230.548837317358,3368332625.24841927769184025976,0.82782905,14610061.21063972,3775
2015-09-14,230.948793980129,3375053610.95087660464295212259,0.82963832,14613861.16283971,3800
2015-09-15,230.398590005845,3367934600.81947097850569810495,0.82794791,14617861.16283971,4000
2015-09-16,229.043285797779,3348936055.73588130658599513075,0.82333716,14621411.16283425,3550
2015-09-17,233.202697837522,3410592059.07554857636132385838,0.83834106,14625011.16282879,3600
2015-09-18,233.175130917592,3411045811.16996966951509507368,0.83835706,14628686.16282879,3675
2015-09-19,232.241568088837,3398114768.43510771341494121723,0.83518355,14631811.16282879,3125
2015-09-20,231.362323787259,3385990191.23826958033591071402,0.83222368,14635011.16262878,3200
2015-09-21,226.773447983635,3319580294.9371642315879552332,0.81585049,14638311.16232232,3300
2015-09-22,230.626304792519,3376884819.9776178134635449792,0.82986426,14642236.1621568,3925
2015-09-23,230.132437755698,3370562525.3209151504911694464,0.82892525,14646186.1621568,3950
2015-09-24,234.319868497954,3432712535.04903963504703070068,0.84398148,14649686.16214042,3500
2015-09-25,235.538221800117,3451526735.24616167950611472914,0.8484784,14653786.16204042,4100
2015-09-26,234.591814436002,3438520409.01676460893244206256,0.84518839,14657461.16199128,3675
2015-09-27,233.243309760374,3419623585.43584094308347753872,0.84044962,14661186.16199128,3725
2015-09-28,240.017265341905,3519795870.9933241445398285884,0.86502832,14664761.16199128,3575
2015-09-29,237.336233781414,3481511596.10790725685981844164,0.85547192,14669111.16199126,4350
2015-09-30,236.739848042081,3473639084.69791692741098561206,0.85345406,14672811.16139126,3700
2015-10-01,238.229813851549,3496388477.71376738133094606174,0.85908051,14676536.16139126,3725
2015-10-02,237.937007305669,3492911974.53007205032512505294,0.85804128,14679986.16139126,3450
2015-10-03,239.735897720631,3520188703.53151874169523851456,0.86449878,14683611.16128576,3625
2015-10-04,239.516924897721,3517889543.98275299834785375296,0.86381713,14687436.16128576,3825
2015-10-05,240.961213833431,3540024122.16735544052629390825,0.86904243,14691261.16128575,3825
2015-10-06,246.940498246639,3628743989.80812803661718923284,0.89045639,14694811.16128556,3550
2015-10-07,243.734486849795,3582442674.9193516850018224602,0.87953074,14698136.16128556,3325
2015-10-08,243.029632963179,3572933240.23144868451684752322,0.87738611,14701636.16126918,3500
2015-10-09,244.448887492694,3594568617.94021347134301737092,0.88249178,14704786.16126918,3150
2015-10-10,245.955924313267,3617713095.82115149400463221106,0.88802862,14708786.16126918,4000
2015-10-11,248.528165400351,3656454767.73000445021001547165,0.89733993,14712436.16126915,3650
2015-10-12,246.093637346581,3621510561.56867485915737327615,0.88965466,14715986.16126915,3550
2015-10-13,250.471300701344,3686790059.11685411783964168256,0.9052258,14719411.16125274,3425
2015-10-14,253.142325540619,3727067912.7825746620573672313,0.91550869,14723211.1612427,3800
2015-10-15,254.693015002922,3750956017.1938377590536511694,0.92101163,14727361.1612427,4150
2015-10-16,262.737363237873,3870373892.99148758935931624091,0.94954679,14730961.15944267,3600
2015-10-17,271.930938924605,4006728659.13005112555131039535,0.98206419,14734361.13954267,3400
2015-10-18,263.481677381648,3883189309.16876261972137355536,0.9516082,14737986.13914257,3625
2015-10-19,264.362728229106,3897264719.67513809020979289606,0.95474467,14742111.13564251,4125
2015-10-20,270.832211864407,3993505229.49491038513999598901,0.97727168,14745311.13564243,3200
2015-10-21,268.040217708942,3953301351.76740912591015471486,0.96713256,14748911.13564233,3600
2015-10-22,275.414956458212,4063089753.56784927747503582124,0.99332361,14752611.13564227,3700
2015-10-23,278.612778026885,4111303804.2497933975494616224,1.00428416,14756336.13564224,3725
2015-10-24,283.61114289889,4186089446.8226742022755301913,1.02166516,14759961.13564217,3625
2015-10-25,286.04969345412,4223190800.8072594448176141224,1.02981363,14763836.13564202,3875
2015-10-26,286.703382817066,4234017247.31485890276596491088,1.03170839,14767936.13564168,4100
2015-10-27,295.562913793104,4365940428.66887260869873000912,1.06222316,14771611.13564153,3675
2015-10-28,304.442097019287,4498158206.71429072354386307431,1.09230955,14775086.13544113,3475
2015-10-29,314.879462302747,4653559847.77460504335099523471,1.12707436,14778861.13544093,3775
2015-10-30,328.492321157218,4856146703.1140938470385316944,1.17145113,14783136.1354408,4275
2015-10-31,314.119508182349,4644825841.44993940047273079222,1.11900853,14786811.13544078,3675
2015-11-01,329.854227644652,4878753858.82889236007667681552,1.17301764,14790636.13544076,3825
2015-11-02,364.616627995324,5394306532.21225678152399933356,1.29040009,14794461.13544069,3825
2015-11-03,400.923105201637,5932994875.23846606302220037679,1.40849617,14798336.13544067,3875
2015-11-04,405.481681472823,6002025460.71014016770948785557,1.41400867,14802211.13543059,3875
2015-11-05,384.341222969024,5690502775.90062392128986713472,1.33554498,14805861.13542978,3650
2015-11-06,372.975417884278,5523574280.0133322613212984705,1.29585462,14809486.13542975,3625
2015-11-07,386.504550847458,5725402504.34912150175745727886,1.33922357,14813286.13542967,3800
2015-11-08,372.400129748685,5517763769.28316757897611907625,1.29084893,14816761.13541325,3475
2015-11-09,380.495644360023,5639130421.82266900690359169371,1.31634235,14820486.13541277,3725
2015-11-10,337.830502337814,5008045357.34487340238898637794,1.1732578,14824136.13539571,3650
2015-11-11,308.922185856225,4580802011.52122092593496896375,1.07637834,14828336.13527895,4200
2015-11-12,337.522988603156,5006262858.4196890898953913716,1.17484219,14832361.1352761,4025
2015-11-13,337.278958211572,5003992427.35648083751855367332,1.17320189,14836361.13527581,4000
2015-11-14,333.047117475161,4942389627.19110590869211263287,1.15846495,14839911.13527567,3550
2015-11-15,319.928021624781,4748983122.6824917053767623407,1.113692,14843911.1352747,4000
2015-11-16,331.132725014611,4916736893.13387132016674615783,1.15257372,14848236.13527453,4325
2015-11-17,335.849786090006,4988027970.29710578791994271274,1.16708912,14851961.13526879,3725
2015-11-18,335.744504967855,4987748561.8904471481810386619,1.16637111,14855786.13525778,3825
2015-11-19,326.232145528931,4847544173.71876917315228712871,1.13381269,14859186.13525741,3400
2015-11-20,321.940475452951,4785117550.71364225998392023328,1.11922908,14863361.13525728,4175
2015-11-21,325.905231151373,4845464834.22247890703804804975,1.13292142,14867711.13524075,4350
2015-11-22,323.716966101695,4814322324.5306989357392487492,1.12503742,14872011.13524056,4300
2015-11-23,323.012556341321,4805162610.89762896209421054383,1.12274649,14876086.13524023,4075
2015-11-24,319.961356527177,4761020548.93701143200663546947,1.11232756,14879986.13524011,3900
2015-11-25,328.960457334892,4896144197.87751530504620728864,1.14323112,14883686.13523992,3700
2015-11-26,356.255292518995,5303959481.1578629529920807608,1.23571942,14888086.13523984,4400
2015-11-27,359.268824371712,5350019771.76384911027517720576,1.24471977,14891411.13515748,3325
2015-11-28,356.567322618352,5311163382.55013861130596649664,1.23492724,14895261.13483732,3850
2015-11-29,371.707612507306,5538066564.9598278516473713138,1.28597204,14898986.1348373,3725
2015-11-30,377.389839859731,5624254420.34999158455212219589,1.30285581,14903036.13483719,4050
2015-12-01,362.532375803624,5404346669.31477651391481211256,1.25175777,14907211.13482619,4175
2015-12-02,359.22240414962,5356450093.1949153222130395858,1.2400996,14911236.13482609,4025
2015-12-03,361.210068088837,5387370915.29092703562481380852,1.24663471,14914786.13482596,3550
2015-12-04,363.241631794272,5419060652.71833049340911164576,1.25296246,14918611.13482583,3825
2015-12-05,389.362958796026,5810458035.51508194588790853852,1.34032565,14922986.13479302,4375
2015-12-06,393.319129748685,5871059363.2462673816529045648,1.35140208,14926961.13458208,3975
2015-12-07,395.346588252484,5902776056.22206588921639724172,1.35604281,14930636.13452083,3675
2015-12-08,413.798660432496,6180087600.81043806894364928736,1.41573376,14935011.13404066,4375
2015-12-09,417.632671244886,6239102652.2007184582132663716,1.4230962,14939211.1340406,4200
2015-12-10,415.729924313267,6212922055.64588100324643784418,1.4147374,14944611.13404054,5400
2015-12-11,453.86148012858,6784598775.1167878270828643468,1.53766856,14948611.13394046,4000
2015-12-12,435.85572238457,6517202920.1009311576960854651,1.47529212,14952661.13393043,4050
2015-12-13,434.403466393922,6497029960.6986931247198916366,1.46917519,14956211.1339303,3550
2015-12-14,442.991689655173,6627636825.5462748925642854073,1.49347951,14961086.1339301,4875
2015-12-15,464.617871712449,6953313624.78067375090668672762,1.5607304,14965661.13385338,4575
2015-12-16,454.142492402104,6798393278.41510537758930245824,1.52430436,14969736.13382056,4075
2015-12-17,456.240134611338,6831562359.31205783606378792196,1.52913908,14973611.13382042,3875
2015-12-18,463.175769725307,6937370780.10177543884277560973,1.54887254,14977836.13382039,4225
2015-12-19,461.399907948568,6912583208.05213401189499278744,1.5407991,14981761.13382033,3925
2015-12-20,442.15399006429,6626069348.6912373896763503299,1.47646827,14985886.13376031,4125
2015-12-21,437.640129456458,6560055357.08081311317006988824,1.46115451,14989611.13376028,3725
2015-12-22,435.268379018118,6526135996.72502367695073603534,1.45244997,14993361.13376013,3750
2015-12-23,442.665727060199,6638784570.33063601831261800617,1.47498552,14997286.13375983,3925
2015-12-24,455.878713033314,6838516283.21073432233608297778,1.51648924,15000736.13375977,3450
2015-12-25,455.718825832846,6837963518.7499622146510227485,1.51327284,15004786.13375975,4050
2015-12-26,418.221531560491,6277112534.64603793288407043234,1.39046843,15009061.13375974,4275
2015-12-27,422.705894506137,6346584979.95239320390934625369,1.40524438,15014186.13375937,5125
2015-12-28,421.052879602572,6323355781.12888549748908507392,1.39984175,15017961.13375936,3775
2015-12-29,431.340021332554,6479562252.39190101176658376478,1.43330598,15021936.13375907,3975
2015-12-30,426.043646990064,6401757885.32232319390209097344,1.41549314,15026061.13375896,4125
2015-12-31,429.677153419053,6457880528.94390157789705178379,1.42597532,15029611.13374743,3550
2016-01-01,434.678006428989,6534508443.28958148629946109866,1.44202141,15032986.13374194,3375
2016-01-02,434.439877264757,6532503495.4207096396824042183,1.44085731,15036611.1337419,3625
2016-01-03,430.136180011689,6469349717.04151099074750895221,1.42578556,15040236.13374189,3625
2016-01-04,433.44897106955,6521136233.407531057560120799,1.4358758,15044761.13374178,4525
2016-01-05,432.669502630041,6511107544.72124390024989257444,1.43257229,15048686.13374084,3925
2016-01-06,430.677869666862,6482654224.85292771480459962274,1.42542709,15052211.13373527,3525
2016-01-07,459.208940093513,6913797513.64105948674515918474,1.51365061,15055886.13373498,3675
2016-01-08,454.134423728814,6839360304.4527402964727030016,1.49531085,15060211.1337344,4325
2016-01-09,449.845216247808,6776462099.88367834903290445824,1.48063286,15063986.13373428,3775
2016-01-10,448.580216247808,6759368695.870575187426417024,1.47362064,15068361.13373425,4375
2016-01-11,449.033059029807,6768100684.94738625831983470326,1.4731839,15072611.13373418,4250
2016-01-12,441.768157218001,6660477159.68141027138729535409,1.44857001,15076861.13373409,4250
2016-01-13,432.310645236704,6519487114.25607567928420616672,1.41794151,15080561.13373393,3700
2016-01-14,429.823224722385,6483404579.3467473514174800084,1.4098903,15083886.13373384,3325
2016-01-15,367.823199883109,5549325125.13602387737764290333,1.21085056,15086936.13371737,3050
2016-01-16,388.071204558738,5856183131.28861340943422794216,1.2771992,15090486.13371732,3550
2016-01-17,382.482086499123,5773284492.58680308849044994544,1.25902054,15094261.13371728,3775
2016-01-18,384.865166569258,5810919867.2902674103686303576,1.26741248,15098586.1336572,4325
2016-01-19,378.161725014611,5710964765.31907131828728440426,1.24584593,15101911.13365166,3325
2016-01-20,420.622924168323,6353808388.67853361065727995003,1.3822596,15105711.13365161,3800
2016-01-21,409.298459672706,6184146146.48875078108589214252,1.34524409,15109136.13365142,3425
2016-01-22,381.046459380479,5758959432.44259688254118433723,1.25973209,15113536.13364037,4400
2016-01-23,386.370602571596,5841155071.38870371811088663476,1.27705234,15118011.13364031,4475
2016-01-24,403.446926651081,6101039864.55541723054812761025,1.33208711,15122286.13364025,4275
2016-01-25,391.986097311514,5929313467.6476598781098653843,1.29373682,15126336.13363995,4050
2016-01-26,391.142935125657,5918124084.74964060664037132232,1.29079002,15130336.13363976,4000
2016-01-27,394.62753037405,5972376363.826889247867574204,1.3020216,15134211.13363768,3875
2016-01-28,378.900995616599,5735750655.04109327952194202443,1.25165178,15137861.13363757,3650
2016-01-29,378.99999482291,5738850566.1346469600734510214,1.2534027,15142086.13331554,4225
2016-01-30,377.262779076564,5714309199.15575020095901684872,1.24726247,15146761.13329498,4675
2016-01-31,366.341687609585,5550547731.52696828231149990405,1.21190019,15151286.13329493,4525
2016-02-01,371.22343509059,5626006658.7683173246253159671,1.23041296,15155311.13329469,4025
2016-02-02,372.927631209819,5653512455.50725223206599074869,1.236387,15159811.13323951,4500
2016-02-03,368.098206604325,5581946530.0788659147653360565,1.22129665,15164286.13323562,4475
2016-02-04,389.723081239042,5911509153.57617015683581931554,1.29128531,15168486.13323537,4200
2016-02-05,384.398413983051,5832548684.67682259990264743932,1.27387646,15173186.13321332,4700
2016-02-06,374.631555523086,5686227481.10460991946618085864,1.24218056,15178186.13321324,5000
2016-02-07,375.153917592051,5695806667.05345973804802896311,1.24380766,15182586.13321261,4400
2016-02-08,370.814350327294,5631292826.37155355976712251854,1.23006764,15186286.13321241,3700
2016-02-09,373.5116128609,5673897678.079752430755239672,1.23955252,15190686.13321208,4400
2016-02-10,379.082611630625,5760079210.5464468624816521,1.25743769,15194786.13321104,4100
2016-02-11,377.639165108124,5739959017.32974538950325297744,1.25239109,15199586.13319756,4800
2016-02-12,382.294456458212,5812351827.981777847010578317,1.26735993,15203861.13319725,4275
2016-02-13,389.598432472238,5924919898.9057575692010612741,1.29090383,15207761.13319695,3900
2016-02-14,406.150669491525,6178327890.99350772497740118775,1.34395157,15211911.13319691,4150
2016-02-15,399.26761864699,6075140750.1718402636228711855,1.32080872,15215711.13319645,3800
2016-02-16,407.035309468147,6194735961.69608969988272803405,1.34439265,15219161.13319615,3450
2016-02-17,415.324113383986,6322493985.02506708861361901008,1.36891644,15223036.13317928,3875
2016-02-18,421.289662981882,6415087710.93413785332899088502,1.387065,15227261.13317911,4225
2016-02-19,419.626528541204,6391283874.672160964700872215,1.37990407,15230886.13317875,3625
2016-02-20,440.195760081823,6706222232.21441781241784640444,1.44479793,15234636.13317828,3750
2016-02-21,438.718612681473,6685122328.61556973021600111806,1.43896168,15237836.13317822,3200
2016-02-22,437.535295094097,6668480303.68745831746160120697,1.43388713,15241011.13317801,3175
2016-02-23,420.032592609585,6403149531.07492067811281928315,1.37701655,15244411.13317739,3400
2016-02-24,423.995112507306,6464806599.10070754014861272818,1.38888584,15247361.13317653,2950
2016-02-25,424.090870251315,6467910003.9657895085032468452,1.38869889,15251236.13279608,3875
2016-02-26,431.762241963764,6586419073.12342434122656401232,1.4125491,15254736.13247588,3500
2016-02-27,432.947845996493,6606096233.13422907867292800066,1.41577688,15258411.13247562,3675
2016-02-28,433.102262711864,6609903279.4430540710501325524,1.41489813,15261761.13247535,3350
2016-02-29,437.775872589129,6682686401.79238114944052412307,1.42718873,15265086.13247483,3325
2016-03-01,432.807867153711,6608375018.64571357498997401794,1.40836687,15268611.13247454,3525
2016-03-02,423.079789392168,6461501370.36902140027001369352,1.37665947,15272536.13237389,3925
2016-03-03,419.268821332554,6404713255.2509937735945704082,1.36370699,15275911.1323733,3375
2016-03-04,407.990154295734,6234002294.22206401784876888478,1.32762119,15279786.11391517,3875
2016-03-05,397.314453945061,6072369805.44948766301894117352,1.29300875,15283536.11391432,3750
2016-03-06,403.705187463472,6171536521.16592175296470744416,1.31351951,15287236.11391378,3700
2016-03-07,413.22936616014,6318508877.3351821519956590298,1.34309201,15290561.11391307,3325
2016-03-08,411.425953243717,6292517671.84053639293346156504,1.33712484,15294411.11390712,3850
2016-03-09,412.540703506721,6311299791.60673635933338572092,1.3411659,15298611.11390652,4200
2016-03-10,416.340928696669,6371051280.01888614970798307661,1.35270133,15302486.11387569,3875
2016-03-11,419.511934248977,6421253596.18682525790162583408,1.36229072,15306486.11387504,4000
2016-03-12,410.264163296318,6281179669.50344622173335076548,1.33231582,15310086.11387486,3600
2016-03-13,411.805882466394,6306152777.31162845249819827968,1.33700014,15313411.11385472,3325
2016-03-14,415.026957276446,6357055522.54401202041541216484,1.34667706,15317211.11385454,3800
2016-03-15,415.266400292227,6362394569.02727007553910765628,1.34702813,15321236.11385364,4025
2016-03-16,417.024118468732,6390909675.8808629247251569032,1.3520056,15325036.1138526,3800
2016-03-17,418.605363822326,6416617901.82791262386982565244,1.35638731,15328561.11359194,3525
2016-03-18,408.901587405026,6269263237.37894212278318563116,1.32505057,15331961.11358966,3400
2016-03-19,409.124429865576,6274070872.37597443605187719384,1.32598423,15335361.11357959,3400
2016-03-20,412.056953828171,6320546194.18972279801857216714,1.33522284,15339011.11355934,3650
2016-03-21,411.601774050263,6314994502.682409233191816017,1.33302131,15342486.113559,3475
2016-03-22,416.581653828171,6392939591.12011206088287840339,1.34807127,15346186.11350809,3700
2016-03-23,417.378299532437,6406719798.52978768080412550691,1.35020487,15349911.11350743,3725
2016-03-24,413.560239918177,6349632756.70635809192171428431,1.33729801,15353586.11350703,3675
2016-03-25,416.373243834015,6394342216.9056327485748836793,1.34555077,15357236.11350662,3650
2016-03-26,416.823096668615,6402845061.4476392954550152421,1.34628144,15361061.11350654,3825
2016-03-27,425.454959848042,6536939368.00368738605418079258,1.37287033,15364586.11350649,3525
2016-03-28,422.917446814728,6499748928.59248011871110431016,1.36375683,15368836.11103397,4250
2016-03-29,415.863828755114,6392975294.16378172734498538558,1.3408893,15372761.11101347,3925
2016-03-30,412.777697779076,6347049897.95073889451194096088,1.3308193,15376436.11101238,3675
2016-03-31,415.956811221508,6397222798.80253803236081173012,1.34039332,15379536.11101189,3100
2016-04-01,417.20066025716,6417948412.4883245549109224832,1.3439179,15383361.11101152,3825
2016-04-02,419.763056691993,6458825358.77321466669002370138,1.35165651,15386836.11100266,3475
2016-04-03,420.073578901227,6465094574.32061145517070722701,1.35223224,15390386.11100263,3550
2016-04-04,419.540727878434,6458634885.3608464599862640067,1.35014818,15394536.11100255,4150
2016-04-05,422.50136440678,6505849704.0950435290344444076,1.35890201,15398411.11100242,3875
2016-04-06,421.907191233197,6498356367.01834080362568640355,1.35566372,15402336.11099215,3925
2016-04-07,421.467220046756,6493044381.48962386759990199256,1.35117853,15405811.11093126,3475
2016-04-08,418.643460549386,6451049192.28644810549718576144,1.34214463,15409411.11040104,3600
2016-04-09,418.758635359439,6454519940.74052645217757231827,1.34233375,15413461.11036093,4050
2016-04-10,421.954488544711,6505604052.68905742741068351724,1.35084023,15417786.11036084,4325
2016-04-11,423.273044009351,6527552278.21082630884642346676,1.35449753,15421611.11036076,3825
2016-04-12,427.427664582116,6593204703.35385253255111311016,1.36654458,15425311.11036026,3700
2016-04-13,424.87251811806,6555532751.5374636006957322254,1.35807492,15429411.11036009,4100
2016-04-14,425.8565949737,6572462489.192519520826707196,1.36084658,15433511.10858908,4100
2016-04-15,430.724418760959,6649086869.04288765730308661125,1.37555561,15436986.10858875,3475
2016-04-16,432.216313033314,6673608366.48062798084271161982,1.37971516,15440436.10858863,3450
2016-04-17,429.339968731736,6630892248.94227877591961317488,1.37038391,15444386.10858858,3950
2016-04-18,429.656933664524,6637226928.4747093961206985644,1.37101446,15447736.1085881,3350
2016-04-19,437.568726183518,6761087094.17605447062482277792,1.39507656,15451486.10858544,3750
2016-04-20,442.661653302163,6841606366.10558101750602450863,1.41003606,15455611.10854901,4125
2016-04-21,452.164702805377,6990188725.32129598384296440757,1.43844551,15459386.10853941,3775
2016-04-22,448.134421332554,6929485128.46193107502536031274,1.42445756,15462961.10853681,3575
2016-04-23,453.914722969024,7020499800.86484429258039213696,1.44126699,15466561.10853654,3600
2016-04-24,463.382871420222,7168468660.94390573196024246162,1.46984701,15469861.10853271,3300
2016-04-25,465.31600666277,7199851372.9699518222693620568,1.47288881,15473036.10852984,3175
2016-04-26,469.60876452367,7268046143.0456582466357183864,1.48393742,15476811.10768392,3775
2016-04-27,445.741113091759,6900088525.33497961934272718096,1.40953828,15480036.10767344,3225
2016-04-28,451.060061776739,6983948370.74167982502261378829,1.4252343,15483411.10767311,3375
2016-04-29,457.009965225015,7077878361.23282702810575194915,1.44285983,15487361.10764661,3950
2016-04-30,449.900484511981,6969413402.91067130184387855517,1.42025882,15491011.10764657,3650
2016-05-01,455.010731151374,7050339456.94433466956156772796,1.43481218,15494886.10763954,3875
2016-05-02,444.933061192285,6895933470.96278740015830550075,1.40306525,15498811.10763895,3925
2016-05-03,451.628850379895,7001415141.70814756668286214805,1.42352585,15502586.10763859,3775
2016-05-04,448.367967562829,6952734960.43855704112874242095,1.41279571,15506761.10568555,4175
2016-05-05,449.336072472238,6969488309.2746764098109674776,1.41534562,15510636.1056852,3875
2016-05-06,461.693862361192,7163035351.45502978099376120744,1.45231269,15514686.10568457,4050
2016-05-07,461.361842489772,7159614274.27841692005758362716,1.45028008,15518436.10568453,3750
2016-05-08,461.378872296902,7161816341.51587064777904754292,1.44965118,15522636.10568446,4200
2016-05-09,463.462231677382,7196136872.09588734540143870298,1.45525025,15526911.10568239,4275
2016-05-10,451.079668322618,7005655676.31582465646609548758,1.41626148,15530861.10568231,3950
2016-05-11,453.896305260082,7050909678.58845684502000696312,1.42414735,15534186.10567516,3325
2016-05-12,455.607255932203,7079071139.96004895898478931404,1.42876187,15537661.10567268,3475
2016-05-13,457.241902688486,7106207246.51681356957114437444,1.43336991,15541461.10567254,3800
2016-05-14,458.119524839275,7121496007.32815765337704547375,1.43505829,15545061.10567245,3600
2016-05-15,460.85772063121,7165662908.812252806189475604,1.44303466,15548536.1056724,3475
2016-05-16,455.224077323203,7079672667.30352652994658923946,1.42545539,15552061.10567182,3525
2016-05-17,453.545777030976,7055170387.46000431304409365184,1.41546718,15555586.10565159,3525
2016-05-18,454.486184102864,7071537380.2938654256770170176,1.41776705,15559411.1056484,3825
2016-05-19,437.724187142022,6812043751.09273822386792534036,1.36583656,15562411.10542638,3000
2016-05-20,442.396799240211,6886408789.57810973821020376407,1.37946798,15566136.10542637,3725
2016-05-21,444.078207188778,6914147190.23458984427876927586,1.38433791,15569661.10542637,3525
2016-05-22,440.558668848627,6861375740.90758761838982409399,1.37324466,15574261.10542637,4600
2016-05-23,444.205057276447,6920164469.1275323215381198861,1.38378129,15578761.1054163,4500
2016-05-24,445.674454938632,6944693717.89745574146566434264,1.38792754,15582436.10541627,3675
2016-05-25,450.54952717709,7022213615.4312546295360983998,1.40185071,15585886.10541622,3450
2016-05-26,454.43372238457,7084285953.3592666353946364969,1.41287581,15589261.10541617,3375
2016-05-27,471.820117299825,7356966578.28262658388656318775,1.46115986,15592736.10541607,3475
2016-05-28,530.910597895967,8280114126.29848173753010998969,1.63473944,15596061.10541607,3325
2016-05-29,527.54971244886,8229636296.6903469169488971802,1.61944736,15599736.10541607,3675
2016-05-30,533.493149035652,8324272914.34007326874578158852,1.63256643,15603336.10541601,3600
2016-05-31,530.943692811221,8286178638.20888054357096048716,1.62098355,15606511.10541596,3175
2016-06-01,537.613678842782,8392195818.18309222819624033362,1.63749336,15610086.10541191,3575
2016-06-02,538.771243191116,8412124257.99983310868435352608,1.63594156,15613536.10518488,3450
2016-06-03,570.175988252484,8904487503.58748659008817593792,1.72607424,15617086.10507888,3550
2016-06-04,574.26620163647,8970073160.0857724089967550242,1.73508921,15620061.10497886,2975
2016-06-05,575.137638047925,8986129385.0435066900387918655,1.73449123,15624311.10497886,4250
2016-06-06,585.857149035652,9156104252.49228863109801989936,1.76124697,15628561.10497868,4250
2016-06-07,578.469240677966,9042666517.59381138884402322862,1.73648602,15632061.10491857,3500
2016-06-08,583.097585330216,9117116235.31957776314768060464,1.74643017,15635661.10491854,3600
2016-06-09,577.101699707773,9025747144.12789436936082431731,1.7262705,15639786.10476847,4125
2016-06-10,579.814993571011,9070269813.7593345057553987424,1.73124783,15643386.1047584,3600
2016-06-11,605.44955698422,9473642440.131314697295712448,1.80308386,15647286.1047584,3900
2016-06-12,670.39237434249,10492268215.9515788750365609911,1.97978904,15650936.10475839,3650
2016-06-13,704.321778141438,11026130042.03846580751667433606,2.05438766,15654961.10475837,4025
2016-06-14,684.948319403857,10725099628.49098569076526680167,1.99146107,15658261.10475831,3300
2016-06-15,695.001468439509,10885155466.59626064911408732871,2.00817303,15662061.10475819,3800
2016-06-16,767.420031268264,12022238062.35231943878254119976,2.18424554,15665786.10475409,3725
2016-06-17,750.014633927528,11752362635.05541366139860738728,2.12593041,15669511.10475401,3725
2016-06-18,758.28878012858,11885009701.5166640718570706058,2.14155867,15673461.10475401,3950
2016-06-19,766.767132670952,12021287774.88397751561357909848,2.15941186,15677886.10475399,4425
2016-06-20,722.497452367037,11330195008.74002477078954655726,2.03279428,15681986.10475398,4100
2016-06-21,669.604204675628,10503218109.07042153580440821804,1.88290437,15685711.10475393,3725
2016-06-22,594.832974634716,9332296532.04475069543383004524,1.68209991,15688936.10475389,3225
2016-06-23,627.677855639977,9849794643.99923749844669186191,1.77191858,15692436.10475383,3500
2016-06-24,664.126985680889,10423912097.7689133552477101282,1.86988311,15695661.1047538,3225
2016-06-25,668.872684102864,10501107906.27620107082491282592,1.87909186,15699711.10475378,4050
2016-06-26,630.4342421391,9899936557.105765078184619798,1.7731205,15703361.10474378,3650
2016-06-27,652.244807714787,10244832743.90781074185579797912,1.83085813,15707036.10474376,3675
2016-06-28,647.218768381064,10168283272.07215182934270472872,1.81560781,15710736.10474373,3700
2016-06-29,638.586345645821,10034992396.69573432160126816128,1.79144978,15714386.10474368,3650
2016-06-30,674.284814728229,10598500491.25872961154523965037,1.88463722,15718136.10474153,3750
2016-07-01,677.512385739334,10651857252.19372260671430955434,1.89054098,15722011.10474151,3875
2016-07-02,702.739316773817,11051093046.01134583781774687648,1.95662702,15725736.10474144,3725
2016-07-03,662.55008591467,10421638625.0986404974462529248,1.84470645,15729586.10474144,3850
2016-07-04,679.842453360608,10696206813.05576598633732037728,1.89000024,15733361.10474141,3775
2016-07-05,668.165981297487,10514918763.33939493271628808797,1.85502138,15736986.10474131,3625
2016-07-06,677.651333138515,10666561393.12621977446447255465,1.87853142,15740486.10474131,3500
2016-07-07,640.053236119229,10076941251.76309638175983330396,1.77579285,15743911.10474124,3425
2016-07-08,665.051708357685,10472925788.8824727106281232757,1.8419359,15747536.10474122,3625
2016-07-09,651.941914026885,10268475401.44405141601988259155,1.80354226,15750598.60474103,3062.5
2016-07-10,649.959340970193,10238516109.73841311819971411879,1.79645545,15752548.60474103,1950
2016-07-11,650.272594681473,10244613016.31394695918611030773,1.79504742,15754336.10474101,1787.5
2016-07-12,670.023127995324,10556967222.72947791425327141132,1.84676287,15756123.60474093,1787.5
2016-07-13,658.333613383986,10373847348.58337184760205190996,1.81377039,15757736.10473786,1612.5
2016-07-14,660.905960198714,10415546557.6145623083278771249,1.81967435,15759498.60473785,1762.5
2016-07-15,666.758671127995,10508907502.59601534969984855085,1.83455167,15761186.10473783,1687.5
2016-07-16,665.275622150789,10486838495.07230141514007264787,1.82935184,15763148.60473783,1962.5
2016-07-17,681.089601987142,10737385138.64876243625894098186,1.86895135,15765011.10473783,1862.5
2016-07-18,675.118579193454,10644500867.36973880984059171504,1.8515086,15766861.10473576,1850
2016-07-19,674.660360315605,10638355650.5436037270193169106,1.8472273,15768461.10473572,1600
2016-07-20,667.305364874343,10523629888.56164802784948242795,1.82663887,15770336.10473565,1875
2016-07-21,666.851739333723,10517584702.33698051705918530157,1.82456417,15771998.60473559,1662.5
2016-07-22,650.562911630625,10261726367.2259122904807899125,1.7803472,15773611.10473554,1612.5
2016-07-23,657.377942957335,10370300477.4216183624731781859,1.79860084,15775248.60473554,1637.5
2016-07-24,661.393979836353,10434679618.26265327284024472209,1.80565737,15776798.60473553,1550
2016-07-25,655.119577849211,10336762400.05508306221359567472,1.78771375,15778436.10473552,1637.5
2016-07-26,654.626339158387,10330035449.8593475240588257998,1.78522608,15780048.6047354,1612.5
2016-07-27,656.275146873174,10357103755.9735461651596281596,1.78796338,15781648.6047354,1600
2016-07-28,656.196453360608,10356977376.58144400933448869888,1.78683669,15783348.60473536,1700
2016-07-29,657.557567504383,10379668577.63373714565547986373,1.78935642,15785186.10473531,1837.5
2016-07-30,655.361730157803,10345981727.03585340853434612393,1.78228347,15786673.60473531,1487.5
2016-07-31,624.804487142022,9864787253.92288948637768819682,1.7008979,15788598.60473531,1925
2016-08-01,606.50924792519,9577091014.487367906309152207,1.6531908,15790511.1047353,1912.5
2016-08-02,526.981148334307,8322316113.4690515858418096301,1.44664432,15792436.1047343,1925
2016-08-03,570.347040911748,9008352671.23122945412773507744,1.56457026,15794511.10473128,2075
2016-08-04,583.542158036236,9217879119.55300454788330370372,1.59778327,15796423.60472027,1912.5
2016-08-05,581.279805669199,9183369996.80952968312114289189,1.59141223,15798536.10472011,2112.5
2016-08-06,590.795402980713,9334928404.95464620327759323843,1.61723105,15800611.10472011,2075
2016-08-07,594.73232402104,9398234418.0622821714789511144,1.62732927,15802461.10472011,1850
2016-08-08,591.629283869083,9350293260.92968962358337176,1.6187062,15804311.10472,1850
2016-08-09,587.932138223261,9292773715.7565516035429784197,1.6089797,15805861.1047177,1550
2016-08-10,589.968758328463,9326077816.29364744737840777935,1.61532499,15807748.60471745,1887.5
2016-08-11,589.585884687317,9321130919.56073306185783361093,1.61439329,15809623.60471729,1875
2016-08-12,587.19164956166,9284372607.8501938637372362516,1.60770275,15811486.10471726,1862.5
2016-08-13,585.363581648159,9256660815.73498389131054507957,1.60245343,15813523.60471723,2037.5
2016-08-14,571.387062536528,9036807001.99134375886998597744,1.56450982,15815561.10471723,2037.5
2016-08-15,566.564441320865,8961568521.575513473575284378,1.55189891,15817386.1047172,1825
2016-08-16,578.414924137931,9149988259.0048459208650481132,1.58343489,15819073.6047172,1687.5
2016-08-17,573.663744418469,9075711005.32046884830181359742,1.5706748,15820611.10471718,1537.5
2016-08-18,573.263191992987,9070477552.81444768570425848679,1.56943471,15822536.10471717,1925
2016-08-19,573.958457919345,9082583293.0681042901691590733,1.57097556,15824461.10471714,1925
2016-08-20,581.797070134424,9207752339.00336878583805837064,1.58942926,15826398.60471611,1937.5
2016-08-21,580.79219257744,9193032110.3299832089203905584,1.5862522,15828436.10471611,2037.5
2016-08-22,584.971897720631,9260345625.44484213236662391384,1.5971444,15830411.10441064,1975
2016-08-23,582.627747399182,9224307340.65160828215645410466,1.5907111,15832248.60441063,1837.5
2016-08-24,578.701831677382,9163250800.42428771979809459684,1.58033884,15834148.60441062,1900
2016-08-25,576.033436586791,9121935090.28991384987125133251,1.5702844,15835773.60429061,1625
2016-08-26,578.874653419053,9167883099.98445604855712299233,1.57746065,15837423.60429061,1650
2016-08-27,570.200993746347,9031541039.33710190196721390167,1.55410904,15839223.60429061,1800
2016-08-28,575.105232554062,9110313074.36318058380733287658,1.56720759,15841123.60429059,1900
2016-08-29,573.429267562829,9084831917.79138473044789345279,1.56317394,15842986.10429051,1862.5
2016-08-30,575.695698421976,9121919126.58093363349911958848,1.56851349,15845036.10429048,2050
2016-08-31,572.272758328463,9068641074.08654538764415437057,1.55808288,15846711.10429039,1675
2016-09-01,572.221702045587,9068833387.90032454218804555306,1.55789624,15848461.10429038,1750
2016-09-02,576.846767387493,9143236775.51887109270131796832,1.57001279,15850373.60429024,1912.5
2016-09-03,600.374406779661,9517104239.60242799236697280864,1.63244029,15851948.60429024,1575
2016-09-04,610.538913325541,9679597555.77425536468586901984,1.65865731,15854186.10429024,2237.5
2016-09-05,607.526964172998,9632908725.56047604093172120954,1.64951295,15855936.10429023,1750
2016-09-06,612.995458270017,9720658910.82850146215623073238,1.66267259,15857636.10429014,1700
2016-09-07,615.659819111631,9764079129.16100214793260540579,1.6686166,15859536.10428909,1900
2016-09-08,630.550172004676,10001368208.78341280083337541076,1.70667998,15861336.10428901,1800
2016-09-09,622.977884044418,9882367390.1114099157179043602,1.68507108,15863111.1042889,1775
2016-09-10,624.752640444185,9911731006.3048222119920650465,1.68900378,15865048.6042889,1937.5
2016-09-11,608.246675920514,9651109982.56174448656913328946,1.64409449,15867098.60428889,2050
2016-09-12,607.70737270602,9643791009.0510086503057807968,1.64235516,15869136.10428784,2037.5
2016-09-13,608.694296317943,9660708066.15801541609553467396,1.64324029,15871198.60428572,2062.5
2016-09-14,609.41308766803,9673304501.9511013523284658847,1.64445893,15873148.60428549,1950
2016-09-15,607.070262594974,9637285101.66781710319798574078,1.63757095,15875073.60428497,1925
2016-09-16,607.806438047925,9650028004.85515385642343431175,1.63843679,15876811.10428491,1737.5
2016-09-17,607.381449678551,9644518084.40565510976745981684,1.63684292,15878848.60413484,2037.5
2016-09-18,611.533460315605,9711555637.1110028288476698661,1.64735892,15880661.10413482,1812.5
2016-09-19,608.871306312098,9670291120.05947330789697282358,1.63980889,15882323.60403371,1662.5
2016-09-20,608.371748626534,9663505284.91397198860979139978,1.63608322,15884211.10403367,1887.5
2016-09-21,596.945756633548,9483251078.4693269427520475354,1.60558003,15886286.10403355,2075
2016-09-22,595.564716540035,9462361163.23550425421806577215,1.60186568,15888048.60403349,1762.5
2016-09-23,602.378784921099,9571647456.79607954864649150606,1.61963842,15889748.60402794,1700
2016-09-24,602.687359731151,9577801209.22477761384549504743,1.62065676,15891823.60402793,2075
2016-09-25,600.610054880187,9546177957.71337662980425162291,1.61373559,15894136.10402793,2312.5
2016-09-26,606.778810637055,9645385465.7808676122379938345,1.62933517,15896048.6040279,1912.5
2016-09-27,605.151613734658,9620782718.72566999530266753214,1.62414841,15898136.10402783,2087.5
2016-09-28,604.686494389246,9614506858.02182095527773654634,1.62251024,15899986.10392779,1850
2016-09-29,605.202561952075,9623794124.678961114952882102,1.62353046,15901773.60392776,1787.5
2016-09-30,608.865840736412,9683127491.42284866025882750476,1.63296882,15903548.60392773,1775
2016-10-01,615.408478842782,9788386393.68514260048536014486,1.64973693,15905511.10392773,1962.5
2016-10-02,611.748578316774,9731252012.09873473087854274302,1.63963562,15907273.60392773,1762.5
2016-10-03,612.590347399182,9745798527.48458679827912319048,1.64023485,15909161.10392764,1887.5
2016-10-04,610.007881355932,9705918424.72273524892231784524,1.63178451,15911136.10392757,1975
2016-10-05,612.147780946815,9741244516.8546972125026159125,1.63673816,15913223.6039275,2087.5
2016-10-06,611.76086277031,9736318570.1318316854609986033,1.63502177,15915236.10392743,2012.5
2016-10-07,617.905705143191,9835219693.76552596023055687812,1.65057413,15917023.60392732,1787.5
2016-10-08,619.301001753361,9858736936.2102732156180746553,1.65345115,15919136.1039273,2112.5
2016-10-09,617.101041320865,9824949668.7447440122851066972,1.6471487,15921136.10392728,2000
2016-10-10,618.0852,9841576625.08290967614,1.64905635,15922686.10392695,1550
2016-10-11,642.981387258913,10239107980.15145851829058992492,1.71172286,15924423.60392684,1737.5
2016-10-12,636.59793220339,10138601014.0622056710236616808,1.69165254,15926223.60391672,1800
2016-10-13,635.444095324372,10121241460.47686066947138347568,1.68770306,15927823.60391644,1600
2016-10-14,639.586090298071,10188301722.13972159715806228369,1.69764855,15929523.60391639,1700
2016-10-15,637.283759322034,10152757865.18570895552362073726,1.6909697,15931298.60391639,1775
2016-10-16,642.913042548217,10243484390.88218898792661157663,1.70485941,15932923.60391639,1625
2016-10-17,639.137536469901,10184328193.37034688041962097738,1.69213973,15934486.10391538,1562.5
2016-10-18,635.576508591467,10128816473.60457736770579272033,1.6808924,15936423.60390499,1937.5
2016-10-19,629.640708036236,10035204855.12808155445701595876,1.66452177,15937986.10389491,1562.5
2016-10-20,628.598901110462,10019653453.96245497167068034058,1.66126571,15939661.10386459,1675
2016-10-21,630.90620338983,10057724428.0703448081411336333,1.66533193,15941711.10385451,2050
2016-10-22,654.508630976037,10435206532.32449580900664437687,1.72581278,15943573.60385451,1862.5
2016-10-23,651.961956750438,10395776975.87273051641592201538,1.71807394,15945373.60383451,1800
2016-10-24,650.027167153711,10366087956.43036582144876755817,1.71141678,15947161.10377447,1787.5
2016-10-25,655.792505084746,10459168168.47574940596705843732,1.72432365,15948898.60341442,1737.5
2016-10-26,675.109869316189,10768423416.41282876545098204538,1.77111563,15950623.60341442,1725
2016-10-27,686.523327060199,10951865394.58949286289830452068,1.79615707,15952648.60334332,2025
2016-10-28,690.390654938632,11014871259.51229997176018879816,1.80415758,15954548.60334313,1900
2016-10-29,715.445469316189,11415942030.4333533177688514459,1.8651885,15956411.1033431,1862.5
2016-10-30,699.333410987726,11160320004.18641487436344703608,1.8226058,15958511.10334308,2100
2016-10-31,698.897727995325,11154651376.83372268822086645675,1.81838639,15960348.60326279,1837.5
2016-11-01,730.578480011689,11661602264.25590478978215430231,1.89570499,15962148.60321279,1800
2016-11-02,740.367055523086,11819079821.41225239195751085274,1.91748494,15963811.10321259,1662.5
2016-11-03,689.939206954997,11015395929.73633563028309104271,1.78730294,15965748.60320243,1937.5
2016-11-04,705.432016656926,11263773111.01153969971617231572,1.82526343,15967198.60319222,1450
2016-11-05,706.819325569842,11287223328.45875448399373823556,1.82779984,15969036.10319218,1837.5
2016-11-06,715.896879777908,11433552272.11860546728064680128,1.84962453,15970948.60319216,1912.5
2016-11-07,706.181216773816,11279672698.35459690382242078904,1.82330887,15972773.60319169,1825
2016-11-08,711.835846580947,11371496573.29223054207233764375,1.83441017,15974886.10318125,2112.5
2016-11-09,721.50150993571,11527230203.5205959578765928671,1.85565551,15976723.60318101,1837.5
2016-11-10,713.407615604909,11399414446.91643399240765702541,1.83311387,15978823.60318049,2100
2016-11-11,715.703310637055,11437555198.37004434333596376585,1.83712016,15980861.10317047,2037.5
2016-11-12,703.847551139685,11249568032.42735948976431430825,1.80622068,15982961.10317045,2100
2016-11-13,703.626435300994,11247282883.5009255894834364273,1.80498214,15984736.10317045,1775
2016-11-14,705.643584161309,11281043609.41976931625823082742,1.80858594,15986886.10317038,2150
2016-11-15,712.3471528346,11389601875.225286269220129688,1.82341234,15988836.10316028,1950
2016-11-16,742.050117592051,11866103842.55471759502229067561,1.89261677,15990973.60305011,2137.5
2016-11-17,735.318080537697,11759913460.29110239779822819909,1.87204522,15992961.10288997,1987.5
2016-11-18,749.57872729398,11989370149.7142966471893801244,1.90458043,15994811.10275978,1850
2016-11-19,751.213819403858,12016856543.5941939871391727355,1.90689799,15996586.10264975,1775
2016-11-20,730.350813617767,11684288236.45677997290570892058,1.85356329,15998186.10261974,1600
2016-11-21,736.506983927528,11784055475.63625909223670944992,1.86694042,15999923.60261964,1737.5
2016-11-22,747.997677966102,11969158598.50511324776431944328,1.89259128,16001598.60261964,1675
2016-11-23,741.240317942724,11862392064.88180530601280093592,1.86965336,16003436.10261958,1837.5
2016-11-24,737.35497597896,11801706386.8467991347233363304,1.85483303,16005461.10260949,2025
2016-11-25,739.685200175336,11840408101.46250643346311825168,1.85929274,16007361.10260938,1900
2016-11-26,734.652925891292,11761259693.54383022187747094728,1.84525241,16009273.60259934,1912.5
2016-11-27,727.741115838691,11651916569.23644029823155484703,1.82681448,16011073.60246933,1800
2016-11-28,730.082483752192,11690901052.29233673398751224064,1.83082068,16013123.60242917,2050
2016-11-29,731.646435710111,11717307499.75249963329659726012,1.83343351,16014986.10237892,1862.5
2016-11-30,742.20445131502,11887711385.8124124001694822724,1.85741761,16016761.10234862,1775
2016-12-01,753.674910111046,12072806440.73908081595356512612,1.88258493,16018586.10227622,1825
2016-12-02,772.302382729398,12372572705.25307379270911031556,1.92399804,16020373.60227622,1787.5
2016-12-03,766.110468147283,12275023057.78686854727425451536,1.89395129,16022523.60220592,2150
2016-12-04,766.380139099942,12280761670.18823397192474858064,1.89327742,16024373.60212792,1850
2016-12-05,752.670726241964,12062506991.02084008002437009668,1.85781173,16026273.60206787,1900
2016-12-06,759.117325774401,12167245303.91640451905164864379,1.87197007,16028148.60206779,1875
2016-12-07,764.987650087668,12262999582.42183308444918451032,1.88398255,16030323.60197774,2175
2016-12-08,767.659224634717,12307332318.11236837981587153788,1.88724567,16032286.10190764,1962.5
2016-12-09,771.902321098773,12376661439.72578851053427816026,1.89591358,16033973.60187762,1687.5
2016-12-10,775.474561309176,12435218177.92305487881736168584,1.90150182,16035623.60179759,1650
2016-12-11,770.496150496786,12357187290.60583374464022323788,1.8880226,16037961.10160758,2337.5
2016-12-12,778.506599064874,12487176640.97997275563870513422,1.90486371,16039911.10156203,1950
2016-12-13,778.930694564582,12495712215.8346413868310998858,1.90337593,16042136.1014919,2225
2016-12-14,776.963961484512,12465511590.93501786201181428768,1.89626794,16043873.60144439,1737.5
2016-12-15,776.176781998831,12454114363.40649399105411155485,1.89136263,16045461.10144435,1587.5
2016-12-16,782.230215897136,12552544959.28579355652767455344,1.90373524,16047123.60144429,1662.5
2016-12-17,789.60293220339,12672277134.4085934939267121092,1.91920336,16048923.60144428,1800
2016-12-18,790.632966526008,12690201567.15475094531772275424,1.91892195,16050686.10143428,1762.5
2016-12-19,790.279031677382,12686012321.60807816664176038294,1.91635095,16052573.60135417,1887.5
2016-12-20,799.777520748101,12839867132.7246920273886415441,1.93543766,16054298.6013341,1725
2016-12-21,828.4836792519,13302370984.354395590569582233,1.99546268,16056286.10133407,1987.5
2016-12-22,858.50143395675,13786050913.5807229223400345,2.05790608,16058273.601294,1987.5
2016-12-23,915.562438340152,14704091702.54855436120817024648,2.17751843,16060173.60127399,1900
2016-12-24,891.155272063121,14313634478.37419727814456700037,2.11635351,16061886.10121397,1712.5
2016-12-25,896.003279310345,14393350625.22614613735482776965,2.12388831,16063948.60106397,2062.5
2016-12-26,903.201246639392,14510581584.57261464269449615232,2.13574409,16065723.60098396,1775
2016-12-27,925.950810461719,14877875393.00062967063178346286,2.18144466,16067673.60091394,1950
2016-12-28,979.960973991818,15747701991.6426937679766588502,2.2923126,16069723.6008239,2050
2016-12-29,973.462559438925,15645099508.1843286132500289435,2.26582772,16071598.60077382,1875
2016-12-30,961.182658153127,15449628184.76118995719445231387,2.23030531,16073561.10070381,1962.5
2016-12-31,968.970597019287,15576600691.45347817216133707347,2.2443903,16075411.10057381,1850
2017-01-01,997.257357977791,16033266654.24356431818721289416,2.30193946,16077361.10040376,1950
2017-01-02,1017.07788609001,16353949884.1826247231575977371,2.33524167,16079348.60038371,1987.5
2017-01-03,1032.60905318527,16605797782.6060983841904388828,2.35770988,16081398.60035364,2050
2017-01-04,1134.49644535359,18246459272.8670500350682152804,2.55770131,16083311.10035356,1912.5
2017-01-05,1000.49812893045,16093073534.6352517948016311995,2.23704042,16085061.10035311,1750
2017-01-06,892.463955639977,14357133340.00649180631715160859,2.00164999,16087073.60031267,2012.5
2017-01-07,903.453283635301,14535477925.19915499625939544327,2.0252978,16088798.60031227,1725
2017-01-08,912.484997077732,14682692156.10263597869352256008,2.04304794,16090886.10018194,2087.5
2017-01-09,903.508666803039,14539791012.75233376406391926449,2.02053011,16092586.10014191,1700
2017-01-10,906.498947399182,14589725358.59504578476373013034,2.02492109,16094586.10013187,2000
2017-01-11,788.314655990649,12689105756.60110470327771446469,1.76845775,16096498.60011181,1912.5
2017-01-12,807.109833547633,12993377591.84082895205798585408,1.81077416,16098648.59994176,2150
2017-01-13,826.746927410871,13311058415.80094243744875483941,1.85366729,16100523.59975171,1875
2017-01-14,820.045157276447,13204919504.57305152479837457096,1.83889611,16102673.59962168,2150
2017-01-15,824.547065166569,13279133499.88520116449158391333,1.84823542,16104761.09960157,2087.5
2017-01-16,830.838035067212,13382203212.48578673630254549012,1.86155157,16106873.59950151,2112.5
2017-01-17,906.026828112215,14595049001.04549974881726363665,2.0228738,16108848.59939031,1975
2017-01-18,881.259815371128,14197733304.64966077527216294256,1.96641888,16110723.59934002,1875
2017-01-19,902.263869959088,14538086246.36950132199036829168,2.01003826,16112898.59919661,2175
2017-01-20,895.174516189363,14425971057.59524323784052496224,1.99263298,16115261.09903648,2362.5
2017-01-21,924.46825949737,14900138988.9350285266857346154,2.05421871,16117523.59895642,2262.5
2017-01-22,922.467077381648,14869891254.85207032454332383632,2.04635127,16119698.59895609,2175
2017-01-23,919.115744126242,14817454247.528802321243403352,2.03609568,16121423.598956,1725
2017-01-24,887.743193804792,14313337496.11546303374798838528,1.96451725,16123286.09895584,1862.5
2017-01-25,895.690033255406,14443134884.82899998883487840766,1.97868447,16125148.59893561,1862.5
2017-01-26,916.6674685564,14783175189.419712080170094996,2.02100235,16127086.09884539,1937.5
2017-01-27,920.454463471654,14846204348.19921678221492309,2.02710253,16129211.098835,2125
2017-01-28,922.774948568089,14885385214.56434132587193838233,2.03067894,16131111.09882497,1900
2017-01-29,915.63202314436,14772073272.831842941100219782,2.00928142,16133198.59882495,2087.5
2017-01-30,920.313260783168,14849253173.21636286142067578816,2.01726706,16134998.59882487,1800
2017-01-31,968.499105669199,15628487117.56453603740694710729,2.11732767,16136811.09882471,1812.5
2017-02-01,987.532590414962,15937996943.63664145543604688596,2.1532295,16139211.09878458,2400
2017-02-02,1007.7043659848,16265531107.6137271044254756,2.19051199,16141173.5987845,1962.5
2017-02-03,1015.30203945061,16390057474.0205999318240494718,2.19895326,16143036.09878438,1862.5
2017-02-04,1033.78597299825,16690305095.27906025660940737,2.23392412,16144836.09878436,1800
2017-02-05,1014.56787574518,16382048518.6507602807408570294,2.18915215,16146823.59878433,1987.5
2017-02-06,1023.3174811806,16524925787.739786034138368192,2.20253705,16148386.09878432,1562.5
2017-02-07,1053.62445902981,17016323283.7024781199505084925,2.25911131,16150273.59878425,1887.5
2017-02-08,1052.36764535359,16997945969.919444225462398098,2.25075614,16152098.5987822,1825
2017-02-09,982.751939450614,15875582287.6119327222245404554,2.10032332,16154211.0987711,2112.5
2017-02-10,996.650153126827,16101928309.85863991684627290692,2.12395089,16156048.59873996,1837.5
2017-02-11,1011.37532220923,16341586121.8009241972000376462,2.15345527,16157786.09873994,1737.5
2017-02-12,1006.29646487434,16261284050.1692223623914467426,2.14002159,16159536.09873789,1750
2017-02-13,999.953184979545,16160816994.28722253490743134735,2.12270941,16161573.59868583,2037.5
2017-02-14,1012.2134635301,16361100689.364063123569471978,2.14502476,16163686.09868578,2112.5
2017-02-15,1013.90384050263,16390185070.0592364903417732858,2.14664641,16165423.59868566,1737.5
2017-02-16,1036.80686475745,16762379131.786458305108627124,2.19057597,16167311.09868552,1887.5
2017-02-17,1058.66992033898,17117844192.4154618109471904512,2.22822443,16169198.59868544,1887.5
2017-02-18,1060.66880488019,17152166565.9073080701515510279,2.22851853,16171086.09868541,1887.5
2017-02-19,1058.78640035067,17123499507.4084721209000127247,2.22135058,16172761.09868541,1675
2017-02-20,1088.68842922268,17609111950.3154691693861115112,2.27876692,16174611.09868534,1850
2017-02-21,1128.85529316189,18260742628.9665679888856102658,2.35331243,16176336.09868522,1725
2017-02-22,1129.70179064874,18276384592.409335958579504211,2.3431243,16178061.09868515,1725
2017-02-23,1188.86178550555,19235707719.648470833593752305,2.45151251,16179936.0986851,1875
2017-02-24,1185.48889158387,19183549945.1445641980659584661,2.42731203,16181973.59868503,2037.5
2017-02-25,1151.60473687902,18637641423.1621136964832458804,2.35507801,16184061.09866502,2087.5
2017-02-26,1181.71086586791,19127510160.8391202460086814709,2.41199874,16186286.09866499,2225
2017-02-27,1194.15245014611,19331042677.8968852654054300001,2.42985611,16188086.09866491,1800
2017-02-28,1188.39994073641,19240193375.1757498481577085475,2.41245373,16189998.59866475,1912.5
2017-03-01,1228.45965061368,19890971249.3226002320149978648,2.48115883,16191798.59866461,1800
2017-03-02,1262.93146738749,20451610466.8588849898310503544,2.53571034,16193761.09866456,1962.5
2017-03-03,1289.36319111631,20882073159.3722863297153228747,2.57132568,16195648.59866437,1887.5
2017-03-04,1268.94066440678,20553410845.3840961684665080218,2.52422599,16197298.59866431,1650
2017-03-05,1276.27368293396,20674531088.9906955427137922696,2.53213829,16199136.09866426,1837.5
2017-03-06,1282.25465663355,20773693697.9682945894342049035,2.53275359,16200911.09866417,1775
2017-03-07,1234.47646206897,20002004351.6064007694263388388,2.43376828,16202823.59866404,1912.5
2017-03-08,1152.13938924606,18669956332.4421394079687693916,2.27006537,16204598.59866386,1775
2017-03-09,1193.45552659264,19341675646.4429761973042397248,2.34691879,16206448.59860357,1850
2017-03-10,1098.53014903565,17805414528.1530685304542629925,2.16260738,16208398.59860345,1950
2017-03-11,1176.822921391,19076606822.56936960277297113,2.31121876,16210261.09860343,1862.5
2017-03-12,1231.74835663355,19969348981.2464925856391504055,2.41252703,16212198.59860341,1937.5
2017-03-13,1239.39629631794,20095585303.9993068080655527544,2.41079093,16214011.09854876,1812.5
2017-03-14,1246.53656487434,20213788443.9207505193779778976,2.41809563,16215961.09854864,1950
2017-03-15,1258.65138147282,20412475944.7997419486494606828,2.43048179,16217736.09854854,1775
2017-03-16,1178.02075037989,19107082612.795194480349367076,2.27079494,16219648.5984084,1912.5
2017-03-17,1072.08253816482,17390865796.4090135055804376542,2.07020764,16221573.59840831,1925
2017-03-18,962.569056165985,15616273829.91828759910878431695,1.86260387,16223536.09840687,1962.5
2017-03-19,1020.22025353594,16553684315.8390394189657525484,1.97134108,16225598.59840686,2062.5
2017-03-20,1037.7563458796,16839982096.979826570994997668,2.00477708,16227298.59840683,1700
2017-03-21,1111.81826358854,18043780427.8312446826294663012,2.1395375,16229073.59840678,1775
2017-03-22,1037.30257013442,16836521393.3860409289897245814,1.99485875,16231061.09840667,1987.5
2017-03-23,1028.17285628288,16690238569.8345506647384767744,1.97800188,16232911.09840638,1850
2017-03-24,935.063496201052,15180859744.88836191742631750124,1.8009221,16235111.09840637,2200
2017-03-25,968.543329281122,15726018757.78431927670363273592,1.86294639,16236773.59840636,1662.5
2017-03-26,962.95805458796,15637330055.0697900895813516664,1.85054884,16238848.59840634,2075
2017-03-27,1042.91919777908,16937527769.78211937782759125,1.99869446,16240498.59840625,1650
2017-03-28,1045.16293161894,16975992129.243469561173152481,1.9993941,16242436.09840615,1937.5
2017-03-29,1039.68861578025,16888869366.9131507353797549075,1.98727297,16244161.09840603,1725
2017-03-30,1037.98766142607,16863366665.0685833725444732916,1.98163667,16246211.09840588,2050
2017-03-31,1081.74353109293,17576059202.6793150098884072768,2.0572416,16247898.59840576,1687.5
2017-04-01,1089.52477182934,17704285729.0077745779396381182,2.06862352,16249548.59840573,1650
2017-04-02,1105.56295575687,17967082465.0059407023983797277,2.09581972,16251523.59840571,1975
2017-04-03,1144.6647710111,18605064800.697920680714719826,2.16252803,16253723.59827566,2200
2017-04-04,1141.92191870251,18562267490.4010992622812047309,2.15325451,16255286.09827559,1562.5
2017-04-05,1135.81164377557,18465243241.9031810388346560692,2.13735782,16257311.09827556,2025
2017-04-06,1194.59645938048,19423121348.04100666512636224,2.23959041,16259148.5982755,1837.5
2017-04-07,1191.73145108124,19378952008.5567270346728259332,2.22647362,16261173.59827543,2025
2017-04-08,1184.41772033898,19262050478.6518620180358018716,2.21001181,16262886.09827542,1712.5
2017-04-09,1213.63413980129,19739605878.4196896657840932789,2.2586269,16264873.59827541,1987.5
2017-04-10,1211.64987621274,19709558488.6137196439049358316,2.24975256,16266711.09827534,1837.5
2017-04-11,1229.78493290473,20007123392.3051400440058070186,2.27711178,16268798.59801882,2087.5
2017-04-12,1216.11436785506,19786878325.7815306771315048196,2.24625621,16270573.59800866,1775
2017-04-13,1172.5583396844,19080058200.158035553609088996,2.16504122,16272161.09800859,1587.5
2017-04-14,1174.33323354763,19110979963.0255407690432239024,2.16522828,16273898.59800848,1737.5
2017-04-15,1175.56218901227,19133184038.4607765835597787588,2.1659084,16275773.59776844,1875
2017-04-16,1173.6913798948,19104877159.588466680820563268,2.16125164,16277598.59776841,1825
2017-04-17,1191.90120146113,19403345355.1546098564152546242,2.18766073,16279323.59776834,1725
2017-04-18,1202.13145803624,19572080902.3397826585332999304,2.20166725,16281148.59776821,1825
2017-04-19,1209.56090888369,19695202985.7113913228442257783,2.21134437,16282936.09776807,1787.5
2017-04-20,1235.80307451783,20124634252.1024837728124968353,2.25276621,16284661.09776791,1725
2017-04-21,1247.33607025132,20315048993.1109339755798135488,2.26940479,16286748.59776784,2087.5
2017-04-22,1243.55039257744,20255646547.6507398642647868832,2.26016436,16288561.09776778,1812.5
2017-04-23,1250.00148322618,20363116159.6665623078570306478,2.26874872,16290473.59776771,1912.5
2017-04-24,1257.23944225599,20482974661.2788781420215309631,2.27570599,16292023.59776769,1550
2017-04-25,1279.86471741672,20853953927.830392231723301764,2.3093693,16293873.59776745,1850
2017-04-26,1296.48545745178,21127249693.5002467228237088652,2.33216845,16295786.09776734,1912.5
2017-04-27,1345.8899556692,21934807898.820465085462080316,2.4099622,16297623.59576723,1837.5
2017-04-28,1347.98515552309,21971246252.1613252566649780317,2.40107994,16299323.59576713,1700
2017-04-29,1357.71525341905,22132776325.4993130497421861835,2.41223986,16301486.09567707,2162.5
2017-04-30,1381.9563722969,22530551030.482908702655393176,2.44637619,16303373.59567704,1887.5
2017-05-01,1436.9414880187,23429688179.586035992392588306,2.52560356,16305248.59567638,1875
2017-05-02,1463.81906846873,23870824853.1342337644524908482,2.55708418,16307223.59567634,1975
2017-05-03,1519.40894447691,24779848415.5986351836280808257,2.6373993,16308873.59566627,1650
2017-05-04,1539.8300515488,25116127312.487246526239449536,2.64748386,16310973.59557622,2100
2017-05-05,1529.85044301578,24955817064.9584655967505551626,2.61101197,16312586.09551617,1612.5
2017-05-06,1573.28550961426,25667659227.9807133543715234434,2.6710611,16314686.09551609,2100
2017-05-07,1526.26777171245,24903765677.1648531017053940715,2.58516798,16316773.59551607,2087.5
2017-05-08,1685.08649631794,27498966293.8642137874278509576,2.82026827,16319023.59549604,2250
2017-05-09,1719.22801355932,28059453523.55414672910963632,2.8500152,16320961.095476,1937.5
2017-05-10,1782.499,29095394454.85681780913,2.92992045,16322811.09546587,1850
2017-05-11,1835.48754821742,29963413902.8703477737374672812,2.98180004,16324498.59546586,1687.5
2017-05-12,1704.66164108708,27831028039.3293682412904422852,2.75847679,16326423.59546569,1925
2017-05-13,1779.84025669199,29061941147.5224801000493051848,2.86505128,16328398.59546552,1975
2017-05-14,1794.59355055523,29306517727.0960646293142984604,2.87984317,16330448.59546548,2050
2017-05-15,1736.88284611338,28367766910.8482533160961115872,2.77569902,16332573.59546544,2125
2017-05-16,1757.02694856809,28699671041.1694323434081677242,2.7951762,16334223.59546538,1650
2017-05-17,1808.74606469901,29547967093.6758993693115950738,2.85141326,16336161.09544538,1937.5
2017-05-18,1894.24726455289,30948090757.2181277469885498436,2.96696988,16337936.09543524,1775
2017-05-19,1967.54554769141,32149666891.4129958714773439756,3.05210147,16339986.09543516,2050
2017-05-20,2048.11767799532,33470438622.968808000735564668,3.14988555,16342048.5954349,2062.5
2017-05-21,2045.22249316189,33426883468.0591911038460662476,3.12275546,16343886.09543484,1837.5
2017-05-22,2078.94350002922,33981809835.2097619697486060248,3.12461059,16345711.09543484,1825
2017-05-23,2257.28836382233,36901723759.6902810887376404044,3.32739524,16347811.09543468,2100
2017-05-24,2415.00722665108,39484730821.8975877108563458788,3.49513899,16349736.09443461,1925
2017-05-25,2319.60137866745,37929596573.3084329884428137465,3.29706174,16351773.59443457,2037.5
2017-05-26,2279.4185836353,37276895994.592234540479410556,3.20703848,16353686.09443452,1912.5
2017-05-27,2044.30049982466,33436141687.8776311474418582768,2.87538901,16355786.09443448,2100
2017-05-28,2225.7008666277,36407677792.797504221977536819,3.1100624,16357848.59443447,2062.5
2017-05-29,2284.71579748685,37377347497.670232060740036851,3.1715195,16359736.09443446,1887.5
2017-05-30,2167.26447790766,35460724159.6808756701122438104,2.99605054,16361973.59443444,2237.5
2017-05-31,2299.43261025716,37627969488.0600691676548528756,3.14282004,16364023.59443441,2050
2017-06-01,2399.88763194039,39276917594.281714477626565416,3.24185226,16366148.5944344,2125
2017-06-02,2479.4238943308,40583144831.741785341045745596,3.32189022,16367973.59440437,1825
2017-06-03,2549.55195151958,41737117944.7181864420479469772,3.38499502,16370373.59440434,2400
2017-06-04,2524.99383354763,41340173928.8318483554988622853,3.33016911,16372386.09440431,2012.5
2017-06-05,2685.31891671537,43970582994.8507551842144697836,3.49837338,16374436.09440428,2050
2017-06-06,2871.34167735243,47022020458.4229034487199133518,3.68734337,16376323.59440426,1887.5
2017-06-07,2706.76000885447,44332360489.9114948485193338634,3.45563714,16378386.09440422,2062.5
2017-06-08,2802.56354681473,45907248109.300101451714412066,3.54000799,16380448.5937442,2062.5
2017-06-09,2804.87226691993,45950360176.6923400241595386091,3.50908106,16382336.09373987,1887.5
2017-06-10,2916.3278597896,47781403186.462315231297394472,3.60375711,16384098.59373957,1762.5
2017-06-11,2974.21455920514,48735252518.5232387144193653898,3.64019441,16385923.59373957,1825
2017-06-12,2665.43326995909,43680483639.3929360641889399646,3.22800548,16387761.09373894,1837.5
2017-06-13,2707.13782402104,44368699238.2953069903793024584,3.24114582,16389523.59373871,1762.5
2017-06-14,2443.82445137347,40057395197.5306068168286137379,2.919798,16391273.59373857,1750
2017-06-15,2409.886764173,39505722189.92488594068085109,2.87371971,16393186.09373833,1912.5
2017-06-16,2476.35909538282,40599996749.8581623091519500676,2.93413098,16395036.09373818,1850
2017-06-17,2652.75536335476,43496828049.154831637312996094,3.1272984,16396848.59373815,1812.5
2017-06-18,2508.21420742256,41131354738.0078597858103670352,2.93677553,16398661.09373267,1812.5
2017-06-19,2589.64221338399,42471552960.9854525380175825937,3.00723619,16400548.59373263,1887.5
2017-06-20,2733.22655628288,44831129769.8073453048551150592,3.14552423,16402273.59373259,1725
2017-06-21,2639.26131420222,43294504868.198529802563876039,3.02520974,16404023.59373245,1750
2017-06-22,2686.64751431911,44076497262.9891009320734006352,3.0574306,16405761.09373232,1737.5
2017-06-23,2685.87047101111,44069121017.0602425289128546309,3.04158628,16407761.09373219,2000
2017-06-24,2562.18914874342,42044463424.7314912862935298214,2.89910643,16409586.09373217,1825
2017-06-25,2497.72894137931,40990507139.0059032606955194027,2.82389576,16411111.09373217,1525
2017-06-26,2426.36505119813,39823653207.1272899276367050291,2.74177101,16412886.09373207,1775
2017-06-27,2530.34553600234,41534416501.004727248284532763,2.84709982,16414523.59373195,1637.5
2017-06-28,2562.79226420222,42072043566.3992290045149286404,2.86973355,16416486.09373182,1962.5
2017-06-29,2540.44303161894,41708958365.0119031224601766192,2.83338619,16417986.09372168,1500
2017-06-30,2452.71206428989,40273314034.1382238416174972306,2.7235698,16419911.09372154,1925
2017-07-01,2412.3662131502,39615784095.919446101006528786,2.67604439,16421961.09362143,2050
2017-07-02,2518.8721873758,41370740410.530778865706595878,2.78455696,16424311.09362141,2350
2017-07-03,2551.92743173583,41919072872.9677185473753438207,2.8067694,16426436.09362129,2125
2017-07-04,2599.74474991233,42709513005.9959869006797407931,2.84851858,16428348.59362107,1912.5
2017-07-05,2608.10489117475,42851713916.280330853716051765,2.84213614,16430211.09361094,1862.5
2017-07-06,2603.19547369959,42775671822.7822679670923165679,2.82784137,16431986.09361081,1775
2017-07-07,2495.78092220923,41015254601.1470177231223446687,2.70091753,16433836.09361069,1850
2017-07-08,2553.4941581239,41968971042.301414457798409623,2.7563821,16435898.59361057,2062.5
2017-07-09,2506.17321355932,41195531944.877199375254046894,2.70314378,16437623.59361045,1725
2017-07-10,2319.36689736996,38130591475.4322488071278246828,2.50667922,16440086.09361043,2462.5
2017-07-11,2319.16744061952,38132327588.873333574089515008,2.5040635,16442248.5936104,2162.5
2017-07-12,2374.88626645237,39053724810.4255889330949430769,2.5607933,16444461.09361037,2212.5
2017-07-13,2343.73834824664,38546113667.8528441050628917912,2.52324473,16446423.59361033,1962.5
2017-07-14,2214.82523728814,36429802297.1090071689063447234,2.38547763,16448161.09361031,1737.5
2017-07-15,1989.63319023963,32728965772.944728061343836189,2.15162881,16449748.5936103,1587.5
2017-07-16,1910.74954161309,31435242737.0824701865084226961,2.0725336,16451786.09361029,2037.5
2017-07-17,2215.74629614261,36457083232.4952959059067191786,2.38704005,16453636.09361026,1850
2017-07-18,2303.7611458796,37909999048.264825631452908308,2.47286929,16455698.59361023,2062.5
2017-07-19,2257.06523588545,37145789011.8485331023865104445,2.41800668,16457561.09361021,1862.5
2017-07-20,2823.89792635885,46480191038.470751624178693093,2.98008325,16459586.09361018,2025
2017-07-21,2666.1397182934,43888688549.801470939200100944,2.80324324,16461511.09361016,1925
2017-07-22,2829.75405496786,46587687276.1516410075690701004,2.956705,16463511.09361014,2000
2017-07-23,2753.24386493279,45333980388.0445965098122638348,2.86830102,16465661.09361012,2150
2017-07-24,2755.1595242256,45371653214.67217766031083856,2.8571688,16467886.0936101,2225
2017-07-25,2558.69299894798,42140998437.2407343778704183202,2.63175728,16469736.09360999,1850
2017-07-26,2522.32464628872,41546656038.3208881702676905384,2.58755545,16471573.59360997,1837.5
2017-07-27,2665.14754649328,43904304358.920056909938616136,2.70895213,16473498.59360995,1925
2017-07-28,2793.83348486265,46029450421.365524833212695241,2.77596935,16475373.59357994,1875
2017-07-29,2706.4507654588,44595098883.190990162789066828,2.65045335,16477336.09357981,1962.5
2017-07-30,2749.3845277031,45307584907.52152067494778707,2.63429117,16479173.5935797,1837.5
2017-07-31,2862.61129088252,47178656876.359045582118956844,2.66440296,16480986.0935797,1812.5
2017-08-01,2727.38918199883,44955142942.6538489541672717744,2.51234417,16482848.59357968,1862.5
2017-08-02,2690.14567197545,44346375082.6217356597158591015,2.45667542,16484748.59357967,1900
2017-08-03,2789.74631244886,45993078912.946436539840473099,2.51633659,16486473.59356965,1725
2017-08-04,2860.27284324956,47162212561.1249673590693268628,2.52690325,16488711.09356963,2237.5
2017-08-05,3237.42336329632,53388101324.1567948342786097984,2.8058202,16490923.59356962,2212.5
2017-08-06,3230.11670894214,53273260549.7180061214895523654,2.74360243,16492673.59356961,1750
2017-08-07,3392.56241864407,55958912892.133324492578172272,2.8173808,16494586.0935696,1912.5
2017-08-08,3425.67661659848,56512140518.2758392009869682232,2.79701154,16496636.09356959,2050
2017-08-09,3347.21543161894,55223568848.8175617191343034664,2.70304955,16498361.09356956,1725
2017-08-10,3437.03215546464,56711154619.9256401087532964192,2.74911842,16500036.09356953,1675
2017-08-11,3660.52053728813,60405309923.4536593731227139639,2.89608699,16501836.09356403,1800
2017-08-12,3871.08240619521,63886499823.2732642081558142963,3.02040239,16503523.59356403,1687.5
2017-08-13,4063.80105271771,67074554585.0245565871858727942,3.12865374,16505373.59356402,1850
2017-08-14,4304.60393120982,71056091038.3306502370642226764,3.25544228,16506998.59356402,1625
2017-08-15,4160.0305458796,68677522428.055090815889811992,3.11536106,16508898.59356402,1900
2017-08-16,4364.67857463472,72063128584.8299219266144347744,3.22936466,16510523.59356402,1625
2017-08-17,4308.51686142607,71145509600.3207123610643564372,3.14349195,16512761.09356396,2237.5
2017-08-18,4108.50716218586,67850449314.961073621109695747,2.97541172,16514623.59356395,1862.5
2017-08-19,4160.33245686733,68714177176.7633362566928834069,2.97749577,16516511.09356393,1887.5
2017-08-20,4085.8103943308,67489972146.054179401031481428,2.88932289,16518136.09356391,1625
2017-08-21,3992.62603524255,65956479620.7685182249950715195,2.8086644,16519573.59356389,1437.5
2017-08-22,4074.33046125073,67310734591.7686032142833391251,2.84203031,16520686.09356387,1112.5
2017-08-23,4146.9153452367,68518128669.483822109598623935,2.86484514,16522673.59356305,1987.5
2017-08-24,4325.81642799532,71479514205.143067211338551294,2.96780825,16523936.09274545,1262.5
2017-08-25,4353.13177255991,71936367041.9425310475015049095,2.96751747,16525198.59274545,1262.5
2017-08-26,4341.97871677382,71757759427.227190719630484119,2.94348577,16526511.09274545,1312.5
2017-08-27,4344.90344476914,71814513227.3090893767473492646,2.93116239,16528448.59274539,1937.5
2017-08-28,4379.76392068966,72397765180.8020672062731718742,2.93365297,16530061.09274537,1612.5
2017-08-29,4600.45683097604,76054400821.4192105525670518932,3.03875355,16531923.59274533,1862.5
2017-08-30,4586.63273670368,75835493879.9166326782111797408,3.00669499,16534023.59274531,2100
2017-08-31,4740.35621770894,78386820017.2677661099653306032,3.06677185,16536061.09271528,2037.5
2017-09-01,4918.16624488603,81337794501.0987885168006326575,3.14249768,16538236.09270525,2175
2017-09-02,4595.02001782583,76002945696.5466680443274918326,2.91990917,16540286.09270522,2050
2017-09-03,4625.296314436,76512627999.71163163208912284,2.92473488,16542211.09270519,1925
2017-09-04,4374.75349649328,72377665590.7279484226540606576,2.75162247,16544398.59268517,2187.5
2017-09-05,4454.05253769725,73700588640.7981833966002708375,2.78742564,16546861.09268515,2462.5
2017-09-06,4607.51652980713,76249266221.9420188243374209056,2.86204183,16548886.09268512,2025
2017-09-07,4635.11187580362,76716135705.652841451366100062,2.84583752,16551086.0926851,2200
2017-09-08,4345.45765634132,71931549470.8458829164746246792,2.66619471,16553273.59268506,2187.5
2017-09-09,4335.593449737,71777423501.31228579461183448,2.65540041,16555386.09268504,2112.5
2017-09-10,4261.84352104033,70563816637.5046738895586172599,2.59879339,16557111.09268503,1725
2017-09-11,4212.54757334892,69756780446.1307159069646502,2.56454296,16559286.092685,2175
2017-09-12,4164.31943424898,68967943043.7273619650636838306,2.53102364,16561636.09268497,2350
2017-09-13,3887.11858679135,64386275390.193729094491067269,2.36797159,16564011.09268494,2375
2017-09-14,3247.4687390415,53798171461.138298524874913765,1.99521056,16566186.09268491,2175
2017-09-15,3699.22294389246,61290338938.4388568110404634048,2.26320938,16568436.09267488,2250
2017-09-16,3711.23435067212,61497189146.616458821206120182,2.26588756,16570548.59267485,2112.5
2017-09-17,3711.85620397428,61515659680.6261227149037631152,2.26478555,16572748.59267484,2200
2017-09-18,4080.42844301578,67630392416.6534441100165289752,2.47915064,16574336.09267484,1587.5
2017-09-19,3925.73619023963,65074126213.7399565634115588351,2.38109715,16576286.09266477,1950
2017-09-20,3895.777078609,64583212982.20698311074724275,2.3596557,16577748.59265475,1462.5
2017-09-21,3617.24346580947,59973710710.1648590393848267984,2.19309389,16579948.59263472,2200
2017-09-22,3619.2137182934,60012665778.898427894530803914,2.19168978,16581686.09263471,1737.5
2017-09-23,3775.60059409702,62613658233.7145810902132776238,2.28253357,16583761.09263469,2075
2017-09-24,3676.89694418469,60983444860.3087453872416190492,2.22242941,16585573.59263468,1812.5
2017-09-25,3918.73807130333,65000641700.0970008271197314178,2.34287282,16587136.09263466,1562.5
2017-09-26,3890.09093687902,64532178189.603049002180110043,2.32052467,16588861.09263465,1725
2017-09-27,4207.78748538866,69810133911.9431660508692175226,2.4968666,16590698.59263461,1837.5
2017-09-28,4187.76979631794,69487291906.7240023419379183652,2.47501585,16592911.09263458,2212.5
2017-09-29,4155.01011981298,68952490965.8071026458582951888,2.44954557,16595023.59260456,2112.5
2017-09-30,4334.54461250731,71939347197.2122450868065641143,2.54204123,16596748.59260453,1725
2017-10-01,4382.08689801286,72735515448.4749118719798541272,2.56194858,16598373.59260452,1625
2017-10-02,4386.8757150789,72823227415.16936926367399505,2.55136556,16600248.5926045,1875
2017-10-03,4306.56464202221,71499894904.3079905197664852787,2.49742904,16602536.09260447,2287.5
2017-10-04,4216.68482144944,70014724886.3275641386653795136,2.44055834,16604211.09260444,1675
2017-10-05,4319.42091583869,71727325779.5772741296165426229,2.48286744,16605773.59260441,1562.5
2017-10-06,4365.91571040327,72508085068.8256829317814723553,2.50112549,16607761.09260439,1987.5
2017-10-07,4438.85593308007,73728225601.5511755422807035073,2.535902,16609736.09260439,1975
2017-10-08,4600.73979661017,76427540535.4746091656788606463,2.61523452,16612011.09260439,2275
2017-10-09,4777.53465692577,79374073504.6497675933720676149,2.68982061,16614023.59260437,2012.5
2017-10-10,4741.07791496201,78777862489.3841509708680611234,2.65170924,16616023.59260434,2000
2017-10-11,4814.96711805962,80013973235.215718266330582366,2.68235621,16617761.0923043,1737.5
2017-10-12,5393.66898275862,89641017955.6873451677473504798,2.9735157,16619673.59180429,1912.5
2017-10-13,5614.07751461134,93313679743.7031897093486946486,3.05039678,16621373.59180429,1700
2017-10-14,5785.73831502046,96177115401.5725686656255683412,3.12159957,16623136.09170422,1762.5
2017-10-15,5689.86505961426,94597270274.9144119693277881772,3.05072713,16625573.59160422,2437.5
2017-10-16,5756.14881180596,95711795297.9950682248268069724,3.05813234,16627748.59150419,2175
2017-10-17,5590.41632437171,92967497516.9025661449488904965,2.95026635,16629798.59149415,2050
2017-10-18,5583.8704257744,92869180097.057382599949788784,2.93164856,16631686.09149411,1887.5
2017-10-19,5708.31299094097,94951570768.5952650000155114576,2.96891932,16633911.09059408,2225
2017-10-20,6000.88313033314,99831583429.8111612476116771484,3.09805688,16636148.59039406,2237.5
2017-10-21,6030.20789275278,100330967303.1758591983846319034,3.09579617,16638061.08969403,1912.5
2017-10-22,5996.59813880772,99785408420.9961946707991699116,3.04834116,16640336.08909403,2275
2017-10-23,5888.25001665693,97995045387.6064969812219949893,2.93951363,16642473.58899401,2137.5
2017-10-24,5517.77535330216,91840948942.27969827287199504,2.73999189,16644561.088794,2087.5
2017-10-25,5736.01780157802,95486763245.2423155043103945826,2.83167233,16646873.58867213,2312.5
2017-10-26,5900.31772910579,98235119083.1354014394626545169,2.89701261,16649123.58847211,2250
2017-10-27,5771.94504617183,96105329948.1441803088742226613,2.82258819,16650423.58847211,1300
2017-10-28,5762.38857685564,95952333223.8820590198125619748,2.81072114,16651486.08847207,1062.5
2017-10-29,6174.72884482758,102830297805.967631242097561139,2.99284618,16653411.08737205,1925
2017-10-30,6119.25638398597,101917736242.4570692213410237594,2.94639905,16655248.58693202,1837.5
2017-10-31,6428.51463705435,107079598512.5558395769095812435,3.07051562,16656973.58692201,1725
2017-11-01,6726.41183459965,112054780764.543541530191200807,3.17194342,16658923.58659198,1950
2017-11-02,7043.77793892461,117354965529.1027714373272721356,3.26783421,16660798.58659196,1875
2017-11-03,7198.63211075394,119945667659.349826076413452783,3.2996631,16662286.08629195,1487.5
2017-11-04,7420.498078609,123654520197.94040635848153928,3.37458714,16663911.08629192,1625
2017-11-05,7371.13902980713,122844997029.941988598268881247,3.31955857,16665673.5862919,1762.5
2017-11-06,6985.26384395091,116425740138.2924533775697221769,3.12842422,16667336.08625459,1662.5
2017-11-07,7118.20254383402,118655354623.0742443190041081312,3.16064437,16669286.08625456,1950
2017-11-08,7451.21278667446,124219809813.650582532411543793,3.2777098,16671086.08625455,1800
2017-11-09,7117.73804967855,118674036439.6205397703149813315,3.10220792,16672998.58625453,1912.5
2017-11-10,6620.56733635301,110394640690.2210522346190645751,2.86889448,16674498.58625451,1500
2017-11-11,6346.72144915254,105834744552.6943557443322529554,2.7353594,16675498.58625451,1000
2017-11-12,5829.09782758621,97208941680.8806665461980263071,2.4696982,16676498.58625451,1000
2017-11-13,6519.44517212157,108732927225.1000394910980747022,2.72664306,16678248.58625446,1750
2017-11-14,6592.37439713618,109959806768.1318122403048382774,2.74071229,16679848.58625443,1600
2017-11-15,7257.37321215664,121065675321.6165293607239345104,2.97614814,16681748.58622711,1900
2017-11-16,7833.7044333723,130694771894.752660046342315607,3.15562228,16683648.58622709,1900
2017-11-17,7729.03327001753,128964609345.1811137582104605371,3.06551771,16685736.08622707,2087.5
2017-11-18,7796.15424108708,130097825616.508599480807701514,3.06748215,16687436.08622705,1700
2017-11-19,8018.32068848626,133821250649.3633517050853956078,3.12664738,16689436.08622703,2000
2017-11-20,8269.87425745178,138037628210.8137114608672085778,3.18401839,16691623.58622701,2187.5
2017-11-21,8091.99808357686,135086085017.3908532245610714514,3.07693153,16693786.08622699,2162.5
2017-11-22,8249.59733021625,137732274883.2000927896366822625,3.11368282,16695636.08622697,1850
2017-11-23,8071.66982144945,134777502599.1250742564556526775,3.0255203,16697598.58622695,1962.5
2017-11-24,8232.42233313851,137477016397.6320595930809820743,3.04932356,16699461.08622693,1862.5
2017-11-25,8760.1654421391,146307124232.523825434538383181,3.19796528,16701411.08622691,1950
2017-11-26,9319.90331472823,155673360858.2542182021114681047,3.34857257,16703323.58622689,1912.5
2017-11-27,9730.72857948568,162556185991.1265492633621910784,3.43189779,16705448.58622688,2125
2017-11-28,9932.19418001169,165941127001.2579565411477919934,3.42405668,16707398.58622686,1950
2017-11-29,9800.02755172414,163754159022.2335241808119025368,3.31618599,16709561.08622612,2162.5
2017-11-30,9996.71497194623,167061587627.630567203248898003,3.33958212,16711648.5862061,2087.5
2017-12-01,10808.9583325541,180660238728.773870670425348928,3.55287307,16713936.08620608,2287.5
2017-12-02,10934.8599856809,182786557318.003967199456663063,3.54526509,16715948.58620607,2012.5
2017-12-03,11213.9426554646,187476359551.251332686640635476,3.59996863,16718148.58620606,2200
2017-12-04,11562.1285669199,193323542670.467049803939576196,3.65371219,16720411.08620604,2262.5
2017-12-05,11736.7540672122,196269467099.288011212376257444,3.65310274,16722636.08620602,2225
2017-12-06,13992.1323372297,234018218656.5197715474235182,4.21096815,16724986.086206,2350
2017-12-07,17032.2933763881,284897231093.6847232615125486,4.7166582,16726886.086206,1900
2017-12-08,16298.4873386908,272654723142.062084443105717892,4.34686442,16728836.08620599,1950
2017-12-09,15050.0219541204,251802084162.03134780020549638,3.96460494,16731011.08620595,2175
2017-12-10,15474.9995432496,258944112666.204577151002422624,4.00840979,16733061.08620594,2050
2017-12-11,16873.4977849211,282381336274.560652975391251334,4.25607302,16735198.58620594,2137.5
2017-12-12,17433.9307381648,291794289206.287087911883077264,4.23927385,16737148.58620593,1950
2017-12-13,16515.15257218,276454960254.1678686551433056,3.93575963,16739473.58620592,2325
2017-12-14,16602.8928033314,277962079725.581868624034368574,3.8994793,16741786.08620591,2312.5
2017-12-15,17702.0021721216,296400529142.786644525581461376,4.07868942,16743898.58620511,2112.5
2017-12-16,19640.5138834015,328900754243.053588418875813635,4.43076633,16746036.08620509,2137.5
2017-12-17,19250.467650789,322413542662.87838333550130023,4.25193445,16748348.58620507,2312.5
2017-12-18,18982.0250242548,317960756085.217318825436731836,4.12995773,16750623.58620507,2275
2017-12-19,17653.3260894214,295735113689.087902964298046498,3.80550806,16752373.58620507,1750
2017-12-20,16453.6272603741,275665281880.297234094534912946,3.49226172,16754073.58620506,1700
2017-12-21,15633.8336504968,261956195240.43542996755916884,3.30154348,16755723.58620505,1650
2017-12-22,14305.7183436587,239730379597.738873287348543261,3.01016272,16757661.08620503,1937.5
2017-12-23,14910.8581049094,249897014242.521963929614827,3.11960008,16759398.586205,1737.5
2017-12-24,14026.3468661601,235099787897.109549286389556899,2.92511724,16761298.58618499,1900
2017-12-25,14080.9422600818,236038639186.125440130527332182,2.92950297,16762986.08618499,1687.5
2017-12-26,15727.1454792519,263661836527.332123610860623943,3.23788307,16764761.08618497,1775
2017-12-27,15389.0005739334,258022926528.27569606182138233,3.13118795,16766711.08618495,1950
2017-12-28,14289.4522095266,239613730881.719630721495354138,2.90015736,16768573.58618493,1862.5
2017-12-29,14571.7460821157,244377450683.453284932655035244,2.94080172,16770636.08618492,2062.5
2017-12-30,12948.7158828171,217181833260.614292859262309961,2.60242905,16772461.08618491,1837.5
2017-12-31,13921.4806414378,233525857337.398970092359063598,2.78726716,16774498.58618491,2037.5
2018-01-01,13464.6536116306,225889069046.309721623658214246,2.69423548,16776448.58618491,1950
2018-01-02,14754.322204851,247556665257.4019044788629499,2.92544313,16778586.0861849,2137.5
2018-01-03,15010.2861595558,251880836192.964551783277476304,2.96026687,16780548.58618488,1962.5
2018-01-04,15070.3007986558,252919562391.941328376338311188,2.94402195,16782648.58618486,2100
2018-01-05,16997.2274079486,285288877071.049744666708857774,3.26196426,16784436.08618409,1787.5
2018-01-06,17103.589279661,287110018646.30038002555320027,3.24692954,16786536.08618407,2100
2018-01-07,16231.6949994155,272506803029.995299509875422775,3.04278121,16788561.08618405,2025
2018-01-08,14937.4150894214,250808700833.852712668332230456,2.80152545,16790636.08612404,2075
2018-01-09,14378.5862174167,241455084711.060449492371885134,2.69017079,16792686.08610402,2050
2018-01-10,14669.0882656341,246363832772.1497080916022054,2.73334467,16794761.086094,2075
2018-01-11,13186.7549427236,221500211810.211219915896191164,2.45400706,16797173.58609399,2412.5
2018-01-12,13789.4436639392,231654360390.864893148868814016,2.55762013,16799398.58608398,2225
2018-01-13,14231.2250645821,239102527884.866069550833558937,2.63127775,16801261.08608397,1862.5
2018-01-14,13681.0654611338,229885659812.64543156226898251,2.52606465,16803198.58608395,1937.5
2018-01-15,13591.6961966686,228409454744.712902117385995598,2.50804935,16805073.58608393,1875
2018-01-16,11431.0401052016,192122189325.598336120165066256,2.12079726,16807061.08608391,1987.5
2018-01-17,11159.6085905903,187583518961.770573714980420267,2.07376393,16809148.58608389,2087.5
2018-01-18,11246.0397302747,189060672392.106831747899641836,2.09352287,16811311.08608388,2162.5
2018-01-19,11440.2555616598,192349290678.459969871999207426,2.129939,16813373.58608387,2062.5
2018-01-20,12768.4045856224,214708366096.53857609443083824,2.37080852,16815598.58608385,2225
2018-01-21,11422.3942589129,192101096596.448027351634068407,2.12617327,16817936.08608383,2337.5
2018-01-22,10737.3505774401,180602489964.589877648920622751,2.00268788,16820023.58608351,2087.5
2018-01-23,10849.3918793103,182511031584.194901179489416947,2.02766184,16822236.08608349,2212.5
2018-01-24,11225.8961747516,188869372701.117318938905863568,2.09753554,16824436.08608348,2200
2018-01-25,11130.4649473992,187285778784.177915212556917472,2.08000559,16826411.08608316,1975
2018-01-26,11035.5546098773,185710159814.668493993321367495,2.05791562,16828348.58598315,1937.5
2018-01-27,11320.9701852718,190535450013.263332599130737554,2.10883443,16830311.08598303,1962.5
2018-01-28,11615.95871128,195523140191.2315962711624656,2.15410037,16832286.08598302,1975
2018-01-29,11132.5543138515,187406934303.971137186573892715,2.06552658,16834136.08598281,1850
2018-01-30,9959.54671537113,167681155315.0260551774203389363,1.85916763,16836223.58598251,2087.5
2018-01-31,10050.0957971946,169220358167.2147175778846945,1.87794381,16837686.0859825,1462.5
2018-02-01,9039.86507510228,152228490124.3571135323960186212,1.69691999,16839686.08598229,2000
2018-02-02,8786.0773798948,147973235767.075801631807265196,1.66151934,16841786.08598227,2100
2018-02-03,9132.10032232613,153818916042.4828307142558911925,1.72878243,16843761.08598225,1975
2018-02-04,8250.52689596727,138988261291.4843954156640511038,1.56184746,16845986.08598194,2225
2018-02-05,6849.54255932203,115403138216.8425858224272071924,1.30831891,16848298.58598108,2312.5
2018-02-06,7738.64395967271,130399428701.5773477791499243306,1.48101152,16850423.58598086,2125
2018-02-07,7624.59538953828,128491100334.8091400136306188992,1.46484643,16852186.08598064,1762.5
2018-02-08,8218.58085184103,138514511804.0463071673482351459,1.58085047,16853823.58598053,1637.5
2018-02-09,8660.45346785505,145976369437.045770101143341606,1.6660923,16855511.08598012,1687.5
2018-02-10,8530.29280479252,143797692836.22005041687847334,1.64139497,16857298.5859795,1787.5
2018-02-11,8096.72848129749,136504252153.844571700857541455,1.55971533,16859186.0859795,1887.5
2018-02-12,8907.67017913501,150194552558.1890078611450095948,1.71364615,16861261.08597948,2075
2018-02-13,8523.96693191116,143742306059.1623655129945877416,1.64241903,16863311.08594926,2050
2018-02-14,9467.3010327294,159671225545.305111690207055656,1.81957973,16865548.58594924,2237.5
2018-02-15,10106.7330835769,170472147641.710942885029365018,1.93482187,16867186.08594922,1637.5
2018-02-16,10189.3164833431,171885093746.77613064050277052,1.9474862,16869148.5859492,1962.5
2018-02-17,11085.5984143776,187025253743.345252134639074144,2.11360732,16871011.08594919,1862.5
2018-02-18,10452.0919772063,176358525105.061918573179947897,1.99108492,16873036.08594919,2025
2018-02-19,11139.3557305669,187977308411.433267522295627783,2.11485368,16875061.08594907,2025
2018-02-20,11245.9323179427,189795615789.442142564246198862,2.12780635,16876823.58594906,1762.5
2018-02-21,10458.8650888369,176534515366.040612938286499517,1.97827013,16878936.08594893,2112.5
2018-02-22,9878.15894272355,166751211511.9077316937678104755,1.84607258,16880798.58592881,1862.5
2018-02-23,10159.0656125073,171511934697.354165197411155167,1.89577059,16882648.58592879,1850
2018-02-24,9686.60177995325,163553050808.4121418616438975025,1.8093287,16884461.08591877,1812.5
2018-02-25,9603.22747749854,162165847541.7830261807924586104,1.7940982,16886598.58591876,2137.5
2018-02-26,10312.3657130333,174158955811.752387678494368048,1.92409125,16888361.08591856,1762.5
2018-02-27,10654.1072948568,179951719258.249073671516279392,1.98459986,16890361.08591844,2000
2018-02-28,10307.0249663939,174109343264.625801359720361311,1.91774992,16892298.58589749,1937.5
2018-03-01,10923.6308617767,184547764147.899094161462635919,2.0275908,16894361.08589657,2062.5
2018-03-02,11014.0584672706,186096958181.244997269703131476,2.0411051,16896311.08589546,1950
2018-03-03,11425.6805654588,193077560983.331599120219336112,2.11464502,16898561.08589524,2250
2018-03-04,11462.5831975453,193722368144.781696573198967226,2.11715719,16900411.08589442,1850
2018-03-05,11540.6623205728,195063431904.73632942538391136,2.124487,16902273.5858937,1862.5
2018-03-06,10677.0352308591,180486990776.896668315632195889,1.96727059,16904223.58589279,1950
2018-03-07,9903.0850490941,167423398664.396499121324236147,1.82720774,16906186.08589167,1962.5
2018-03-08,9330.47545295149,157761648490.231965004027608186,1.72480924,16908211.0858914,2025
2018-03-09,9278.13918439509,156893668418.032840298771159118,1.72471755,16910036.0858902,1825
2018-03-10,8786.56042314436,148596430306.95575161040593604,1.6363096,16911786.085889,1750
2018-03-11,9513.53539976622,160909070237.820392626251126738,1.76958222,16913698.5858879,1912.5
2018-03-12,9147.89018059615,154743067340.395358154674071585,1.70331347,16915711.0858879,2012.5
2018-03-13,9160.54293278784,154975189713.203577095228723136,1.70702426,16917686.0858879,1975
2018-03-14,8222.12723904149,139114167417.362385568211588971,1.53691592,16919486.0858879,1800
2018-03-15,8268.58912244302,139915162067.516635236457124552,1.54749227,16921286.0858876,1800
2018-03-16,8376.90449824664,141764332492.758346948848819008,1.56958433,16923236.0858872,1950
2018-03-17,7881.66192051432,133397905025.337910360117504704,1.47896206,16925098.5858872,1862.5
2018-03-18,8189.01671917008,138615372062.488773639912577968,1.5372127,16926986.0858871,1887.5
2018-03-19,8537.0156233197,144522485138.70353188457140587,1.60262445,16928923.5858871,1937.5
2018-03-20,8895.54717913501,150606160131.377007419196517371,1.66984764,16930511.0858871,1587.5
2018-03-21,8879.5942565751,150352940228.21164543999127121,1.66685407,16932411.0858871,1900
2018-03-22,8710.66493512566,147508129826.538686033660535288,1.6366036,16934198.5858868,1787.5
2018-03-23,8771.74632349503,148557077215.3374530928771097608,1.64830412,16935861.08588536,1662.5
2018-03-24,8610.9885163647,145851296752.913544355548150792,1.61787156,16937811.08588536,1950
2018-03-25,8440.61092255991,142979716786.7121193091249919176,1.58785272,16939498.58588536,1687.5
2018-03-26,8171.18435447107,138431086788.2358200129169118245,1.54056226,16941373.58588535,1875
2018-03-27,7837.26531940386,132788930471.830731935572307451,1.47972397,16943273.58588535,1900
2018-03-28,7933.64272969024,134435267323.918341495041653984,1.49995286,16944961.08588535,1687.5
2018-03-29,7108.5708132671,120467962091.474420454064184985,1.34902071,16946861.08586535,1900
2018-03-30,6832.14906633548,115797316246.971359108349207618,1.30076662,16948886.08586535,2025
2018-03-31,6922.2812969024,117336032805.59008092337849184,1.31875342,16950486.08586535,1600
2018-04-01,6804.52487931035,115353783450.5552911345409613725,1.29804435,16952511.08586535,2025
2018-04-02,7033.25960958504,119245126357.496678229400897356,1.34269917,16954461.08586515,1950
2018-04-03,7420.80051548802,125830793446.859987280426160503,1.41752889,16956498.58586515,2037.5
2018-04-04,6780.54360140269,114986737237.4465695223816261775,1.29795987,16958336.08586475,1837.5
2018-04-05,6798.42261659848,115303192510.122066649331015884,1.30312944,16960286.08586455,1950
2018-04-06,6610.49234979544,112127244520.253051923468047652,1.26963243,16962011.08586455,1725
2018-04-07,6886.46947194623,116823866081.9316259834306631465,1.32349168,16964261.08586455,2250
2018-04-08,7009.99610432496,118933511741.821965236175744168,1.34758367,16966273.58586455,2012.5
2018-04-09,6736.89282378726,114312345807.450527232824251707,1.29733763,16968111.08584445,1837.5
2018-04-10,6816.71861542957,115680812980.7129840633598644725,1.3143587,16970161.08584425,2050
2018-04-11,6944.78585710111,117868111083.2361792760369621175,1.33919481,16972173.58584425,2012.5
2018-04-12,7904.33027527762,134168881347.635740959070830685,1.52215846,16974098.58584425,1925
2018-04-13,7919.06469462303,134435317905.1425609992230430775,1.52369622,16976161.08584425,2062.5
2018-04-14,8006.41794330801,135931951716.9185088465536374425,1.54037773,16977873.58584425,1712.5
2018-04-15,8342.27110140269,141651021555.8256573571778710325,1.60406337,16979911.08584425,2037.5
2018-04-16,8046.98213354763,136651223943.0263953766011366275,1.54777167,16981673.58584425,1762.5
2018-04-17,7887.73795791935,133962964001.4248769100931612375,1.51791712,16983698.58584425,2025
2018-04-18,8162.83486177674,138651452568.161316535967912745,1.57002305,16985698.58584425,2000
2018-04-19,8272.96731589714,140540536590.647622696493060445,1.58612722,16987923.58584425,2225
2018-04-20,8839.5011320865,150179907414.557016622003318975,1.69131108,16989636.08584415,1712.5
2018-04-21,8863.54082904734,150605949404.933393416354212061,1.69378446,16991623.58584415,1987.5
2018-04-22,8800.95908708358,149560185920.224913976725068257,1.68092587,16993623.58583415,2000
2018-04-23,8930.78463354763,151783472514.1825533869668292645,1.70339486,16995536.08582415,1912.5
2018-04-24,9652.21378872005,164063731529.1861288313528792075,1.83531084,16997523.58582415,1987.5
2018-04-25,8855.50893658679,150535337359.1005023041551529785,1.68455575,16999061.08582415,1537.5
2018-04-26,9264.72742694331,157507996556.2087877421389846055,1.75708104,17000823.58582405,1762.5
2018-04-27,8981.33079018118,152705962191.951630466200083261,1.70402847,17002598.58582395,1775
2018-04-28,9341.82468468732,158850242092.375394360390317314,1.77091583,17004198.58582395,1600
2018-04-29,9396.99762974869,159806972877.0824382633850831255,1.78054751,17006173.58582395,1975
2018-04-30,9228.7264836353,156963205214.354626213491805435,1.74740041,17008111.08582395,1937.5
2018-05-01,9072.16875745178,154318371549.3277424427680074122,1.71724649,17010086.08581849,1975
2018-05-02,9204.12764056108,156579110734.1754564103305822612,1.7386519,17011836.08581839,1750
2018-05-03,9750.70014640561,165895717059.1439553261287371679,1.83904816,17013723.58581839,1887.5
2018-05-04,9696.64290999416,164992728890.0460477213737206024,1.82662477,17015448.58581839,1725
2018-05-05,9795.92577206312,166701785625.4536939408426743768,1.84393794,17017461.08579839,2012.5
2018-05-06,9595.08681940386,163300448150.2404609247819477854,1.80577797,17019173.58579839,1712.5
2018-05-07,9339.5108471654,158968267897.191487094057950626,1.75762436,17021048.58579819,1875
2018-05-08,9212.36963471654,156820197635.074732959587133169,1.73387152,17022786.08579735,1737.5
2018-05-09,9293.04227352425,158212056793.0222225668558107375,1.74723256,17024786.08579735,2000
2018-05-10,9037.53050905903,153879420906.8271539717457675705,1.69887071,17026711.08579735,1925
2018-05-11,8419.75858737581,143374163246.1665987958729521035,1.58493865,17028298.58579735,1587.5
2018-05-12,8485.77526680304,144515816886.584117684683803944,1.5974431,17030361.08579735,2062.5
2018-05-13,8695.83309380479,148109264820.5454115814423993065,1.63680889,17032211.08579735,1850
2018-05-14,8671.07417475161,147701872957.3638201133350462335,1.62361239,17033861.08579735,1650
2018-05-15,8488.463421391,144606798197.35784245553500045,1.58958164,17035686.08576995,1825
2018-05-16,8327.75620134424,141887673799.424158511505263164,1.56132079,17037923.58576985,2237.5
2018-05-17,8050.51623933372,137177363863.56127818701333097,1.50426871,17039573.58576975,1650
2018-05-18,8233.08645528931,140303513702.6239504711058982095,1.5392871,17041423.58574245,1850
2018-05-19,8229.48293571011,140257946353.7265288443123211695,1.53821787,17043348.58574245,1925
2018-05-20,8511.44883021625,145078909990.9788929706172831875,1.59036292,17045148.58574235,1800
2018-05-21,8398.62312653419,143172261405.3130658584788059465,1.56883389,17047111.08574235,1962.5
2018-05-22,8007.52653214495,136520308521.8327961333803391375,1.49717102,17048998.58574225,1887.5
2018-05-23,7520.86767913501,128238492182.1776319440488111725,1.40810171,17051023.58574225,2025
2018-05-24,7575.62448597312,129185693215.822097460300151008,1.41826534,17052811.08574215,1787.5
2018-05-25,7425.37567445938,126639864443.704077301459882929,1.39150485,17055011.08574205,2200
2018-05-26,7326.30318644068,124965017826.205644751436106594,1.37360478,17057036.08574205,2025
2018-05-27,7338.19304441847,125182866858.5230779074695827345,1.37644815,17059086.08574135,2050
2018-05-28,7110.82388164816,121318022843.956510826544468648,1.33597351,17061036.08571405,1950
2018-05-29,7453.63372501461,127179664640.7659630450510308095,1.40088628,17062773.58571395,1737.5
2018-05-30,7374.6690490941,125848348159.245473829408963765,1.38664652,17064948.58568665,2175
2018-05-31,7478.74186703682,127640237772.868801294430427267,1.40689168,17067073.58565935,2125
2018-06-01,7519.83573728814,128357193539.522490311662835109,1.41524122,17069148.58565935,2075
2018-06-02,7637.44825306838,130379250198.589441812902936353,1.43730299,17071048.58565935,1900
2018-06-03,7702.15793308007,131499605436.8201221410022941545,1.44919617,17073086.08565935,2037.5
2018-06-04,7486.65319959088,127837400289.081784313706215704,1.40952829,17075373.58563205,2287.5
2018-06-05,7611.14985271771,129979876541.4782886597463851225,1.43371987,17077561.08560475,2187.5
2018-06-06,7650.77580713033,130670649498.8660405050389687044,1.44133056,17079398.58557668,1837.5
2018-06-07,7665.9478962595,130943482538.13354680951491816,1.44450247,17081186.08554928,1787.5
2018-06-08,7622.60233021625,130216857183.816183606770028175,1.43712165,17082992.33552198,1812.5
2018-06-09,7556.17169783752,129095529856.9509804233409640504,1.42518183,17084779.83552127,1787.5
2018-06-10,6744.73580099357,115243033476.8174234240198682339,1.27551954,17086367.33552127,1587.5
2018-06-11,6849.45268731736,117044251204.7885381059280146464,1.29750932,17088117.33549324,1750
2018-06-12,6526.69968001169,111540839588.5577845286757968386,1.23858038,17089929.83546594,1812.5
2018-06-13,6306.51316803039,107789140440.1920282953010759576,1.20092906,17091717.33543784,1787.5
2018-06-14,6629.77012419638,113326836396.8716437684904925964,1.2632478,17093629.83540978,1912.5
2018-06-15,6399.67404646406,109405898594.1402096926323049792,1.22097074,17095542.33540832,1912.5
2018-06-16,6495.31530917592,111054415629.1092615036159116544,1.23955794,17097617.33540832,2075
2018-06-17,6450.69397282291,110304156582.0677146975835551996,1.23172728,17099579.83540756,1962.5
2018-06-18,6703.81258971362,114646121395.0442496732172011412,1.28056779,17101629.83538026,2050
2018-06-19,6732.50880917592,115149917753.7761353238316451584,1.28664559,17103567.33537952,1937.5
2018-06-20,6753.20682583285,115517012013.5964605979774252805,1.29123078,17105504.83537873,1937.5
2018-06-21,6720.37323436587,114969657640.7098152894089467185,1.28466547,17107629.83412755,2125
2018-06-22,6059.5758591467,103676418199.365878578777256675,1.16113556,17109517.33410025,1887.5
2018-06-23,6174.22577936879,105650371448.3176757979875811975,1.18384639,17111517.33410025,2000
2018-06-24,6146.48719491526,105188860295.9923993898767558278,1.17963703,17113654.83409953,2137.5
2018-06-25,6243.53544097019,106861963419.5341368237132230107,1.19907224,17115617.33409953,1962.5
2018-06-26,6096.12876621859,104350132616.9920292598907962627,1.17183193,17117442.33409953,1825
2018-06-27,6139.18968322618,105096510904.9511764971735469814,1.19000509,17118954.83407223,1512.5
2018-06-28,5858.63577819988,100305218848.8381333142344406084,1.13776355,17120917.33404493,1962.5
2018-06-29,6220.9137150789,106519491432.559562320199441007,1.20834141,17122804.83401763,1887.5
2018-06-30,6375.5412314436,109178385108.656889114761482404,1.23851505,17124567.33401689,1762.5
2018-07-01,6361.40253886616,108947955192.7598213119439624992,1.23860628,17126404.83401612,1837.5
2018-07-02,6608.367157218,113189218473.44631679538635416,1.28633397,17128167.33401612,1762.5
2018-07-03,6498.3078591467,111313526945.098786339417162743,1.26579418,17129617.33390629,1450
2018-07-04,6579.33337638808,112712483433.1309021822773930232,1.28137705,17131292.33390629,1675
2018-07-05,6535.29840268849,111969299124.0987705386173632274,1.27324533,17133004.83387826,1712.5
2018-07-06,6598.45909585038,113064628503.0092311669165459284,1.28661278,17135004.83379718,2000
2018-07-07,6737.85608036236,115466335325.7954657034291461448,1.31378163,17136954.83379718,1950
2018-07-08,6704.91998012858,114915153080.6485150476860414044,1.30865599,17138929.83379718,1975
2018-07-09,6664.02409351257,114225570190.2175733925803924613,1.30098801,17140629.83376909,1700
2018-07-10,6309.08400409118,108153424172.7251293975766899568,1.2330456,17142492.33368776,1862.5
2018-07-11,6377.97651139684,109345176286.2497973546448769464,1.24746562,17144179.83366046,1687.5
2018-07-12,6159.46667621274,105609860436.2787508006332784584,1.20621817,17145942.33363316,1762.5
2018-07-13,6208.98557188779,106470007126.7994013115434617594,1.21722522,17147729.83349486,1787.5
2018-07-14,6255.11247866744,107271377986.8074265539308893584,1.22667095,17149392.33349486,1662.5
2018-07-15,6347.60427381648,108868108961.5527701099886632928,1.24480827,17151054.83349486,1662.5
2018-07-16,6710.80743746347,115107492547.9340927349109300332,1.31568081,17152554.83346756,1500
2018-07-17,7320.59482787843,125581453880.8043410914989475918,1.43309368,17154542.33344026,1987.5
2018-07-18,7376.03833927528,126548604827.3518232902732322144,1.44339934,17156717.33341148,2175
2018-07-19,7467.0342980713,128125757556.500946896217282124,1.46018625,17158854.83338348,2137.5
2018-07-20,7327.25668293396,125741438718.3173983241560978728,1.43265396,17160779.83335618,1925
2018-07-21,7410.56562039743,127183775645.9037760505773466174,1.44833778,17162492.33335618,1712.5
2018-07-22,7399.48374693162,127010416903.0318580817515644116,1.44583406,17164767.33335618,2275
2018-07-23,7716.15862741087,132462078575.7177875497425969256,1.50619599,17166842.33332888,2075
2018-07-24,8397.61652162478,144177249065.0913834980969063196,1.63581402,17168829.83330082,1987.5
2018-07-25,8202.72039538282,140849259157.118602084779493296,1.59635249,17171042.3332728,2212.5
2018-07-26,7913.93077819989,135906762897.290902315361299992,1.5404035,17173104.8332728,2062.5
2018-07-27,8173.7746113384,140386151038.546642387304967768,1.58953743,17175192.33327127,2087.5
2018-07-28,8190.36005669199,140685854280.0242862321251209746,1.59195773,17177004.83327054,1812.5
2018-07-29,8229.60583869083,141377467178.6177371663409175517,1.59809411,17179129.83316199,2125
2018-07-30,8171.83951928697,140398779908.7897271736553062703,1.5863148,17180804.83316199,1675
2018-07-31,7725.13303594389,132738197932.6344122930604456069,1.50002457,17182642.33315121,1837.5
2018-08-01,7596.6980119813,130545588661.312704576538879242,1.47548838,17184517.33311234,1875
2018-08-02,7542.69466189363,129631992555.4635811256283777502,1.46550321,17186429.83261354,1912.5
2018-08-03,7411.34425014611,127389926459.2260876817018700264,1.44098379,17188504.83253624,2075
2018-08-04,7002.2086528346,120372902126.710833084783225904,1.36290424,17190704.83253624,2200
2018-08-05,7031.58775102279,120892012705.7245721304842713096,1.36894032,17192704.83229624,2000
2018-08-06,6929.99089421391,119156635794.6150436345215799665,1.35040999,17194342.33226815,1637.5
2018-08-07,6722.57843278784,115603003795.485194150379831264,1.31126727,17196229.83224085,1887.5
2018-08-08,6267.3886735827,107787755829.105427050336367815,1.22457474,17198192.33222845,1962.5
2018-08-09,6558.09690794857,112799626411.7474506654936916243,1.28263103,17200054.83222299,1862.5
2018-08-10,6135.75185856224,105548767057.1032129677008978624,1.20148237,17202254.83203226,2200
2018-08-11,6313.74931180596,108624141324.5420192741975802696,1.23709272,17204379.83203226,2125
2018-08-12,6314.69165575687,108652588482.8842489400602965424,1.237715,17206317.33203152,1937.5
2018-08-13,6265.84804383402,107823918261.5745203305629744552,1.22859486,17208192.33203076,1875
2018-08-14,6184.82908562244,106440242655.5744469458038262544,1.21462636,17209892.33203076,1700
2018-08-15,6270.21479865576,107922340390.8485247732601137816,1.23272558,17211904.83202991,2012.5
2018-08-16,6290.7504552893,108288222390.637455341515302963,1.23701888,17213879.83202991,1975
2018-08-17,6563.07828872005,112988510838.9441771481908052225,1.28997856,17215779.83202445,1900
2018-08-18,6399.28744681473,110181522339.7500430487688868485,1.25820087,17217779.83181445,2000
2018-08-19,6490.71612711865,111767485648.8838858678669668985,1.27574994,17219592.33156289,1812.5
2018-08-20,6272.95272881356,108029450488.8154500360759871884,1.23354388,17221467.33110289,1875
2018-08-21,6473.07603945061,111487842735.8121440335141568481,1.27272294,17223317.33110221,1850
2018-08-22,6365.00983167738,109639314166.2187866548210089398,1.25162869,17225317.33110071,2000
2018-08-23,6516.40902542373,112259350133.7996602927574266964,1.28108729,17227179.83107268,1862.5
2018-08-24,6697.73187872589,115395254895.6150080074311708882,1.31632801,17229004.83104538,1825
2018-08-25,6745.43893921683,116228582999.4983158461923897454,1.32478942,17230692.33104538,1687.5
2018-08-26,6689.86933313852,115285547056.6240958254616982196,1.31333891,17232854.83104323,2162.5
2018-08-27,6839.15895236704,117874048946.5724500674737317472,1.34163355,17235167.33088593,2312.5
2018-08-28,7092.97380829924,122262155771.8433565093491764412,1.38993223,17237079.83085863,1912.5
2018-08-29,7033.42806808884,121247981675.3254147274414953572,1.37670606,17238817.33083133,1737.5
2018-08-30,6966.96374371713,120115626733.4755477035285590151,1.36359134,17240742.33080327,1925
2018-08-31,7025.14078024547,121132253239.8893672894999944227,1.37493819,17242679.83077441,1937.5
2018-09-01,7192.35254734074,124029007769.2842331182103424634,1.40711254,17244567.33077441,1887.5
2018-09-02,7286.66779105786,125668549341.9008005135878028104,1.42507788,17246367.33077364,1800
2018-09-03,7257.47021391,125178060647.4215982023870178,1.41924297,17248167.33074558,1800
2018-09-04,7358.81147895967,126937601872.3862110709382517676,1.43842941,17249742.33071828,1575
2018-09-05,6790.89732846289,117152434088.974128010078587232,1.32907873,17251392.3304288,1650
2018-09-06,6488.07593687902,111940508598.9137748370833921042,1.27139307,17253267.33040071,1875
2018-09-07,6408.65362244301,110582390617.6578362880197443641,1.25683206,17255167.33037341,1900
2018-09-08,6187.79050233781,106782962630.3261339809752616321,1.21428401,17257042.33037341,1875
2018-09-09,6249.24631034483,107856240949.9079068625247629703,1.22689803,17259079.83037341,2037.5
2018-09-10,6295.3886025716,108663237923.101124215064056476,1.23657997,17260767.33034611,1687.5
2018-09-11,6278.42463968439,108381492630.1318097123948642229,1.23448848,17262529.83034611,1762.5
2018-09-12,6327.53636323787,109242573049.282806701165167515,1.24485106,17264629.8303345,2100
2018-09-13,6490.91231648159,112075206592.993967741339606583,1.27856168,17266479.8303337,1850
2018-09-14,6494.69547895967,112151244738.979589588709342888,1.27941999,17268129.8303064,1650
2018-09-15,6524.16566744594,112671557069.802131181895636016,1.28532707,17269879.8303064,1750
2018-09-16,6497.40470134424,112220687641.7463867045040266288,1.28016559,17271617.33030562,1737.5
2018-09-17,6258.59487492694,108106617083.933166508761169218,1.23381568,17273304.8302947,1687.5
2018-09-18,6340.34779018118,109530014226.912576706890223932,1.25024052,17275079.8302474,1775
2018-09-19,6383.95187580362,110295726992.948705769848976762,1.25910583,17277029.8302201,1950
2018-09-20,6498.60711104617,112289138730.936496925510801576,1.28206545,17278954.8301928,1925
2018-09-21,6741.14289888954,116492037710.8163581069282295058,1.3314931,17280754.83016477,1800
2018-09-22,6705.47605113969,115888679519.13030619396460916,1.32462421,17282692.330164,1937.5
2018-09-23,6703.13684950321,115860820198.54162473944782644,1.32411544,17284567.330164,1875
2018-09-24,6576.5450032145,113684901515.99105220922442215,1.29944603,17286417.3301367,1850
2018-09-25,6416.44402162478,110930883871.087133073153150932,1.26947306,17288529.8301094,2112.5
2018-09-26,6463.25040356517,111751327298.902807235028800457,1.27892467,17290267.3300821,1737.5
2018-09-27,6677.90048860316,115474621398.5755149990333671364,1.3210537,17292054.83005479,1787.5
2018-09-28,6623.12615984804,114540210219.8082730551750206196,1.31014502,17293979.82997749,1925
2018-09-29,6584.49914757452,113884705996.9722718226439523548,1.30289231,17295879.82996749,1900
2018-09-30,6604.485028346,114243836027.33710282790847154,1.3069717,17297917.32996749,2037.5
2018-10-01,6561.81383226184,113518672787.2420502823796193496,1.29942083,17299892.32994019,1975
2018-10-02,6508.72093863238,112611317628.3971447214311333782,1.28953035,17301604.82991289,1712.5
2018-10-03,6464.45684365868,111857194576.8611056094414104212,1.2814305,17303417.32988559,1812.5
2018-10-04,6545.28566773816,113268081862.6405762643376253464,1.29764795,17305292.32985829,1875
2018-10-05,6585.14957977791,113968639381.9673465832299723739,1.30556584,17306917.32985829,1625
2018-10-06,6550.47831589714,113378821806.6297477625404162906,1.298913,17308479.82985829,1562.5
2018-10-07,6564.56826008182,113634349430.0111606842723480138,1.30175802,17310254.82985759,1775
2018-10-08,6604.68527410871,114339930572.2296564408084786089,1.30960738,17311942.32985759,1687.5
2018-10-09,6590.42862215079,114103829682.0483704362254894291,1.30696334,17313567.32983029,1625
2018-10-10,6529.10243600234,113053807013.2267443442753555966,1.29493068,17315367.32979299,1800
2018-10-11,6159.25164260666,106661946180.8367030887886334954,1.22741162,17317354.82976569,1987.5
2018-10-12,6191.67722326125,107233687733.8427724234601243875,1.23438108,17319004.82973839,1650
2018-10-13,6197.68569637639,107348671929.7830987403096726121,1.23595286,17320767.32973839,1762.5
2018-10-14,6182.87934424313,107101025152.5462730759454547607,1.23348719,17322192.32973839,1425
2018-10-15,6442.71541408533,111615002027.0938351744855073097,1.28526524,17324217.32971109,2025
2018-10-16,6461.93715926359,111958908236.7981840750089602061,1.28989252,17325904.82968379,1687.5
2018-10-17,6442.73070017534,111637252664.8018651915749689566,1.28666145,17327629.82965649,1725
2018-10-18,6396.47981209819,110846868324.4093826316335701661,1.27802221,17329354.82962919,1725
2018-10-19,6383.07784015196,110625950760.1284385700239032044,1.2749913,17331129.82960189,1775
2018-10-20,6408.25274634717,111073715079.6297675886078281513,1.28642152,17332917.32960189,1787.5
2018-10-21,6415.34050292227,111207633040.7658590340707150903,1.28793139,17334642.32960189,1725
2018-10-22,6408.03363559322,111093386674.0609463478348882798,1.28689576,17336579.82957459,1937.5
2018-10-23,6395.98766686149,110896863051.5977309391983456701,1.28492912,17338504.82954649,1925
2018-10-24,6413.80364114553,111214824905.2326557703357177207,1.2887609,17339917.32951919,1412.5
2018-10-25,6402.3248591467,111026747755.475875781879970263,1.28694965,17341629.82949189,1712.5
2018-10-26,6404.10855230859,111069127245.8811875538731578281,1.28863398,17343417.32946459,1787.5
2018-10-27,6409.40532758621,111171887419.0782384335763673039,1.28980748,17345117.32946459,1700
2018-10-28,6406.63325306838,111135017069.5133277680000586642,1.28937475,17346867.32946459,1750
2018-10-29,6263.0417346581,108655584101.008598427863540549,1.26107732,17348692.32943729,1825
2018-10-30,6272.16772822911,108825982078.5493146741244975119,1.26329155,17350617.32943729,1925
2018-10-31,6306.31693132671,109431340954.1764225368572278329,1.27073654,17352654.82940999,2037.5
2018-11-01,6342.97750058445,110079709390.0442890265236686555,1.27883905,17354579.82940999,1925
2018-11-02,6348.16858270018,110181145790.3643243916404667982,1.27995054,17356367.32940999,1787.5
2018-11-03,6332.43413296318,109920796924.690716380611401415,1.276901,17358379.82940925,2012.5
2018-11-04,6420.42200029223,111457995144.9934843446732651275,1.29459494,17359917.32940925,1537.5
2018-11-05,6402.94683898305,111166153093.6581979161272632125,1.29123581,17361717.32940925,1800
2018-11-06,6441.14521887785,111839648400.0074662556130448075,1.2989943,17363317.32938195,1600
2018-11-07,6500.86980508475,112887229255.9348775401002938725,1.31084446,17364942.32935391,1625
2018-11-08,6406.75293746347,111262585491.1149231695015739367,1.29195817,17366454.82932661,1512.5
2018-11-09,6331.37876709527,109963654429.7375267144631152637,1.2768824,17368042.32929931,1587.5
2018-11-10,6353.11273407364,110351534110.3034958810431411884,1.28133653,17369679.82929931,1637.5
2018-11-11,6335.41420397428,110055678439.9506488371896617468,1.27781403,17371504.82929931,1825
2018-11-12,6320.65605376972,109810368310.3221532971637815372,1.27501457,17373254.82927201,1750
2018-11-13,6267.9379912332,108903885882.585428470957476372,1.26499475,17374754.82924471,1500
2018-11-14,5574.25834891876,96860778728.2976694067559497596,1.12750028,17376442.32924471,1687.5
2018-11-15,5538.56060783168,96249271453.672309430306040192,1.12835655,17378029.8291894,1587.5
2018-11-16,5496.01623115137,95518590232.071634513035367077,1.12138354,17379604.8291621,1575
2018-11-17,5501.09234044418,95616781735.517364877581221578,1.12295891,17381417.3291621,1812.5
2018-11-18,5555.3763383986,96568855949.37880850129381306,1.13432294,17382954.8291621,1537.5
2018-11-19,4792.20002367037,83310144258.678041891657495876,0.98256686,17384529.8291348,1575
2018-11-20,4317.53067007598,75065364647.62799192044058785,0.89259762,17386179.8291075,1650
2018-11-21,4549.32200993571,79101301550.272875033365433942,0.94205218,17387492.3290802,1312.5
2018-11-22,4303.61554850964,74835645350.615631346067719956,0.89310508,17389017.3290529,1525
2018-11-23,4289.89285330216,74603724123.317620995175175296,0.89181194,17390579.8290256,1562.5
2018-11-24,3806.31692489772,66200862128.508293707867261632,0.79317203,17392367.3290256,1787.5
2018-11-25,3946.85087434249,68651345825.213465517767377744,0.82453777,17393954.8290256,1587.5
2018-11-26,3700.28599269433,64367741558.115172921106989639,0.77562836,17395342.3289983,1387.5
2018-11-27,3776.55590531853,65700666907.910880084892328499,0.7940544,17396979.8289983,1637.5
2018-11-28,4208.47526914085,73220966864.7583333250718743385,0.88549955,17398454.82796581,1475
2018-11-29,4239.03948831093,73758300790.5536991811588009143,0.89130855,17399767.32793851,1312.5
2018-11-30,3973.33405230859,69140104360.4770945201180402939,0.8373706,17401029.82791121,1262.5
2018-12-01,4148.07372559906,72187184141.7987013056657394626,0.8734641,17402579.82791121,1550
2018-12-02,4098.74676388077,71334608466.9663693711925864317,0.86368527,17404004.82791121,1425
2018-12-03,3843.9766659848,66906066119.821583663460224568,0.80763958,17405429.82788391,1425
2018-12-04,3892.95164699006,67765212056.5153642603477752966,0.81335924,17407154.82785661,1725
2018-12-05,3709.52085827002,64578231888.3631930378584502862,0.78473772,17408779.82782931,1625
2018-12-06,3511.96898158971,61145021210.2217447173299333171,0.74841821,17410467.32780201,1687.5
2018-12-07,3372.99569257744,58730237821.2062718822995485424,0.72100902,17411892.32777471,1425
2018-12-08,3407.95119462303,59344289381.6088576446022175713,0.72908961,17413479.82777471,1587.5
2018-12-09,3540.43957597896,61657037841.0864340163465801016,0.75773343,17415079.82777471,1600
2018-12-10,3413.59258416131,59453278421.0812327587213747071,0.73200608,17416629.82774741,1550
2018-12-11,3352.56420017534,58395608029.6806327743703090756,0.7222971,17418192.32771934,1562.5
2018-12-12,3423.01291788428,59627831863.2595352496121971312,0.73845418,17419692.32769204,1500
2018-12-13,3260.34158240795,56799486057.979277280414510683,0.7044642,17421329.82766474,1637.5
2018-12-14,3198.94747369959,55735757119.7476041340559966496,0.69277432,17423154.82763744,1825
2018-12-15,3185.07404383402,55499970403.6160496105660977088,0.69048064,17425017.32763744,1862.5
2018-12-16,3195.41455523086,55684747402.3057634004475793984,0.69338644,17426454.82763744,1437.5
2018-12-17,3499.15648188194,60984890679.2186105729798268716,0.75972613,17428454.82761014,2000
2018-12-18,3659.52737931035,63785762864.4199082910429012905,0.79650093,17430054.82758283,1600
2018-12-19,3697.72530333139,64458441787.6828375927420838311,0.80573894,17431917.32755549,1862.5
2018-12-20,4067.73770777323,70915331739.3538363292499523537,0.88611656,17433604.82752819,1687.5
2018-12-21,3839.08510841613,66935811078.2099498601140653557,0.8376707,17435354.82750089,1750
2018-12-22,3964.94611630625,69138915729.3505011298403875625,0.86519497,17437542.32750089,2187.5
2018-12-23,3942.66699590883,68759096491.7920008556281838587,0.86090691,17439742.32750089,2200
2018-12-24,4040.04578959673,70465033648.7617875142858253607,0.88260111,17441642.32747359,1900
2018-12-25,3761.58401081239,65615679049.5547452768371697801,0.82260882,17443629.82747359,1987.5
2018-12-26,3807.65745353594,66426839657.0542223761524658246,0.83308567,17445592.32747359,1962.5
2018-12-27,3585.46053594389,62558281192.8898682298684286681,0.78552581,17447767.32744629,2175
2018-12-28,3881.05488486265,67723844318.077258529402255775,0.85252346,17449854.8274135,2087.5
2018-12-29,3823.13832612507,66719803689.5948120535549635628,0.84031284,17451579.82740804,1725
2018-12-30,3825.4074628872,66767819607.356781797670893088,0.8415034,17453779.82740804,2200
2018-12-31,3687.19994009351,64362719883.8075090124389729974,0.81213582,17455717.32738074,1937.5
2019-01-01,3808.11783167738,66480521038.5799134434461056612,0.8391035,17457579.82738074,1862.5
2019-01-02,3898.1974880187,68060451677.633745535180229328,0.85907301,17459467.32735344,1887.5
2019-01-03,3784.38863471654,66080741974.7175718420650323556,0.83487141,17461404.82732614,1937.5
2019-01-04,3827.52459438925,66841085193.63053449482203347,0.8447265,17463267.32729884,1862.5
2019-01-05,3798.61395499708,66343950645.2552398892164873872,0.83856669,17465304.82729884,2037.5
2019-01-06,4045.99377498539,70671645673.5018003510691639476,0.89346662,17467067.32729884,1762.5
2019-01-07,4001.01827819988,69893107437.6766841150831554152,0.8841578,17468829.82727154,1762.5
2019-01-08,3992.6227893045,69754882486.37995013163123108,0.88278743,17470942.32724424,2112.5
2019-01-09,4004.25903565167,69966387406.0906506769834900731,0.88542141,17472992.32720693,2050
2019-01-10,3627.90345002922,63397403557.8366262615236887886,0.80976747,17474942.32717963,1950
2019-01-11,3624.16142109877,63338716516.6204679544137656341,0.80976244,17476792.32715233,1850
2019-01-12,3617.02207831677,63220183068.5521964128637835741,0.80855945,17478517.32715233,1725
2019-01-13,3508.6701081239,61332359877.665187509135813687,0.784834,17480229.82715233,1712.5
2019-01-14,3666.94519374635,64105874435.5810718768305561405,0.82050798,17482092.32712503,1862.5
2019-01-15,3581.29301548802,62614404280.6273616018261841946,0.80090242,17483742.32709773,1650
2019-01-16,3606.98657568673,63069620481.6909896463713263939,0.80691139,17485404.82707043,1662.5
2019-01-17,3640.12913062536,63654910176.6918498010165917768,0.81482992,17486992.32704313,1587.5
2019-01-18,3609.42673611923,63124243900.5625716641309774109,0.80838072,17488717.32701583,1725
2019-01-19,3687.30196113384,64492311837.1312231730904286872,0.82616434,17490379.82701583,1662.5
2019-01-20,3538.31372296903,61893394902.5521270853674097449,0.79319975,17492342.32701583,1962.5
2019-01-21,3535.623393045,61852964024.41033920902690235,0.79297133,17494217.32701583,1875
2019-01-22,3577.30834979544,62588022843.1382097347661418152,0.80398567,17495842.32701583,1625
2019-01-23,3551.89382115722,62149856463.4920962033398587926,0.79874618,17497667.32701583,1825
2019-01-24,3567.58893366452,62431708688.3927691737003543808,0.80256605,17499692.32701504,2025
2019-01-25,3561.35049795441,62328681312.4729519415513043264,0.80172488,17501417.32701504,1725
2019-01-26,3557.03991525424,62259909455.5557671265419037696,0.8011809,17503292.32701504,1875
2019-01-27,3537.61413062536,61925952432.7135410451373254144,0.79718191,17505004.82701504,1712.5
2019-01-28,3435.05251402689,60136836871.7725315857339944256,0.77522856,17506817.32701504,1812.5
2019-01-29,3395.82376329632,59456263677.0655341094706902528,0.76708054,17508642.32699504,1825
2019-01-30,3437.89586616014,60198733501.0251744387496257056,0.77747695,17510342.32699504,1700
2019-01-31,3410.13161601403,59719179106.5204934651573804112,0.77173662,17512279.82699504,1937.5
2019-02-01,3445.04989129164,60337481687.7933436872854734656,0.78014383,17514254.82699504,1975
2019-02-02,3461.93511747516,60639445325.1944171724146432064,0.78422167,17516054.82699504,1800
2019-02-03,3413.02161630625,59788561219.227631916801871,0.77343528,17517779.82699504,1725
2019-02-04,3411.38796171829,59766211643.2220456925207072816,0.77384742,17519617.32699504,1837.5
2019-02-05,3426.46501139684,60036651913.4687769640901516736,0.77765737,17521454.82699504,1837.5
2019-02-06,3367.50636499123,59010514041.8603398860968534992,0.76510945,17523504.82699504,2050
2019-02-07,3358.87359906487,58866543276.5574182103261282448,0.76378864,17525679.82699504,2175
2019-02-08,3612.47961922852,63318521615.3484503389336788216,0.8216013,17527717.32698958,2037.5
2019-02-09,3621.26812098188,63479353867.5359377402141288104,0.82367897,17529592.32698958,1875
2019-02-10,3642.0223591467,63849540740.750987439388591386,0.8284814,17531342.32698958,1750
2019-02-11,3590.6184836353,62954869798.228266457993620174,0.81717159,17533154.82698958,1812.5
2019-02-12,3587.90246580947,62912990081.1008306536546356164,0.81707553,17534754.82698412,1600
2019-02-13,3576.08537258913,62712619511.9701038045044579658,0.81622357,17536667.32697866,1912.5
2019-02-14,3561.91638340152,62470420539.833726726061879264,0.81324408,17538429.8269732,1762.5
2019-02-15,3565.00692372881,62530283212.9632877257313785894,0.81432592,17540017.32696774,1587.5
2019-02-16,3584.73600263004,62883052978.7409069122582349096,0.81951471,17541892.32696774,1875
2019-02-17,3622.7574289889,63557220976.435877562261118086,0.82849268,17543879.82696774,1987.5
2019-02-18,3866.12921712449,67834397006.0979913639682942372,0.88420768,17545817.32696228,1937.5
2019-02-19,3895.43521098773,68356190719.6476349994872598186,0.89133025,17547767.32695682,1950
2019-02-20,3931.61382904734,68997433564.0192446191153173824,0.89885411,17549392.32695136,1625
2019-02-21,3892.26179427236,68312619006.287015904611585324,0.89047082,17550879.8269459,1487.5
2019-02-22,3948.30051052016,69304143089.3207199664057392704,0.90331002,17552904.82694044,2025
2019-02-23,4110.15112127411,72152438351.1962646799708840084,0.94072884,17554692.32694044,1787.5
2019-02-24,3754.18378988895,65909970410.027916387435864138,0.8599356,17556404.82694044,1712.5
2019-02-25,3822.01869666861,67107739353.2488209080980769778,0.87606044,17558192.32693498,1787.5
2019-02-26,3796.17506838106,66661611759.6545904685571228912,0.87035678,17560204.82692952,2012.5
2019-02-27,3799.3819924021,66724622413.066467841189382951,0.8713884,17561967.32692331,1762.5
2019-02-28,3792.94772296902,66618735760.469952930267635007,0.87032071,17563842.32691785,1875
2019-03-01,3810.63269257744,66937068309.4102391831061704816,0.87459349,17565867.32691239,2025
2019-03-02,3809.64339099942,66925976280.7395838394648808138,0.87461492,17567517.32691239,1650
2019-03-03,3782.38187025132,66453961889.5525641279689218548,0.86848471,17569342.32691239,1825
2019-03-04,3698.16185505552,64980604713.9563811251450227536,0.85007558,17571054.82690693,1712.5
2019-03-05,3840.1280490941,67482252731.446048726793458327,0.88264283,17572917.32690147,1862.5
2019-03-06,3851.99842548218,67697013071.8337533348701008046,0.88556451,17574517.32690147,1600
2019-03-07,3855.92316832262,67772832796.4894179162628707462,0.88659022,17576292.32689601,1775
2019-03-08,3839.23355289304,67486497838.1096755045387327704,0.88315552,17578117.32689601,1825
2019-03-09,3910.36116656926,68743532749.4193335794786100142,0.89955742,17579842.32687417,1725
2019-03-10,3903.9119509059,68636793205.241997603246810603,0.89825462,17581542.32687417,1700
2019-03-11,3851.56892168323,67723358556.2617715805984187333,0.88665284,17583317.32686871,1775
2019-03-12,3858.91482378726,67859421694.2565633198889906346,0.88880804,17585104.82686871,1787.5
2019-03-13,3851.95746639392,67743576013.38019743192247144,0.88736975,17586792.32686325,1687.5
2019-03-14,3853.78326504968,67783152660.2225871538868676832,0.88808394,17588729.82685724,1937.5
2019-03-15,3901.91420689655,68637177203.578746016525643359,0.89930632,17590642.32685178,1912.5
2019-03-16,3989.79607685564,70191204954.5505918446627370392,0.92006352,17592679.82685178,2037.5
2019-03-17,3967.14349444769,69799925361.8735193952525933882,0.91484274,17594504.82685178,1825
2019-03-18,3969.44014582116,69848322303.8192418295493224932,0.91560369,17596517.32684577,2012.5
2019-03-19,3996.16790356517,70327329421.2378851709302680027,0.92168535,17598692.32684031,2175
2019-03-20,4030.65527586207,70942373769.1728893164032691395,0.92967286,17600704.82683485,2012.5
2019-03-21,3976.27385008767,69992329935.5405673707446326213,0.91748018,17602492.32682939,1787.5
2019-03-22,3983.88764582116,70134369289.9228548333530772252,0.9194745,17604504.82670847,2012.5
2019-03-23,3981.77603302163,70104412361.2612412678762142061,0.91913227,17606317.32670847,1812.5
2019-03-24,3970.6669880187,69916267990.345505725497808389,0.91670464,17608192.32670847,1875
2019-03-25,3908.23883869082,68824251372.2099576136353533682,0.90273487,17610042.32670301,1850
2019-03-26,3917.76340210403,68998541590.7156948783859581227,0.90526912,17611717.32669209,1675
2019-03-27,4027.00791788428,70930025424.3538832571921631764,0.93039612,17613579.82668663,1862.5
2019-03-28,4010.93746201052,70654287127.7362171925270155084,0.92674903,17615404.82666117,1825
2019-03-29,4089.46104003507,72045026127.6744216165338650497,0.94438915,17617242.32664571,1837.5
2019-03-30,4091.89103834015,72094945657.3474703381805182565,0.944965,17618979.82664571,1737.5
2019-03-31,4094.31781472823,72144816858.7714185488649443403,0.94641855,17620717.32664461,1737.5
2019-04-01,4138.41780771479,72928925679.5451215042524480285,0.95655086,17622417.32663915,1700
2019-04-02,4903.71946206897,86425014362.7593650745177055993,1.12892016,17624379.82663369,1962.5
2019-04-03,4960.22760274693,87429739701.3323748630578838339,1.14051964,17626154.82662823,1775
2019-04-04,4911.26970245471,86575394892.7743734206035824633,1.12838804,17627904.82662823,1750
2019-04-05,5033.22548369375,88735160417.7885955106264888125,1.15614507,17629879.82661731,1975
2019-04-06,5044.35684593805,88940169566.4819670272203176455,1.15841744,17631617.32661731,1737.5
2019-04-07,5189.11195558153,91501582075.6100499015138142843,1.19121228,17633379.82661731,1762.5
2019-04-08,5283.42302483928,93174379314.253471890113193468,1.21179209,17635229.82661185,1850
2019-04-09,5195.57790882525,91633783207.7218655725390433475,1.19099798,17636879.82660639,1650
2019-04-10,5311.74160327294,93692375038.2239676718173678342,1.21651316,17638729.82460093,1850
2019-04-11,5050.66600859147,89097245091.8547829690122426409,1.15695368,17640692.32459547,1962.5
2019-04-12,5082.86143202805,89674788551.8847614055740697805,1.16368455,17642579.82459001,1887.5
2019-04-13,5074.79069257744,89540963596.1776311880981753744,1.16156591,17644267.32459001,1687.5
2019-04-14,5156.80404061952,90995893159.3786761725704029952,1.18135304,17645792.32459001,1525
2019-04-15,5042.89773845704,88995066459.080975293776022732,1.15555322,17647604.82458455,1812.5
2019-04-16,5205.96295745178,91882212812.3664419156674712802,1.19224124,17649417.32457909,1812.5
2019-04-17,5226.35221519579,92251086788.7686827431003633332,1.1961381,17651142.32457308,1725
2019-04-18,5278.5023395675,93181427266.9053676943793429,1.20765693,17653004.82457308,1862.5
2019-04-19,5289.95121911163,93393585300.0212795924952634206,1.20719787,17654904.82456762,1900
2019-04-20,5313.97326212741,93826393814.3732784485496004642,1.21246475,17656542.32456762,1637.5
2019-04-21,5295.73382817066,93515072337.7418118070600700292,1.20835451,17658567.32456762,2025
2019-04-22,5383.79997533606,95079212191.4359954774036943772,1.22794551,17660242.32456762,1675
2019-04-23,5544.86271186441,97931659198.8865738478905367256,1.2632969,17661692.32456216,1450
2019-04-24,5431.94791963764,95948460473.542102347837634188,1.238908,17663729.8245567,2037.5
2019-04-25,5127.67316738749,90582999173.148232068161375683,1.17030753,17665517.3245567,1787.5
2019-04-26,5150.16466066628,90990043973.0887350936804001872,1.17673094,17667404.82455124,1887.5
2019-04-27,5181.80776364699,91557969329.1491481410875267676,1.18413668,17669117.32455124,1712.5
2019-04-28,5148.66961542957,90982937914.7186233765550761668,1.17650667,17671154.82455124,2037.5
2019-04-29,5148.80049327878,90995741358.4320606213064125484,1.17708337,17673192.32454578,2037.5
2019-04-30,5266.61820251315,93087172974.794137248742505208,1.20333737,17674942.32454032,1750
2019-05-01,5315.17532904734,93956778572.9971905886590187488,1.21799733,17677079.82454032,2137.5
2019-05-02,5393.12937638808,95347182688.0216927243528484688,1.23567987,17679379.82453486,2300
2019-05-03,5658.43038836938,100048291063.757148558271237972,1.2951638,17681279.8244194,1900
2019-05-04,5774.71242869667,102113834632.845733785081463398,1.32099457,17682929.8244194,1650
2019-05-05,5728.35170222092,101303278127.085775242129533848,1.30956777,17684542.3244194,1612.5
2019-05-06,5691.68837405026,100665647010.0726036245086046244,1.29939268,17686429.82441394,1887.5
2019-05-07,5825.744893045,103045876595.7641873854910216,1.32870246,17688017.32440848,1587.5
2019-05-08,5931.8005949737,104933062109.929397230165100574,1.35126305,17689917.32440302,1900
2019-05-09,6150.14044476914,108807007514.7336668393037792984,1.39928506,17691792.32439756,1875
2019-05-10,6357.46349357101,112484857374.9059959565563307356,1.44472955,17693354.82439756,1562.5
2019-05-11,7325.08286031561,129617193425.3250891641997139116,1.6543368,17694979.82439756,1625
2019-05-12,6942.62317451783,122863288682.215542465335650445,1.56569495,17696954.8243915,1975
2019-05-13,7798.90573600234,138033162705.4024757933645033336,1.74753483,17699042.32438604,2087.5
2019-05-14,7955.5576823495,140820867693.55133845298657271,1.77133721,17700942.32438058,1900
2019-05-15,8215.2068383986,145432203252.087067933404139188,1.81667469,17702804.82438058,1862.5
2019-05-16,7862.07160233782,139195067372.1657833055614075356,1.72799889,17704629.82438058,1825
2019-05-17,7326.92068188194,129734247988.1042103137710005312,1.61073752,17706517.32438048,1887.5
2019-05-18,7277.98756341321,128881732029.3762422968499206932,1.59950822,17708429.82437492,1912.5
2019-05-19,8219.74278696669,145575486043.3400022871271114148,1.80201739,17710467.32437492,2037.5
2019-05-20,7981.13937895967,141365770225.3029586257106237112,1.74723194,17712479.82436936,2012.5
2019-05-21,7983.80847738165,141428315610.964527877660286244,1.74497388,17714392.32436936,1912.5
2019-05-22,7667.90211484512,135848233112.8089821989039648128,1.67542929,17716479.82435844,2087.5
2019-05-23,7897.4712936879,139930988343.833541922675554942,1.72268374,17718454.82435298,1975
2019-05-24,7987.10036762127,141534352370.6800176351372237504,1.73899884,17720367.32434752,1912.5
2019-05-25,8061.59176072472,142868475004.5567874757363346944,1.75307893,17722117.32434752,1750
2019-05-26,8731.52495587376,154759118458.6845668356834890752,1.89396436,17724179.82434752,2062.5
2019-05-27,8816.78670835769,156288718134.0543080125823914414,1.90714924,17726267.32434206,2087.5
2019-05-28,8719.12584833431,154575429830.096202277135768746,1.88105961,17728317.3243366,2050
2019-05-29,8655.48850613676,153466072521.3933629893017530304,1.84071984,17730492.32433104,2175
2019-05-30,8271.62196317942,146676472971.8471135194629951968,1.75787076,17732492.32433104,2000
2019-05-31,8556.222185564,151735657705.73097275304510656,1.81476063,17733954.82433104,1462.5
2019-06-01,8554.80732963179,151726713913.3333391075285150092,1.81246057,17735842.32432548,1887.5
2019-06-02,8744.35374547049,155102798137.0000158480192262098,1.8504971,17737479.82432002,1637.5
2019-06-03,8173.40127054354,144987698066.7267743137592493168,1.72701182,17738967.32431992,1487.5
2019-06-04,7649.93933196961,135716749976.0527104413573576312,1.62636908,17740892.32431992,1925
2019-06-05,7798.54446639392,138368734753.6056894211723120832,1.65612566,17742892.32431446,2000
2019-06-06,7776.71332612507,137996648982.4002212180383570052,1.651342,17744854.82431436,1962.5
2019-06-07,8023.950093045,142399676820.0609899253296262,1.70183629,17746829.82431436,1975
2019-06-08,7939.80515488019,140918677619.8627164817746965284,1.6835165,17748379.82431436,1550
2019-06-09,7634.06575073057,135506326143.5726741797943419852,1.61842434,17750217.32431436,1837.5
2019-06-10,7993.30253857393,141898544054.9128764644144206348,1.69111483,17752179.82431436,1962.5
2019-06-11,7922.48362711864,140655515443.2798467843403756704,1.67511723,17753967.32431436,1787.5
2019-06-12,8146.75612507306,144650582356.8597857439194071416,1.72008481,17755604.82431436,1637.5
2019-06-13,8232.77734137931,146193480447.3322807824524398916,1.73649236,17757492.32431436,1887.5
2019-06-14,8698.00481502046,154473128274.7468938683488718056,1.82901577,17759604.82431436,2112.5
2019-06-15,8850.58481601403,157199041113.7754150871928904708,1.85878621,17761429.82431436,1825
2019-06-16,9019.51700672121,160214175079.2246050798499195756,1.88896018,17763054.82431436,1625
2019-06-17,9340.57218877849,165932624581.0021419748251661164,1.9511578,17764717.32431436,1662.5
2019-06-18,9047.13274447691,160738189334.1466520353931537366,1.88755922,17766754.82431426,2037.5
2019-06-19,9285.05567656341,164985850921.2929379953640008856,1.93150882,17768967.32431416,2212.5
2019-06-20,9546.71977819988,169652535888.8181525302403943008,1.98086596,17770767.32431416,1800
2019-06-21,10083.4863136762,179208052894.242544019293314992,2.08422475,17772429.82431416,1662.5
2019-06-22,10685.2952327878,189922492509.647600231179815248,2.19688103,17774192.32431416,1762.5
2019-06-23,10794.4276963764,191886656298.959561062077572184,2.2136737,17776454.82431406,2262.5
2019-06-24,11004.2069094681,195640133811.351516912351951486,2.24706654,17778667.32431406,2212.5
2019-06-25,11726.2638308007,208498744036.433431542528067842,2.37982686,17780492.32431406,1825
2019-06-26,12863.4606849795,228745194861.05645052883266177,2.57176389,17782554.82431406,2062.5
2019-06-27,11109.7978418469,197580309100.857802022156037414,2.21524309,17784329.82431406,1775
2019-06-28,12358.2079582116,219807626215.012778509114335096,2.44168454,17786367.32431406,2037.5
2019-06-29,11944.3515473407,212472603036.356174644744620242,2.35329242,17788542.32431406,2175
2019-06-30,10842.6167109877,192894947241.469401865996498292,2.13021037,17790442.32431396,1900
2019-07-01,10569.5517282291,188055893488.625895230100385326,2.07558255,17792229.82431386,1787.5
2019-07-02,10766.0833162186,191573891684.421972468154769796,2.11000412,17794204.82431386,1975
2019-07-03,11952.0248935126,212702475873.982307847860264636,2.33157806,17796354.82431386,2150
2019-07-04,11177.0103787551,198933374582.882120338084823742,2.17425127,17798442.32416642,2087.5
2019-07-05,10998.3991004676,195780355764.330089354965496784,2.13840364,17800804.82404084,2362.5
2019-07-06,11208.225600526,199540374640.74243202094948184,2.17712562,17803029.82404084,2225
2019-07-07,11456.1836039158,203976688321.280599328225741004,2.22256119,17804942.32403538,1912.5
2019-07-08,12319.6228758036,219377585918.448644418912331368,2.37905472,17807167.32403538,2225
2019-07-09,12579.107616014,224022488886.53968679023902872,2.41917807,17809092.32395348,1925
2019-07-10,12106.7829313267,215630337157.472005833230438134,2.31328701,17810704.82394802,1612.5
2019-07-11,11294.678028346,201184389109.26906074824350196,2.15704038,17812317.32364226,1612.5
2019-07-12,11813.3237158971,210446887987.891956917768976948,2.24857787,17814367.32362588,2050
2019-07-13,11346.837148159,202156723717.65469834025199956,2.15890911,17816129.82349484,1762.5
2019-07-14,10283.0757891292,183223251318.830273218624293328,1.95875859,17817942.32349484,1812.5
2019-07-15,10926.3802741087,194705554172.640805224850049108,2.07837284,17819767.32349484,1825
2019-07-16,9471.14086475745,168792705558.271655898486450813,1.80452153,17821792.32349474,2025
2019-07-17,9674.88246113384,172439830467.3199804893869068416,1.84011447,17823454.82335824,1662.5
2019-07-18,10679.8906896552,190368702559.675340552367539712,2.02312657,17824967.32331456,1512.5
2019-07-19,10532.2027291058,187751704487.2281826593308261,1.9920017,17826442.3232545,1475
2019-07-20,10862.6485479252,193666411427.28402141383177088,2.0519756,17828654.8232544,2212.5
2019-07-21,10589.7064907656,188819945031.77559166373956864,1.99813946,17830517.3232544,1862.5
2019-07-22,10318.5609251899,184005658485.48171096650601056,1.94697902,17832492.3232544,1975
2019-07-23,9866.64894038574,175964578119.5781728120892217332,1.86302934,17834279.82314518,1787.5
2019-07-24,9792.78753652835,174664328143.399862775160235853,1.84274782,17836017.32314518,1737.5
2019-07-25,9897.18678603156,176544952190.2055085402752955288,1.86177246,17837892.32303598,1875
2019-07-26,9836.69678813559,175486349266.789795280694214005,1.84937883,17839967.3230195,2075
2019-07-27,9446.67205207481,168546269397.1949280620080472988,1.7764295,17841867.32301948,1900
2019-07-28,9529.78879193454,170050073655.0765122729533048392,1.79184692,17844054.82301948,2187.5
2019-07-29,9504.15891595558,169612691475.5826271174605704288,1.75506806,17846154.82289936,2100
2019-07-30,9589.10920601987,171145748173.1608409530891702832,1.76975529,17847929.82289936,1775
2019-07-31,10059.0040189947,179553898940.370627615716473392,1.85482085,17850067.32289936,2137.5
2019-08-01,10400.3070143776,185664640930.413122285237838336,1.91516898,17851842.32289936,1775
2019-08-02,10529.6944544126,187996689088.016484952077715936,1.93668955,17853954.82289936,2112.5
2019-08-03,10810.4216686148,193032157623.26468739737444952,1.98633631,17856117.3227574,2162.5
2019-08-04,10986.5089291058,196199326743.02443557107233292,2.0166431,17858204.8227574,2087.5
2019-08-05,11790.0239375804,210569737010.31191538801219496,2.15209305,17859992.3227574,1787.5
2019-08-06,11423.4970017534,204046558538.073815649052807626,2.07763358,17862004.82275739,2012.5
2019-08-07,11967.2735473407,213782385228.515811077625772773,2.16935722,17863917.32275739,1912.5
2019-08-08,11938.2346108708,213284826434.711008805925035212,2.15713659,17865692.32275739,1775
2019-08-09,11858.3410984804,211879263223.908325453014447516,2.13982687,17867529.82262079,1837.5
2019-08-10,11303.7305618936,201991078712.939531856457127944,2.03923311,17869417.32262079,1887.5
2019-08-11,11530.195242256,206059922092.75043098505254576,2.07768124,17871329.82254971,1912.5
2019-08-12,11384.6962465809,203478588609.637626914426796735,2.04944243,17872992.32254415,1662.5
2019-08-13,10867.05475827,194248112858.1886020191767935,1.95417056,17874954.82254405,1962.5
2019-08-14,10024.3795917008,179204378646.90860137812242024,1.8019476,17876854.82254405,1900
2019-08-15,10310.0858696669,184332141843.517208307434076945,1.85280853,17878817.32254405,1962.5
2019-08-16,10373.3219028054,185481788307.19919661886007787,1.86332594,17880654.82254405,1837.5
2019-08-17,10207.1555616598,182526956765.83365846954336403,1.83353888,17882254.82243485,1600
2019-08-18,10331.3099760374,184763389454.27632965042266339,1.85527013,17883829.82243485,1575
2019-08-19,10884.6297744009,194681043998.758470694788031365,1.95283046,17885867.32243485,2037.5
2019-08-20,10771.3923793688,192676295263.20172971252212268,1.92992501,17887779.82243485,1912.5
2019-08-21,10096.8302238457,180627040560.038000014304702645,1.80967076,17889479.82243485,1700
2019-08-22,10119.7145248393,181054264797.708308628675347027,1.81392145,17891242.32242939,1762.5
2019-08-23,10414.1441725891,186341894023.237584255908233649,1.85888092,17893154.82242939,1912.5
2019-08-24,10147.0871548802,181583695633.265729615758409078,1.81099778,17895154.82242939,2000
2019-08-25,10100.3567783752,180767017751.046404074443407128,1.8021966,17897092.32232939,1937.5
2019-08-26,10362.6434723553,185478932955.073218470615712267,1.8474094,17898804.82232939,1712.5
2019-08-27,10168.221571654,182016172175.13651034407511106,1.81156248,17900492.32232939,1687.5
2019-08-28,9724.79997808299,174097062903.8222142822085360761,1.73309226,17902379.82232939,1887.5
2019-08-29,9482.31173495032,169775503540.7651346378183259048,1.69107373,17904442.32232939,2062.5
2019-08-30,9577.67882349503,171502153433.9335727916275905017,1.70811556,17906442.32224839,2000
2019-08-31,9605.02446142607,172011746947.5962965413236844475,1.71310224,17908517.32219925,2075
2019-09-01,9762.93655689655,174857169693.8096219291257375875,1.7403943,17910304.82219925,1787.5
2019-09-02,10377.3383845704,185880621503.5058725615944522,1.84745992,17912167.32219925,1862.5
2019-09-03,10618.7815058445,190227159592.648578353468516625,1.88765943,17914217.32219925,2050
2019-09-04,10577.2410839275,189500976756.556516591809310225,1.87870879,17915917.32219379,1700
2019-09-05,10580.1846995909,189575535962.122140613914455255,1.8773914,17917979.82217195,2062.5
2019-09-06,10330.8497312098,185128360457.92684901493712511,1.81873604,17919954.82217195,1975
2019-09-07,10494.5069649328,188080767892.951993714496195696,1.84632204,17921829.82215557,1875
2019-09-08,10407.2656573933,186540270101.033719717563275681,1.83013043,17924042.32215557,2212.5
2019-09-09,10332.4644424313,185218386705.913612393287637341,1.81652807,17925867.32215557,1825
2019-09-10,10085.9519243133,180822381553.507686058348020081,1.77328813,17928142.32215557,2275
2019-09-11,10142.1480603741,181853200818.792680363393893737,1.77786135,17930442.32210557,2300
2019-09-12,10403.3599707773,186557392548.066551036505559561,1.82231036,17932417.32210557,1975
2019-09-13,10345.3387469316,185536329258.676652350688769012,1.81108514,17934292.32210557,1875
2019-09-14,10363.4528963179,185881272898.923461694678080703,1.813611,17936229.82210557,1937.5
2019-09-15,10306.1696674459,184872765327.686928324672063663,1.80307986,17938067.32210557,1837.5
2019-09-16,10257.822761543,184026415588.66184880928209451,1.79436332,17940104.82210557,2037.5
2019-09-17,10195.6111811806,182929195196.496732495250435942,1.78283665,17941954.82210557,1850
2019-09-18,10161.3188664524,182336024903.432476616204179868,1.77473473,17944129.82210557,2175
2019-09-19,10268.3926291642,184276366928.335612208341622594,1.79282081,17945979.82209557,1850
2019-09-20,10170.1251161309,182532056233.318136275530280685,1.77523927,17947867.32208465,1887.5
2019-09-21,9986.4061081239,179255413645.737849906748488135,1.74318445,17949942.32208465,2075
2019-09-22,10047.0134748685,180364159936.057203362804618525,1.7535283,17952017.32208465,2075
2019-09-23,9692.74104792519,174018067346.8272269655980473335,1.69241697,17953442.32208465,1425
2019-09-24,8613.67124850965,154661954271.2480159046849164945,1.5076985,17955404.82207373,1962.5
2019-09-25,8424.15764640561,151275587933.5910648446209056253,1.47778949,17957354.82207373,1950
2019-09-26,8091.69529924021,145322739599.2204639667467491367,1.42454001,17959492.32206827,2137.5
2019-09-27,8186.77963927528,147043914260.4340364623734833656,1.44132571,17961142.32206827,1650
2019-09-28,8201.97901344243,147333213816.3458023203951746961,1.44491153,17963129.82206827,1987.5
2019-09-29,8064.50806236119,144877514939.0163058128255784413,1.42120643,17964829.82206827,1700
2019-09-30,8282.3654541204,148804744751.313117438121599708,1.45994759,17966454.82206827,1625
2019-10-01,8314.55139012273,149397874177.0148043835827387771,1.46687818,17968242.32206827,1787.5
2019-10-02,8362.53073232028,150275449305.6610098625514165556,1.47560342,17970092.32203627,1850
2019-10-03,8254.33991028638,148346417594.8999821909704470026,1.45721375,17971929.82203627,1837.5
2019-10-04,8165.68615125658,146768142907.4150516317989752298,1.44209083,17973767.32203081,1837.5
2019-10-05,8141.63371379311,146351909719.4592329936460753385,1.43793767,17975742.32202535,1975
2019-10-06,7854.60981297487,141207071248.8646554355820529545,1.38789488,17977604.82202535,1862.5
2019-10-07,8226.02342928112,147900136388.732000769492916392,1.45350223,17979542.32202535,1937.5
2019-10-08,8190.1151207481,147271106418.690866457662025831,1.44711351,17981567.32200351,2025
2019-10-09,8598.3319207481,154626316412.426999371130025831,1.5187746,17983292.32200351,1725
2019-10-10,8578.09037931034,154279677488.7219175129408592934,1.51523934,17985317.32200351,2025
2019-10-11,8289.85402893045,149111820478.6240354744025651085,1.4650268,17987267.32198713,1950
2019-10-12,8323.7501440678,149735357197.118231090857786286,1.47085893,17988929.82195437,1662.5
2019-10-13,8291.25065143191,149165443074.7483746744451819467,1.46532541,17990704.82195437,1775
2019-10-14,8346.36843658679,150171135374.6008883192011608989,1.46837588,17992392.32194891,1687.5
2019-10-15,8160.71262752776,146846350584.017573407772025172,1.43701211,17994304.82194345,1912.5
2019-10-16,8003.85592314436,144038130124.3957197950135810184,1.41022441,17996092.32193794,1787.5
2019-10-17,8072.48938229106,145288400109.1214088896490276288,1.42275851,17997967.32193248,1875
2019-10-18,7959.33199357101,143267715788.6464220376444076902,1.40337963,17999967.32192702,2000
2019-10-19,7948.47733722969,143086440876.4854173470957849269,1.40147566,18001742.32192701,1775
2019-10-20,8213.70903927528,147876063651.31284481053306456,1.4480022,18003567.321927,1825
2019-10-21,8211.65455873758,147855396336.0314293849322094732,1.44819078,18005554.82192154,1987.5
2019-10-22,8029.20537288136,144587259213.9694832333460551408,1.41660892,18007667.32188878,2112.5
2019-10-23,7458.03585680889,134317490459.4315355730982952542,1.31849373,18009767.32188878,2100
2019-10-24,7454.37113816482,134263882621.1246409427890692164,1.32043974,18011429.82185602,1662.5
2019-10-25,8656.65517755699,155933669952.4719833622243575874,1.53033296,18013154.82182326,1725
2019-10-26,9249.64676095851,166631506034.1533605724034129426,1.63052996,18014904.82182326,1750
2019-10-27,9558.15604400935,172203011254.276438469492487481,1.68313273,18016342.32182326,1437.5
2019-10-28,9319.17814167154,167913113181.6503385238051932966,1.63844571,18018017.32180779,1675
2019-10-29,9431.20712390415,169947332705.5965269503965833745,1.65571824,18019679.82177503,1662.5
2019-10-30,9182.85506516657,165487489406.2506852100342072749,1.61181743,18021354.82176957,1675
2019-10-31,9155.27729877265,165005606900.3669672697108195915,1.60646394,18023004.82176411,1650
2019-11-01,9251.38129345412,166752723154.5037564074537476332,1.62077063,18024629.82176411,1625
2019-11-02,9300.19083752192,167648074937.7477830100351942912,1.62876338,18026304.82176411,1675
2019-11-03,9209.63869608416,166031641060.6779694298002274976,1.61294847,18028029.82176411,1725
2019-11-04,9418.36013062537,169810017601.1923965127577069505,1.64848919,18029679.82175865,1650
2019-11-05,9330.78722296902,168247901531.6903291031967117278,1.63757092,18031479.82171589,1800
2019-11-06,9354.93338229106,168698728156.0519430291447518178,1.64148312,18033129.82168313,1650
2019-11-07,9210.74822238457,166114161586.6730507070003215519,1.61571232,18034817.32167767,1687.5
2019-11-08,8791.33393495032,158564167664.9426615069056746072,1.54350145,18036417.32167221,1600
2019-11-09,8810.78456195208,158930846702.9261045183674876968,1.54712396,18038217.32167221,1800
2019-11-10,9042.89072320281,163136392079.5165113416661709101,1.58742033,18040292.32167221,2075
2019-11-11,8713.20792957335,157205264288.9350158964133811125,1.52978275,18042179.82166675,1887.5
2019-11-12,8788.95814295734,158586794627.1568436534423993686,1.5426696,18043867.32166129,1687.5
2019-11-13,8766.72943050848,158200496544.8643699077924564384,1.5361222,18045554.82165583,1687.5
2019-11-14,8645.43580362361,156029949234.4839316646514972357,1.51523438,18047667.32165037,2112.5
2019-11-15,8465.87788854471,152806067826.9544480257732789261,1.48420069,18049642.32164491,1975
2019-11-16,8477.69024284044,153034960323.9181751027714681604,1.48640991,18051492.32164491,1850
2019-11-17,8505.16122326125,153547224951.4072623826046627375,1.4912036,18053417.32164491,1925
2019-11-18,8183.53341350088,147755065062.985629222005617716,1.43585132,18055167.32163945,1750
2019-11-19,8116.82067258913,146565470021.2803661004105125287,1.42462588,18057004.82163399,1837.5
2019-11-20,8076.55466008182,145852722323.8095401138994930618,1.41836156,18058779.82163399,1775
2019-11-21,7612.2774880187,137481479122.467445623947093511,1.33896278,18060492.32162853,1712.5
2019-11-22,7277.52427323203,131447679172.1834235646643109321,1.28344958,18062142.32162307,1650
2019-11-23,7324.83617855056,132318073497.7899834780192574192,1.29339001,18064304.82162307,2162.5
2019-11-24,6943.38065604909,125438714449.2562118699023965063,1.22636138,18065942.32162307,1637.5
2019-11-25,7139.04468597312,128984724285.6019012489007918784,1.26222308,18067504.82162307,1562.5
2019-11-26,7165.43773027469,129472508033.3164974181327410983,1.26841696,18069029.82162307,1525
2019-11-27,7526.86381654004,136016204690.156663805327825486,1.33297166,18070767.32161215,1737.5
2019-11-28,7436.3363817066,134395456014.396287606936177154,1.31736129,18072804.82160669,2037.5
2019-11-29,7747.73804208066,140036528598.1324652336117756154,1.37249236,18074504.82160669,1700
2019-11-30,7556.19372121567,136586360852.2176636827821926756,1.33947241,18076079.82160668,1575
2019-12-01,7417.72720601987,134096317371.9391280975164047316,1.31531292,18077817.32160668,1737.5
2019-12-02,7318.31252180012,132312381312.9350780077351881464,1.29871273,18079629.82160122,1812.5
2019-12-03,7306.44623331385,132112273441.057782570463802897,1.29767248,18081604.82160122,1975
2019-12-04,7215.02034482759,130474208009.9158818725708750184,1.28246605,18083692.32159576,2087.5
2019-12-05,7404.0867949737,133906647429.96992235328067511,1.31656246,18085504.8215903,1812.5
2019-12-06,7534.2083559322,136273617300.681720576519587848,1.34019312,18087317.32158484,1812.5
2019-12-07,7512.06140263004,135887592947.5668271401369925936,1.33632666,18089254.82158484,1937.5
2019-12-08,7528.94026943308,136206847609.7650579520539225072,1.33937263,18091104.82158484,1850
2019-12-09,7340.22745908825,132806403797.400114087199800285,1.30638835,18092954.82157938,1850
2019-12-10,7232.09178375219,130863289278.4673358710033251404,1.28784015,18094804.82154116,1850
2019-12-11,7200.46444599649,130302879541.049564413298609693,1.28292787,18096454.8215357,1650
2019-12-12,7192.84902425482,130177025517.0180432263580957568,1.28218893,18098117.32153024,1662.5
2019-12-13,7244.90372004676,131132882825.6256715041360987128,1.29164777,18100017.32152478,1900
2019-12-14,7071.10709029807,128000507531.3139801679391104746,1.26106197,18101904.82151478,1887.5
2019-12-15,7111.28666995909,128738856951.9468818183372940502,1.26826677,18103454.82144478,1550
2019-12-16,6882.39579532437,124608648045.6669935322146722284,1.22841184,18105417.32143932,1962.5
2019-12-17,6608.96197983635,119669663001.916329846865148811,1.18120445,18107179.82143386,1762.5
2019-12-18,7284.6254836353,131916225311.62929256797066252,1.30300236,18108854.8214284,1675
2019-12-19,7146.16763763881,129422936633.5410118304909683014,1.27839546,18110817.32142294,1962.5
2019-12-20,7184.21917206312,130126090249.6458239052544313376,1.28507153,18112767.32141748,1950
2019-12-21,7140.29801127995,129346265139.518515246263103526,1.27731542,18114967.32141748,2200
2019-12-22,7479.40240789012,135504930440.2474051545144872976,1.33772206,18117079.82141748,2112.5
2019-12-23,7321.7487238457,132661793688.078014085568605314,1.30974111,18118867.32141202,1787.5
2019-12-24,7235.62908381064,131112709026.9189467334094937984,1.29430833,18120429.82140656,1562.5
2019-12-25,7191.17416569258,130318672681.6093736472321553248,1.28852354,18122029.82140656,1600
2019-12-26,7194.63975832846,130396495065.2011486334016786976,1.28945009,18124117.32140656,2087.5
2019-12-27,7237.15044728229,131180081114.360369760575016519,1.29743017,18125929.8214011,1812.5
2019-12-28,7306.64330829924,132453312459.403693073094865164,1.30991222,18127792.3214011,1862.5
2019-12-29,7391.578521391,134007321546.4902612459409301,1.32663778,18129729.8214011,1937.5
2019-12-30,7229.3971006429,131082017205.220595088319256956,1.29751611,18131804.82139564,2075
2019-12-31,7167.39505464641,129970799112.1824561088895462538,1.28681852,18133617.32139018,1812.5
2020-01-01,7170.63186879018,130045090385.5206631467723324324,1.28743526,18135792.32139018,2175
2020-01-02,6946.82526914085,125998424153.414424305007492312,1.24755453,18137554.82135472,1762.5
2020-01-03,7315.3093603156,132697278148.877248513691426456,1.31328518,18139667.32134926,2112.5
2020-01-04,7343.16419438925,133217976217.072860730231639455,1.31850725,18141767.32134926,2100
2020-01-05,7345.53069181765,133275875181.570043372314882439,1.31891454,18143804.82134926,2037.5
2020-01-06,7765.7977346581,140914223163.34763037162555478,1.39343235,18145492.3213438,1687.5
2020-01-07,8136.08684190532,147651200706.5870803951379659688,1.45871525,18147692.32133834,2200
2020-01-08,8059.69952887201,146279253219.0685602251837658634,1.44434936,18149467.32133834,1775
2020-01-09,7817.13609322034,141892197199.8546020994013437228,1.40023893,18151429.82132742,1962.5
2020-01-10,8129.81791992987,147582961219.6085781070288909452,1.45520178,18153292.32132196,1862.5
2020-01-11,8032.00549503215,145823708888.979044737925701014,1.43755242,18155329.82132196,2037.5
2020-01-12,8164.54999316189,148245508556.6381591808950921044,1.46084233,18157217.32132196,1887.5
2020-01-13,8121.92566762127,147486087356.7532207200900140892,1.45276596,18159004.82132196,1787.5
2020-01-14,8830.16787346581,160363065666.570366681246938865,1.57463765,18160817.3213165,1812.5
2020-01-15,8811.44820251315,160039732750.469976162620118377,1.56868373,18162704.82130558,1887.5
2020-01-16,8718.68699801286,158372266764.6233926430916795432,1.55078627,18164692.32130012,1987.5
2020-01-17,8912.54190414962,161911295166.5579874162947470292,1.58368313,18166679.82129466,1987.5
2020-01-18,8928.1807565751,162210132689.592508897789518966,1.58583813,18168329.82129466,1650
2020-01-19,8687.35483664524,157851016737.1088232908679264184,1.54314165,18170204.82129466,1875
2020-01-20,8636.2587862069,156938999926.55889665871179748,1.53413892,18172104.8212692,1900
2020-01-21,8730.86756019871,158674938268.758715289061402732,1.5503965,18174017.3212692,1912.5
2020-01-22,8647.90047399182,157183956412.8165280123248226068,1.53544323,18175967.32126374,1950
2020-01-23,8366.38461396844,152083761530.0343781179372763656,1.48547764,18177954.82126374,1987.5
2020-01-24,8423.39095815313,153136024721.9235831034115204164,1.49494018,18179854.82125828,1900
2020-01-25,8344.77456896552,151723896967.7876734464443345056,1.4807681,18181904.82125828,2050
2020-01-26,8573.87480958504,155904701538.4812894302974641312,1.52095733,18183692.32125828,1787.5
2020-01-27,8901.95928486265,161884843101.657659411929975242,1.5779271,18185304.82125828,1612.5
2020-01-28,9297.3883176505,169092343462.29311239502889941,1.64585254,18187079.82125282,1775
2020-01-29,9311.94754354179,169375757160.8007379371778253478,1.64528656,18189079.82125282,2000
2020-01-30,9508.92096493279,172977064840.9766048406163649344,1.67702648,18191029.82124736,1950
2020-01-31,9357.28478240795,170235489635.295466911253380512,1.64732688,18192829.82124736,1800
2020-02-01,9381.88602863822,170700764231.181201706936205418,1.650978,18194717.3212419,1887.5
2020-02-02,9339.38706312098,169944201721.525141606813545062,1.64356756,18196504.8212419,1787.5
2020-02-03,9279.81252051432,168877320922.922723420249134008,1.6319591,18198354.8212419,1850
2020-02-04,9161.62719772063,166741659168.927222203088129767,1.61069803,18200004.8212409,1650
2020-02-05,9628.13677586207,175251271661.809670341193780563,1.69086813,18201992.3212109,1987.5
2020-02-06,9739.2804364699,177290742754.48120534793940191,1.70571675,18203679.8212109,1687.5
2020-02-07,9800.27939982466,178418176338.2741304495648825474,1.7097118,18205417.32121089,1737.5
2020-02-08,9911.29340841613,180456453565.4794559705636076557,1.72664271,18207154.82121089,1737.5
2020-02-09,10151.0832026885,184841757420.967946629123477765,1.76640757,18209067.32121089,1912.5
2020-02-10,9872.36187305669,179781557317.7013181070864153541,1.71346985,18210592.32121089,1525
2020-02-11,10272.2225558738,187082260809.493091269898025682,1.7792319,18212442.32121089,1850
2020-02-12,10360.1352229106,188701754427.225295471662216434,1.79208365,18214217.32121089,1775
2020-02-13,10235.4973226184,186449612688.874865313673394376,1.76851563,18215979.82121089,1762.5
2020-02-14,10361.6156901812,188764467553.960068941467513268,1.7883096,18217667.32121089,1687.5
2020-02-15,9911.72432700175,180586089679.5512105343831490575,1.71075719,18219442.32121089,1775
2020-02-16,9952.04661157218,181338404100.2771523676442370402,1.71695434,18221217.32121089,1775
2020-02-17,9683.0796277031,176456501278.737389161831406759,1.67061779,18223179.82121089,1962.5
2020-02-18,10195.3037904734,185809970500.276900158634335326,1.75425426,18225054.82121089,1875
2020-02-19,9636.00229865576,175633653604.3667579091824732264,1.65794069,18226817.32121089,1762.5
2020-02-20,9614.03012244302,175248312859.8305383405714284878,1.65435215,18228392.32121089,1575
2020-02-21,9701.79750268849,176866847060.1425353896772656561,1.66881312,18230317.32121089,1925
2020-02-22,9675.24905756868,176400759691.9530577854957466212,1.66379813,18232167.32120809,1850
2020-02-23,9972.84242308591,181844233521.0456105476170570119,1.71384131,18233942.32120809,1775
2020-02-24,9648.00788310929,175938223869.0697380832833021561,1.65765413,18235704.82120809,1762.5
2020-02-25,9344.28714009351,170416481768.1571239190088579313,1.60369037,18237504.82120263,1800
2020-02-26,8798.88894856809,160484737731.9496470424102420767,1.51151916,18239204.82120263,1700
2020-02-27,8779.02948188194,160138648318.0940650094964775022,1.50901158,18241042.32120263,1837.5
2020-02-28,8750.59344599649,159637227806.1161779251655587687,1.50435395,18243017.32120263,1975
2020-02-29,8582.09029964933,156578133370.523179621628884258,1.47581569,18244754.8212026,1737.5
2020-03-01,8541.77389392169,155861469107.4843258590584615603,1.46928146,18246967.32120187,2212.5
2020-03-02,8906.21475645821,162527997441.3909649657450578931,1.53109223,18248829.82116911,1862.5
2020-03-03,8768.81061420222,160037302982.889476063166813303,1.50704354,18250742.32116365,1912.5
2020-03-04,8756.36957218001,159828523652.1694686107013657819,1.50859699,18252829.82115819,2087.5
2020-03-05,9062.61580274693,165436849061.7272478016280686189,1.56090164,18254867.32115273,2037.5
2020-03-06,9147.08505897136,166996546604.0724857655612721872,1.57478419,18256804.82114727,1937.5
2020-03-07,8898.30695675044,162472116275.4523478898918772988,1.53210003,18258767.32114727,1962.5
2020-03-08,8109.61454114553,148087581459.6874784244496322031,1.39731984,18260742.32114727,1975
2020-03-09,7896.38531987142,144208663316.8568152274806434702,1.36296685,18262617.32111181,1875
2020-03-10,7909.92787545295,144469037207.9866817938013443395,1.3667676,18264267.32111181,1650
2020-03-11,7939.34133477499,145018062262.1185462973679816319,1.37532279,18265754.82111181,1487.5
2020-03-12,4959.31341437756,90594963612.1410257615783149836,0.87746909,18267642.32111181,1887.5
2020-03-13,5627.69238836938,102813464913.3321137107245603778,1.00230839,18269204.82111181,1562.5
2020-03-14,5145.17250642899,94006442635.7461698727940016595,0.91943052,18270804.82107905,1600
2020-03-15,5358.61066335476,97914100475.669495419736153778,0.9586443,18272292.32107905,1487.5
2020-03-16,5012.92738778492,91605131343.438584894103717926,0.9005596,18273779.82107905,1487.5
2020-03-17,5416.7547106955,98992911188.380434085915581845,0.97465625,18275317.32107359,1537.5
2020-03-18,5392.48783594389,98556166961.5371677083874841651,0.97098752,18276567.32104359,1250
2020-03-19,6203.5516320865,113387926283.638926670836765955,1.11612479,18277904.82103267,1337.5
2020-03-20,6174.14947603741,112858928752.3330563691649308917,1.11275432,18279267.32100537,1362.5
2020-03-21,6175.83102220924,112899238722.3712544534540411684,1.11317824,18280817.32099991,1550
2020-03-22,5830.56097960257,106596676162.6199836815018057687,1.05120625,18282404.82099991,1587.5
2020-03-23,6486.40865733489,118596229879.9552150167255298599,1.16908967,18283804.82099991,1400
2020-03-24,6775.05761893629,123885010000.7307551171683857339,1.21902362,18285454.82099991,1650
2020-03-25,6689.96901285798,122336819602.8687459591104227818,1.20405859,18286604.82099991,1150
2020-03-26,6754.46033606078,123529655865.112577234980783377,1.21539093,18288604.82096715,2000
2020-03-27,6490.79541502046,118720168235.1358203385382261774,1.168733,18290542.32096169,1937.5
2020-03-28,6231.81989023963,113993881635.1035657020111497747,1.12273873,18292229.82096169,1687.5
2020-03-29,5904.85758679135,108024157456.3316817538233733815,1.06488351,18294117.32096169,1887.5
2020-03-30,6436.90570017534,117769335877.1636490558174653682,1.16111925,18295954.82095623,1837.5
2020-03-31,6432.3832421391,117699377550.735958169330194677,1.16086021,18297942.32092347,1987.5
2020-04-01,6643.11000870836,121567948718.7866365200371092092,1.20232747,18299854.82092347,1912.5
2020-04-02,6792.74222209234,124319187619.5612220315012923378,1.2293196,18301767.32089617,1912.5
2020-04-03,6751.90255178258,123582890115.2634587681838618318,1.22207588,18303417.32089071,1650
2020-04-04,6859.98916867329,125574707299.7608798914367861359,1.24154011,18305379.82089071,1962.5
2020-04-05,6790.81247264758,124323256506.5398740625975259818,1.22896481,18307567.32089071,2187.5
2020-04-06,7298.17374517826,133623484237.360513874382254665,1.31870276,18309167.32088525,1600
2020-04-07,7187.59333664524,131613942980.8883743297798361236,1.29919781,18311267.32085239,2100
2020-04-08,7372.19476399766,135007499015.4843928139437381838,1.33180003,18313067.32084693,1800
2020-04-09,7299.57918790181,133691736771.8357196657088799433,1.3184332,18314992.32084693,1925
2020-04-10,6859.82267475161,125651576499.1471910809375810573,1.24393645,18317029.82084693,2037.5
2020-04-11,6883.18222895967,126093134474.8579738366572133131,1.24828502,18319017.32084693,1987.5
2020-04-12,6978.66628661601,127855655280.2023663365418973493,1.26554137,18320929.82084693,1912.5
2020-04-13,6863.57553319696,125761756556.4857609256777013328,1.24500204,18323067.32084693,2137.5
2020-04-14,6875.53850344828,125995393496.6152277909350517804,1.24727346,18325167.32084693,2100
2020-04-15,6625.47577510228,121426948476.3613133895366817564,1.20252464,18327279.82081963,2112.5
2020-04-16,7127.79228223261,130646764661.2940610627145959595,1.29329091,18329204.82081895,1925
2020-04-17,7081.39519842197,129807584723.9176323930180723315,1.28483033,18330792.32081895,1587.5
2020-04-18,7262.79234360023,133147082134.6483714782750083585,1.31739282,18332767.32081895,1975
2020-04-19,7150.2442154588,131097348953.04719166666598426,1.29699559,18334667.32081895,1900
2020-04-20,6853.27341478667,125666280331.4737096570389433965,1.24397211,18336679.82081895,2012.5
2020-04-21,6870.42369865576,125993555759.756115359777334652,1.2473842,18338542.32081895,1862.5
2020-04-22,7123.65691992987,130649148893.3350764237999670365,1.29301523,18340179.82081895,1637.5
2020-04-23,7488.60516528346,137355657612.580649013386089567,1.35798226,18341954.82081895,1775
2020-04-24,7506.44331648159,137696355773.9133537577963981305,1.3603772,18343754.82081895,1800
2020-04-25,7537.73820911748,138283235766.525472118610360246,1.36573263,18345454.82081895,1700
2020-04-26,7684.06852168322,140980890871.959953292202873019,1.39182404,18347167.32081895,1712.5
2020-04-27,7777.49151858562,142708646056.542143720334093499,1.40592618,18348929.82081895,1762.5
2020-04-28,7769.89969842197,142584301338.0665139264180723315,1.40416612,18350854.82081895,1925
2020-04-29,8761.83716954997,160803082691.9365400759833479315,1.57124906,18352667.32081895,1812.5
2020-04-30,8652.4109912332,158809421388.64795414529442914,1.54783671,18354354.82081895,1687.5
2020-05-01,8855.53525827002,162553244139.453227958506632879,1.58149669,18356117.32081895,1762.5
2020-05-02,8977.28170537697,164804644177.0962283932388695815,1.60183196,18357967.32081895,1850
2020-05-03,8896.7956383986,163345766860.56670378181853347,1.58639791,18360067.32081895,2100
2020-05-04,8881.95430450029,163090820830.5718905574304545785,1.58241067,18362042.32079165,1975
2020-05-05,8985.8795993571,165016848605.142116849803048215,1.59959352,18364017.32079165,1975
2020-05-06,9266.8130730567,170193754397.317370858829336555,1.64574813,18365942.32079165,1925
2020-05-07,9993.75317685564,183563057935.821470147642567406,1.76246608,18367779.82079165,1837.5
2020-05-08,9859.32360461718,181110769243.215138081652790547,1.73504927,18369492.32079165,1712.5
2020-05-09,9577.33892238457,175947135264.4346154391842991405,1.68527866,18371192.32078165,1700
2020-05-10,8715.03329322034,160124072157.514017271934478761,1.53444392,18373317.32078165,2125
2020-05-11,8591.65288433665,157872468635.626332374103399106,1.51427708,18375098.57078164,1781.25
2020-05-12,8817.25068112215,162025896130.157584244592817326,1.55398556,18376011.07078164,912.5
2020-05-13,9322.99720204559,171326433776.8250374252507149676,1.64026769,18376754.82078164,743.75
2020-05-14,9801.26948772647,180122509712.8674078063469180108,1.72149026,18377467.32078164,712.5
2020-05-15,9326.87585891292,171411642923.9241529908850947888,1.63770129,18378248.57078164,781.25
2020-05-16,9395.4753893045,172679781082.16857709661096938,1.64923495,18379036.07078164,787.5
2020-05-17,9682.5324811806,177961786342.589850905332004184,1.69855053,18379673.57078164,637.5
2020-05-18,9726.85002209235,178784109758.025250325457764454,1.7030904,18380473.57078164,800
2020-05-19,9754.20146201052,179293853008.8648160139723028528,1.70545218,18381192.32078164,718.75
2020-05-20,9515.702550263,174916798054.94452485279757132,1.66337697,18381911.07078164,718.75
2020-05-21,9068.80122933957,166709322797.2721944831661874426,1.58611169,18382729.82077618,818.75
2020-05-22,9161.81503389831,168425526445.2076435019424665001,1.60231403,18383423.57077071,693.75
2020-05-23,9183.66212507305,168833981124.7175158639381515125,1.60568496,18384167.32076525,743.75
2020-05-24,8806.23065715956,161901602383.70031566897055329,1.54008682,18384892.32076525,725
2020-05-25,8909.19258153127,163801506583.1173005905507043675,1.55903037,18385673.57076525,781.25
2020-05-26,8835.13725336061,162446796724.5670042119619068025,1.54624899,18386448.57076525,775
2020-05-27,9169.05743921683,168594311360.4418852411777797795,1.60359036,18387311.07074865,862.5
2020-05-28,9568.26185300994,175942441112.0105184881454262152,1.67222784,18388129.82074308,818.75
2020-05-29,9432.41333343074,173451927876.1158414483475142792,1.64770853,18388923.57074308,793.75
2020-05-30,9691.68049117475,178229021212.6991439241537898725,1.69215433,18389898.57073751,975
2020-05-31,9433.94384663939,173498114784.0878698211323165189,1.64704955,18390836.07073751,937.5
2020-06-01,10199.1350542373,187579162621.120194625030872833,1.77456298,18391673.57071021,837.5
2020-06-02,9512.34653302163,174955641656.2030570297238918423,1.65555855,18392479.82071021,806.25
2020-06-03,9642.27340035067,177353695666.6833650718649961088,1.67699652,18393348.57070464,868.75
2020-06-04,9813.36067913501,180509824980.4644042057608162918,1.70498933,18394292.32069918,943.75
2020-06-05,9641.8916225599,177366559896.120063982754430882,1.67491159,18395411.07069918,1118.75
2020-06-06,9668.67053857393,177871013185.5300461845339930618,1.67895972,18396636.07068826,1225
2020-06-07,9747.58011104617,179332370530.2646891389864765232,1.69210512,18397629.82066096,993.75
2020-06-08,9769.34236148451,179742635817.0347882377100017296,1.6929366,18398642.32066096,1012.5
2020-06-09,9779.42216566335,179937869950.949232407588847816,1.69357425,18399642.32066096,1000
2020-06-10,9888.44417469316,181953971577.1867117752672677656,1.71128591,18400667.32063366,1025
2020-06-11,9277.45116931619,170722019602.6722012156248649684,1.60651966,18401823.57060636,1156.25
2020-06-12,9456.16153331385,174020249655.499893519612717981,1.63695561,18402842.32057906,1018.75
2020-06-13,9461.33379865576,174124777106.1534317522128043856,1.63756141,18403829.82057906,987.5
2020-06-14,9342.955635301,171956092423.66222767849739706,1.61687359,18404892.32057906,1062.5
2020-06-15,9441.38321127995,173775784553.950145444182767847,1.63326898,18405754.82057906,862.5
2020-06-16,9520.09194827586,175233403355.5358139469638194916,1.64602728,18406692.32057906,937.5
2020-06-17,9448.69356060783,173927344699.7409837394461700398,1.63347313,18407554.82057906,862.5
2020-06-18,9389.99076639392,172853988352.5289294938824633152,1.61930293,18408323.57057906,768.75
2020-06-19,9285.99158293396,170947837087.2992191342009388776,1.601515,18409217.32057906,893.75
2020-06-20,9357.29246446522,172268442692.2297446807086302932,1.61343538,18410073.57057906,856.25
2020-06-21,9284.76937182934,170941759573.1369831874347330312,1.6005863,18410986.07056268,912.5
2020-06-22,9684.62018474576,178312062949.3344724601159442368,1.66795041,18411879.82056268,893.75
2020-06-23,9611.72599824664,176979435527.3182609404982193952,1.65453862,18412867.32056268,987.5
2020-06-24,9292.94354354179,171117809729.4180275484453943972,1.60043802,18413736.07056268,868.75
2020-06-25,9247.12143249561,170282202496.1800410176018298348,1.59283584,18414617.32056268,881.25
2020-06-26,9159.43777206312,168676929867.5158861776455531856,1.57369557,18415642.32053538,1025
2020-06-27,9002.16561718293,165788426484.1072845948499970634,1.5467905,18416504.82053538,862.5
2020-06-28,9108.06567457627,167747274213.1566193666010434326,1.56486434,18417442.32053538,937.5
2020-06-29,9184.24736627703,169158669350.1117722368308335511,1.57752462,18418348.57053537,906.25
2020-06-30,9143.96758530099,168425183323.9692433967893910163,1.56990039,18419267.32053537,918.75
2020-07-01,9241.33961239041,170228061576.5769387013933956087,1.5861884,18420279.82050807,1012.5
2020-07-02,9094.38728679135,167530480365.4885266651776773395,1.56106575,18421304.82048077,1025
2020-07-03,9066.69069661017,167029509726.4202467789161714309,1.5561961,18422323.57048077,1018.75
2020-07-04,9126.21955493863,168135124719.2667294586244451451,1.56620843,18423304.82048077,981.25
2020-07-05,9079.61401808884,167285746564.34164560515500983,1.55815127,18424323.57048075,1018.75
2020-07-06,9338.94259117475,172072688838.1915227614397610625,1.60183713,18425286.07048075,962.5
2020-07-07,9252.15873261251,170482981402.3037011395462783549,1.58667765,18426292.32044799,1006.25
2020-07-08,9434.56795645821,173853010956.3395088584484134979,1.61561301,18427236.07044799,943.75
2020-07-09,9231.50234751607,170120535332.4796247170586241993,1.58050888,18428261.07044799,1025
2020-07-10,9285.22101542957,171119820222.7930763253546930643,1.58940706,18429267.32044799,1006.25
2020-07-11,9237.17100818235,170243300036.2175734870076109765,1.58104284,18430242.32044799,975
2020-07-12,9289.09797691408,171209151295.9877515985433386992,1.58969582,18431192.32044799,950
2020-07-13,9236.62250116891,170250451857.3444684651323599909,1.58057885,18432111.07044799,918.75
2020-07-14,9260.3569868498,170696262854.649947408083842362,1.58381858,18433011.07042069,900
2020-07-15,9196.72555897136,169531276215.8341717232548941872,1.57234112,18433873.57040977,862.5
2020-07-16,9132.59231209818,168356814754.7793773518310712186,1.56130786,18434723.57040977,850
2020-07-17,9156.46870976037,168803722440.9125104320626570937,1.56536628,18435461.07037701,737.5
2020-07-18,9175.90530859147,169169500525.0169199058550606785,1.56854068,18436273.57037155,812.5
2020-07-19,9218.84231081239,169968646771.3954294904271435045,1.57544863,18437092.32037155,818.75
2020-07-20,9167.19056750439,169024417398.2053133343285561045,1.56656719,18437973.57037155,881.25
2020-07-21,9388.57434979544,173113620548.5535752658376464248,1.6036542,18438754.82035517,781.25
2020-07-22,9531.2574301578,175753097015.69102217308451471,1.62670582,18439654.82031695,900
2020-07-23,9609.16671537113,177197885133.9780501940175532837,1.6387837,18440504.82031149,850
2020-07-24,9548.1007270602,176081404997.345388603445034778,1.62771038,18441511.04295689,1006.25
2020-07-25,9702.45279047341,178936500441.5233335183967728349,1.6530963,18442398.46415089,887.5
2020-07-26,9933.90655423729,183214872171.0232394028815774681,1.69125357,18443385.90973289,987.5
2020-07-27,11046.5083295149,203745302795.425003990596269061,1.87222939,18444317.12879289,931.25
2020-07-28,10944.6129789012,201875831190.268509177094572468,1.84950049,18445223.37879289,906.25
2020-07-29,11115.7712819988,205043166412.049884331332434396,1.87484925,18446148.37875467,925
2020-07-30,11135.3907261835,205414465076.514773302816901945,1.87475515,18446992.12875467,843.75
2020-07-31,11338.1973407949,209166479251.117786072849887183,1.90517626,18447948.37875467,956.25
2020-08-01,11797.5821265342,217651287744.117511863709164714,1.97908671,18448804.62875467,856.25
2020-08-02,11094.0206841321,204681196754.412141733465728375,1.8599879,18449685.87873375,881.25
2020-08-03,11236.0956805377,207313812355.998949420517392149,1.87772343,18450698.37871637,1012.5
2020-08-04,11202.651909059,206706903819.03015679372113369,1.87038652,18451604.62871091,906.25
2020-08-05,11721.4384715956,216288798767.411231280778827996,1.95126913,18452410.87871091,806.25
2020-08-06,11769.3091081239,217183602498.037270872340561749,1.95155359,18453385.87871091,975
2020-08-07,11598.9690585038,214051270852.34105006165790571,1.91764781,18454335.87870545,950
2020-08-08,11743.0086350088,216719847497.15438043729335796,1.93742923,18455223.37870545,887.5
2020-08-09,11680.5173661601,215577945675.764890684275442545,1.92470744,18456198.37870545,975
2020-08-10,11870.3695447107,219092059149.646830551435763315,1.95320633,18457054.62870545,856.25
2020-08-11,11392.6440884278,210285619725.44521976353979151,1.87194792,18458017.12870545,962.5
2020-08-12,11575.5124736996,213672365984.70562933382018282,1.89982911,18458998.37870545,981.25
2020-08-13,11773.4481155465,217336876532.05075837322396208,1.92924287,18459917.12870112,918.75
2020-08-14,11774.4082518995,217366890107.603019162353436615,1.9265623,18460960.87865277,1043.75
2020-08-15,11866.9103613092,219086138168.210625608029406484,1.93989709,18461935.87865277,975
2020-08-16,11899.6427535944,219701746156.350811300147016488,1.94366153,18462885.87865277,950
2020-08-17,12315.7624166569,227394137696.725204417104324613,2.00437877,18463667.12865277,781.25
2020-08-18,11992.6959962595,221439640459.058940335694313815,1.95013602,18464542.12865277,875
2020-08-19,11736.8490645237,216725667041.470364384178939237,1.90751141,18465404.62862001,862.5
2020-08-20,11867.5203439509,219149394201.682140488390225595,1.92666487,18466317.12861455,912.5
2020-08-21,11524.6989491525,212829910158.464508207497687675,1.86965642,18467285.87857087,968.75
2020-08-22,11682.2891503799,215750103401.777595979239808962,1.89433444,18468135.87855438,850
2020-08-23,11665.6092735243,215453504048.670466523266801434,1.89095764,18469117.12855438,981.25
2020-08-24,11771.4080537405,217418476236.22742016676823526,1.90603293,18470048.37854892,931.25
2020-08-25,11358.4543202805,209800287564.57504867551737206,1.83853818,18470848.37854892,800
2020-08-26,11472.0491204559,211908661338.800828949980852628,1.8556766,18471735.87854892,887.5
2020-08-27,11314.6737410286,209010787351.937026262786219112,1.82960462,18472542.12854892,806.25
2020-08-28,11527.8830322326,212961048996.425346703495968812,1.86186629,18473560.87852162,1018.75
2020-08-29,11490.7623477499,212285783092.424117207995502838,1.85563351,18474473.37852162,912.5
2020-08-30,11698.9758329632,216141703644.113847567679864384,1.88762446,18475267.12852162,793.75
2020-08-31,11678.3482268849,215771551563.058043405424901538,1.88187726,18476204.62852162,937.5
2020-09-01,11970.364856166,221178432036.76084502752130892,1.92471346,18477167.12852162,962.5
2020-09-02,11414.5209336645,210918284052.16790843997407649,1.83478767,18478067.12852162,900
2020-09-03,10261.4944095266,189620855868.049519036752065092,1.65212902,18478873.37852162,806.25
2020-09-04,10471.9664133255,193518977097.63435690968284731,1.68560929,18479717.12852162,843.75
2020-09-05,10128.64358609,187183394233.4417484594960088,1.63131545,18480598.37849432,881.25
2020-09-06,10253.2998980129,189496729938.087563462411936728,1.65140122,18481535.87849432,937.5
2020-09-07,10367.8783543542,191625655656.811869354361968144,1.67005527,18482629.62849432,1093.75
2020-09-08,10108.6354501461,186843957815.110654498742020152,1.62894233,18483598.37849432,968.75
2020-09-09,10223.1114091175,188969405737.1191101384573995,1.64757745,18484529.6284834,931.25
2020-09-10,10334.6307302162,191040993379.849618570486150176,1.66531058,18485517.12847248,987.5
2020-09-11,10387.0207419638,192018408644.760696593629456224,1.67381361,18486379.62847248,862.5
2020-09-12,10436.9778322618,192953023670.090182131297455264,1.68190081,18487442.12847248,1062.5
2020-09-13,10322.5236148451,190847509504.399364555664812848,1.66341746,18488454.62847248,1012.5
2020-09-14,10662.719912332,197148942307.16380677667462336,1.71735678,18489554.62847248,1100
2020-09-15,10779.3810249562,199316464218.546665448964905376,1.7348274,18490529.62847248,975
2020-09-16,10968.3205465809,202820681601.607210857444411918,1.76292263,18491498.37846702,968.75
2020-09-17,10936.2927505552,202240606289.017099499829889504,1.75667708,18492610.87846702,1112.5
2020-09-18,10920.1128439509,201952658938.450765952090229417,1.75269523,18493642.12846213,1031.25
2020-09-19,11073.7795478083,204804828423.611937824541916407,1.77573693,18494573.37844029,931.25
2020-09-20,10921.2180998247,201992962103.483567482028573757,1.75066035,18495460.87782331,887.5
2020-09-21,10455.3799623027,193386546243.581092005512163195,1.67690819,18496367.12781785,906.25
2020-09-22,10519.8391641146,194587288925.38616335737532561,1.68568673,18497173.37781785,806.25
2020-09-23,10233.2995687317,189296198403.346136331988120845,1.64062817,18498060.87781785,887.5
2020-09-24,10739.0427094097,198660661113.466509469822623145,1.72053475,18498917.12781785,856.25
2020-09-25,10683.6305806546,197646881316.525807518016750606,1.71066582,18499973.37744111,1056.25
2020-09-26,10742.0304202221,198737347444.741263865727166201,1.71935636,18500910.87720381,937.5
2020-09-27,10758.8242899474,199058270210.584330710425019594,1.72167524,18501860.87680381,950
2020-09-28,10727.3750541204,198485049767.550554751986798724,1.71621999,18502667.12650381,806.25
2020-09-29,10841.1427444769,200599609229.011602090609306989,1.73140353,18503548.37650381,881.25
2020-09-30,10772.351766803,199337235088.72715559538433913,1.71995233,18504523.37650371,975
2020-10-01,10606.6173325541,196278618504.309497878722425711,1.69356781,18505298.37650371,775
2020-10-02,10570.1056777908,195611944028.4631478417000661,1.68748627,18506148.37649825,850
2020-10-03,10555.7054339567,195355412926.414835827413125775,1.68506329,18507092.12649825,943.75
2020-10-04,10665.618622443,197400118730.03761912495022475,1.70216949,18508079.62649825,987.5
2020-10-05,10772.6355995909,199390223520.627737949999565925,1.71835152,18508954.62649825,875
2020-10-06,10596.3735493863,196136406784.526116335755523975,1.69012311,18509767.12649825,812.5
2020-10-07,10667.1943941555,197457351293.615374292105977875,1.70039927,18510710.87649825,943.75
2020-10-08,10902.5293637054,201824607685.06384441289661555,1.73638098,18511723.37649825,1012.5
2020-10-09,11074.1036797779,205010561255.288898302990838675,1.76179817,18512609.88549825,887.5
2020-10-10,11302.8542864407,209255428096.905493149982728775,1.79700041,18513503.11999825,893.75
2020-10-11,11378.2625284629,210661427269.156554037067204925,1.80770338,18514375.70034825,875
2020-10-12,11548.401556692,213822180181.5250616331122256,1.83284911,18515305.2681668,931.25
2020-10-13,11434.9687849211,211733795569.959986728601561776,1.81348383,18516342.24390416,1037.5
2020-10-14,11417.10811391,211413713271.8805062426519596,1.80880169,18517273.47788756,931.25
2020-10-15,11502.5812390415,213007298065.68052080461834079,1.82050458,18518217.22786026,943.75
2020-10-16,11338.9871765634,209988812323.350217439952230484,1.7940757,18519185.97786026,968.75
2020-10-17,11362.8022174167,210440997243.658660178045790342,1.79732641,18520167.22786026,981.25
2020-10-18,11489.6225650497,212798348506.640979548991554922,1.81665683,18520917.22786026,750
2020-10-19,11745.8119675628,217552387640.840738365071174328,1.85166488,18521698.47786026,781.25
2020-10-20,11929.4572507306,220964546714.081653591809705956,1.87699868,18522598.47786026,900
2020-10-21,12848.4906177674,237997872158.087210931590383524,2.013415,18523410.97786026,812.5
2020-10-22,12997.4993417884,240769151101.226158472533688984,2.02018679,18524267.22786026,856.25
2020-10-23,12953.4296969608,239963373092.948955471738697808,2.00849858,18525083.98986026,818.75
2020-10-24,13113.8669231444,242947944356.677340314315801544,2.02902772,18526033.98986026,950
2020-10-25,13041.6410374635,241619421843.61387065016485051,2.01568826,18526765.23986026,731.25
2020-10-26,13080.6561698422,242351238993.112882864454250972,2.01954164,18527452.73986026,687.5
2020-10-27,13675.5239275278,253381084990.529639648789265228,2.10370037,18528071.48986026,618.75
2020-10-28,13290.3288497954,246252469508.292574644675590804,2.04049323,18528696.48986026,625
2020-10-29,13475.2173007013,249687307271.286398360337000338,2.06357066,18529371.48986026,675
2020-10-30,13603.2960908825,252069964041.18876957856007945,2.0801745,18530065.23986026,693.75
2020-10-31,13807.2336110462,255858690808.36390879652899176,2.10747626,18530771.4793548,706.25
2020-11-01,13736.89941128,254566075299.3919343619349224,2.09316771,18531552.69451533,781.25
2020-11-02,13595.5647603741,251954997135.144791812663984953,2.06586073,18532146.44451533,593.75
2020-11-03,13996.915398597312,259405133239.19439807104133946944,2.09497527,18533021.44450987,875
2020-11-04,14129.148195499705,261869847340.33322763892520586325,2.10823433,18534015.19447165,993.75
2020-11-05,15606.46683372297,289264831869.5576593187069913843,2.30749272,18534933.94446619,918.75
2020-11-06,15618.972471361778,289511558679.55213543302907928582,2.29919169,18535890.19446619,956.25
2020-11-07,14866.356304500296,275574713602.15551786219241699224,2.18711473,18536802.69446619,912.5
2020-11-08,15500.000707188785,287333823623.85487061133362967915,2.26976446,18537665.19446619,862.5
2020-11-09,15319.819972530682,284011407032.11324528253888664158,2.23751677,18538821.44446619,1156.25
2020-11-10,15319.275676212741,284015391004.38957714010537172679,2.23228692,18539740.19446619,918.75
2020-11-11,15731.241105786092,291667576115.54710408171326622948,2.28563276,18540658.94446619,918.75
2020-11-12,16289.814897720635,302040192101.93146357893626816355,2.35643005,18541658.94446073,1000
2020-11-13,16330.06276797195,302800641127.1344424811316359825,2.35455292,18542527.69444435,868.75
2020-11-14,16102.010016949156,298586257209.3901050469076214686,2.317866766319,18543415.19444435,887.5
2020-11-15,15986.7549905903,296464022985.174889035336999805,2.29883051,18544352.69444435,937.5
2020-11-16,16743.05393980129,310505840495.7209433443259632115,2.39979607,18545352.69444435,1000
2020-11-17,17682.16918702513,327939414604.2494015594615504665,2.51738625,18546333.94441705,981.25
2020-11-18,17804.690023962594,330230533165.0788869528968358277,2.51023261,18547390.19441705,1056.25
2020-11-19,17818.668662185857,330505057657.63433513290711966185,2.504430386254,18548246.44441705,856.25
2020-11-20,18663.78185312683,346200022367.5809682218390644515,2.596127396527,18549296.44441705,1050
2020-11-21,18706.58933541788,347013829881.622322956104746854,2.589987418208,18550352.69441705,1056.25
2020-11-22,18482.692631735823,342880566989.43979375393508698215,2.55377715,18551440.19441705,1087.5
2020-11-23,18373.257759789598,340867272937.9125191621847638459,2.52775968,18552358.94441705,918.75
2020-11-24,19150.251048509646,355298609040.93659386652990919714,2.61774563,18553208.94441159,850
2020-11-25,18748.393713033314,347861028434.87370962094786929266,2.555478063978,18554177.69432969,968.75
2020-11-26,17113.716871420223,317546987940.75907459088044754095,2.326869284941,18555115.19365265,937.5
2020-11-27,17101.603018059614,317338674284.26335357043962347022,2.31953985,18556077.69336873,962.5
2020-11-28,17745.377312448858,329301680033.60703013936886141034,2.40313103,18557040.19336873,962.5
2020-11-29,18190.866880420806,337585701789.79001241273102419562,2.45853128,18557977.69336327,937.5
2020-11-30,19664.407606662764,364945525705.52278741407083427828,2.63721867,18558683.94336327,706.25
2020-12-01,18820.60778959673,349303591166.3211135444707978155,2.51290662,18559633.94335235,950
2020-12-02,19214.872229047338,356636727016.0429376364860635443,2.55197705,18560452.69335235,818.75
2020-12-03,19470.31120806546,361396895344.488389268090457773,2.57495934,18561433.94332505,981.25
2020-12-04,18732.967090999413,347727590891.83583267400367742577,2.47230116,18562333.94329229,900
2020-12-05,19114.633130917588,354829406548.38508944617728549172,2.51909742,18563233.94323769,900
2020-12-06,19356.313676797196,359332231927.70292012886175351724,2.54722977,18564083.94323769,850
2020-12-07,19182.176832846293,356117524229.76866787946003438317,2.51748691,18565021.44323769,937.5
2020-12-08,18340.97813769725,340517159295.9260553262582204575,2.40341294,18565921.44319947,900
2020-12-09,18574.69673524255,344872497185.5555895740909814485,2.422360712922,18566790.19319947,868.75
2020-12-10,18294.84695149036,339691449525.136358753542577722,2.38235433,18567602.69303395,812.5
2020-12-11,18061.760025716,335379162360.36856625151246164,2.34803699,18568465.19291929,862.5
2020-12-12,18813.2837685564,349349325775.850478449995977252,2.43833504,18569290.19269543,825
2020-12-13,19156.0825055523,355733532179.795446935653418177,2.46411643,18570265.19261899,975
2020-12-14,19286.7512992402,358177564948.92308207670968543,2.474236613553,18571171.44259715,906.25
2020-12-15,19432.5884640561,360902935454.327507094707300115,2.48407194,18572046.44259715,875
2020-12-16,21370.7203186441,396917110350.897577471945524315,2.70395115,18572940.19259715,893.75
2020-12-17,22789.2674160725,423282074598.671741526552693375,2.838980097189,18573746.44259715,806.25
2020-12-18,23048.7645610754,428124525372.75902743762297511,2.82221791,18574727.69259715,981.25
2020-12-19,23856.7735192285,443156630306.570417992474385505,2.906877174893,18575715.19255893,987.5
2020-12-20,23528.5506135593,437081860159.927508382247063103,2.850832494921,18576658.94252071,943.75
2020-12-21,22937.4183435418,426120094395.110645643974035994,2.76690892,18577508.94250433,850
2020-12-22,23756.8887685564,441365046263.014673201122213324,2.831513764707,18578402.69249341,893.75
2020-12-23,23307.2709018118,433034297725.00938949140466781,2.75180066,18579365.19248795,962.5
2020-12-24,23707.6330440678,440491441936.25262834437048301,2.77320466,18580152.69248795,787.5
2020-12-25,24669.1643220339,458379042147.355671241195241505,2.87742129,18581052.69248795,900
2020-12-26,26478.0681052016,492013050503.561440580931519248,3.06732801,18581908.94247703,856.25
2020-12-27,26430.8565971946,491160219103.090746381672940038,3.033869719213,18582833.94247703,925
2020-12-28,27039.3490199883,502494772100.141586645883618749,3.03336124,18583833.94247703,1000
2020-12-29,27231.2034552893,506086032710.185598588697254779,3.00690895,18584783.94247703,950
2020-12-30,28844.6136781999,536101921073.266867941417498297,3.14848763,18585858.94247703,1075
2020-12-31,29022.6714126242,539441388030.484541807060522126,3.140996404211,18586896.44247703,1037.5
2021-01-01,29380.6937327878,546123272590.499389531109364234,3.145922773591,18587827.69247703,931.25
2021-01-02,32022.6810578609,595262299159.914827073449185127,3.36183826,18588771.44247703,943.75
2021-01-03,33277.8353050848,618626936448.977984643866202144,3.43360474,18589758.94247703,987.5
2021-01-04,31802.1467136178,591228627330.577088013414699134,3.2392637,18590840.19247703,1081.25
2021-01-05,34013.1741724138,632366860903.160253040389602838,3.40781574,18591821.44241151,981.25
2021-01-06,36643.2777223846,681305813105.250392829881686746,3.60095708,18592927.69241151,1106.25
2021-01-07,39215.6511490356,729174942657.489159041806167876,3.742047073313,18593977.69238421,1050
2021-01-08,40775.4045634132,758214680099.267515575643385572,3.78863874,18594902.69238421,925
2021-01-09,40370.6823495032,750723981944.455889313117024472,3.6883279,18595771.44238421,868.75
2021-01-10,38329.3401665693,712801739056.709956081203190753,3.47615243,18596765.19238421,993.75
2021-01-11,35269.5137177089,655932811964.759580190339736469,3.17723254,18597727.69238421,962.5
2021-01-12,33712.4685452952,627006493875.76814248492239804,3.024579234512,18598652.69235145,925
2021-01-13,37296.5475277615,693700965812.766611762589779175,3.31893271605,18599602.69235145,950
2021-01-14,39045.518340152,726267001112.6581303091442708,3.43968572,18600521.44232415,918.75
2021-01-15,36710.3174248977,682866609536.340912546638989455,3.21691863,18601490.19232415,968.75
2021-01-16,36177.2610970193,672984205338.407192286461603071,3.16002808,18602408.94228047,918.75
2021-01-17,36069.939466803,671017747596.71646142108685043,3.14208979,18603240.19158081,831.25
2021-01-18,36594.2964018118,680805649185.920438214940111558,3.16789734,18604146.44158081,906.25
2021-01-19,36250.1461893629,674436786184.258799701307765949,3.12779915,18605077.69158081,931.25
2021-01-20,35515.480012858,660799562908.80027340529503158,3.05640832,18605958.94155351,881.25
2021-01-21,31022.9510280538,577236765327.89123862620068509,2.671999724485,18606765.19154805,806.25
2021-01-22,32986.4357568673,613799933930.625172270830423765,2.83570647,18607646.44154805,881.25
2021-01-23,32036.2822723553,596151049200.836521649351622165,2.75080418,18608621.44154805,975
2021-01-24,32216.1042904734,599525276803.45378800281334687,2.763770318383,18609490.19154805,868.75
2021-01-25,32419.7059462303,603342567061.947712633318815915,2.777191691556,18610365.19154805,875
2021-01-26,32640.6391426067,607487059172.229329177923036771,2.79160837,18611371.44153713,1006.25
2021-01-27,30358.9347235535,565048354264.000688274905791455,2.58416695,18612258.94153713,887.5
2021-01-28,33511.287595149,623751131789.61738516444138237,2.83537151,18613165.19153713,906.25
2021-01-29,34166.1494259497,635972641065.897562551558802864,2.87127647,18614115.19153712,950
2021-01-30,34349.9170952659,639422511060.560586859496120208,2.878188037248,18614965.19153712,850
2021-01-31,33157.8325745178,617261741250.781561662324800736,2.77012967,18615865.19153712,900
2021-02-01,33570.2718468732,624964623033.414994006254094824,2.798474060738,18616608.94150982,743.75
2021-02-02,35596.1489094097,662713622887.431916741702576292,2.95247741,18617565.19150436,956.25
2021-02-03,37578.3732068966,699653042694.95929938564890021,3.10161426,18618502.69150435,937.5
2021-02-04,37129.2029376972,691327294031.86423424479278282,3.046232040351,18619502.69150435,1000
2021-02-05,38045.4136084161,708426864829.885129197172288335,3.09428668,18620558.89630735,1056.25
2021-02-06,39341.727081239,732604037089.14535959661580765,3.18428793,18621552.52046635,993.75
2021-02-07,39003.0121817651,726334667736.004871656518154385,3.141200247585,18622527.52046635,975
2021-02-08,46121.9340724722,858953685019.99656099214141047,3.65741696,18623540.02046635,1012.5
2021-02-09,46548.1619912332,866933160142.66178936977560282,3.61855022,18624433.77046635,893.75
2021-02-10,45078.128350263,839594904533.26783829390515005,3.46683384,18625327.52046635,893.75
2021-02-11,47892.8409181765,892058461589.619939832596610775,3.64585169,18626133.77046635,806.25
2021-02-12,47525.2091431911,885253081022.207798222060578269,3.57975153,18627021.25844379,887.5
2021-02-13,47208.6250270602,879402263106.596110837195878066,3.54773666,18627999.91744133,981.25
2021-02-14,48829.8275096435,909647017116.413192745269370735,3.65475277,18628921.36853781,925
2021-02-15,48110.2417334892,896287524856.943555510949473532,3.56148121,18629869.49477421,950
2021-02-16,49140.3826578024,915516034419.288180802741996104,3.6125173,18630624.85277421,756.25
2021-02-17,52224.9391139684,973028220227.984777101693554964,3.79432537,18631485.96697421,862.5
2021-02-18,51650.0699485681,962361657680.049826146167603701,3.70969063,18632339.87172421,856.25
2021-02-19,55820.5044038574,1040119985987.258656502765418732,3.90986635,18633296.08170618,956.25
2021-02-20,55861.8205670953,1040940814716.290835279447584954,3.87796973,18634208.55512618,912.5
2021-02-21,57500.7161102864,1071530978098.872675169994835088,3.95810037,18635089.27512617,881.25
2021-02-22,53952.1533386324,1005448041778.173961776745249908,3.68695731,18635920.52512617,831.25
2021-02-23,48560.4890350672,905007959206.944738725834428624,3.28933195,18636714.27512617,793.75
2021-02-24,49567.3456890707,923821685553.804996518770050219,3.32994398,18637707.40012617,993.75
2021-02-25,47568.131170076,886607289246.58861897212848892,3.17682646,18638682.40012617,975
2021-02-26,46231.7675784921,861739395614.150721111558513927,3.06572143,18639551.13009887,868.75
2021-02-27,45834.5133611923,854379730435.379361892695082701,3.04478896,18640532.38009887,981.25
2021-02-28,45359.4641642314,845561698558.569668246983135378,3.00886446,18641351.13009877,818.75
2021-03-01,49634.4471092928,925293484700.919265521848849856,3.269931,18642163.63009877,812.5
2021-03-02,48304.7054879018,900547396139.725208966324060786,3.17061495,18643057.38009877,893.75
2021-03-03,50690.4671835184,945073444270.171561409508112368,3.3135168,18644007.38009877,950
2021-03-04,48472.7954751607,903765934807.971176738575735229,3.161905493951,18644807.38007147,800
2021-03-05,48800.8173594389,909927285417.952287271386098183,3.17106851,18645738.63007147,931.25
2021-03-06,48970.5244868498,913138122157.578673562849155206,3.175929809802,18646688.63007147,950
2021-03-07,51086.4681794272,952640081754.046847353519661984,3.30549961,18647601.13007147,912.5
2021-03-08,52088.475131502,971375568436.17999967740844794,3.35002291,18648569.88007147,968.75
2021-03-09,54739.1352542373,1020854485706.376643108156204173,3.49855563203,18649444.88006601,875
2021-03-10,56116.040912332,1046585269945.16437529578303532,3.56293331,18650376.13006601,931.25
2021-03-11,57847.2549357101,1078920786628.132791770719223701,3.63177042,18651201.13006601,825
2021-03-12,57334.641534775,1069413682211.76392554596049775,3.570586382096,18652138.63006601,937.5
2021-03-13,61288.7941276447,1143221861398.156115535751826647,3.78957634,18653032.38006601,893.75
2021-03-14,59905.6184704851,1117480223465.9625789309650166,3.68484058,18654013.630066,981.25
2021-03-15,56121.121924021,1046936085343.063271878215386,3.43735753,18654938.630066,925
2021-03-16,56500.4460257159,1054064969221.139501249488840586,3.44231318,18655869.88006054,931.25
2021-03-17,58683.0659824664,1094833523737.985289126610515856,3.55383882,18656719.88006054,850
2021-03-18,57731.4798410871,1077134892562.373035916127413034,3.48651656,18657669.88006054,950
2021-03-19,58168.1219222677,1085335421881.561363310550086558,3.50341884,18658594.88006054,925
2021-03-20,58247.8847066043,1086879746950.033727744871824322,3.49731896,18659557.38006054,962.5
2021-03-21,57447.9330198714,1072009014284.545675286666516712,3.440164039174,18660532.38005508,975
2021-03-22,54453.1373508475,1016175922879.4513353254596803,3.25092326,18661476.13005508,943.75
2021-03-23,54563.6119458211,1018292446531.049157128193826188,3.23614304,18662482.38005508,1006.25
2021-03-24,52595.4113237873,981610902742.687514308488204484,3.11041886,18663432.38005508,950
2021-03-25,51547.1248953828,962095893978.609489172477511736,3.03612207,18664394.88004862,962.5
2021-03-26,54817.8571122151,1023188726799.009724946483898162,3.20883079,18665244.88004862,850
2021-03-27,56019.8373055523,1045679651161.939140235144952826,3.26897077,18666238.63004862,993.75
2021-03-28,55713.0381396844,1040008229552.000362575223455528,3.24472988,18667232.38004862,993.75
2021-03-29,57571.2333477498,1074749924159.921918937641595276,3.33795673,18668176.13004862,943.75
2021-03-30,58684.5483921683,1095587035147.446815685034983828,3.38330063,18669088.63004316,912.5
2021-03-31,58792.1948275862,1097654385790.028824321828418436,3.375535019449,18670069.87932678,981.25
2021-04-01,58818.9770985973,1098207717359.328733020131325694,3.35598363,18670976.12932678,906.25
2021-04-02,59031.5340192285,1102228015142.82390012077998923,3.35413045,18671851.12932678,875
2021-04-03,57282.3896247808,1069615151362.505295419109069824,3.25187507,18672669.87932678,818.75
2021-04-04,58202.199391993,1086843565004.38431320866247254,3.298301283114,18673582.37932678,912.5
2021-04-05,58755.8525295149,1097239539433.688528575041979022,3.32023402,18674557.37932678,975
2021-04-06,58084.0664231444,1084746506903.418932588282727032,3.22914317,18675457.37932678,900
2021-04-07,56266.8346762127,1050864084696.762453935881086106,3.12214094,18676438.62932678,981.25
2021-04-08,57963.3445994155,1082597392462.60544725079649709,3.2057806,18677276.12932678,837.5
2021-04-09,58051.7625563998,1084303948234.420735498554526644,3.203576140634,18678226.12932678,950
2021-04-10,59651.5589877265,1114243840831.56184816777977898,3.27565104,18679207.37932132,981.25
2021-04-11,59932.9306469901,1119553954624.009204113563758932,3.28353702,18680113.62932132,906.25
2021-04-12,59905.9363744594,1119103609635.149886800648290414,3.26759859,18681013.55832031,900
2021-04-13,63445.638314436,1185285134032.00289953625619516,3.43453079,18681901.00252031,887.5
2021-04-14,62869.4955873758,1174574736641.018292684504526698,3.37622405,18682744.71851931,843.75
2021-04-15,63231.162987142,1181399636375.83433905556271202,3.37419883,18683819.50551931,1075
2021-04-16,61571.1100905903,1150423144089.168674790570948693,3.27664917,18684463.25551931,643.75
2021-04-17,60280.8761758036,1126350100665.636734401074567516,3.19962738,18685032.00551931,568.75
2021-04-18,56389.5579812975,1053684397565.066145844255104725,2.959841879616,18685807.00551931,775
2021-04-19,55798.1370771479,1042667048311.700006720948175949,2.92575459,18686413.25551931,606.25
2021-04-20,56474.3737586207,1055348665899.248622593967815717,2.95532944,18687213.25551931,800
2021-04-21,54025.7995745178,1009625741734.939944731731838718,2.82653587,18687844.50551931,631.25
2021-04-22,51882.0598106371,969610235958.194499172522452401,2.70960708,18688738.25551931,893.75
2021-04-23,50954.9100607832,952325970164.59033146104944732,2.65915763,18689582.00551385,843.75
2021-04-24,50279.9484464056,939756772128.293333063199502984,2.61911452,18690487.98110839,906.25
2021-04-25,48946.9407428404,914885342157.612695010848870956,2.54988868,18691369.23110839,881.25
2021-04-26,53943.3499783752,1008313501251.238242850107287928,2.79947785,18692081.63110839,712.5
2021-04-27,55027.0309848042,1028618591575.489820567593127238,2.84255929,18692969.13110839,887.5
2021-04-28,54787.3787071888,1024187402746.427960227004994032,2.82520447,18693856.63110839,887.5
2021-04-29,53567.0811938048,1001416180883.339668690225302272,2.75289848,18694619.13110839,762.5
2021-04-30,57741.44441654,1079506639631.2823239476046052,2.9509244,18695525.38110838,906.25
2021-05-01,57863.5903927528,1081840491823.922690780583348464,2.95232813,18696394.13110838,868.75
2021-05-02,56572.5968410286,1057768979625.265034407527279668,2.88247785,18697550.38110838,1156.25
2021-05-03,57243.0416054939,1070367974740.327080585904216925,2.90918692,18698656.54793575,1106.25
2021-05-04,53724.10892519,1004629436534.2390828331765425,2.72676307,18699787.79793575,1131.25
2021-05-05,57342.0256616014,1072339978638.41295808470931005,2.90068009,18700769.04793575,981.25
2021-05-06,56527.3529789597,1057165033263.208415251717439275,2.845644398322,18701831.54793575,1062.5
2021-05-07,57341.0684549386,1072444644671.50322122972299495,2.86911512,18702906.54793575,1075
2021-05-08,58736.1258950906,1098599047838.21892578323922895,2.93389162,18703975.29793575,1068.75
2021-05-09,58288.4256303916,1090293033441.2048633549441397,2.90472472,18705137.79793575,1162.5
2021-05-10,55902.9277399182,1045734857476.92228111583385565,2.78208874,18706262.79793575,1125
2021-05-11,56612.1026487434,1059061727701.45599642785143655,2.81280636,18707337.79793575,1075
2021-05-12,50972.355081239,953611860142.77706348275239425,2.528710162627,18708412.79793575,1075
2021-05-13,49368.6144739918,923658096009.89875003585242685,2.4489477,18709419.04793575,1006.25
2021-05-14,49997.3959011105,935464104038.488760409907650375,2.47934018,18710256.54793575,837.5
2021-05-15,47047.9633331385,880315632142.708043593618851375,2.33381396,18711025.29793575,768.75
2021-05-16,46022.5037090006,861166199739.01203652887551145,2.2838578,18711850.29793575,825
2021-05-17,43492.3954833431,813856084507.017331580814005825,2.16428882,18712606.54793575,756.25
2021-05-18,42789.8093921683,800735611047.681290432081586725,2.13179763,18713231.54793575,625
2021-05-19,37642.5200017534,704442601059.36557812990054405,1.88892076,18714012.79793575,781.25
2021-05-20,40799.4021475745,763549093519.339818220469338375,2.05205637,18714712.79793575,700
2021-05-21,37174.3311014027,695732487370.754309024739476525,1.87448768,18715400.29793575,687.5
2021-05-22,37643.4197983635,704538961588.966571627778145125,1.90162942,18716125.29793575,725
2021-05-23,34774.207221917,650864282818.40212171100783275,1.75890282,18716869.04793575,743.75
2021-05-24,38630.4091186441,723070720338.271318206448416575,1.94867935,18717656.29293575,787.5
2021-05-25,38269.7710747516,716349841273.0485416527660097,1.93329011,18718425.04293575,768.75
2021-05-26,39194.8588980129,733695914430.807515449107371175,1.97886373,18719187.54293575,762.5
2021-05-27,38510.8570417884,720920116468.6367329244662953,1.94636165,18719918.79293575,731.25
2021-05-28,35596.7179510228,666394144397.1611513706271851,1.80279078,18720662.54293575,743.75
2021-05-29,34681.8183670368,649291762343.0030425125002856,1.75819515,18721387.54293575,725
2021-05-30,35652.1687703098,667490155247.01414494732899535,1.80573948,18722287.54293575,900
2021-05-31,37312.9748970193,698617127163.466787841571409975,1.88939041,18723168.79293575,881.25
2021-06-01,36661.3781184687,686449707666.810868214417486025,1.85490761,18724056.29293575,887.5
2021-06-02,37639.4556732905,704802337797.412242408857585375,1.905098964141,18725093.79293575,1037.5
2021-06-03,39160.1504132086,733313467820.99483681142114745,1.9791401,18726012.54293575,918.75
2021-06-04,36884.3735551724,690727440913.3343413289933733,1.866853639007,18726831.29293575,818.75
2021-06-05,35409.5672366452,663137983379.54077464330973928,1.79378368,18727650.0429314,818.75
2021-06-06,35720.6043546464,668996465742.41168775106645696,1.81038933,18728587.5429314,937.5
2021-06-07,33724.9077517826,631647921036.11487901862951364,1.71255578,18729418.7929314,831.25
2021-06-08,33475.0489234366,626999384040.22143616162604924,1.7042113,18730350.0429314,931.25
2021-06-09,37372.9888953828,700038595389.86307739823713992,1.89766024,18731137.5429314,787.5
2021-06-10,36826.0022185856,689820071889.25996764698582784,1.87120729,18731875.0429314,737.5
2021-06-11,37185.3931268264,696576540388.23173781003490896,1.88860664,18732531.2929314,656.25
2021-06-12,35669.1712817066,668203294293.80630573970872724,1.81254069,18733356.2929314,825
2021-06-13,38925.4194289889,729235864486.07230851181906146,1.976225,18734181.2929314,825
2021-06-14,40455.5959833431,757936603874.64793547679596334,2.04984505,18735025.0429314,843.75
2021-06-15,40254.6514679135,754204861841.7240185452066339,2.03798688,18735843.7929314,818.75
2021-06-16,38265.5437726476,716966667412.67954617604317464,1.937890111061,18736612.5429314,768.75
2021-06-17,38018.6432346581,712371477843.35712955690075434,1.927486814795,18737425.0429314,812.5
2021-06-18,35714.3120787259,669221924126.84707695661310326,1.812458657444,18738200.0429314,775
2021-06-19,35555.9763966686,666277887602.32876100718833404,1.805038478086,18738843.7929314,643.75
2021-06-20,35599.9418784337,667125112359.26366590978854818,1.807459745287,18739500.0429314,656.25
2021-06-21,31715.1598624196,594347052677.04802117998081544,1.615498500377,18740156.2929314,656.25
2021-06-22,32394.5555949737,607097459293.35711800255390418,1.651499802307,18740725.0429314,568.75
2021-06-23,33610.4968129749,629906295954.39790608467562186,1.713698226674,18741356.2929314,631.25
2021-06-24,34658.972875979,649578904366.7175958653048406,1.766672167447,18742012.5429314,656.25
2021-06-25,31683.5032004676,593834396795.62123582055472264,1.630917169218,18742700.0429314,687.5
2021-06-26,31890.6764465225,597735121992.1220256868610565,1.643033945428,18743256.2929314,556.25
2021-06-27,34506.4911975453,646776516888.43201525267129242,1.776255857109,18743618.7929314,362.5
2021-06-28,34376.188538983,644353080432.3312060237447662,1.769776037417,18744168.7929314,550
2021-06-29,35933.7782178843,673569017034.03255327765303702,1.849675862855,18744731.2929314,562.5
2021-06-30,35065.4661533606,657312026712.50963328513526284,1.805586334557,18745281.2929314,550
2021-07-01,33505.0804935126,628082261641.49860767793683564,1.727368166727,18745881.2929314,600
2021-07-02,33782.9459464641,633310097345.02892765040386274,1.746141242195,18746443.7929314,562.5
2021-07-03,34588.2242916423,648433656983.60835550046223822,1.787452030946,18747237.5429314,793.75
2021-07-04,35355.6078883694,662845391401.17013953749205916,1.8265447061,18747956.2929314,718.75
2021-07-05,33911.7538404442,635804056014.21477745689612788,1.752492211228,18748781.2929314,825
2021-07-06,34123.9815680888,639813352297.76087287724750832,1.763785729615,18749668.7929314,887.5
2021-07-07,33931.6186382233,636232696006.57299009876978162,1.753796589122,18750437.5429314,768.75
2021-07-08,32819.6595312098,615411488299.44032399943040772,1.697989573018,18751306.2929314,868.75
2021-07-09,33914.8810742256,635976090720.02605475000892384,1.754049012631,18752125.0429314,818.75
2021-07-10,33610.9458386908,630310480192.57486074667021112,1.738516988105,18753131.2929314,1006.25
2021-07-11,34258.4413898305,642479813682.0224375146191277,1.771750243299,18753912.5429314,781.25
2021-07-12,33135.2359117475,621441410376.519676400231659525,1.713116506244,18754700.04292919,787.5
2021-07-13,32641.9759610169,612218213636.944106800927093311,1.688811469688,18755550.04292919,850
2021-07-14,32798.2845189947,615184714795.536265243732085293,1.697934967437,18756612.54292919,1062.5
2021-07-15,31707.6900368206,594754222803.968998595477796902,1.643649164372,18757412.54292917,800
2021-07-16,31455.7175818819,590057361252.462186409597005023,1.63221452573,18758350.04292917,937.5
2021-07-17,31547.9511990064,591815707709.593175583849576688,1.630400402935,18759243.79292917,893.75
2021-07-18,31707.7038527177,594841083620.598289172348105309,1.639258220118,18760143.79292917,900
2021-07-19,30883.4697462303,579411146950.463541225152407851,1.597725750094,18761206.29292917,1062.5
2021-07-20,29766.6577182934,558481103180.424983651679478478,1.540648215719,18761968.79292917,762.5
2021-07-21,32119.6572258328,602657114950.017822689504662776,1.661721371109,18762875.04292917,906.25
2021-07-22,32306.9614285798,606202373832.864937700295047058,1.670492594499,18763831.29292371,956.25
2021-07-23,33439.5957028638,627483146930.439544154359011654,1.732406654257,18764675.04290733,843.75
2021-07-24,34166.914654588,641163936367.44720201624333004,1.769606297066,18765637.54290733,962.5
2021-07-25,35119.9374360023,659081599893.774533311529566859,1.81848487747,18766593.79290733,956.25
2021-07-26,37444.7825102279,702746127516.197852278934347505,1.93010945385,18767531.29289095,937.5
2021-07-27,39126.5402881356,734350141187.490457204123849812,2.001791162085,18768593.79284727,1062.5
2021-07-28,39939.1940432495,749641699745.610164716003003865,2.033833059073,18769575.04284727,981.25
2021-07-29,40086.1643950906,752440356957.741577738236417986,2.017407304464,18770575.04284181,1000
2021-07-30,41789.6670981882,784459439060.848805509261885926,2.099162197424,18771612.54282543,1037.5
2021-07-31,41793.3137481005,784569163457.408078687315595715,2.098153113059,18772600.04282543,987.5
2021-08-01,39968.9689544126,750359938437.912479327180448292,2.006838470091,18773562.54282542,962.5
2021-08-02,39304.1862835769,737914727506.082887913044844798,1.972933571383,18774456.29282542,893.75
2021-08-03,38288.8253975453,718892321501.24616444945324685,1.922865034712,18775512.5428145,1056.25
2021-08-04,39773.9113489188,746809379233.0634993132839626,1.995697932518,18776362.5428145,850
2021-08-05,40941.650434249,768776213304.40155654554081188,2.052274774394,18777362.54279812,1000
2021-08-06,42790.3573284629,803532575810.021448894559609748,2.140827816615,18778356.29279812,993.75
2021-08-07,44484.9005862069,835399743972.483971336553251028,2.222890074166,18779400.04279812,1043.75
2021-08-08,43972.3010181181,825816854268.834254413290617972,2.195821362505,18780387.54279812,987.5
2021-08-09,46265.6424564582,868930647608.395195347656033268,2.303684409546,18781337.54278174,950
2021-08-10,45488.7912624196,854387253428.632585130607098104,2.261488524708,18782368.79278174,1031.25
2021-08-11,45676.3263611923,857951571939.967139483992958644,2.268172978331,18783287.54277628,918.75
2021-08-12,44405.7483483343,834127847703.929768464760550404,2.20343699514,18784231.29277628,943.75
2021-08-13,47717.4853559322,896378630903.748908430005448216,2.362590119037,18785118.79277628,887.5
2021-08-14,47124.2050736411,885282092633.699231515617313108,2.327809478249,18786143.79277628,1025
2021-08-15,47074.370710111,884399444211.28403803825696708,2.323985756424,18787281.29277628,1137.5
2021-08-16,45984.7199070719,863974140187.844318267038961958,2.268193061802,18788287.54277082,1006.25
2021-08-17,44714.0967982466,840149375514.803317412881644212,2.204708913004,18789362.54277082,1075
2021-08-18,44954.3637469316,844701768564.857117850978769376,2.213680687968,18790206.29276536,843.75
2021-08-19,46646.8615049679,876549048192.091213635584782476,2.293129661764,18791168.79275444,962.5
2021-08-20,49240.8356049094,925342094183.730124681212647736,2.414499299985,18792168.79275444,1000
2021-08-21,49070.2409701929,922188388144.030200153779131476,2.403261370099,18793231.29275444,1062.5
2021-08-22,49363.3160952659,927746814154.677672682955205596,2.414996575605,18794256.29275444,1025
2021-08-23,49590.8763676213,932084698996.074769117437310822,2.420040085444,18795487.54263694,1231.25
2021-08-24,47925.8622127411,900836074831.827885500227949828,2.33794635096,18796450.04263148,962.5
2021-08-25,49002.3166049094,921118598353.727928677200182588,2.379019545564,18797450.04262602,1000
2021-08-26,47190.3449929866,887101213688.728016785799843988,2.287786761638,18798362.54260418,912.5
2021-08-27,49048.4755891292,922075783019.961314701433189192,2.375147501066,18799275.04259326,912.5
2021-08-28,48852.4687995324,918434048710.244952157871391624,2.363961726236,18800156.29259326,881.25
2021-08-29,48948.3479579193,920284316512.379947350250803918,2.367277866365,18801131.29259326,975
2021-08-30,47125.7685189947,886057523557.165485761856195722,2.277961082403,18801975.04259326,843.75
2021-08-31,47219.2443424898,887857550977.514449458197098748,2.280110865221,18802875.04259326,900
2021-09-01,48688.5375572764,915526177256.09460734927586792,2.346384601556,18803731.2925878,856.25
2021-09-02,49369.5862746932,928378409762.77998339437906296,2.375035051723,18804662.5425878,931.25
2021-09-03,49860.5341635301,937656640132.182822766804318434,2.395390356338,18805587.54258234,925
2021-09-04,49919.577563647,938815345552.65768511533819398,2.395772281636,18806556.29258234,968.75
2021-09-05,51747.6438565167,973248018531.036942128980335078,2.480946695916,18807581.29258234,1025
2021-09-06,52640.5883740503,990098733766.817944853232051702,2.51931377876,18808656.29258234,1075
2021-09-07,46854.4006028638,881313121254.804485244851305292,2.245742480847,18809612.54258234,956.25
2021-09-08,46187.9757306254,868818919447.721173173239195436,2.213572688033,18810500.04258234,887.5
2021-09-09,46448.7748290473,873764452663.139130754559004682,2.222094260363,18811356.29258234,856.25
2021-09-10,44765.2755762712,842133598885.111605117476170608,2.142454311237,18812206.29258234,850
2021-09-11,45098.5916447691,848445725719.525614357569387964,2.157808262825,18813131.29249204,925
2021-09-12,46180.6124563998,868844353747.637088911838557592,2.208217016174,18814050.04249204,918.75
2021-09-13,44991.5221277031,846517459123.608471421870233324,2.151863481078,18815043.79249204,993.75
2021-09-14,47022.6177597896,884781986136.446305135721623568,2.245175277381,18816093.79248658,1050
2021-09-15,48167.1893676213,906361101242.188503643216772154,2.293761212961,18816981.29248658,887.5
2021-09-16,47797.3283237873,899442060628.619785907980024434,2.273981867172,18817831.29248658,850
2021-09-17,47213.7941294565,888504590279.66215075968394377,2.244949537952,18818750.04248658,918.75
2021-09-18,48204.0136519579,907185981599.031747185626474982,2.290426705637,18819718.79248658,968.75
2021-09-19,47218.4739964933,888685620898.340358489307309914,2.242941684172,18820718.79248658,1000
2021-09-20,42855.5103448276,806615435806.135311660879896216,2.040586287582,18821743.79247566,1025
2021-09-21,40526.4893760958,762810354584.069780430157328228,1.933233183973,18822512.54247566,768.75
2021-09-22,43577.5724821742,820275900833.319879948187379972,2.075944471859,18823350.04247566,837.5
2021-09-23,44861.2980329047,844486179446.786360121203849602,2.135308888042,18824381.29247566,1031.25
2021-09-24,42803.307701052,805785377803.38609196026639432,2.038939778388,18825306.29247566,925
2021-09-25,42735.2658240795,804542930367.90550455009565497,2.035666539997,18826206.29247566,900
2021-09-26,43131.2941773816,812036112156.656873658440531856,2.040529522117,18827075.04247566,868.75
2021-09-27,42496.7852250146,800131333256.007483499493644636,2.010425564687,18828043.79247566,968.75
2021-09-28,41223.7862743425,776202415861.93000280375888505,1.951689041262,18828993.79247546,950
2021-09-29,41453.9470131502,780569792316.159936347930794092,1.962665363543,18829806.29247546,812.5
2021-09-30,43781.546015488,824444822183.80485127777536,2.069864321133,18830875.04247,1068.75
2021-10-01,48078.1315543542,905395355940.325446365136100068,2.26565626698,18831750.04246454,875
2021-10-02,47792.4391943308,900071424943.376327455228029832,2.248711046277,18832925.04246454,1175
2021-10-03,48202.6229177089,907841574218.380446620216292406,2.266397740964,18833862.54246454,937.5
2021-10-04,49288.5013106371,928340914897.400335416851558434,2.31284262096,18834837.54246454,975
2021-10-05,51558.0493319112,971140330173.485073586916428848,2.411845063946,18835862.54246454,1025
2021-10-06,55419.800411163,1043925117637.07270414559766002,2.572944325306,18836681.29246454,818.75
2021-10-07,53805.1569125658,1013558008447.576530782426916732,2.490026710036,18837562.54246454,881.25
2021-10-08,53933.5275908825,1016016649274.3846484447373381,2.492000787508,18838312.54245908,750
2021-10-09,55010.9224751607,1036364523575.884375721646174156,2.538238578635,18839250.04245908,937.5
2021-10-10,54701.2797022209,1030585445349.335183323348370772,2.520123658863,18840243.79245908,993.75
2021-10-11,57289.1864570426,1079394515904.969690420738316808,2.631558646637,18841156.29245908,912.5
2021-10-12,56196.1812597896,1058848098456.307954895311079904,2.574418652958,18841993.79244924,837.5
2021-10-13,57348.8928769725,1080628058359.8535835938961259,2.620098281333,18843050.04244924,1056.25
2021-10-14,57384.0369146698,1081339414302.172399224373763844,2.613922367304,18843906.29244378,856.25
2021-10-15,61446.0840073057,1157938398432.828435506351523546,2.783786506255,18844787.54244378,881.25
2021-10-16,60932.0632119228,1148302435528.984629145444700184,2.755061819188,18845618.79244378,831.25
2021-10-17,61462.2223722969,1158355075187.089280787722718282,2.775039217832,18846618.79244378,1000
2021-10-18,61977.0575514319,1168115306326.819408927114844833,2.778276503838,18847543.79243407,925
2021-10-19,64290.8977574518,1211787792745.676676250052702826,2.86843851115,18848512.54243407,968.75
2021-10-20,66061.7965639977,1245228121159.928123592573454197,2.928317326688,18849443.79242861,931.25
2021-10-21,62373.8856206897,1175770746966.760741511726212317,2.756592260011,18850368.79242861,925
2021-10-22,60750.9673718293,1145238131036.059450230195356273,2.683021944048,18851356.29242861,987.5
2021-10-23,61250.082628872,1154702638464.94089122818482792,2.702488997272,18852262.54242861,906.25
2021-10-24,60865.4470523086,1147509590176.153043764301189046,2.679080716831,18853218.79242861,956.25
2021-10-25,63031.6729015196,1188421618593.067971943643515756,2.761945352578,18854356.29242861,1137.5
2021-10-26,60393.9802738165,1138746241356.948176482328490065,2.643400963823,18855293.79242861,937.5
2021-10-27,58563.3359899766,1104286370829.156956182681070526,2.563731148388,18856275.04242861,981.25
2021-10-28,60564.5721122151,1142080144447.011700407925714011,2.64447556709,18857231.29242861,956.25
2021-10-29,62230.8055689655,1173567203301.588668121465302955,2.709231626512,18858300.04242861,1068.75
2021-10-30,61742.9165321449,1164426258908.204808846803425589,2.6854484387,18859268.79242861,968.75
2021-10-31,61432.9700628287,1158634265024.848448883684409107,2.660031269082,18860137.54242861,868.75
2021-11-01,61092.0950592051,1152261825759.661266768690097911,2.639313472843,18861062.54242861,925
2021-11-02,63024.7472296902,1188775936157.830457467105916622,2.705646798155,18862050.04242861,987.5
2021-11-03,62955.9817630041,1187542227940.655304670238387301,2.692667749587,18863056.29242861,1006.25
2021-11-04,61393.8899780246,1158131273454.473724873394266542,2.624435938698,18863950.04240677,893.75
2021-11-05,61005.840833723,1150870233190.34422400759737713,2.601770640962,18864918.79240131,968.75
2021-11-06,61455.0536268849,1159403746542.631566125493187665,2.617491647791,18865881.29239585,962.5
2021-11-07,63043.8290590298,1189437680906.601425856443940914,2.682304638596,18866837.54238493,956.25
2021-11-08,67541.7555081824,1274356316854.725979426052071712,2.854649564891,18867681.29235763,843.75
2021-11-09,67095.5856706605,1266001867364.486910911764314615,2.82534877502,18868631.29235763,950
2021-11-10,64756.0779689071,1221918863231.726002816158213407,2.721054645529,18869562.54235217,931.25
2021-11-11,64962.9312939801,1225886245880.287656603025370817,2.723236415073,18870550.04234217,987.5
2021-11-12,64078.968037405,1209262243095.62867775186886885,2.650242500833,18871437.54234217,887.5
2021-11-13,64397.7912063121,1215340475002.551659471547011257,2.661045965713,18872393.79234217,956.25
2021-11-14,65032.2256548217,1227377584620.375411879225307089,2.684880108371,18873375.04232217,981.25
2021-11-15,63753.5031592636,1203303942753.519329838143257732,2.626068388319,18874318.79229487,943.75
2021-11-16,60322.4978530099,1138602607166.968901055207829213,2.481173720882,18875256.29229487,937.5
2021-11-17,60154.3083661601,1135484006196.675354905403828687,2.470657927214,18876187.54229487,931.25
2021-11-18,56794.1556271186,1072108247663.836614086249661582,2.337640428663,18877087.54229487,900
2021-11-19,58014.0729888954,1095186409046.459411069592386598,2.386216999692,18877943.79229487,856.25
2021-11-20,59749.4738229106,1128001356408.752008718406848622,2.455017801074,18878850.04229487,906.25
2021-11-21,59032.6241017534,1114516759935.048284287526825058,2.424879879847,18879675.04229487,825
2021-11-22,56383.5658760958,1064553089483.942871154657968546,2.319018826324,18880556.29229487,881.25
2021-11-23,57642.2657980713,1088365599085.191868417996884231,2.368765838495,18881381.29229487,825
2021-11-24,57141.8303784337,1078972757535.903593034154145119,2.346842971087,18882362.54229487,981.25
2021-11-25,59008.6554792519,1114270770425.185909152246807753,2.404923210419,18883175.04229487,812.5
2021-11-26,53800.6178389831,1015970869546.846997819471146697,2.198435955413,18884000.04229487,825
2021-11-27,54635.8824628872,1031792837559.930636338093948664,2.23272965194,18884893.79229487,893.75
2021-11-28,57248.5696963764,1081182893171.782613999179309068,2.336711996385,18885762.54229487,868.75
2021-11-29,57920.7107299825,1093928555762.298729567254235325,2.35943908323,18886656.29228941,893.75
2021-11-30,57097.0127942724,1078419474710.088974629731175284,2.324578694477,18887493.79228941,837.5
2021-12-01,57180.6098439509,1080047374364.124235755875629969,2.324286205718,18888350.04228941,856.25
2021-12-02,56582.8937691408,1068812318595.546678419640638928,2.300196624281,18889318.79228941,968.75
2021-12-03,53671.6160680888,1013876621204.363517010995179608,2.184991514137,18890368.79228941,1050
2021-12-04,49159.7357983635,928693162456.653048849921380535,2.009166960477,18891337.54228941,968.75
2021-12-05,49327.0935999416,931905952036.210370656306298456,2.016818310956,18892375.04228941,1037.5
2021-12-06,50535.4252232612,954788531821.537635930834423892,2.067537537544,18893450.04228941,1075
2021-12-07,50574.4728344828,955574953843.25072796462899106,2.064377234197,18894412.54228395,962.5
2021-12-08,50500.6543513735,954233222626.906543693685405325,2.06171865801,18895462.54168395,1050
2021-12-09,47937.8228458212,905856172565.325495603758031528,1.960546627964,18896481.29158394,1018.75
2021-12-10,47437.2289725307,896442961101.740223851473241714,1.941373722658,18897456.29157302,975
2021-12-11,49321.7693252484,932102527466.729265153938238168,2.016910635367,18898400.04157302,943.75
2021-12-12,50136.5722568673,947544868724.234462373689400246,2.049751176277,18899275.04157302,875
2021-12-13,46785.3278410286,884250008347.667622870376792216,1.915299897932,18900156.29156756,881.25
2021-12-14,48292.6822501461,912783912997.853227464508020516,1.974877505476,18901081.29156756,925
2021-12-15,48830.6223860316,922994595222.199652883711694896,1.995926977652,18901962.54156756,881.25
2021-12-16,47663.4691077148,900967365793.608892250581411888,1.94871973203,18902681.29156756,718.75
2021-12-17,46334.4837489772,875889128104.223693439634699632,1.896526938461,18903612.54156756,931.25
2021-12-18,46904.8736753361,886709082168.665861333203856916,1.919525855516,18904412.54156756,800
2021-12-19,46876.426924021,886214966718.6548806776032041,1.918249189772,18905343.7915621,931.25
2021-12-20,46954.7634783168,887738205495.681089664967453824,1.922187343668,18906243.79155118,900
2021-12-21,49082.0624666277,928006827611.564193147091555686,2.007205377658,18907250.04155118,1006.25
2021-12-22,48692.0987391584,920678726099.70296263119631232,1.990870317874,18908175.0415348,925
2021-12-23,50712.9707682642,958937905483.976210629515726564,2.070150565572,18909125.04151842,950
2021-12-24,50783.8344210988,960325802399.227486040319241552,2.071634649338,18910068.79150204,943.75
2021-12-25,50590.4508976622,956715386644.660560195312530888,2.064057745187,18910987.54150204,918.75
2021-12-26,50798.3065859147,960688686557.399623188395315988,2.071542317446,18911825.04150204,837.5
2021-12-27,50796.3776735827,960699193954.204507489136158708,2.070718360007,18912750.04150204,925
2021-12-28,47673.0440452367,901668291917.644800805016386194,1.945824586517,18913587.54146382,837.5
2021-12-29,46470.3215751023,878962608918.077290357982897438,1.898459995686,18914493.79143106,906.25
2021-12-30,47102.4630037989,890954276503.324566596922453834,1.923609297095,18915237.54143106,743.75
2021-12-31,46355.1173302747,876861223766.067356473275912182,1.893385603418,18916168.79143106,931.25
2022-01-01,47560.0093816482,899704292195.387378440379473092,1.941966039424,18917243.79143106,1075
2022-01-02,47352.5577565751,895826639879.735611358003362606,1.933497096507,18918231.29143106,987.5
2022-01-03,46453.432351841,878857424265.77493360003347774,1.897502355497,18919106.29142014,875
2022-01-04,45905.9611221508,868541933980.800586640862407008,1.876886228678,18920025.04140376,918.75
2022-01-05,43530.9440388662,823647361549.9045985494335602,1.782277170897,18920962.541371,937.5
2022-01-06,43144.9652928112,816383641933.448855065899660288,1.768057798633,18921875.04133824,912.5
2022-01-07,41512.7845808299,785536046142.05780308040048036,1.704571291459,18922750.0413164,875
2022-01-08,41799.8128848627,791005030825.64982193114125828,1.71699299406,18923650.0413164,900
2022-01-09,41886.4985569842,792682352625.32672763603200088,1.72082066082,18924531.2913164,881.25
2022-01-10,41816.9510561075,791403311312.3584180246522191,1.718638590786,18925418.79130548,887.5
2022-01-11,42768.1786116306,809447924741.674285534288000308,1.758039861455,18926406.29127818,987.5
2022-01-12,43961.0265441262,832062440495.927198343702722952,1.805597050184,18927275.04123996,868.75
2022-01-13,42626.8653924605,806858094234.20536366224465292,1.752041588022,18928393.79122904,1118.75
2022-01-14,43102.6476180596,815906720814.34158742190554912,1.771675205411,18929387.5412072,993.75
2022-01-15,43206.6744812975,817920712548.042303123222342,1.775752274618,18930425.0412072,1037.5
2022-01-16,43168.8596671537,817252077983.471162784428287438,1.774015355513,18931518.79120174,1093.75
2022-01-17,42211.270399474,799165933857.82691223691824456,1.73630676024,18932525.04117444,1006.25
2022-01-18,42431.2319670368,803366428290.745913426298678464,1.745911520714,18933375.04116898,850
2022-01-19,41787.722012858,791227795959.06698640664992612,1.721981468557,18934456.29114714,1081.25
2022-01-20,40756.1261630625,771738138088.13239387619391,1.681574639726,18935512.54111984,1056.25
2022-01-21,36492.2872241379,691030724675.999572242134242266,1.514790775018,18936350.04108254,837.5
2022-01-22,34996.390965225,662733218969.321356077324543,1.455165902925,18937187.54107708,837.5
2022-01-23,36271.0502650497,686903645043.729694319448388152,1.508378975549,18938068.79106616,881.25
2022-01-24,36659.7252206312,694298766581.290256712952928432,1.526343091945,18939006.29103886,937.5
2022-01-25,36952.586773232,699880378324.82598070561056192,1.538880544803,18939956.29101156,950
2022-01-26,36825.8245993571,697509429274.165537869697198778,1.534660000135,18940768.79099518,812.5
2022-01-27,37021.9371332554,701254263145.766596790251236552,1.543763850705,18941587.54096788,818.75
2022-01-28,37768.8474836353,715438283447.208156019309041736,1.576577931046,18942550.04093512,962.5
2022-01-29,38088.2912279953,721524832280.593326440745401922,1.592485103381,18943481.29091874,931.25
2022-01-30,37983.5063845704,719574502508.970414288716454912,1.589486377439,18944393.79091328,912.5
2022-01-31,38462.6724029807,728686388266.209297831351939074,1.609690053329,18945287.54090782,893.75
2022-02-01,38787.9640824079,734886466082.204599089047751242,1.61452774476,18946250.04088598,962.5
2022-02-02,36942.3307493279,699953961572.849345846215211506,1.539179072383,18947206.29086414,956.25
2022-02-03,37057.6521879018,702173027375.597202955157910828,1.544771260316,18948125.04082046,918.75
2022-02-04,41079.9060881356,778420574646.178750337772073248,1.709053357873,18948937.54080408,812.5
2022-02-05,41508.5816925774,786574393907.420072168172163188,1.726159971835,18949681.29079862,743.75
2022-02-06,42358.2251732905,802716166347.28207961013825911,1.760874145144,18950656.29079862,975
2022-02-07,43888.980119813,831762282836.8923727641467001,1.821609827046,18951506.2907877,850
2022-02-08,44167.4447945646,837082119037.341930906355889988,1.831529736531,18952468.79077678,962.5
2022-02-09,44405.0732042665,841624618494.10303524486395151,1.840095004198,18953343.79075494,875
2022-02-10,43614.3426960842,826677702003.799434309729186216,1.806667830508,18954262.54074948,918.75
2022-02-11,42357.3217416715,802889388936.98955546067937665,1.754236923972,18955150.0407331,887.5
2022-02-12,42173.4593962595,799453385155.54819147825401998,1.745950590083,18956315.09959684,1168.75
2022-02-13,42195.5947451782,799914657954.301452345853956888,1.746704565079,18957302.59959684,987.5
2022-02-14,42646.1618590883,808496975465.701445660093094618,1.765131690456,18958258.84958046,956.25
2022-02-15,44511.9084880187,843916967903.389707504833724092,1.839746953131,18959352.59955316,1093.75
2022-02-16,44065.7092673875,835500283615.3702795255608265,1.820760197081,18960327.59953132,975
2022-02-17,40610.024261543,770019212409.18997145477792764,1.680750155719,18961308.84950948,981.25
2022-02-18,40044.2204856809,759324202407.710240822012838845,1.658393382535,18962142.18177205,837.5
2022-02-19,40095.887329398,760341255738.99494174756269974,1.660632849962,18963073.43176113,931.25
2022-02-20,38551.6224967855,731091944780.324901337028847615,1.597672365828,18963973.43176113,900
2022-02-21,37098.0360081824,703554688344.667495292117594208,1.53935959409,18964742.18175567,768.75
2022-02-22,38202.5940818235,724538639899.382451623431282695,1.585255941769,18965692.18172837,950
2022-02-23,37308.2687344243,707612117150.804536494711230645,1.548559725335,18966629.68169015,937.5
2022-02-24,38283.790402104,726146059494.24384036455777136,1.589005849792,18967454.68166434,825
2022-02-25,39323.7702158387,745904763136.940193551664989155,1.632120546767,18968292.18162065,837.5
2022-02-26,39056.5781523086,740867098958.119605136190512766,1.621580052318,18969073.43159881,781.25
2022-02-27,37664.7792828755,714497979063.600421903565677465,1.564733720961,18969923.43158243,850
2022-02-28,43179.2545140269,819148711995.191258923915652997,1.785886675274,18970885.93155513,962.5
2022-03-01,44334.457582408,841108826271.29170970117020536,1.831088158538,18971898.43154967,1012.5
2022-03-02,43984.584926768,834508464680.0197378618034936,1.815856076135,18972748.43151145,850
2022-03-03,42492.7744552893,806244025712.138955032590735017,1.753487692697,18973673.43147869,925
2022-03-04,39106.4052159556,742026135335.507228618552033436,1.617160596022,18974542.18146231,868.75
2022-03-05,39383.8848433665,747321460590.924990046169142255,1.62862859109,18975310.93144047,768.75
2022-03-06,38399.3426268264,728670905368.093733088989207976,1.588284555745,18976129.68142409,818.75
2022-03-07,38146.734273232,723912662220.25326362953141872,1.578754463552,18977054.68140771,925
2022-03-08,38725.477261543,734931320621.74501772454262219,1.603838311539,18977979.68139133,925
2022-03-09,41989.4028179427,796910249370.768794290686479655,1.735654059064,18978842.18134765,862.5
2022-03-10,39482.2584672706,749363333209.594922964881331662,1.630630592506,18979748.43133127,906.25
2022-03-11,38825.3644214494,736929136350.25867799580271529,1.605299073538,18980610.93132035,862.5
2022-03-12,38951.1300157802,739354221515.712554129376747502,1.610487025913,18981585.93129851,975
2022-03-13,37808.3174004091,717697507253.014229706686986755,1.563583025151,18982529.68129305,943.75
2022-03-14,39649.0453243717,752677094103.761199734446618239,1.638923579978,18983485.93127667,956.25
2022-03-15,39356.8139000584,747163714202.848849099522282072,1.62739184969,18984354.68125483,868.75
2022-03-16,41101.768579135,780330370069.78337252894776785,1.697348146346,18985323.43121391,968.75
2022-03-17,40966.4169324956,777801385657.98997709648230782,1.69308040701,18986317.18120845,993.75
2022-03-18,41826.1160710111,794161288273.038642849840922583,1.727490580808,18987210.93119753,893.75
2022-03-19,42193.1615362361,801171332567.382725112961118621,1.742021306446,18988179.68118661,968.75
2022-03-20,41294.7235129164,784151376119.559317921413729404,1.705071792374,18989142.18118661,962.5
2022-03-21,41064.429648159,779817561038.18029401165615843,1.695351371558,18990098.43116477,956.25
2022-03-22,42383.169518761,804900030311.00822744784020455,1.748109505852,18991029.68112655,931.25
2022-03-23,42734.2000355932,811605189141.365370939635791868,1.761428760821,18991935.93106649,906.25
2022-03-24,43974.5935882525,835201966315.318043088151691425,1.810651634482,18992829.68105557,893.75
2022-03-25,44347.034279661,842318907291.71479478089481271,1.816863848057,18993804.68105011,975
2022-03-26,44519.9268641145,845647593448.033549770760277595,1.823441620909,18994810.93105011,1006.25
2022-03-27,46777.2056265342,888562475595.72185291281495203,1.912928867709,18995629.68104465,818.75
2022-03-28,47223.6528860316,897089950913.791518978265445868,1.926069685862,18996623.43103373,993.75
2022-03-29,47463.7096770894,901695013250.80918840587890109,1.931857269809,18997567.18101735,943.75
2022-03-30,47123.2971478667,895267763638.837546209131130699,1.916462997871,18998410.93100097,843.75
2022-03-31,45562.2106665693,865648898574.521557414135935465,1.854211355144,18999273.43099005,862.5
2022-04-01,46250.3362878434,878763543516.074168550496483278,1.880179566094,19000154.68097367,881.25
2022-04-02,45939.8973489188,872903917445.897580849205767996,1.867666383452,19000998.43097367,843.75
2022-04-03,46440.5438538866,882457046122.975568207675103314,1.886983002157,19001867.18095729,868.75
2022-04-04,46663.0041770894,886730287350.820740800588106114,1.894586551764,19002854.68088631,987.5
2022-04-05,45693.0350619521,868339514523.943641417211765751,1.855218925189,19003760.93088631,906.25
2022-04-06,43304.9371990064,822997272031.02018785179614744,1.760916830916,19004698.43078085,937.5
2022-04-07,43569.0471697837,828054180680.199620765631507135,1.771822948566,19005560.93075355,862.5
2022-04-08,42222.0689772063,802489465551.080901190651714569,1.718699748527,19006398.43074263,837.5
2022-04-09,42680.9947355932,811252805066.328959716669578116,1.737109234767,19007354.68074263,956.25
2022-04-10,42264.4633909994,803372627468.993570450020170974,1.720498052487,19008229.68073171,875
2022-04-11,39544.0251835184,751695772760.304133625642238,1.612532718343,19009085.93072625,856.25
2022-04-12,40096.3669748685,762233627485.691319141462684105,1.633029961572,19010042.18071533,956.25
2022-04-13,41152.7554517826,782351625651.620904432858181266,1.6754481725,19010917.18070441,875
2022-04-14,39916.4963842782,758883634883.531333445025406862,1.624100214604,19011779.68070441,862.5
2022-04-15,40527.3319567504,770536726947.48936708062340616,1.648615453539,19012767.18067165,987.5
2022-04-16,40439.5881209819,768902341981.314309245608931961,1.645198704281,19013604.68066619,837.5
2022-04-17,39704.7839798364,754972012082.336537001379211316,1.615563193564,19014635.93066619,1031.25
2022-04-18,40818.8786025716,776190301536.566047131665133268,1.660587322655,19015473.43066073,837.5
2022-04-19,41489.6638011689,788977754146.486724531401416327,1.68715900189,19016248.43063343,775
2022-04-20,41395.64458346,787231256989.4118916774496846,1.683056618589,19017248.43062251,1000
2022-04-21,40457.4959418469,769432984435.988612273038693349,1.642192379664,19018304.68059521,1056.25
2022-04-22,39737.9735040912,755782416405.1532149308537852,1.614479409264,19019148.43058975,843.75
2022-04-23,39582.4548720047,752864909083.678648506510771825,1.608260125691,19020167.18058975,1018.75
2022-04-24,39511.6456928697,751560334690.433229802821205575,1.60550883035,19021235.92958975,1068.75
2022-04-25,40473.7483176505,769901695374.375049668955767185,1.644601591866,19022248.42957337,1012.5
2022-04-26,38072.800873758,724263590330.6515279276271871,1.549627067302,19023123.42956245,875
2022-04-27,39218.5376174752,746100751519.959084398626897056,1.596095580203,19024185.92955153,1062.5
2022-04-28,39747.9894270018,756205933276.407901311346502754,1.617507844772,19025010.92955153,825
2022-04-29,38609.5059070719,734582468278.204328685719852433,1.572635096383,19025948.42954607,937.5
2022-04-30,37714.0949804208,717581783127.708910030509195984,1.537292898922,19026885.92952423,937.5
2022-05-01,38459.226979135,731799466487.40573317299355015,1.567381909459,19027929.67951289,1043.75
2022-05-02,38566.0628877849,733870898707.120107469195791807,1.573983130319,19028929.67950743,1000
2022-05-03,37704.4053153127,717509825232.097044081957601335,1.540983434257,19029867.17949105,937.5
2022-05-04,39641.852176505,754415354857.80296224028406295,1.618770611892,19030779.67948559,912.5
2022-05-05,36502.0245601403,694697804870.602289350398862239,1.493350506698,19031760.92948013,981.25
2022-05-06,36042.9995584453,685993738939.403368550251819213,1.476077962977,19032648.42946921,887.5
2022-05-07,35508.7110227937,675856548990.539406540108424773,1.454866736249,19033542.17945829,893.75
2022-05-08,34058.9066861484,648294631562.705787430552179972,1.397053307677,19034510.92945283,968.75
2022-05-09,30457.9218194039,579781151871.625907080828768037,1.25746370058,19035479.67945283,968.75
2022-05-10,30990.7351659848,589953144393.233522337066988952,1.282199871846,19036435.92943099,956.25
2022-05-11,28796.5568217417,548209905804.924477677766755283,1.198898869373,19037342.17943099,906.25
2022-05-12,29030.7070417884,552691998324.409076303363982516,1.211574517788,19038185.92943099,843.75
2022-05-13,29285.9346718293,557578891036.914291159206846073,1.224580870454,19039135.92941461,950
2022-05-14,30051.935755114,572189373051.70656304838797066,1.254528110725,19040017.17940369,881.25
2022-05-15,31182.6212460549,593741420972.253654097193542827,1.301371234936,19040779.67939823,762.5
2022-05-16,29889.6124757452,569152162704.73908547506626066,1.248816594441,19041804.67935455,1025
2022-05-17,30438.1944476914,579626118555.305444333133215606,1.272635339124,19042723.42932179,918.75
2022-05-18,28771.2204786675,547906490195.512826837056767525,1.204897921252,19043560.92928903,837.5
2022-05-19,30257.8852483928,576240952956.045089994429272232,1.268265640482,19044323.42926719,762.5
2022-05-20,29224.245998422,556579372166.25736921844806946,1.226785298597,19045123.42923443,800
2022-05-21,29420.0782857978,560333845441.651795955505322266,1.235285942059,19045967.17922897,843.75
2022-05-22,30331.87514173,577723026488.3249877793242265,1.273331088604,19046729.67921805,762.5
2022-05-23,29088.2515419638,554065152211.947614892088039546,1.22293867204,19047729.67920167,1000
2022-05-24,29643.6837556984,564667107636.292341989294730008,1.246431579256,19048479.67917437,750
2022-05-25,29577.259880187,563428453326.48614013055210209,1.244237310755,19049379.67914707,900
2022-05-26,29332.4860467563,558791512891.273137797499149041,1.235100855496,19050260.92914707,881.25
2022-05-27,28612.0413103448,545091530563.077430518277127128,1.20688817198,19051123.42914161,862.5
2022-05-28,29045.5206344243,553376665776.683704311465525123,1.225163407756,19052048.42914161,925
2022-05-29,29430.0689800117,560730506231.738081173872892955,1.241234457517,19052979.67913615,931.25
2022-05-30,31735.9549719462,604695051034.497227787860790054,1.337557348648,19053942.17911617,962.5
2022-05-31,31831.4095251315,606542882732.043392342933838795,1.340327318645,19054854.67909193,912.5
2022-06-01,29825.9221992987,568353965210.395216818510645639,1.258203816602,19055704.67905797,850
2022-06-02,30504.2679997078,581304153912.145339317654047402,1.289506254729,19056485.92904159,781.25
2022-06-03,29662.6709708942,565292782986.492081657639125114,1.255277674265,19057379.67903067,893.75
2022-06-04,29792.4076779077,567791106824.327277240349863877,1.261962571345,19058248.42902401,868.75
2022-06-05,29915.4093009936,570162600125.258690976371256336,1.26746929363,19059160.92902401,912.5
2022-06-06,31333.6770197545,597222968139.255223371341226835,1.32794694055,19060098.42900763,937.5
2022-06-07,31175.0324289889,594230751341.613289592020115992,1.322740859864,19061110.92891928,1012.5
2022-06-08,30228.464698422,576221747994.0240838068212238,1.283418736198,19062223.4289029,1112.5
2022-06-09,30064.4855289305,573123374270.20801776709942739,1.278193263932,19063135.92889198,912.5
2022-06-10,29070.4000300994,554199695710.760574025512577364,1.237117043464,19064054.67888106,918.75
2022-06-11,28360.7899231444,540698947091.384843344188805064,1.208249128114,19065017.17888106,962.5
2022-06-12,26830.2839456458,511541120875.339135951540172548,1.144614146671,19065810.92886106,793.75
2022-06-13,22316.2570400351,425496087752.904596352785354622,0.962386955567,19066642.17881922,831.25
2022-06-14,22072.8663085915,420875585256.85290955318169027,0.958749419408,19067554.67879738,912.5
2022-06-15,22520.7910087668,429439638534.419374334713670616,0.982571637347,19068585.92876462,1031.25
2022-06-16,20310.1769848042,387301460756.623492207146401812,0.89010384052,19069329.67873186,743.75
2022-06-17,20464.9290873174,390266293444.723335934191053352,0.900449527228,19070004.67871548,675
2022-06-18,19013.8672536528,362613076008.206261810441905344,0.839761069586,19070979.67871548,975
2022-06-19,20492.2951683226,390825178945.063620601354575848,0.905122908176,19071810.92868548,831.25
2022-06-20,20571.6292247224,392355194662.69970918064895784,0.909413901996,19072635.9286691,825
2022-06-21,20688.4651312098,394602958805.950739450629870164,0.916201262025,19073573.42863818,937.5
2022-06-22,20003.1683375219,381548027644.27858589534322242,0.887627935977,19074379.6785718,806.25
2022-06-23,21097.1028331385,402434191804.38727360851584946,0.936392381423,19075329.67854996,950
2022-06-24,21299.0769853887,406304087725.80865853375774715,0.946260674502,19076135.9285445,806.25
2022-06-25,21468.3431566335,409553292964.14472600340193075,0.953541799671,19077079.6784845,943.75
2022-06-26,21066.6209430158,401907776246.9060431873035551,0.93595363596,19077942.1784845,862.5
2022-06-27,20751.0516960842,395905002794.352151251619155436,0.92317584654,19078792.17847358,850
2022-06-28,20263.2196393922,386616246554.31717543584171384,0.902427057507,19079704.6784572,912.5
2022-06-29,20080.9480864991,383157510545.341375741090094104,0.895265183982,19080648.42829544,943.75
2022-06-30,19332.9121294565,368905161486.57925000002000941,0.865015984997,19081717.17826714,1068.75
2022-07-01,19341.8631240795,369092160644.48912276589517542,0.866810006703,19082554.67825076,837.5
2022-07-02,19231.8317083577,367009067592.39598666663074381,0.862322030966,19083417.1782453,862.5
2022-07-03,19276.5146639392,367880445197.990196804576777728,0.864908319377,19084385.92823984,968.75
2022-07-04,20226.2984745763,386024563242.292355528217846802,0.907445950743,19085279.67821254,893.75
2022-07-05,20193.3427938048,385410487447.10051699136210432,0.906388103368,19086017.1781634,737.5
2022-07-06,20560.8438126826,392440938375.946552140010642848,0.924592307191,19086810.92815248,793.75
2022-07-07,21651.4191423144,413277788950.333248030549226464,0.973646516264,19087792.17814156,981.25
2022-07-08,21813.7871239042,416397212991.795578904412503472,0.981374953634,19088717.17811416,925
2022-07-09,21585.1321922852,412050561218.714784217697124048,0.97256585657,19089554.67810324,837.5
2022-07-10,20831.2733915839,397679652328.111209338370225648,0.938937826789,19090510.92809232,956.25
2022-07-11,19971.3294704851,381278236463.922269732877589848,0.903257154365,19091279.67807048,768.75
2022-07-12,19339.1534734074,369227439023.511401915548931532,0.875464077465,19092223.42804318,943.75
2022-07-13,20155.5278386908,384827697730.717620405144551064,0.91248166822,19092910.92798858,687.5
2022-07-14,20552.8990289304,392430598967.834091607104894864,0.931267482062,19093685.92797766,775
2022-07-15,20831.722700526,397772858736.00781571421876132,0.947404727073,19094573.42795582,887.5
2022-07-16,21196.5091428989,404757907016.377110538995926598,0.963942951894,19095498.42795582,925
2022-07-17,20827.8886085915,397735055796.32841702252569876,0.947388315858,19096273.42793944,775
2022-07-18,22305.7066428989,425974135852.663864732618646658,1.014380417157,19097092.17790122,818.75
2022-07-19,23371.2026601403,446342169170.5106317568841789,1.064015965884,19097954.677863,862.5
2022-07-20,23280.9356680304,444636587982.618862844701251264,1.059545792317,19098742.17784116,787.5
2022-07-21,23152.4093112215,442202009885.6991128045219606,1.055572042956,19099610.9278084,868.75
2022-07-22,22706.0835554646,433696094122.61554096292178264,1.037202359622,19100435.9278084,825
2022-07-23,22484.4592317358,429484614219.20027544252182072,1.027767986307,19101398.4278084,962.5
2022-07-24,22653.3570260082,432733026887.75717393517642888,1.035693112787,19102379.6778084,981.25
2022-07-25,21510.1255874342,410913676124.028819746476081424,0.984744106523,19103267.17776472,887.5
2022-07-26,21181.6591967855,404660076563.16919068442706341,0.970493939661,19104267.17773742,1000
2022-07-27,22898.4150683226,437481053400.627236354137030752,1.048530886503,19105298.42765552,1031.25
2022-07-28,23838.5568838691,455463751078.173630192107170144,1.090974652069,19106179.67761184,881.25
2022-07-29,23950.7403798948,457629004159.52302277474640396,1.096121570662,19107092.1775627,912.5
2022-07-30,23623.4349611338,451394195746.575362324948055424,1.08119685014,19107898.42752448,806.25
2022-07-31,23356.1722215079,446309554827.059502787503731454,1.06930792552,19108848.42748626,950
2022-08-01,23331.4426969608,445856833816.205857026607916832,1.068081818605,19109698.42744804,850
2022-08-02,23031.4268834015,440145933788.90643357400424178,1.054827227962,19110667.17738252,968.75
2022-08-03,22809.7474418469,435930163094.03583788655418767,1.044976588452,19111573.4273443,906.25
2022-08-04,22628.3320821157,432481698498.170065929856114846,1.037537603272,19112398.42727878,825
2022-08-05,23248.9715023378,444365402286.390312892729159228,1.065899475533,19113335.92721326,937.5
2022-08-06,22996.2750452952,439558670016.203894759578871808,1.054367720796,19114342.17717504,1006.25
2022-08-07,23153.6584713618,442589959621.645904831172144336,1.061585802404,19115335.92710952,993.75
2022-08-08,23803.6505154296,455036199177.594812118289611168,1.091208903728,19116235.92703308,900
2022-08-09,23186.2917464641,443255346045.03024546790471061,1.064322658536,19117129.6769621,893.75
2022-08-10,23923.0584830508,457362340117.16788976232211416,1.097349862382,19118054.6768802,925
2022-08-11,23934.4390561075,457600857167.33397349466061725,1.098103095757,19118929.6767983,875
2022-08-12,24396.3088462887,466454794651.844600385709115907,1.118913448413,19119892.17675461,962.5
2022-08-13,24426.2225748101,467047962181.513428388975902732,1.120303000575,19120760.92613532,868.75
2022-08-14,24314.2021315021,464926257245.77398751453845391,1.1152866103,19121592.1760971,831.25
2022-08-15,24083.9539748685,460545371976.77690929610178321,1.105125221321,19122498.42602066,906.25
2022-08-16,23868.8193530099,456453539165.37125378740880994,1.095336349684,19123423.4259606,925
2022-08-17,23336.3489310345,446289696753.93241254997786026,1.071575714816,19124229.67589508,806.25
2022-08-18,23221.1706028638,444107898934.28456231333201259,1.066480347068,19125129.67281305,900
2022-08-19,20906.7663141438,399867875573.126280766995064518,0.962223516455,19126242.17273661,1112.5
2022-08-20,21146.6548021625,404475733709.976164490598810375,0.97348633387,19127173.42265471,931.25
2022-08-21,21553.9961717125,412286690747.792849704933838125,0.99226378976,19128085.92259465,912.5
2022-08-22,21301.0840581531,407468270214.330469609393686099,0.981225385052,19128992.17250729,906.25
2022-08-23,21534.5143521333,411956706082.809285145182767031,0.992293505064,19130067.17246907,1075
2022-08-24,21424.9728232028,409880719562.257303813055715364,0.987637310218,19130979.67239263,912.5
2022-08-25,21587.8395844535,413017973174.871875788954236055,0.995543286361,19131973.42231073,993.75
2022-08-26,20246.1655733489,387371372434.259968639298623745,0.934524032452,19133073.42226705,1100
2022-08-27,20043.9909485681,383521315360.021808975265674671,0.925756657439,19133979.67221791,906.25
2022-08-28,19673.5412188778,376452934262.344409312707901094,0.908751979889,19134985.92216423,1006.25
2022-08-29,20270.960383986,387904432454.77752684695196162,0.936300029003,19135967.17209417,981.25
2022-08-30,19825.4632066043,379399486373.230177739550753717,0.91691540216,19136979.67202319,1012.5
2022-08-31,20024.6716059614,383230005973.095693003269158474,0.926540201628,19137892.17192491,912.5
2022-09-01,20105.4626072472,384793516403.905306057484295168,0.930819103606,19138754.67183744,862.5
2022-09-02,19948.8567472823,381812359032.214576645490974578,0.924346524698,19139560.92166686,806.25
2022-09-03,19803.8332697253,379054868118.29320055159935281,0.917781321543,19140479.6715677,918.75
2022-09-04,19961.9118907072,382101528755.666066808760019072,0.924996509034,19141529.67149126,1050
2022-09-05,19797.7967884278,378979046297.186411377384972632,0.917682178845,19142485.92139844,956.25
2022-09-06,18846.150537405,360778897291.7864038216809474,0.874858544608,19143373.42131108,887.5
2022-09-07,19292.9070745178,369348929285.850485536946123694,0.895970446823,19144285.92120723,912.5
2022-09-08,19319.1248512566,369866184453.40845011712300657,0.897686434169,19145079.67110895,793.75
2022-09-09,21363.3136152542,409021968745.912523423928689906,0.991990113442,19145998.42104343,918.75
2022-09-10,21715.2107980713,415780699701.908308203927843579,1.008276774233,19146979.67098883,981.25
2022-09-11,21732.7705686733,416141773128.159323088972525713,1.00926214108,19148123.42095061,1143.75
2022-09-12,22365.2145601987,428273275469.173323584960329075,1.038445934441,19149079.67086225,956.25
2022-09-13,20165.0421607247,386159265218.152540932135747093,0.939370352409,19149935.92080219,856.25
2022-09-14,20246.3660424313,387732682893.163376001965515975,0.944134275318,19150729.67072575,793.75
2022-09-15,19696.8698661601,377227526664.195155023776882823,0.919794265144,19151648.42066023,918.75
2022-09-16,19741.5776168907,378099547048.881744179811514641,0.922172305414,19152448.42060563,800
2022-09-17,20120.7023459965,385382092113.090832610685310505,0.939999035144,19153510.92054557,1062.5
2022-09-18,19427.1002626534,372115875618.313764356017027362,0.907953496893,19154473.42049643,962.5
2022-09-19,19557.9769582116,374638640658.995311832392113204,0.914684111914,19155285.92039269,812.5
2022-09-20,18872.9498667446,361534680159.248505156300277686,0.88338246827,19156235.92029441,950
2022-09-21,18506.7607481005,354536184092.754145903217723445,0.86699153682,19157117.17022889,881.25
2022-09-22,19414.5396449445,371942142414.487686815936789025,0.909510592046,19157917.17015245,800
2022-09-23,19326.8648199883,370278782421.100285937954719037,0.90563544045,19158760.92009239,843.75
2022-09-24,18924.7677872589,362592370354.345044891592248207,0.886975013788,19159673.42005963,912.5
2022-09-25,18793.1561531268,360088000637.693657202990517116,0.881057004179,19160592.17002687,918.75
2022-09-26,19201.1317209234,367923055167.100088797871827062,0.900322536822,19161529.66995043,937.5
2022-09-27,19106.7389135009,366129749393.519460468434606849,0.896561719809,19162335.91985761,806.25
2022-09-28,19454.937210111,372820281122.77532534010185229,0.913487552122,19163273.41981939,937.5
2022-09-29,19540.8664105786,374484430533.836473983121011714,0.917870607279,19164167.16973749,893.75
2022-09-30,19435.1946917008,372479848471.268524878017386576,0.91356153704,19165223.41967197,1056.25
2022-10-01,19311.861629398,370137989320.03864003138949558,0.907912672634,19166354.66963921,1131.25
2022-10-02,19015.2928050847,364472504804.056355433409697607,0.894190083633,19167335.91957081,981.25
2022-10-03,19633.4325859147,376339494804.44658437899417545,0.923308111571,19168298.4194235,962.5
2022-10-04,20339.9712811221,389903360703.017875061771282694,0.956568501176,19169317.16933614,1018.75
2022-10-05,20155.0996987142,386381543342.888542487750898208,0.948163366006,19170410.91925424,1093.75
2022-10-06,19950.5477957335,382480025164.32473753261644085,0.938866609583,19171404.6692051,993.75
2022-10-07,19539.1439216832,374613717471.000475995824560512,0.919983246052,19172473.41912866,1068.75
2022-10-08,19416.1772291058,372277378268.738564421808301436,0.914595870208,19173567.16906542,1093.75
2022-10-09,19428.3671323787,372530287709.72659474715100064,0.915262738221,19174554.6690272,987.5
2022-10-10,19154.4042346581,367297283273.812152444002967738,0.902773565181,19175604.66898898,1050
2022-10-11,19039.2820683811,365108428419.032885216310371412,0.897697758664,19176585.91892892,981.25
2022-10-12,19156.9115645821,367380563663.385310334282512076,0.904197086018,19177442.16884156,856.25
2022-10-13,19387.8336806546,371826387064.848133809561621668,0.915299590894,19178335.91877058,893.75
2022-10-14,19177.6941031561,367814957908.247431992671039866,0.905697877908,19179310.91870506,975
2022-10-15,19069.8749272355,365765176790.71970982866672082,0.900728724487,19180260.91866684,950
2022-10-16,19261.7497878434,369462722255.090105889716943072,0.909910910294,19181160.91863408,900
2022-10-17,19557.0218106371,375144717145.412407785505393878,0.924678135264,19182098.41855218,937.5
2022-10-18,19341.4075543542,371025948757.937690817336649584,0.91398573907,19182985.91843752,887.5
2022-10-19,19132.1544254822,367029904902.8826332321889784,0.904610705933,19183929.668372,943.75
2022-10-20,19033.3760239626,365152195991.486815005553557912,0.900242542303,19184835.91832412,906.25
2022-10-21,19174.8763487434,367885552007.786439570630909768,0.907143363442,19185810.91824852,975
2022-10-22,19207.6285078901,368530255223.417505977708768246,0.909318069409,19186660.91818846,850
2022-10-23,19565.4123243717,375413885984.599950775918134726,0.926261633178,19187629.66814478,968.75
2022-10-24,19341.460210111,371133215992.5733312866541918,0.915784798173,19188479.6680738,850
2022-10-25,20094.9611215663,385607075318.556722933548720962,0.951195313284,19189242.16801374,762.5
2022-10-26,20797.0308258328,399099408014.461629381421636352,0.983939477562,19190210.91793184,968.75
2022-10-27,20280.1751280538,389197949556.16186292162182052,0.959624512348,19191054.6678554,843.75
2022-10-28,20604.6138535944,395444746708.610352628945071792,0.975004031923,19192048.41781718,993.75
2022-10-29,20803.8999205143,399288048038.692262678571919128,0.98443454901,19192942.16777896,893.75
2022-10-30,20616.7033766803,395712590941.67687241101393986,0.975832100659,19193785.9177462,843.75
2022-10-31,20490.8581808884,393319300934.383333740400518768,0.97009674747,19194867.16770252,1081.25
2022-11-01,20483.966530976,393205452198.73164577426022784,0.970049689813,19195767.16765884,900
2022-11-02,20148.2845537697,386777142187.552282927132538404,0.954490976446,19196529.66759332,762.5
2022-11-03,20198.1111860316,387754343675.19781930884334116,0.956986021054,19197554.6675551,1025
2022-11-04,21157.2449275278,406184424138.866451151828867476,1.000981821699,19198360.91751142,806.25
2022-11-05,21283.4715999416,408627855628.675848813603883984,1.007111287598,19199304.66746774,943.75
2022-11-06,20946.8030359439,402181988995.938455369131177622,0.991409279364,19200160.91743498,856.25
2022-11-07,20568.5651183518,394938271820.2411841396806552,0.976088727485,19201060.917364,900
2022-11-08,18520.971163647,355641163800.59315025124191966,0.880744871078,19202079.66732578,1018.75
2022-11-09,15758.2912819988,302606639525.93429595155146148,0.753958696179,19203010.9172821,931.25
2022-11-10,17541.5602866745,336866889999.11126796427091983,0.839903712816,19203929.66724934,918.75
2022-11-11,16916.8506312098,324884177574.22611600277277442,0.811340136624,19204767.1671729,837.5
2022-11-12,16771.2426718293,322105315599.283034560191604344,0.806378353685,19205810.91706008,1043.75
2022-11-13,16320.4983375219,313461563543.26519134657831129,0.785273663056,19206617.1669891,806.25
2022-11-14,16629.4784146698,319408809507.617592189089035836,0.801361740695,19207385.91691782,768.75
2022-11-15,16855.59378609,323768223563.2403538115363014,0.81368542899,19208354.66683046,968.75
2022-11-16,16659.6063345996,320019245464.884554648082959472,0.806089820633,19209292.16678132,937.5
2022-11-17,16675.1790204559,320332768078.58754236233017929,0.81024033294,19210154.6667431,862.5
2022-11-18,16661.5229576271,320084907697.12211202924307818,0.818509642211,19211023.4167158,868.75
2022-11-19,16696.0040581531,320762664379.577888896824848189,0.820610369081,19211942.16666119,918.75
2022-11-20,16246.8446992987,312148570627.246511687739482041,0.799184425512,19212873.41662843,931.25
2022-11-21,15778.0174047341,303153772188.187569034169168603,0.777592696604,19213679.66657383,806.25
2022-11-22,16172.8893445354,310753451298.50076211068184231,0.79805211183,19214467.16653015,787.5
2022-11-23,16574.0617299825,318476370818.058729269550291225,0.817451445016,19215348.41649193,881.25
2022-11-24,16583.5243445354,318671568719.490970790101102794,0.81837142484,19216154.66645361,806.25
2022-11-25,16522.3887767388,317509479778.92088915243132398,0.816011276502,19216923.41642085,768.75
2022-11-26,16448.6413077148,316103485950.165358830046854268,0.812740435671,19217604.66634441,681.25
2022-11-27,16436.0707688486,315875880963.40688557267926619,0.812332752733,19218454.66631165,850
2022-11-28,16212.5814161309,311594845649.107011238702922559,0.802349876662,19219323.41626251,868.75
2022-11-29,16443.0368199883,316037505324.635685185012975807,0.814147810046,19220142.16622429,818.75
2022-11-30,17176.8986914085,330157249897.605462950440837135,0.850801464317,19221004.66615331,862.5
2022-12-01,16961.2918042081,326029288146.940862991362005325,0.840529289057,19221960.91609325,956.25
2022-12-02,17075.1091370544,328230420398.474210788089235536,0.84670015577,19222742.16603319,781.25
2022-12-03,16899.5073831093,324868709629.416102203669983443,0.838232388894,19223560.91598951,818.75
2022-12-04,17121.7149824664,329155312451.608200469276636992,0.84968361727,19224435.91595128,875
2022-12-05,16961.3517866745,326087897703.5941395775032762,0.84468600446,19225348.4159076,912.5
2022-12-06,17070.5158281707,328201017682.738353640416919122,0.850384196971,19226192.16585846,843.75
2022-12-07,16848.2518243717,323945839104.30493569661421269,0.839503933452,19227267.1658257,1075
2022-12-08,17231.4563223261,331331799697.21588278952715571,0.858945882155,19228310.9157711,1043.75
2022-12-09,17136.1490008767,329515480228.826932297487802678,0.854978591377,19229260.91573834,950
2022-12-10,17124.2146797195,329302474097.54338677044662065,0.854415449082,19230223.4150067,962.5
2022-12-11,17094.3606592636,328744079344.87819284619474942,0.853211507586,19231142.12327845,918.75
2022-12-12,17195.5249962011,330704952984.263610258866180229,0.858539391858,19232035.83823839,893.75
2022-12-13,17774.9166320865,341866163427.832819651381562205,0.887729303381,19233067.05195517,1031.25
2022-12-14,17809.7240835769,342552090974.318395125727291959,0.890254354657,19233992.02406511,925
2022-12-15,17344.0544569258,333610472205.632440842790155894,0.86728278142,19234860.74344143,868.75
2022-12-16,16606.1101750438,319429708503.907149360935544858,0.830992951979,19235673.20322591,812.5
2022-12-17,16774.3853702513,322681062399.087874534866561605,0.839657772493,19236535.66296085,862.5
2022-12-18,16776.1159254822,322729554932.293431249581562924,0.839875774864,19237441.87068242,906.25
2022-12-19,16424.1313857393,315972232645.326302114173709154,0.823536056851,19238291.82952578,850
2022-12-20,16901.8169362946,325176875097.131259082632211854,0.847633081501,19239166.79033799,875
2022-12-21,16800.5329707773,323243270748.162792806831244221,0.843195618816,19240060.49750977,893.75
2022-12-22,16814.2225791935,323520845954.727880443472582215,0.844194325117,19240904.20660089,843.75
2022-12-23,16780.5169798363,322886162998.30571607801715773,0.842886604017,19241729.1664071,825
2022-12-24,16837.612170076,323994138663.88389411271836496,0.84590101132,19242285.39006796,556.25
2022-12-25,16824.8389736996,323763179790.404203376995775636,0.845706555551,19243166.62385341,881.25
2022-12-26,16879.9382273524,324837072942.08773899325442906,0.848591013908,19243972.84912565,806.25
2022-12-27,16698.9112708942,321365396957.063333302933669014,0.8399359586,19244691.56963517,718.75
2022-12-28,16536.2942001753,318253243893.223087469336542335,0.83299277844,19245741.52108695,1050
2022-12-29,16630.5931551724,320082752198.536022993143580908,0.838526883526,19246622.72788417,881.25
2022-12-30,16593.6888287551,319388854075.396835069019803691,0.836965256607,19247610.18309141,987.5
2022-12-31,16524.2178024547,318067813339.409337625595025891,0.835246001939,19248585.14586753,975
2023-01-01,16606.7520432496,319672567829.925825311980253776,0.839542831106,19249553.85600931,968.75
2023-01-02,16688.7192729398,321266671119.171183606412357766,0.843780085391,19250528.80721017,975
2023-01-03,16670.0773836937,320923849121.506562232228348317,0.843211245785,19251491.26394741,962.5
2023-01-04,16848.3660391584,324371229130.03342753600930224,0.852695347503,19252384.97170235,893.75
2023-01-05,16824.8001826417,323934038866.730972158197664403,0.851818124476,19253366.18267459,981.25
2023-01-06,16957.8622738165,326515008906.598228979983108605,0.858998530318,19254491.14012137,1125
2023-01-07,16942.6285891292,326237998585.169932312073693548,0.858446501208,19255453.59558269,962.5
2023-01-08,17059.2399444769,328499715753.266999440286356117,0.864443193289,19256409.82965493,956.25
2023-01-09,17182.3198521333,330886115501.801258730801340125,0.870777665108,19257359.79479625,950
2023-01-10,17433.9146320865,335749580566.832709492740252095,0.883951640903,19258416.00422303,1056.25
2023-01-11,17833.7107656341,343465404948.394703122084296207,0.904886150128,19259334.72075027,918.75
2023-01-12,18869.7044842198,363435762403.209049643025206394,0.956915395927,19260278.43770103,943.75
2023-01-13,19868.7247454705,382696914618.544474385835873175,1.006737285894,19261272.15113735,993.75
2023-01-14,21010.9227200468,404719555363.717996289809159284,1.063923229924,19262340.86699913,1068.75
2023-01-15,20876.0085561075,402142059538.922407037672345325,1.056945343653,19263359.58610591,1018.75
2023-01-16,21180.4119485681,408025350489.230608937632725537,1.071886746547,19264278.30960177,918.75
2023-01-17,21178.2993962595,408005301935.658640746080745615,1.071274656024,19265253.28127717,975
2023-01-18,20709.6686040327,398995131352.913144537758567707,1.047738862359,19266128.25060941,875
2023-01-19,21071.8334152542,405991740732.931728133925145702,1.066296173366,19267034.46881981,906.25
2023-01-20,22660.7169421391,436623508826.335671900325157155,1.145445917644,19267859.43892205,825
2023-01-21,22803.172761543,439387994541.33990227616053013,1.152147571819,19268721.90708291,862.5
2023-01-22,22716.2771966686,437735066276.403513056291250636,1.147415859687,19269665.64488826,943.75
2023-01-23,22929.0248936295,441857284818.24144723324990552,1.157946337765,19270653.10749456,987.5
2023-01-24,22611.1268787259,435749412018.20020825966127809,1.14168583391,19271459.3286451,806.25
2023-01-25,23109.0845189947,445371057214.868657868120855106,1.166238508234,19272553.04504998,1093.75
2023-01-26,23008.6894766219,443458477430.537155122309141579,1.161820741319,19273521.76581441,968.75
2023-01-27,23070.4964582116,444671920357.24789176436104658,1.165635900125,19274484.23846005,962.5
2023-01-28,23008.8094649328,443507093772.120101142877820976,1.162375118008,19275534.20128317,1050
2023-01-29,23774.9963679135,458299678267.78876292496069132,1.200618353218,19276540.41143432,1006.25
2023-01-30,22799.427261543,439513744530.55255109973459351,1.15137768201,19277402.87019857,862.5
2023-01-31,23130.0519132087,445903953177.865276314225787563,1.167609671158,19278121.59051949,718.75
2023-02-01,23727.2026075395,457436212535.370552366131050605,1.196241930423,19278977.80878799,856.25
2023-02-02,23505.6048430742,453185335299.571789183485849248,1.184795889398,19279884.02447344,906.25
2023-02-03,23445.8131773816,452052047565.415649797682895936,1.181415746292,19280715.24520696,831.25
2023-02-04,23355.5243863238,450331066544.21321325072933871,1.176437733184,19281565.21323545,850
2023-02-05,22957.2251905319,442673043515.764491107661992521,1.156408398602,19282515.19257359,950
2023-02-06,22745.1650371128,438605028941.301156520593625752,1.145679319019,19283440.16082709,925
2023-02-07,23266.2692036821,448674357936.554755184574439853,1.171652534251,19284327.62505593,887.5
2023-02-08,22937.5799453536,442355589491.776779501800932896,1.154986688723,19285190.09179011,862.5
2023-02-09,21818.1989456458,420790203963.941345095589494622,1.099040577212,19286202.54184259,1012.5
2023-02-10,21620.5667837522,416998493072.583502030316886938,1.089446116412,19287121.25095429,918.75
2023-02-11,21864.8626414378,421730481059.588531522372634686,1.101770368949,19288046.21257187,925
2023-02-12,21772.1373252484,419964034322.395314833719971396,1.097210551986,19289058.67387569,1012.5
2023-02-13,21798.7157168323,420497959396.18624163845083079,1.09866674955,19290033.6358573,975
2023-02-14,22222.415043834,428692521757.38963315947014458,1.119923157609,19290996.09163937,962.5
2023-02-15,24304.6129827586,468884953214.808284480812374894,1.22364317031,19292014.79354679,1018.75
2023-02-16,23742.4488354763,458066234824.832752909097588282,1.195012046683,19293133.49263214,1118.75
2023-02-17,24607.3356054939,474777985910.941065428962414311,1.237767811543,19294164.69635749,1031.25
2023-02-18,24636.5266127995,475367066196.619754043317873085,1.239058645614,19295214.52710183,1050
2023-02-19,24366.9907606663,470190985337.335660344160689187,1.225347760367,19296227.01282949,1012.5
2023-02-20,24797.8430359439,478527590358.21405474491803562,1.246658143379,19297145.7099958,918.75
2023-02-21,24400.3893898305,470883335720.715929741621749785,1.226544841574,19298189.39352537,1043.75
2023-02-22,24163.7389812975,466337552716.174234751186055525,1.214898364016,19299064.31604459,875
2023-02-23,23910.0342104033,461466839224.232045509989705372,1.20196788302,19300132.95520284,1068.75
2023-02-24,23175.8242036821,447316040888.53904733533108757,1.165447448567,19300976.6106817,843.75
2023-02-25,23159.8154403857,447022542624.343035340695396075,1.164771417267,19301645.29052475,668.75
2023-02-26,23542.0964281122,454425911741.452192272895428072,1.183865293006,19302695.20087476,1050
2023-02-27,23504.1894178843,453714768533.166341901408990154,1.181751158136,19303570.11962878,875
2023-02-28,23145.9491277031,446819268836.43954019893076387,1.165088210397,19304426.2895077,856.25
2023-03-01,23610.6590902981,455815311827.325172444673801892,1.188892073095,19305488.68136532,1062.5
2023-03-02,23470.0254815897,453121431949.608598836246450383,1.181929202448,19306388.58083239,900
2023-03-03,22350.0962340736,431523107640.153715768292551168,1.126016843463,19307438.46114988,1050
2023-03-04,22334.2852638808,431239053644.686623067171681024,1.125231451633,19308388.36119328,950
2023-03-05,22419.8171390999,432912254426.866776042199192344,1.130220819242,19309357.06303656,968.75
2023-03-06,22414.7033056692,432831999828.836889754632644256,1.130223291427,19310181.97860168,825
2023-03-07,22174.6484725307,428219361920.739864149129282736,1.122035533533,19311213.09324048,1031.25
2023-03-08,21701.3846227352,419098099713.969752384122123824,1.098460296734,19312044.23126562,831.25
2023-03-09,20349.8141732905,393013679640.098265693828165555,1.031092147146,19312887.88651131,843.75
2023-03-10,20240.406694623,390917907908.01063217577416473,1.026171253096,19313737.80210951,850
2023-03-11,20585.2343290473,397599044509.804817822848104762,1.043781214381,19314768.93361194,1031.25
2023-03-12,22065.9800359439,426221507105.430774921544133094,1.118453254664,19315775.07145146,1006.25
2023-03-13,24154.4290946815,466585218228.07847180016162051,1.222477139001,19316756.21059554,981.25
2023-03-14,24769.0175691409,478479673367.314693412427172325,1.252017069531,19317668.61691925,912.5
2023-03-15,24409.8017518995,471562885492.73518448632647978,1.233259096934,19318587.27431244,918.75
2023-03-16,25043.2388468732,483820966773.283110679718122024,1.264318230866,19319424.68510582,837.5
2023-03-17,27450.6282933957,530355563505.565925574551422833,1.381709504388,19320343.33921469,918.75
2023-03-18,26985.7359915254,521401004462.554223833382318266,1.357927080335,19321355.72015879,1012.5
2023-03-19,28185.2043319696,544602429934.958287219141060448,1.41718434858,19322280.70872038,925
2023-03-20,27834.3361090006,537849646186.574437813195792572,1.398348824456,19323243.20868762,962.5
2023-03-21,28172.7950558153,544415302326.47372235235385582,1.413889214116,19324149.4586494,906.25
2023-03-22,27341.5571297487,528379507078.966962340317838368,1.371700451034,19325143.20861664,993.75
2023-03-23,28387.8897495617,548632503448.671289993282685396,1.421886913625,19326286.95858388,1143.75
2023-03-24,27464.1249453536,530807367185.912941438232076032,1.375231386162,19327299.45855112,1012.5
2023-03-25,27488.954880187,531312174636.2839144654439123,1.376280144651,19328205.7085129,906.25
2023-03-26,28049.3916911163,542169657055.998332469779485284,1.403671575252,19329105.70847468,900
2023-03-27,27154.9963702513,524906913723.993166002171863591,1.357098415255,19330030.70842007,925
2023-03-28,27283.9634029807,527422700745.333487493013780295,1.363066939643,19330868.20838185,837.5
2023-03-29,28389.2917784921,548815740560.065616019875040323,1.417071461284,19331786.95834363,918.75
2023-03-30,28021.5583009936,541733941198.057388405432624208,1.420441511641,19332755.70826653,968.75
2023-03-31,28514.6813062537,551292496354.688437733275382247,1.443820674085,19333636.95822831,881.25
2023-04-01,28494.5638863238,550928486203.383130144693499956,1.442211549223,19334511.95818462,875
2023-04-02,28161.9980362361,544524713657.57355414191376504,1.425206305097,19335443.2081464,931.25
2023-04-03,27850.9799436002,538533843979.470173321690833634,1.409099995135,19336261.95810817,818.75
2023-04-04,28113.9585187025,543647331979.097442162640355525,1.4219430768,19337274.45807541,1012.5
2023-04-05,28190.3116063705,545148282923.031732693834135965,1.424960408187,19338143.20803173,868.75
2023-04-06,28049.0744763296,542445068149.413702116005420896,1.41726242259,19339143.20799351,1000
2023-04-07,27936.8042609585,540298652289.073580995110545465,1.411891341659,19340030.70795529,887.5
2023-04-08,27964.0512498539,540851301862.026671373523317534,1.413111240664,19340949.45791706,918.75
2023-04-09,28357.8072703098,548492793650.61994519341355614,1.432780320048,19341861.9578843,912.5
2023-04-10,29687.5651846873,574235609982.352656218472938126,1.498410626119,19342630.70784062,768.75
2023-04-11,30247.0959193454,585087519181.19736909238054896,1.524007596955,19343593.2078024,962.5
2023-04-12,29913.0035463472,578654885226.657198832881059008,1.506773205338,19344593.20776964,1000
2023-04-13,30370.82207218,587538152475.1359534227797928,1.528589539867,19345480.70772596,887.5
2023-04-14,30458.9700414962,589270068912.423581768725427336,1.531450017782,19346355.70768228,875
2023-04-15,30342.0591084161,587038231196.817480168335269554,1.525286478334,19347343.20763314,987.5
2023-04-16,30312.9308533022,586498169368.507619318860974836,1.523487449103,19348118.20760038,775
2023-04-17,29469.5050727645,570208016248.91769285893720298,1.481199761253,19349086.95755124,968.75
2023-04-18,30366.8723813559,587602759964.485337488403487045,1.524898878521,19350124.45750755,1037.5
2023-04-19,28796.7440952659,557245599384.408507219452141219,1.445557031038,19350993.20745841,868.75
2023-04-20,28251.2763790181,546713741184.974025016400754265,1.418296444501,19351824.45742565,831.25
2023-04-21,27292.0211052016,528175134909.002800611850654416,1.370138666353,19352730.70737651,906.25
2023-04-22,27827.5475920514,538564949198.457576977881548236,1.396814023725,19353661.95734374,931.25
2023-04-23,27604.6855742256,534277114846.292519345371877088,1.385375480736,19354580.70731098,918.75
2023-04-24,27520.1996729982,532666177826.665868731426108344,1.381178300296,19355461.95725092,881.25
2023-04-25,28302.6942180012,547833832702.540289546726395584,1.420027669157,19356243.20719632,781.25
2023-04-26,28384.2340333139,549435199387.87000351809422759,1.423548393886,19357055.7071581,812.5
2023-04-27,29465.5514272355,570390261178.37700774605278591,1.477024680925,19357868.20711442,812.5
2023-04-28,29350.811886616,568196114329.57789380166844576,1.470212541775,19358786.95705436,918.75
2023-04-29,29221.5145075979,565718094832.819118415858140106,1.463534273428,19359643.20691614,856.25
2023-04-30,29362.0867974868,568466684139.169951190296965836,1.470402257877,19360568.20688327,925
2023-05-01,28114.9531873174,544353449574.56473160402696887,1.408272273073,19361705.70684505,1137.5
2023-05-02,28690.5809959088,555521717581.175599122779559152,1.436592482997,19362511.95681229,806.25
2023-05-03,29045.0427735243,562410583931.322723555607754901,1.45181633614,19363393.20677407,881.25
2023-05-04,28855.8574465225,558773645025.0817426774661678,1.442232154866,19364305.70675768,912.5
2023-05-05,29552.9695236704,572294716419.607034164798507904,1.476466635695,19365049.45674676,743.75
2023-05-06,28899.4629602572,559666442122.563688768074900172,1.443843173393,19365980.70670801,931.25
2023-05-07,28761.738434249,557024258369.15609675552563495,1.429877064919,19366849.45670255,868.75
2023-05-08,27727.2854091175,537013903849.535353538630499625,1.378067479397,19367705.70670255,856.25
2023-05-09,27642.4281092928,535396500180.691431817946979264,1.374090435543,19368649.45669163,943.75
2023-05-10,27646.004902104,535495151707.03926472586618952,1.374436923429,19369711.95669163,1062.5
2023-05-11,26986.271065751,522741765621.67451899964370524,1.341912915639,19370655.70667524,943.75
2023-05-12,26773.3443591467,518640829707.002868720515417708,1.331264514159,19371536.95667524,881.25
2023-05-13,26841.3982913501,519983463986.636531025330298432,1.334669775407,19372443.20666432,906.25
2023-05-14,26918.261597896,521501767636.86112053929027072,1.338338944895,19373530.70666432,1087.5
2023-05-15,27231.6216052016,527597676412.837812101132726176,1.352469393563,19374449.45665886,918.75
2023-05-16,27025.7181864407,523634254375.96971487365455338,1.341803499909,19375405.7066534,956.25
2023-05-17,27401.0440610754,530933746512.833806144018651308,1.360182926857,19376405.70663702,1000
2023-05-18,26843.2350938048,520149069256.538608815195636864,1.332798511609,19377286.95661518,881.25
2023-05-19,26889.503631502,521070836897.92111987728339852,1.335285312277,19378224.45660426,937.5
2023-05-20,27100.8582878434,525188703696.173687705123868544,1.345668504663,19379043.20660416,818.75
2023-05-21,26777.0977831677,518939805773.357723032325870313,1.329584607553,19379986.95659869,943.75
2023-05-22,26858.7370637054,520546146828.681785179432185926,1.331796174941,19380886.95659869,900
2023-05-23,27226.8558763881,527706821772.362961085633066965,1.349756710174,19381849.45658765,962.5
2023-05-24,26341.4306446522,510568856611.54911334878306533,1.306148991112,19382730.70658765,881.25
2023-05-25,26484.8359234366,513373437575.888136933395919788,1.312302574122,19383674.45658218,943.75
2023-05-26,26720.3838071303,517964772439.359268167826918054,1.323951129649,19384630.70658218,956.25
2023-05-27,26854.5403702513,520589684799.388049679374129736,1.330559181986,19385536.95657672,906.25
2023-05-28,28097.5211259497,544713631696.418992030870910984,1.391560954233,19386536.95657672,1000
2023-05-29,27765.0728693746,538296723420.281638156366259332,1.374801000798,19387549.45657042,1012.5
2023-05-30,27712.4915844535,537303974431.53382792564996547,1.371662586882,19388511.95657042,962.5
2023-05-31,27217.6832580362,527734362861.803943515517331552,1.347122513076,19389393.20656496,881.25
2023-06-01,26825.3713451198,520149803853.8614504786733281,1.32755818548,19390218.2065595,825
2023-06-02,27255.2279941555,528512754630.38769115695200225,1.348499664123,19391243.2045595,1025
2023-06-03,27079.4084643483,525125397359.786874294642446931,1.339845350422,19392055.70354857,812.5
2023-06-04,27158.25456955,526679506782.184398950772348,1.343716524322,19392980.70254856,925
2023-06-05,25785.8514842198,500086760503.23622296065957338,1.276417765634,19393843.2015431,862.5
2023-06-06,27213.7705187025,527805281358.12237284572059645,1.3462357416,19394786.95153218,943.75
2023-06-07,26339.5790292227,510872747611.903502920522899602,1.303228127244,19395630.69877126,843.75
2023-06-08,26521.693600526,514430501556.39989432126251272,1.312170481703,19396593.19290972,962.5
2023-06-09,26470.6775780245,513468924118.9322759806059706,1.309627647538,19397649.4407988,1056.25
2023-06-10,25863.2138506721,501710449004.70023318110533148,1.279906228962,19398611.9397788,962.5
2023-06-11,25906.8281516657,502582898459.831018519810752438,1.282204028842,19399630.68877334,1018.75
2023-06-12,25906.7519354179,502606840607.850670279894615318,1.282415132209,19400611.92776242,981.25
2023-06-13,25880.8599734074,502128298740.513232093370656696,1.281288526881,19401530.67774604,918.75
2023-06-14,25097.5853796026,486950552678.458239296749927678,1.242758133707,19402286.92574603,756.25
2023-06-15,25559.1433293396,495929474633.99500935793284078,1.265794710232,19403211.92474055,925
2023-06-16,26331.8200943892,510947065430.74211750657404362,1.303742036635,19404168.17368485,956.25
2023-06-17,26514.1713495032,514508639698.387874104436675848,1.312806147734,19405043.17167839,875
2023-06-18,26353.962682934,511424654895.87791182134959626,1.304485514887,19405986.91167839,943.75
2023-06-19,26778.0634415547,519678514144.506136835397704271,1.326002267293,19406874.40967293,887.5
2023-06-20,28305.4204573349,549343799477.717731534288188717,1.401058308786,19407724.40761833,850
2023-06-21,30099.5153509643,584185860834.03645152639405328,1.487688159529,19408480.6357296,756.25
2023-06-22,29952.5112866745,581358382042.0335984077987952,1.479224774259,19409336.8825696,856.25
2023-06-23,30638.3537644652,594694065924.922402931226597928,1.511461032551,19410118.13156414,781.25
2023-06-24,30549.0162872589,592987890855.036292401142335846,1.506266238891,19411030.62956414,912.5
2023-06-25,30467.4403705435,591433552695.034333537108688445,1.501725462895,19411986.87851847,956.25
2023-06-26,30255.8861241964,587354472876.425818781397265544,1.490477217783,19412899.37651846,912.5
2023-06-27,30667.0762948568,595363699913.820321890802549768,1.508993136561,19413774.37449651,875
2023-06-28,30104.0432717709,584453424037.34407558907995185,1.480047953676,19414449.3734965,675
2023-06-29,30460.792978083,591407318592.34581101844595401,1.4974352167,19415361.87248547,912.5
2023-06-30,30484.503257744,591897765637.36797559386619088,1.497404119431,19416349.37046277,987.5
2023-07-01,30581.6889655172,593810178287.038252053201959544,1.500071404388,19417180.61931102,831.25
2023-07-02,30594.2164736996,594086124744.982076003202449592,1.500295120753,19418249.36931102,1068.75
2023-07-03,31135.3575993571,604620797716.762908558452468334,1.525922363387,19419105.61930554,856.25
2023-07-04,30799.9474558738,598134575137.065318271598868008,1.509148391226,19419986.86828916,881.25
2023-07-05,30497.8221282876,592297040619.17231587503199212,1.494037535141,19420961.8682837,975
2023-07-06,29979.7298094681,582261234281.434344859035711669,1.470491737414,19421830.61628349,868.75
2023-07-07,30329.8829786674,589095022829.255888086689773218,1.487208780434,19422924.35627257,1093.75
2023-07-08,30263.6196341321,587841663177.43055877695428391,1.483788128844,19424036.8562671,1112.5
2023-07-09,30163.2210563998,585923377405.317697316975243672,1.478660537861,19425093.10626164,1056.25
2023-07-10,30394.6555806546,590448269412.572279585155469544,1.489525354536,19426055.60526164,962.5
2023-07-11,30616.247094097,594778750901.72632727563623022,1.499536522954,19426899.35424526,843.75
2023-07-12,30385.6087852133,590325510735.384238054935084722,1.487755265888,19427799.35423434,900
2023-07-13,31434.7354704851,610731309494.014222455624929688,1.538500113181,19428549.35322888,750
2023-07-14,30310.6720204559,588918530172.948088186586505063,1.483457241083,19429411.85122857,862.5
2023-07-15,30290.8905958504,588560314529.384662966379382744,1.482403144167,19430274.34822311,862.5
2023-07-16,30249.7729658095,587790692134.452090738423257545,1.480253300626,19431243.09722311,968.75
2023-07-17,30143.7462744009,585756083872.922236802809755885,1.475399676867,19432093.09621765,850
2023-07-18,29835.7474076563,579801229885.062938251955013734,1.45985580542,19433105.59521218,1012.5
2023-07-19,29913.0294646406,581330729751.319154470511658426,1.463037215762,19434030.59320671,925
2023-07-20,29805.6065707189,579266914318.240594400111771372,1.457534391178,19434830.58946748,800
2023-07-21,29919.6934921099,581505118062.623637126136814892,1.463442609814,19435530.58843908,700
2023-07-22,29726.0096271186,577765664913.160535478215763702,1.453936935337,19436368.08843907,837.5
2023-07-23,30066.5724482759,584412592865.550608445349312999,1.470319604139,19437286.83643361,918.75
2023-07-24,29178.3597042665,567175501671.5082203930474544,1.427138509577,19438224.3354336,937.5
2023-07-25,29221.2548533022,568034510474.912168253292510654,1.42923855151,19439086.83342257,862.5
2023-07-26,29361.5917580362,570788957155.026948326501915038,1.436080716187,19439986.83241699,900
2023-07-27,29201.6865175336,567705587810.322736174196468952,1.429632064392,19440849.33140607,862.5
2023-07-28,29316.3130751023,569959677160.048497868950211717,1.440164978549,19441724.32938379,875
2023-07-29,29360.376179135,570840562162.57631299113214455,1.442211649973,19442549.32837833,825
2023-07-30,29262.8367337814,568974872634.133916226609317062,1.437384415792,19443599.32737833,1050
2023-07-31,29219.8201887785,568164226105.163295158418732165,1.435482408871,19444480.57635069,881.25
2023-08-01,29499.5875385739,573629784670.505815269543410874,1.449024030947,19445349.32633966,868.75
2023-08-02,29143.1519620105,566726820626.51549991957898643,1.432048628755,19446311.82533966,962.5
2023-08-03,29192.3448617767,567710991370.106224929962972358,1.434367776395,19447255.57532874,943.75
2023-08-04,29057.2532437171,565105804695.382049186047059454,1.427652983063,19448011.82532874,756.25
2023-08-05,29053.0956975453,565052912292.718208939610993678,1.427408392655,19448974.32532326,962.5
2023-08-06,29048.0433275862,564984423123.512414365390515012,1.427044043698,19449999.32532326,1025
2023-08-07,29164.3585873758,567273367302.801725282152424166,1.432710437146,19450911.82455677,912.5
2023-08-08,29779.511383986,579261915351.56496926622588522,1.46267267691,19451693.07455677,781.25
2023-08-09,29582.9442375804,575468304282.020800340770050324,1.452750656477,19452705.57455131,1012.5
2023-08-10,29430.1599117475,572519595905.101008583306779925,1.445222004734,19453499.32252903,793.75
2023-08-11,29399.784739626,571956438561.50120486719798482,1.443460117805,19454443.07252357,943.75
2023-08-12,29415.733902104,572297423307.24420587261259128,1.444002195989,19455486.82252357,1043.75
2023-08-13,29286.1176110462,569800385426.159216359885546682,1.437480909277,19456330.57251811,843.75
2023-08-14,29408.9717127411,572222106279.279132263182523394,1.443311936754,19457399.32251254,1068.75
2023-08-15,29167.59721654,567556759131.4547710743631032,1.43140313407,19458468.07050708,1068.75
2023-08-16,28754.2924079486,559543774142.679890650671826046,1.411251226179,19459486.82040961,1018.75
2023-08-17,26660.5627264757,518826863048.630696754319569862,1.309597789983,19460461.82038766,975
2023-08-18,26037.3658474576,506721783913.45656668214133864,1.279955274829,19461330.56938765,868.75
2023-08-19,26093.981808007,507846438071.15138309818519533,1.282875825078,19462205.56938219,875
2023-08-20,26176.4721642315,509478386019.288687473778821985,1.287026193244,19463218.06937219,1012.5
2023-08-21,26128.9050160725,508579521674.7415575152322441,1.285209423972,19464249.31936116,1031.25
2023-08-22,25978.2096914085,505669568328.70555976009032263,1.278234400958,19465143.06934478,893.75
2023-08-23,26452.1935882525,514919209015.0047226190383383,1.301640510691,19466030.56933932,887.5
2023-08-24,26126.7943331385,508607674820.29226863580205582,1.286264498958,19466899.31933932,868.75
2023-08-25,26040.881255114,506957185572.90490488200100386,1.282530939849,19467743.06930749,843.75
2023-08-26,26006.1740800701,506303782993.018832626062584949,1.280910484603,19468599.31930649,856.25
2023-08-27,26086.3612594974,507883827671.599498731352607868,1.284719699038,19469324.31930082,725
2023-08-28,26103.2765730567,508232408563.720806450844216494,1.285785965076,19470061.81930082,737.5
2023-08-29,27672.2221306254,538807201879.903691242604118144,1.3631929159,19471049.31929536,987.5
2023-08-30,27298.997779661,531561630095.86506813258187635,1.344866297954,19471836.81929535,787.5
2023-08-31,25954.8665935126,505412286329.011675100499010022,1.279294333561,19472736.81827897,900
2023-09-01,25802.7885298071,502475261599.459363395403490967,1.272142442172,19473680.56824577,943.75
2023-09-02,25868.2960976037,503775509930.825778701809661349,1.275429178013,19474630.56824577,950
2023-09-03,25962.5475689655,505636660531.693027674952099305,1.280178738226,19475618.06824031,987.5
2023-09-04,25799.5256870251,502485734430.552076871730801781,1.272295663234,19476549.31824031,931.25
2023-09-05,25782.3622200468,502171430649.916220807738935452,1.271797475869,19477324.31822939,775
2023-09-06,25754.7902676797,501656133395.863796331322646383,1.270666304167,19478168.06822939,843.75
2023-09-07,26210.6045637054,510558478038.275315896617750222,1.293153415402,19479080.56822393,912.5
2023-09-08,25904.6982127411,504621236835.853274223134120706,1.278230950625,19479911.81721846,831.25
2023-09-09,25894.6205976037,504449363829.6964601920874881,1.277871761676,19480855.567213,943.75
2023-09-10,25831.4647802455,503242767131.7789328530157915,1.274805713565,19481774.317213,918.75
2023-09-11,25135.0393781414,489700142564.457331803213266156,1.240998802155,19482768.06720754,993.75
2023-09-12,25859.7018068381,503841361451.70365842944070284,1.276849786407,19483649.3171964,881.25
2023-09-13,26226.8667524839,511019169908.623653080146483281,1.294929881704,19484568.04739079,918.75
2023-09-14,26556.056943308,517460186589.92448812235133332,1.31072461763,19485580.54739079,1012.5
2023-09-15,26672.6160818235,519762749395.753253654763549255,1.316247721823,19486755.54738533,1175
2023-09-16,26555.6361031561,517508914919.998211613390840013,1.31045230781,19487724.29738533,968.75
2023-09-17,26502.4321189363,516496770733.766100599355242918,1.30778359727,19488655.54737986,931.25
2023-09-18,26764.6319064874,521632787593.762221806187261356,1.320321096515,19489630.54736894,975
2023-09-19,27215.0504848042,530434922294.038919456633758426,1.341491282124,19490499.29524153,868.75
2023-09-20,27133.4037235535,528868345382.321140214882376855,1.337531751739,19491411.79524153,912.5
2023-09-21,26571.5952919345,517940823891.062051909647752415,1.310046276386,19492274.29518607,862.5
2023-09-22,26581.1476116306,518148451376.850485656813602666,1.310529519075,19493080.54518061,806.25
2023-09-23,26575.776386616,518069661036.8464458198357924,1.310250960634,19494055.54517515,975
2023-09-24,26286.6410488019,512457226998.516020726964152785,1.296058458113,19494968.03517515,912.5
2023-09-25,26288.8095005845,512523325127.04504331840220429,1.296187807462,19495874.28505082,906.25
2023-09-26,26194.5378880772,510707682977.896618231393311304,1.291644411828,19496724.28504082,850
2023-09-27,26336.0825973115,513493183428.734368704364913315,1.298711354638,19497705.53503481,981.25
2023-09-28,27033.4254415546,527114436863.465395536831515626,1.332826815107,19498618.03503481,912.5
2023-09-29,26911.2514739918,524756938047.957368889039937156,1.326653306014,19499536.78501742,918.75
2023-09-30,26977.6933126826,526075791386.055005889447930892,1.329742814001,19500399.28501742,862.5
2023-10-01,27950.1453594389,545063625648.501181376716000244,1.377331393995,19501280.53500196,881.25
2023-10-02,27565.8892954413,537597189376.079468843739564948,1.35843524556,19502261.78500196,981.25
2023-10-03,27439.1422393337,535153460226.514446588723385048,1.351957092666,19503286.78494104,1025
2023-10-04,27797.251176505,542160520527.8175065258082652,1.369035570095,19504105.53494104,818.75
2023-10-05,27426.3450926359,534950498590.646255213851384935,1.350981968888,19504986.78492465,881.25
2023-10-06,27941.9633760959,545035568358.975183352292673935,1.37581058469,19505986.78492465,1000
2023-10-07,27972.7515704266,545666018320.836920216398226454,1.376921632645,19507055.53391919,1068.75
2023-10-08,27936.3261157218,544981306054.719171246029721342,1.375035048808,19507980.53391919,925
2023-10-09,27591.3467618352,538278357094.678364874669757296,1.357643501831,19508955.53381373,975
2023-10-10,27419.7971803039,534959366481.384937784757392547,1.349224905545,19509968.03381373,1012.5
2023-10-11,26828.1725710111,523443617438.489401632137441797,1.320267435058,19510968.03380827,1000
2023-10-12,26741.3405990649,521777018609.807180674725363723,1.316151935393,19511999.28353827,1031.25
2023-10-13,26842.4467703098,523772953760.598411610862678424,1.321220609655,19512861.78352188,862.5
2023-10-14,26861.9892375804,524178794761.675932370581259152,1.321559699731,19513774.28252188,912.5
2023-10-15,27130.3067092344,529442998597.068683025483628848,1.334644980263,19514818.03251642,1043.75
2023-10-16,28506.7936741671,556330012853.786493807235573782,1.401484702482,19515699.28251642,881.25
2023-10-17,28433.2051522501,554922670009.31561568514062555,1.397569787083,19516711.7825055,1012.5
2023-10-18,28328.0750195792,552896547827.53423244649717344,1.392147247637,19517618.0324782,906.25
2023-10-19,28690.358041204,559992553526.07522404111683128,1.410163206398,19518493.03246182,875
2023-10-20,29704.9853673291,579821427846.189439334144984127,1.458847579295,19519330.53243997,837.5
2023-10-21,29922.5464044418,584096126027.663456982731606518,1.469157536053,19520268.03243451,937.5
2023-10-22,29984.1593196961,585327499000.036525246701352411,1.471860430263,19521224.28243451,956.25
2023-10-23,32954.1690482174,643338061309.710898623723028948,1.613500605985,19522205.53242902,981.25
2023-10-24,33880.9566537113,661457680682.435016053670284813,1.654397557736,19522993.03242901,787.5
2023-10-25,34488.6589210988,673352887607.27317058959299674,1.681601781377,19523893.03242355,900
2023-10-26,34181.4922521917,667387843568.638159031161889467,1.663662918099,19524830.53240151,937.5
2023-10-27,33896.938528346,661864606136.33452688106758292,1.648793504518,19525793.03239602,962.5
2023-10-28,34091.5890327294,665699403187.607655286720987812,1.65738945553,19526793.03239598,1000
2023-10-29,34574.3377206312,675155541179.4106481467048836,1.679987904494,19527649.2823905,856.25
2023-10-30,34495.1050207481,673641945531.776965080807411367,1.674700476949,19528624.28239007,975
2023-10-31,34636.4264736996,676435313127.443734458558372408,1.679986208289,19529593.03238398,968.75
2023-11-01,35431.9794532437,692005135084.231031503628212377,1.715331297044,19530524.28237621,931.25
2023-11-02,34882.9173366452,681313058707.276962128781729988,1.687432786238,19531424.28232469,900
2023-11-03,34708.2218804792,677930509621.077365116084076648,1.677473281454,19532274.28231819,850
2023-11-04,35091.0763062537,685445372905.599928835763637065,1.695198047921,19533324.28231745,1050
2023-11-05,35105.0420265926,685753933111.165918297322540084,1.69531363252,19534343.03231134,1018.75
2023-11-06,35017.7151484512,684075855228.601736327726255616,1.690062847822,19535136.78229968,793.75
2023-11-07,35418.4768901227,691934232277.766594178037231465,1.707693280842,19535968.03228795,831.25
2023-11-08,35797.8946090006,699379861493.969846609298462206,1.724477503,19536899.28228701,931.25
2023-11-09,36675.3264333723,716554937246.175674897582128014,1.762200964364,19537793.03227018,893.75
2023-11-10,37367.4943722969,730114337393.773683003546719868,1.792853668717,19538755.53226972,962.5
2023-11-11,36979.9312405026,722578816039.14036805324299645,1.773581111946,19539755.53225825,1000
2023-11-12,37053.3410514319,724050510722.784148685294429501,1.776498366314,19540761.78225779,1006.25
2023-11-13,36543.2680870836,714110932281.143851317334112892,1.751221714879,19541518.03225147,756.25
2023-11-14,35590.6835645821,695526681621.990942355195203069,1.705402061503,19542380.53225089,862.5
2023-11-15,37840.5534894798,739529498353.953778080844432908,1.810152914492,19543305.53223946,925
2023-11-16,36160.4044509059,706727280727.506845710794328218,1.729237075753,19544230.53223902,925
2023-11-17,36569.7120534775,714761166975.2007602380448396,1.747806543208,19545168.03222224,937.5
2023-11-18,36577.4249617183,714945979789.767105941016273587,1.74769689693,19546099.28222189,931.25
2023-11-19,37442.7285119813,731899071791.29397009011575893,1.78814575059,19547161.7822161,1062.5
2023-11-20,37516.0503708358,733371228930.537469532378660382,1.789732455017,19548199.28221029,1037.5
2023-11-21,36035.0330862069,704454241190.684255663404248909,1.717720966087,19549149.28218361,950
2023-11-22,37403.0347168323,731230704479.348525637518118975,1.780655097435,19550036.78218325,887.5
2023-11-23,37311.7192156634,729479763214.528627675093366768,1.775570834214,19550955.53217752,918.75
2023-11-24,37718.7841630625,737477876623.195758615444675,1.793664605571,19552005.5321772,1050
2023-11-25,37800.1260932203,739105838366.730224597855610262,1.796938311512,19552999.28217154,993.75
2023-11-26,37482.7055260082,732933517212.29420980995752266,1.781247130023,19553911.7821613,912.5
2023-11-27,37229.2452197545,728007625505.059734662319392835,1.768699884325,19554724.28215563,812.5
2023-11-28,37828.4655911748,739759969555.18967329014172266,1.795694998493,19555643.03215545,918.75
2023-11-29,37846.8531227352,740151719383.566702773318450904,1.794443185541,19556493.03214977,850
2023-11-30,37712.7114789597,737559963657.608369426157139911,1.787790724759,19557330.53214963,837.5
2023-12-01,38703.5536820573,756979072757.149851581288030627,1.831958430263,19558386.78214399,1056.25
2023-12-02,39462.2799272355,771849857306.78811931363265193,1.866562636124,19559180.53214366,793.75
2023-12-03,39978.2226104617,781982500933.86885529563557525,1.88957149278,19560211.7821325,1031.25
2023-12-04,41910.2994815897,819814934315.096806201259135782,1.974157660867,19561180.53213206,968.75
2023-12-05,44067.0054763296,862040657424.901430046569522112,2.070210110876,19562043.03212622,862.5
2023-12-06,43745.8343907072,855795078786.49726169030090112,2.049004981703,19562893.03212585,850
2023-12-07,43282.6182261835,846764339890.76883829059711468,2.024192806038,19563611.78212008,718.75
2023-12-08,44205.0522089421,864847778236.876548861063390528,2.063554127808,19564455.53211968,843.75
2023-12-09,43740.0063927528,855792329926.905077717039994432,2.040603828859,19565436.78211944,981.25
2023-12-10,43732.7120900059,855687879830.67423873097049856,2.039126541822,19566311.7821184,875
2023-12-11,41209.8947904734,806366344749.79670982433275588,1.920421604102,19567299.2821182,987.5
2023-12-12,41467.2735698422,811439872900.628400335161744524,1.928403638971,19568199.28211442,900
2023-12-13,42939.0607583285,840280084906.09063506276878388,1.994507456072,19569130.53211368,931.25
2023-12-14,43033.1371560491,842160345950.725398828940575305,1.997076014934,19570043.03211355,912.5
2023-12-15,41978.0970195792,821555930265.735322825124877072,1.945584187067,19571061.78211341,1018.75
2023-12-16,42203.2140450029,826001802531.842884918343028338,1.954587603816,19572011.78211322,950
2023-12-17,41428.6657855056,810881174245.314967340662028304,1.918432937883,19572949.28211309,937.5
2023-12-18,42635.7331911163,834551810875.268025613105541433,1.970997560336,19573999.28211291,1050
2023-12-19,42271.863025716,827472216777.70775073010671888,1.952266717846,19575011.78205268,1012.5
2023-12-20,43605.1555549386,853610950918.371980492358433254,2.010355157868,19575918.03205239,906.25
2023-12-21,43870.2382340736,858840219309.127223769741013248,2.02055347695,19576830.53205018,912.5
2023-12-22,44009.5016551724,861612765680.021542051458868276,2.024349186253,19577880.53204999,1050
2023-12-23,43768.8067518995,856944238425.81846265131874706,2.012046953684,19578880.53204988,1000
2023-12-24,43097.8093258329,843852920767.259772377124503433,1.978993772604,19579949.28204977,1068.75
2023-12-25,43623.7504029807,854188718516.318548790498451369,2.002168071468,19580818.03204967,868.75
2023-12-26,42491.1229079486,832047859801.01993849549405313,1.947666354666,19581686.78204955,868.75
2023-12-27,43436.9594269433,850603955311.532277322342215618,1.98454282113,19582493.03204946,806.25
2023-12-28,42670.6797180012,835630557952.10476041922175922,1.948191066046,19583249.28204935,756.25
2023-12-29,41998.6033442431,822508753451.749700872295493513,1.915289168243,19584192.99589623,943.75
2023-12-30,42204.4917744009,826579160024.251020400620842571,1.923525954915,19585099.24589619,906.25
2023-12-31,42217.1587913501,826868406538.170851410630805616,1.923147103068,19586074.24589616,975
2024-01-01,44049.4735534775,862798932438.551517021648152975,2.005011405976,19587042.99589609,968.75
2024-01-02,44941.160493571,880301238448.19064090881980887,2.041843744783,19587861.74589597,818.75
2024-01-03,42773.6515423729,837886611759.971915025844414985,1.941607815328,19588849.24589465,987.5
2024-01-04,44250.7452670953,866868194472.456113653167916803,1.991280476371,19589911.74589451,1062.5
2024-01-05,44146.3222022209,864860632050.227567414496984005,1.983754393826,19590774.24589445,862.5
2024-01-06,43917.9798147282,860425656118.423463837309312952,1.972626827535,19591649.24589436,875
2024-01-07,43844.195949737,859012443610.01010375080585696,1.968589392178,19592386.74589408,737.5
2024-01-08,46981.3242995324,920512392403.762042727562960924,2.105199604079,19593155.49589401,768.75
2024-01-09,46084.005795149,902974871223.53720138427049706,2.061111820714,19594105.49589394,950
2024-01-10,46818.1592764465,917398869581.06125213530513335,2.090437479903,19594936.7458919,831.25
2024-01-11,46380.8708082992,908880379024.565634365777558528,2.06755309096,19596017.99589184,1081.25
2024-01-12,42817.4305356517,839096097616.406630705764452756,1.910157143573,19597067.99588868,1050
2024-01-13,42846.9544699006,839717259324.388649615411275148,1.911017344621,19598061.74588858,993.75
2024-01-14,41888.1513068381,820960086253.579874079149356993,1.868072683047,19598861.74588853,800
2024-01-15,42528.9192489772,833548710417.609963093765513988,1.895817002527,19599574.24588579,712.5
2024-01-16,43171.4472241379,846175712864.970303994707196651,1.915131498731,19600355.49588569,781.25
2024-01-17,42689.304327294,836757824473.36385228986772652,1.892920670298,19601111.74588458,756.25
2024-01-18,41261.9076177674,808815882007.232893292604442974,1.826405496575,19601999.24588451,887.5
2024-01-19,41606.8535330216,815611837232.077245921831633256,1.840326498572,19602824.24588441,825
2024-01-20,41668.6904102864,816861256061.063889087392469248,1.842828285649,19603717.99588432,893.75
2024-01-21,41537.1123562244,814318181968.093177746822301212,1.836787376079,19604592.99588423,875
2024-01-22,39577.0998603156,775932511818.811494461718640896,1.750703117876,19605592.99588416,1000
2024-01-23,39737.3143617767,779111859291.350169238797979688,1.75685238167,19606555.49587864,962.5
2024-01-24,40101.8568980129,786296878249.512654584522693553,1.769398537471,19607492.99587857,937.5
2024-01-25,39917.6611461134,782730418148.3041597938265982,1.759912897525,19608624.244873,1131.25
2024-01-26,41860.7310458796,820871113388.833274436902079228,1.843658004535,19609574.24487293,950
2024-01-27,42125.3014155465,826104247111.5658400774633457,1.854538165179,19610642.9948698,1068.75
2024-01-28,41983.0202744009,823356005467.929939576360270793,1.847823938144,19611642.99486977,1000
2024-01-29,43218.3470821157,847624931690.991662059095114882,1.900281404617,19612617.99486426,975
2024-01-30,42950.0541277031,842401659509.739738526569493587,1.884454643724,19613517.99476277,900
2024-01-31,42589.4708059614,835364222162.08843108864955652,1.865776569305,19614336.7445918,818.75
2024-02-01,43020.3596548802,843856959361.579320936808541266,1.883692689819,19615292.99455433,956.25
2024-02-02,43155.3852030976,846556232629.225426968587337728,1.888479126867,19616467.99455428,1175
2024-02-03,42982.3789979544,843203026562.882784693642184608,1.880647419447,19617411.74454332,943.75
2024-02-04,42576.2913050847,835277882869.200544411190589198,1.862423695961,19618380.49453234,968.75
2024-02-05,42619.2742738165,836162692896.98084931880352295,1.863325630825,19619355.4945323,975
2024-02-06,43102.7062632963,845693113581.418365790512187527,1.881777313878,19620417.99453229,1062.5
2024-02-07,44253.0314731151,868307228059.183511435304374277,1.929905898886,19621417.99453227,1000
2024-02-08,45332.09157218,889519016233.1360528334656396,1.974244701407,19622280.49453222,862.5
2024-02-09,47176.9665137347,925768615916.411752921805995299,2.050894304805,19623317.99453217,1037.5
2024-02-10,47792.8972156634,937900623195.308444279507034944,2.075743628106,19624267.99453216,950
2024-02-11,48200.7986057861,945946661324.015535308314419302,2.091679256465,19625124.24452782,856.25
2024-02-12,49989.80371654,981112034988.735624070841075,2.163451148703,19626242.99451125,1118.75
2024-02-13,49628.0941528346,974054908900.811575779954150606,2.144571750971,19627086.74447811,843.75
2024-02-14,51844.2929193454,1017597474063.253353153382182284,2.227481564237,19627955.49447146,868.75
2024-02-15,51939.1472919345,1019510236754.08290409512200832,2.227672856945,19628936.74445056,981.25
2024-02-16,52157.3123977206,1023836267564.016665311290164742,2.233361065632,19629774.24444057,837.5
2024-02-17,51674.8158521333,1014413414440.102252505869357427,2.211108586549,19630711.74443719,937.5
2024-02-18,52148.0645365283,1023743059920.698813218018911628,2.229209056718,19631467.99443716,756.25
2024-02-19,51804.8051537113,1017048408416.950016875695493173,2.207720044105,19632317.99442621,850
2024-02-20,52308.0531712449,1026974429999.088250077781614135,2.226411177484,19633199.24442615,881.25
2024-02-21,51744.321808007,1015951209301.8634071065997827,2.199223255693,19634061.7444261,862.5
2024-02-22,51292.3252574518,1007119959019.426868666368815836,2.176256754311,19634905.49442602,843.75
2024-02-23,50789.1431759205,997290498112.265798541800240775,2.151044247173,19635899.24440955,993.75
2024-02-24,51578.2349164231,1012829187887.01522695178665945,2.182874558495,19636755.4944095,856.25
2024-02-25,51746.4789669784,1016185995310.120056491030661216,2.188723304731,19637780.49437124,1025
2024-02-26,54551.8259184687,1071322129159.330999542570827379,2.30035580813,19638611.74437117,831.25
2024-02-27,57049.888220339,1120426601291.38617739741600629,2.39296751458,19639417.99437111,806.25
2024-02-28,62460.740619813,1226750759834.85874352716323654,2.578804516452,19640349.24436558,931.25
2024-02-29,61394.7818515488,1205865991757.462710228212494496,2.523625575021,19641180.49434917,831.25
2024-03-01,62524.401817066,1228113241125.58678776229336048,2.552193764104,19642142.99432728,962.5
2024-03-02,62049.6145637054,1218836653884.749584832607643934,2.530515094253,19642936.74432721,793.75
2024-03-03,62991.4422913501,1237397939322.018953305534392223,2.564912446775,19643905.49431723,968.75
2024-03-04,68091.8388243717,1337644545844.467432110113580538,2.751198902437,19644711.74430514,806.25
2024-03-05,63950.524329924,1256356364718.29000152308282,2.565781926711,19645755.494305,1043.75
2024-03-06,66103.7215400351,1298715391395.493923225111502341,2.612226371577,19646630.49430491,875
2024-03-07,67070.3791484512,1317782410417.256465900796523488,2.630694305772,19647755.49427749,1125
2024-03-08,68343.7149552893,1342866381837.384480793456019349,2.663773784415,19648717.99427193,962.5
2024-03-09,68502.5053392753,1346056196239.383653257812580572,2.664446669894,19649736.74426524,1018.75
2024-03-10,68882.2513395675,1353579668685.426183684560837625,2.673324643842,19650630.49424315,893.75
2024-03-11,72198.0875341905,1418814650993.161119759429856185,2.776042557045,19651692.99423977,1062.5
2024-03-12,71432.7283018702,1403836996419.445049264785586088,2.732831670246,19652574.24421644,881.25
2024-03-13,73081.5759053185,1436314177938.628489358411516365,2.746836537171,19653574.24420429,1000
2024-03-14,71505.2729076563,1405397203963.986307283452314569,2.676637138189,19654455.49419763,881.25
2024-03-15,69424.9141753361,1364563991872.797144581830581656,2.593181988006,19655249.24419096,793.75
2024-03-16,65433.6819006429,1286174217035.593098257441825805,2.443363523614,19656149.24418545,900
2024-03-17,68285.0891691993,1342284214005.924872221265164593,2.541969044316,19657061.74418201,912.5
2024-03-18,67770.8865245471,1332237494666.770487819363094527,2.51875351754,19657961.74415137,900
2024-03-19,61969.3075394506,1218251084304.75197498372527001,2.30649799611,19658942.99414585,981.25
2024-03-20,67848.1076396844,1333885263897.73648760302961754,2.517432122856,19659874.24412035,931.25
2024-03-21,65454.7357232612,1286880964052.164079600894103904,2.425056482588,19660624.24410392,750
2024-03-22,63486.4849997078,1248237492815.0354158224214396,2.347242779085,19661467.993082,843.75
2024-03-23,64361.2429047341,1265499269578.233731316775212154,2.355130916016,19662442.99308194,975
2024-03-24,67289.5658310929,1323148747346.792037680524519439,2.459089042138,19663505.49308191,1062.5
2024-03-25,70042.0204237288,1377329438014.781895976089924432,2.531973278125,19664330.49307314,825
2024-03-26,70071.0472144945,1377958914921.44706658115451625,2.529858023857,19665167.9930425,837.5
2024-03-27,69267.8879815897,1362223531385.00484738455292954,2.497305617703,19666017.9930282,850
2024-03-28,70826.8968714202,1392950313815.106243383995437678,2.542320039061,19666967.99301939,950
2024-03-29,69917.0430070134,1375119172323.96549292236876507,2.50681430136,19667867.99301605,900
2024-03-30,69663.0119073641,1370190408232.724827179763199241,2.495980095994,19668836.74301601,968.75
2024-03-31,71227.4517939801,1401022109461.656063457516839306,2.54947270434,19669692.99300506,856.25
2024-04-01,69791.6277305669,1372845320592.962943000280250564,2.483865174687,19670630.49299956,937.5
2024-04-02,65533.7548351841,1289150894904.950946494037115314,2.325824861038,19671555.49299954,925
2024-04-03,66130.2162393337,1300942909083.021331143482039813,2.343574739079,19672442.99299949,887.5
2024-04-04,68438.135024547,1346404337707.19223602028810246,2.422340254314,19673305.49297218,862.5
2024-04-05,67904.9094766219,1335976840644.872778242476291067,2.401839662162,19674230.49293393,925
2024-04-06,69136.0710783168,1360265973337.553316110884413888,2.442327543695,19675199.24290541,968.75
2024-04-07,69392.6830108124,1365388593961.608644460130904892,2.449775072637,19676261.74288233,1062.5
2024-04-08,71712.7972840444,1411110586059.4548629109051293,2.52594267686,19677249.24284075,987.5
2024-04-09,69074.5418638223,1359260007106.198932614439238328,2.431151797828,19678161.74280136,912.5
2024-04-10,70579.4456767972,1388940357095.897016600609581304,2.480887886464,19679105.49278382,943.75
2024-04-11,70046.5536057861,1378511306220.926306667048460902,2.459930871341,19679930.49278382,825
2024-04-12,67098.113691993,1320543247051.60041877385567148,2.355699837214,19680780.49277836,850
2024-04-13,64551.6482875512,1270492985833.117120352988692928,2.266724603585,19681805.49276744,1025
2024-04-14,65648.8099602572,1292151526364.209485785942185568,2.303797513539,19682786.74276744,981.25
2024-04-15,63393.325166277,1247813165529.84981139431756219,2.224653591762,19683667.99275647,881.25
2024-04-16,63784.8203340152,1255585004528.342670205330837432,2.235583060627,19684699.24275641,1031.25
2024-04-17,61324.2184286967,1207201304926.81548480369725889,2.150115532828,19685555.4927367,856.25
2024-04-18,63510.14500263,1250290039869.5878726102831086,2.223657090198,19686461.74273122,906.25
2024-04-19,63762.6310300994,1255319975339.040110162650754102,2.229521797353,19687392.99271483,931.25
2024-04-20,64907.9928366452,1277895532215.442978902357488316,2.268874228093,19687799.24271483,406.25
2024-04-21,64968.192619813,1279109157045.17675689966692679,2.270178573833,19688236.74271483,437.5
2024-04-22,66944.5960911748,1318052855171.249075463698267876,2.336371416788,19688711.74270937,475
2024-04-23,66385.3002919345,1307075893683.751824125488576265,2.315430605828,19689236.74270937,525
2024-04-24,64189.9679064874,1263882566632.75072415871192453,2.229186378145,19689721.11769845,484.375
2024-04-25,64515.3874725307,1270318817448.162540757543467415,2.239412644798,19690167.99269845,446.875
2024-04-26,63777.4715002922,1255815635501.88337900226648709,2.213395882136,19690583.61769845,415.625
2024-04-27,63429.3099649328,1248987882000.53249583094491416,2.200293292653,19691021.11769845,437.5
2024-04-28,62978.5770049678,1240140042894.857994440882310232,2.182739504636,19691458.61769844,437.5
2024-04-29,63908.3888766803,1258475557385.625170830097421929,2.213049963714,19691867.99269843,409.375
2024-04-30,60636.3261633548,1194069248252.204506950583492964,2.099491659604,19692308.61769843,440.625
2024-05-01,58141.7772799532,1144969805261.135709813413569004,2.01516295818,19692721.11769297,412.5
2024-05-02,59170.1088936295,1165247264400.393491267679783405,2.050901531028,19693174.24267659,453.125
2024-05-03,62983.6554783752,1240373492062.469508114212276568,2.180678249434,19693577.36767659,403.125
2024-05-04,63881.1305429573,1258076134304.825547256271985891,2.210725676775,19694017.99266567,440.625
2024-05-05,64067.5959918177,1261776217571.701691021369188359,2.216655067084,19694452.36766567,434.375
2024-05-06,63228.1031341321,1245266971187.336994612103415007,2.186202853853,19694833.61766567,381.25
2024-05-07,62396.999720339,1228922316589.06995064680496025,2.157205469069,19695214.86765475,381.25
2024-05-08,61079.27442782,1202993674653.4017460158223104,2.110540935051,19695611.74265472,396.875
2024-05-09,62998.4903381064,1240822352263.66152797220706008,2.175223560734,19696064.8676547,453.125
2024-05-10,60896.6418880772,1199451802640.426911032303237468,2.102988744981,19696517.99264919,453.125
2024-05-11,60843.5729240211,1198436760485.340698792509717698,2.100448702876,19697014.86764918,496.875
2024-05-12,61431.2746879018,1210038071267.050639717705811506,2.119745795365,19697427.36764917,412.5
2024-05-13,62886.9394491526,1238739810860.90010559824872862,2.168233271084,19697886.7426437,459.375
2024-05-14,61555.5670046756,1212540748352.619656514443779412,2.121406641577,19698311.74263277,425
2024-05-15,66281.5322542373,1305663490423.484824319202836321,2.275705533512,19698752.36763277,440.625
2024-05-16,65269.2603246639,1285751959588.023359826531471192,2.238813737175,19699196.11762728,443.75
2024-05-17,66956.4409476914,1319020493592.986031729427184478,2.293532882786,19699680.49262727,484.375
2024-05-18,66977.6006914085,1319464124823.795342438681809795,2.293351817746,19700080.49262727,400
2024-05-19,66259.4704260666,1305348788162.148900809649672546,2.267741433359,19700561.74262181,481.25
2024-05-20,71202.2025902981,1402758099414.359957817087768888,2.430732575262,19701049.24261848,487.5
2024-05-21,70217.2546914085,1383383873548.005903916883586825,2.392177115696,19701480.49261845,431.25
2024-05-22,69074.9141350088,1360911099802.735429616988796088,2.350508549105,19701958.61760751,478.125
2024-05-23,67758.7306586791,1335015492496.505239525185967041,2.30342600975,19702486.74257751,528.125
2024-05-24,68608.998279661,1351802183524.93466358973512599,2.329942400919,19702986.74256659,500
2024-05-25,69282.7925976037,1365112585433.804069404462727181,2.351755247843,19703486.74255113,500
2024-05-26,68445.0069532437,1348641220725.702130869110340885,2.321857258415,19704011.74255105,525
2024-05-27,69347.815260374,1366456821776.78018366120763944,2.349289009693,19704396.11754556,384.375
2024-05-28,68342.8204488603,1346682624470.323276257691593618,2.276025405912,19704814.86754006,418.75
2024-05-29,67584.2632402104,1331764329620.136051040495220208,2.249666771523,19705242.99254002,428.125
2024-05-30,68375.4760260082,1347381651646.683030495214088082,2.274593932765,19705627.36754001,384.375
2024-05-31,67377.7626122151,1327752245108.245316315169893166,2.240434640049,19706089.86751266,462.5
2024-06-01,67714.3526399766,1334414955080.083608581956931754,2.250811711614,19706530.49250719,440.625
2024-06-02,67805.4855742256,1336240533927.671225560530939808,2.252890611825,19706967.99250718,437.5
2024-06-03,68833.3028351841,1356529467104.469703493687285847,2.282844084426,19707458.61712567,490.625
2024-06-04,70554.0894330801,1390471342294.432158583840127835,2.336035028633,19707877.36709835,418.75
2024-06-05,71087.4433158971,1401009939445.891038073928722648,2.350051564625,19708261.74209288,384.375
2024-06-06,70788.5013755114,1395147734909.96260958320003349,2.333807126267,19708677.36709285,415.625
2024-06-07,69338.1573240795,1366594140735.11296986218357589,2.283767499815,19709121.11707542,443.75
2024-06-08,69310.1092618352,1366078592262.968334253353392432,2.281753656488,19709658.61707541,537.5
2024-06-09,69644.0190894214,1372693139520.203885820039385132,2.291783692164,19710136.74207538,478.125
2024-06-10,69465.9362478083,1369213276623.994986723839656428,2.284430208974,19710571.11703716,434.375
2024-06-11,67368.263506429,1327892843551.05193216469677306,2.210797104332,19710955.49203714,384.375
2024-06-12,68213.8346838106,1344590981955.842533549181411366,2.236528862009,19711411.74203711,456.25
2024-06-13,66783.4902767388,1316427135683.066745139370860548,2.189193919128,19711864.86702071,453.125
2024-06-14,65982.1865195792,1300658337179.10790304492168944,2.162288948988,19712264.8670207,400
2024-06-15,66204.904308007,1305076332518.8727523404947449,2.168574282271,19712683.6170207,418.75
2024-06-16,66622.5999336645,1313344170121.058070289260285825,2.181700780897,19713192.99199885,509.375
2024-06-17,66483.8785260082,1310638614936.662145262944230488,2.17600767278,19713630.49199884,437.5
2024-06-18,65112.1230020456,1283627261670.329206768062765736,2.131170120016,19714105.49199881,475
2024-06-19,64878.7141525424,1279053591186.536654030927748528,2.122527340691,19714533.61697697,428.125
2024-06-20,64897.7011542957,1279454884177.929941701275970029,2.122824344632,19714949.24197697,415.625
2024-06-21,64086.0489228521,1263481239279.285771460164916137,2.094841851078,19715386.74197697,437.5
2024-06-22,64258.135506429,1266904515441.62460185873983779,2.094393635978,19715861.74197151,475
2024-06-23,63345.0218760959,1248923864108.922252674151544932,2.064629768046,19716211.74197148,350
2024-06-24,60258.9554374635,1188106947758.88681514984054098,1.965852605759,19716686.74197148,475
2024-06-25,61739.6658477498,1217325575193.91904542295787039,2.013824808421,19717074.24196055,387.5
2024-06-26,60794.4760584454,1198712185856.719524600234960062,1.983142815892,19717452.36696053,378.125
2024-06-27,61569.9234275278,1214027045201.079041359368077734,2.00449611147,19717858.61696053,406.25
2024-06-28,60303.3147364115,1189077674566.551062406429417725,1.963323618484,19718280.49194415,421.875
2024-06-29,60889.3298430742,1200662758639.69700837614570593,1.982090071071,19718771.11694415,490.625
2024-06-30,62763.2796861485,1237638479045.04323487116874479,2.04224535277,19719149.24194414,378.125
2024-07-01,62835.3997647575,1239088312485.809404361964346575,2.04314593286,19719589.86693321,440.625
2024-07-02,62028.6170385739,1223207576249.121635095074177741,2.017079157971,19720052.36693319,462.5
2024-07-03,60216.3920859147,1187497690834.354338537483344631,1.956495892684,19720505.49192773,453.125
2024-07-04,57418.2420213326,1132341877598.468351133527851684,1.867131113244,19720942.99191134,437.5
2024-07-05,56720.9881256575,1118612820894.606054242325449475,1.84216706331,19721321.11691133,378.125
2024-07-06,58259.221773232,1148978860522.48682190329378624,1.891715119434,19721836.74191132,515.625
2024-07-07,56112.5725587376,1106667719773.187591996638321168,1.82212870475,19722277.36689043,440.625
2024-07-08,56691.9149061952,1118121839034.7311610378418784,1.84231499501,19722774.2418795,496.875
2024-07-09,57981.4320967271,1143582599028.234752297536117076,1.882826099963,19723255.49186956,481.25
2024-07-10,57722.0113527177,1138490509268.565149472696568983,1.873671456415,19723680.49186079,425
2024-07-11,57307.712738457,1130344087896.42043174053052302,1.860391707754,19724117.99185086,437.5
2024-07-12,57859.1202819988,1141247236802.80177329336321722,1.877696697499,19724586.74173565,468.75
2024-07-13,59329.0372016365,1170269292685.84171906580940609,1.924461076714,19725067.99172466,481.25
2024-07-14,61015.0339412624,1203557535228.193548035433357008,1.978252221421,19725589.86670117,521.875
2024-07-15,64734.7611697837,1276962300259.140131210486156986,2.094337235781,19726067.99166178,478.125
2024-07-16,65118.8266583869,1284568316160.646561280277253226,2.10249498714,19726527.36664754,459.375
2024-07-17,64201.3707805377,1266501997732.331682639495704601,2.0722141993,19727024.24161113,496.875
2024-07-18,63984.3022022209,1262245674295.565076786631700862,2.063284607936,19727427.36657918,403.125
2024-07-19,66755.7833828171,1316950533921.24338724479327027,2.146794861585,19727886.7415737,459.375
2024-07-20,67185.4978112215,1325462534018.332366479432437905,2.159544550027,19728402.36657367,515.625
2024-07-21,68056.6201215663,1342684327868.013404712373163697,2.186185421436,19728930.49154719,528.125
2024-07-22,67535.1976738749,1332434998137.291956006271043467,2.167482354881,19729489.86647783,559.375
2024-07-23,65916.4081616014,1300531918961.33714474960069506,2.109594621683,19730017.9914679,528.125
2024-07-24,65353.3857784921,1289452069316.241137453902229676,2.091076478928,19730455.49142156,437.5
2024-07-25,65722.0611917007,1296759680321.89555214947286127,2.101052278672,19730964.8664161,509.375
2024-07-26,67912.2433091759,1340008042854.50613070487749199,2.167988897972,19731464.8664161,500
2024-07-27,68077.3730812391,1343299057385.039126126944682405,2.17149524018,19731946.11639955,481.25
2024-07-28,68170.6691309176,1345171498943.896849370390106888,2.173689504641,19732408.61638863,462.5
2024-07-29,66867.167277031,1319487462592.140869692671842,2.130351323441,19732964.866382,556.25
2024-07-30,66186.9146861484,1306095087232.029248847111937596,2.10753663783,19733433.61637869,468.75
2024-07-31,64690.6340385739,1276596836711.347787160268157855,2.060104597961,19733874.24136445,440.625
2024-08-01,65178.0554891876,1286244065719.222623371675056524,2.073446664875,19734311.74135899,437.5
2024-08-02,61506.7698877849,1213817797251.565920783390423402,1.958129492294,19734702.36635898,390.625
2024-08-03,60688.2444272355,1197690043760.843212028862238305,1.931910948089,19735124.24134891,421.875
2024-08-04,58306.2644786675,1150707429146.878820905059176775,1.85658107668,19735571.11634013,446.875
2024-08-05,54343.6276773816,1072529021264.889412594489219344,1.734614783702,19736058.61633134,487.5
2024-08-06,56047.4712866744,1106180699377.313935810221507864,1.790105908673,19736496.11628981,437.5
2024-08-07,55129.7410376973,1088088938095.443318221249372739,1.76102665944,19736877.36627343,381.25
2024-08-08,61908.7896724138,1221911146638.463911910654077612,1.974027468759,19737280.49125374,403.125
2024-08-09,60720.9407594974,1198490907345.185026102880675302,1.934847151042,19737686.74125373,406.25
2024-08-10,60871.5550727645,1201488224323.970781347831914815,1.937094140148,19738089.86623947,403.125
2024-08-11,58836.1043722969,1161341917394.851173380886946767,1.872742222889,19738592.99123943,503.125
2024-08-12,59394.1629538282,1172382636726.979923330676747644,1.890144044639,19739021.11623942,428.125
2024-08-13,60536.2457846289,1194954421029.101317415218529856,1.926417221684,19739486.74122304,465.625
2024-08-14,58840.6466797195,1161508436746.067357571877340085,1.87350048326,19739899.24122303,412.5
2024-08-15,57644.1876879018,1137919278895.1728914569359014,1.835793831991,19740399.241223,500
2024-08-16,58927.2765087668,1163274113459.305330635478062944,1.876508258409,19740842.99121208,443.75
2024-08-17,59414.6743351841,1172923422382.603421115724740246,1.891903199321,19741308.61621206,465.625
2024-08-18,58793.2061458212,1160683488749.227983085742043672,1.871999609436,19741796.11621206,487.5
2024-08-19,59411.5190169492,1172914231316.017929161686192596,1.891279440638,19742202.36620113,406.25
2024-08-20,59123.3002662186,1167251872460.359942911499484832,1.882426600371,19742671.11620112,468.75
2024-08-21,61133.0256493279,1206957302716.625198935335233969,1.945233846186,19743130.49120111,459.375
2024-08-22,60394.4737749854,1192406173923.517191369169543656,1.921170694846,19743630.49119564,500
2024-08-23,64106.8029152543,1265733883467.168152161485210564,2.035903975825,19744142.99119548,512.5
2024-08-24,64023.226703682,1264114353900.4880318083466469,2.032046751517,19744621.11619545,478.125
2024-08-25,64498.0183413209,1273515741882.974868295710845677,2.046583028581,19745036.74118453,415.625
2024-08-26,62983.4427729398,1243636765954.650774817332381294,1.998001382993,19745455.49118453,418.75
2024-08-27,59548.0076215663,1175828958505.758020906355183013,1.891971799295,19745899.24113451,443.75
2024-08-28,59100.7747548217,1167027678458.670650762504392168,1.875827072948,19746402.36612904,503.125
2024-08-29,59339.7909947399,1171771866967.594216300753514645,1.883349152914,19746814.86612355,412.5
2024-08-30,59142.9399640561,1167910930786.791796597302464809,1.876982694923,19747258.61610169,443.75
2024-08-31,58959.926273232,1164323996819.61027222292238304,1.87073697854,19747717.99109622,459.375
2024-09-01,57349.0807180012,1132538921721.955963416440628888,1.820019010688,19748161.74109074,443.75
2024-09-02,59159.0238877849,1168312845795.648158998016329466,1.877143284457,19748683.61607434,521.875
2024-09-03,57637.7754444769,1138297029175.874218617967180229,1.829729699885,19749149.24106341,465.625
2024-09-04,58033.3989704851,1146137641743.474502476953514253,1.841861370616,19749621.11604703,471.875
2024-09-05,56112.9529400935,1108236739981.004220580181097305,1.781930708989,19750105.49104703,484.375
2024-09-06,53838.9534623028,1063349406183.805186792041026892,1.710811543806,19750558.61604639,453.125
2024-09-07,54066.4399248977,1067869086202.057275292688768999,1.718206634267,19751052.36604087,493.75
2024-09-08,54859.2584082408,1083556715258.813745296377601496,1.743469313486,19751574.24104087,521.875
2024-09-09,57135.7814371712,1128547518526.822387332120688768,1.814072811646,19752027.36603539,453.125
2024-09-10,57664.4998214494,1139015466135.682619088311380542,1.830850569033,19752455.49102993,428.125
2024-09-11,57409.1950663355,1133991945926.98132757086525816,1.822802476165,19752792.99102992,337.5
2024-09-12,58124.6418065459,1148151626487.319723793048426033,1.844923692611,19753267.99102987,475
2024-09-13,60536.8814503215,1195824511492.55137847033808921,1.918166417135,19753652.36601894,384.375
2024-09-14,60007.1702507306,1185386846216.022326684118422952,1.901061522523,19754086.74101892,434.375
2024-09-15,59129.9197536528,1168085465734.029255794263910976,1.873189573393,19754558.61601892,471.875
2024-09-16,58227.46421654,1150280600030.674692039852463,1.844209085413,19754949.24101345,390.625
2024-09-17,60238.2177255991,1190031170202.884560657462895913,1.906555569386,19755417.99101343,468.75
2024-09-18,61306.2337317358,1211156711137.165103554506584564,1.938486988135,19755849.24099158,431.25
2024-09-19,62994.6096528346,1244536027989.034520613387337564,1.989407371018,19756230.49095334,381.25
2024-09-20,63153.9518270018,1247712645343.231070451706085958,1.991251479392,19756683.61595331,453.125
2024-09-21,63367.7296078317,1251962918584.13568370117895961,1.997224680189,19757105.4909533,421.875
2024-09-22,63571.9521729983,1256024783427.43880897468627939,2.00309504051,19757530.4909533,425
2024-09-23,63336.0126347165,1251392097859.850218358957479,1.993210662996,19757986.740926,456.25
2024-09-24,64342.7891113384,1271313129462.336701926633131632,2.02322807255,19758439.86592598,453.125
2024-09-25,63059.6269167154,1245988223233.761069481761126092,1.980828516174,19758889.86592598,450
2024-09-26,65057.7861461134,1285496061106.93045418244206667,2.040909822528,19759296.11591505,406.25
2024-09-27,65767.7132542373,1299551877858.943713821073705707,2.061133588941,19759724.24090959,428.125
2024-09-28,65770.5276478667,1299634003244.564969704511219471,2.059734897491,19760127.36590413,403.125
2024-09-29,65617.7610689655,1296647099791.241595270253777515,2.054377793402,19760611.74090413,484.375
2024-09-30,63260.0425482174,1250084222714.11363055449435134,1.980655974681,19761039.8659041,428.125
2024-10-01,60858.2487086499,1202652137478.441652200002584524,1.906306811115,19761530.49089476,490.625
2024-10-02,60686.0993135593,1199279596723.504826004206961229,1.901135632078,19762014.86483653,484.375
2024-10-03,60765.2367498539,1200873514750.205433577183161451,1.903667765594,19762508.61481409,493.75
2024-10-04,62052.5100496785,1226346035907.78086134469456952,1.942653036999,19763036.73978672,528.125
2024-10-05,62030.4538977206,1225939409986.730931451124173226,1.941600018448,19763508.61478671,471.875
2024-10-06,62789.8814555815,1240978188262.510150886203298605,1.964736190677,19763983.61478667,475
2024-10-07,62416.508829924,1233629090802.9285200007726288,1.952455630153,19764467.9897812,484.375
2024-10-08,62126.3273769725,1227926230938.88736872632648835,1.926780183281,19764989.86473206,521.875
2024-10-09,60615.2581917008,1198084020487.345946472617167264,1.880158282942,19765386.73972658,396.875
2024-10-10,60221.1172869667,1190322842678.682376407325399701,1.868650690361,19765871.11472103,484.375
2024-10-11,62462.539962595,1234653841758.97376582717331485,1.931911669891,19766308.61470463,437.5
2024-10-12,63202.8806992987,1249315889028.006854387483171033,1.953970337674,19766755.48970459,446.875
2024-10-13,62759.431113384,1240577394495.5433285061427544,1.939547429605,19767186.7396991,431.25
2024-10-14,66089.7587410871,1306437310355.320595731022234302,2.039522213226,19767621.11469362,434.375
2024-10-15,66933.974833723,1323158084525.47267058965968041,2.060181206339,19768108.61468267,487.5
2024-10-16,67662.9534038574,1337598426066.137663220542754132,2.079852586869,19768549.23967718,440.625
2024-10-17,67337.9075482174,1331205778724.28715523857122758,2.067823405287,19769039.8646717,490.625
2024-10-18,68390.5375625365,1352044329417.827954972733243105,2.097751626956,19769464.86466077,425
2024-10-19,68357.8982963179,1351436024579.499460768632440796,2.095293659588,19770005.48965524,540.625
2024-10-20,69012.3532089421,1364411911597.13075643587161348,2.110307256847,19770546.1146388,540.625
2024-10-21,67440.4625058445,1333370812454.557330922215638865,2.056928495458,19771080.48953557,534.375
2024-10-22,67425.7553211572,1333109112878.573520363403078692,2.054857304008366812,19771511.73952461,431.25
2024-10-23,66647.2866642315,1317749059876.31351030394783729,2.030149964645596177,19771983.61450366,471.875
2024-10-24,68130.9948369374,1347116211228.256969478203252538,2.073553431763930493,19772442.98945587,459.375
2024-10-25,66261.5376861485,1310184157590.395914947893422915,2.015882390039283956,19772921.11445039,478.125
2024-10-26,67023.3399611338,1325277793277.346362780398252182,2.038385405545456195,19773377.36445039,456.25
2024-10-27,68000.1475008767,1344626789947.332434953201130612,2.067245071448436549,19773880.48945036,503.125
2024-10-28,69862.5205470485,1381489809812.01297654059837765,2.120796591116090076,19774405.4894449,525
2024-10-29,72678.7866201052,1437215455136.483218403414196116,2.199387577615285368,19774896.11444483,490.625
2024-10-30,72450.2843819404,1432735109920.497702383928984328,2.189504887510189869,19775424.23943382,528.125
2024-10-31,70367.0819576271,1391573641948.634360249082654933,2.125316419355178538,19775917.98941723,493.75
2024-11-01,69483.5830303916,1374134861457.6079056594909455,2.096717117505965766,19776396.11441125,478.125
2024-11-02,69241.6794865576,1369381390768.179161904539855264,2.088469515715999859,19776836.73940964,440.625
2024-11-03,68742.7546227352,1359542591577.400874606337954992,2.072996077959186949,19777249.23940946,412.5
2024-11-04,67779.0969795441,1340516077446.815413240299663213,2.04217159133233107,19777721.11439293,471.875
2024-11-05,69538.0241729982,1375333854518.331807059563732842,2.093403567843823246,19778155.48938731,434.375
2024-11-06,75696.0366192285,1497164174352.86791290255358557,2.265383861200002953,19778633.61438602,478.125
2024-11-07,75972.2955546464,1502665235112.845695597610532992,2.268079148113374057,19779121.11438028,487.5
2024-11-08,76507.4474012273,1513284018479.047051067758794314,2.278456427818501842,19779564.86435818,443.75
2024-11-09,76799.2527469316,1519089160917.064500985379102872,2.285490807522989564,19779999.23935142,434.375
2024-11-10,80409.2865666277,1590532816418.822741583268376094,2.386299165227103937,19780461.73934022,462.5
2024-11-11,88859.998448568,1757729564966.64095245435547016,2.614736204421691054,19780886.73931287,425
2024-11-12,88048.7488877849,1741722501527.225804306433750202,2.574402718870184961,19781342.98929098,456.25
2024-11-13,90369.3819693162,1787666712260.76171521941464348,2.623762509498887197,19781774.2392854,431.25
2024-11-14,87204.2569827586,1725089533526.004232941876083998,2.516917131040332903,19782171.11427343,396.875
2024-11-15,91139.0844427236,1802971685081.547655525635136632,2.616628181848986426,19782639.86418062,468.75
2024-11-16,90567.6957568673,1791712543259.297880734473576557,2.596325157424581753,19783130.48914509,490.625
2024-11-17,89732.9704292811,1775241125510.35411638449540424,2.570045957525608901,19783599.2391384,468.75
2024-11-18,90587.6965534775,1792194846112.73124350249416005,2.586767436063492934,19784086.73913822,487.5
2024-11-19,92254.1385800701,1825214331192.410088810500209626,2.616096692148944049,19784633.61411426,546.875
2024-11-20,94160.0406858562,1862965160745.666180561977251182,2.654584051175958206,19785092.98823511,459.375
2024-11-21,98545.5688798948,1949777589238.29333553719772836,2.735703520509394885,19785542.9868657,450
2024-11-22,98938.3495450029,1957593180961.881265877849711136,2.726862460780694648,19785989.86100384,446.875
2024-11-23,97707.0484590883,1933272806307.216134968178486264,2.682475835762372928,19786421.11082408,431.25
2024-11-24,97980.2082819988,1938718690784.532102906163995248,2.684190145202476814,19786839.86060396,418.75
2024-11-25,93343.0290745178,1847012865185.424307081512710532,2.550936868826198984,19787367.98557194,528.125
2024-11-26,91875.5699593805,1818015620103.3586528246014573,2.504171774475636975,19787802.3603786,434.375
2024-11-27,95989.0802273524,1899452843747.871469599274740304,2.606953545179930799,19788217.98530596,415.625
2024-11-28,95737.9402822911,1894525715473.941265865681431974,2.593738763868711645,19788661.73523034,443.75
2024-11-29,97398.9417399182,1927431540403.987275505796018852,2.630994842256661878,19789039.85990686,378.125
2024-11-30,96463.6248980129,1908971954209.812117484963353337,2.60351027359181137,19789552.34398553,512.5
2024-12-01,97469.6044529515,1928927963341.320296540038433195,2.627590012401484859,19790046.07813313,493.75
2024-12-02,95726.4417258913,1894468683534.549877915609519534,2.572610271286453717,19790442.94740718,396.875
2024-12-03,96010.8774228521,1900144891598.981090528889606181,2.571458134452700156,19790933.51298461,490.625
2024-12-04,98920.2528255406,1957769580344.10773585657393944,2.637537468218781588,19791392.8080724,459.375
2024-12-05,96949.6644117475,1918815845330.072696629767026525,2.56243963652008851,19791877.12482239,484.375
2024-12-06,99953.1056580947,1978302063761.216030752468238245,2.619701356628036673,19792302.10743335,425
2024-12-07,99977.7002282291,1978833208148.320161429220263345,2.61724165370511054,19792745.81862795,443.75
2024-12-08,100798.98356429,1995134647453.3622514600539734,2.635830347444720821,19793202.04336046,456.25
2024-12-09,97390.1988597311,1927714706540.866730681914167108,2.528321562198401365,19793723.89738428,521.875
2024-12-10,96835.5017387493,1916781784711.179884766534623037,2.504255955643037936,19794205.12409209,481.25
2024-12-11,101310.201899766,2005399870980.49512921547468026,2.607825988676538969,19794648.84459111,443.75
2024-12-12,100090.890479544,1981310308332.67213348772446632,2.572509026801070426,19795111.21182003,462.5
2024-12-13,101289.823976914,2005097135868.22599749825034422,2.596414392326984395,19795642.41641123,531.25
2024-12-14,101366.87166803,2006672700085.4915018237549216,2.595601122949838558,19796139.18299872,496.875
2024-12-15,104551.367141146,2069758175682.20817227859504806,2.671579602981782143,19796567.29775711,428.125
2024-12-16,105855.672229982,2095627894157.27973200120362914,2.690487024205536991,19797029.76713727,462.5
2024-12-17,106115.910582992,2100824937855.99547803021759216,2.682505348664302337,19797454.74843723,425
2024-12-18,100469.770656926,1989090947935.35958328876581114,2.533766928894002487,19797904.73223539,450
2024-12-19,97697.045779661,1934241071545.33037738440520814,2.449250681750823151,19798357.83271974,453.125
2024-12-20,97617.4422051432,1932711114045.7791599624235546,2.438923701718572269,19798829.70078425,471.875
2024-12-21,97093.0190832846,1922372144875.560235397190976788,2.424795342221161123,19799282.82203878,453.125
2024-12-22,95149.1058252484,1883930144105.835402047322601952,2.368324682985830207,19799767.19451128,484.375
2024-12-23,94800.7562060199,1877074081164.958314424661441001,2.346603118128798222,19800201.56258799,434.375
2024-12-24,98637.7330543542,1953087683978.23618874908344696,2.432547289582645478,19800614.0601588,412.5
2024-12-25,99235.3678869082,1964968046631.850055153934527198,2.445757446100344644,19801085.92806539,471.875
2024-12-26,95628.3030902981,1893583393961.579417201080866726,2.354896363818782334,19801495.29761646,409.375
2024-12-27,94219.9821461134,1865743053845.587154358849764708,2.316536046291274185,19801989.04041662,493.75
2024-12-28,95123.5811098773,1883678618362.453629386260486506,2.337392190016146328,19802435.90899522,446.875
2024-12-29,93457.5783202806,1850733848828.889937428350050314,2.293980618606981728,19802929.65099519,493.75
2024-12-30,92523.163085038,1832275661275.79161408367304276,2.264447243535570843,19803426.51700902,496.875
2024-12-31,93389.7326016949,1849474353083.60665425471590366,2.280812444932291528,19803829.6240934,403.125
2025-01-01,94455.7965718878,1870627825779.77453082583089855,2.303040493308910261,19804267.11404725,437.5
2025-01-02,96851.393682934,1918121414156.28890682672768732,2.357884147485793795,19804788.97841898,521.875
2025-01-03,98120.6846759205,1943302993109.420046361079117625,2.386290557457015334,19805232.70427525,443.75
2025-01-04,98230.0478571011,1945514693256.951380033140034505,2.387516009710122325,19805698.31429955,465.625
2025-01-05,98414.8120964348,1949222053431.9248298981829254,2.390965860098841101,19806185.7957105,487.5
2025-01-06,102179.560366745,2023829824177.7497357913562027,2.477062799747395937,19806601.40750046,415.625
2025-01-07,96974.9957857978,1920785694384.26005019124414392,2.346702783421937568,19807020.1377164,418.75
2025-01-08,95039.2809210988,1882482074934.783354699281210024,2.298665904666953758,19807410.75363998,390.625
2025-01-09,92346.1691589714,1829182366534.086575203661709432,2.23382023883666713,19807885.73248988,475
2025-01-10,94759.1196358854,1877019861807.234525840228130644,2.290082536703304925,19808329.46759886,443.75
2025-01-11,94606.5080099357,1874037679375.315132664608800517,2.285501707170164149,19808760.71631881,431.25
2025-01-12,94353.7752586207,1869082071182.475411784725431297,2.278657758123868136,19809298.20835871,537.5
2025-01-13,94375.7299102864,1869554727226.954063172006187296,2.27798450896074448,19809698.20317314,400
2025-01-14,96569.475726768,1913058643137.18394813037283456,2.328058056466541679,19810179.44583192,481.25
2025-01-15,100172.405985096,1984476850035.5467748495046084,2.409541082775434545,19810613.81645165,434.375
2025-01-16,99977.7298234951,1980660186323.266557774501048678,2.398910829107540339,19811013.81097578,400
2025-01-17,104296.588034191,2066270034307.74688728066945859,2.495913169030755981,19811482.55425549,468.75
2025-01-18,104398.156261251,2068324662803.76568828524832038,2.494678570568633668,19811888.80029538,406.25
2025-01-19,100954.572281999,2000148081999.32752044512871562,2.4106728700866625,19812357.54644438,468.75
2025-01-20,102588.998699006,2032578651970.36389052213066552,2.445056132753733475,19812832.54293092,475
2025-01-21,105987.888705435,2099964341470.981520585109048,2.518858900509325224,19813248.1656208,415.625
2025-01-22,103791.128861485,2056488045408.38340527556658545,2.459018475131256124,19813716.91363797,468.75
2025-01-23,104184.616743717,2064328780521.94584342585015795,2.455447281433524961,19814141.90542135,425
2025-01-24,104716.12488194,2074905969601.0721795557355804,2.465183210197283068,19814579.38727566,437.5
2025-01-25,104866.085348919,2077919319246.33311207758249281,2.467020452553876342,19814979.38377799,400
2025-01-26,102833.369273232,2037685117515.95293909487746704,2.418361700134124909,19815407.50747697,428.125
2025-01-27,101907.44629661,2019387256103.3849209403337103,2.393412498448326993,19815895.00560923,487.5
2025-01-28,101138.144066043,2004189620164.26106689121628088,2.373287118165896652,19816357.50459816,462.5
2025-01-29,103918.795458796,2059342337478.67263492514160536,2.436318963363576111,19816841.87530066,484.375
2025-01-30,104987.446410871,2080567196550.59173793057647952,2.457756213004062667,19817294.99742512,453.125
2025-01-31,102263.043670953,2026616849789.96009304521254557,2.3926271926371026,19817685.61779669,390.625
2025-02-01,100610.290439801,1993920956096.34964343784292099,2.353296238999732041,19818260.61111899,575
2025-02-02,97424.7809000584,1930841758541.539048842167166688,2.278588298536273943,19818794.97909532,534.375
2025-02-03,101582.408702221,2013289499842.96022171151713159,2.371727104993572222,19819273.09623779,478.125
2025-02-04,97848.1497592051,1939319258389.166373076803959129,2.280750094282138818,19819682.46882179,409.375
2025-02-05,96559.3327562829,1913818765841.204536160158498704,2.246535583279113543,19820132.46375376,450
2025-02-06,96541.3006811806,1913505112568.935225916397174892,2.243314171452447903,19820585.58427882,453.125
2025-02-07,96384.1109836353,1910441627490.09670924119044994,2.238759964651922604,19821126.2000898,540.625
2025-02-08,96603.318157218,1914834861591.33285238230030534,2.242988586954470274,19821626.19378163,500
2025-02-09,96309.7532405026,1909058965339.104147616243107014,2.232532160927027085,19822073.06223539,446.875
2025-02-10,97375.2253535944,1930221128141.702465688898378512,2.256010513438301716,19822507.43074098,434.375
2025-02-11,95806.2580385739,1899157386552.563314298145976506,2.217840516606912503,19822894.92809454,387.5
2025-02-12,97756.4976548802,1937857410916.480853809464567204,2.261466528982128169,19823310.54614802,415.625
2025-02-13,96534.7406332554,1913685805334.970121016340212784,2.232651800908704483,19823804.28829496,493.75
2025-02-14,97414.3589821742,1931169458434.91590590498535242,2.251662324166739779,19824279.2809251,475
2025-02-15,97583.2431767972,1934566256851.84392399703579702,2.254483790385446017,19824779.27431535,500
2025-02-16,96182.2661706604,1906837582148.70319115182621718,2.221961475316798603,19825251.14105045,471.875
2025-02-17,95790.5109985389,1899111947271.796529306869060338,2.212551004856131002,19825679.26066042,428.125
2025-02-18,95444.031886616,1892284519009.4753473859621664,2.203723432929997399,19826116.7472204,437.5
2025-02-19,96647.9132977791,1916190866477.272038073167972276,2.230473215840309984,19826510.48629836,393.75
2025-02-20,98392.2197247224,1950814347183.520919061110119304,2.269163375900630946,19826916.72818671,406.25
2025-02-21,96048.9937247224,1904394119450.7418551414647458,2.214533783714276345,19827319.84583575,403.125
2025-02-22,96605.7091057861,1915474255560.69398817789188412,2.225972348171594809,19827754.2113292,434.375
2025-02-23,96091.6329774985,1905320016311.215180832090906245,2.213616967746432001,19828157.32517917,403.125
2025-02-24,91869.6543430742,1821643280725.783068546452919728,2.116419481382366215,19828563.56379784,406.25
2025-02-25,88769.7356265342,1760217123608.398309870320289488,2.045057192561317457,19829022.93427864,459.375
2025-02-26,83987.89564173,1665439114292.4234847311429675,1.937156888282903736,19829513.54557975,490.625
2025-02-27,84625.4191364699,1678120562077.084537619697071816,1.951252300853543923,19829982.28192984,468.75
2025-02-28,84243.7779114553,1670593691979.498377765702971284,1.942882196005279028,19830469.77944628,487.5
2025-03-01,85844.3685628288,1702372786377.574178688127173504,1.979772195615528118,19830919.77817533,450
2025-03-02,94328.0094444769,1870648329293.342574252657387989,2.172335278878689893,19831313.52299381,393.75
2025-03-03,86315.9305511397,1711798740468.562224859914626928,1.989048755735712404,19831782.26242224,468.75
2025-03-04,87323.690650789,1731824260629.47797173659311997,2.011926611190172996,19832238.51079673,456.25
2025-03-05,90619.4090976038,1797223681143.754154407524711934,2.085499742580572174,19832657.25345893,418.75
2025-03-06,90222.0693275862,1789391307662.15366818458535797,2.074588033844595892,19833188.49809435,531.25
2025-03-07,86553.5921937464,1716672116469.451425683292207472,1.990605455895190846,19833632.23824098,443.75
2025-03-08,86171.2789362946,1709126347862.43448530649439834,1.981702560001297277,19834060.3616429,428.125
2025-03-09,80647.7964108709,1599613333429.749251219528917734,1.855317446819110733,19834557.23055726,496.875
2025-03-10,79005.9601291642,1567086259002.035415299580781186,1.818307468056546206,19835038.47608533,481.25
2025-03-11,82747.1601917008,1641328790899.546869712222111408,1.90295578144509924,19835469.72605551,431.25
2025-03-12,83630.1581101695,1658883454607.837294275596574425,1.921883426993698179,19835947.84578215,478.125
2025-03-13,81110.2890490941,1608939764835.820470895589336703,1.864334615532672022,19836444.71864683,496.875
2025-03-14,84105.8335517241,1668398039427.719605077234428187,1.932035459333313374,19836888.46507507,443.75
2025-03-15,84352.8773018703,1673333414190.890935928598936789,1.937487326084763549,19837300.96369563,412.5
2025-03-16,82492.1028287551,1636458050090.930097089343486201,1.894746119450726994,19837754.08766151,453.125
2025-03-17,84013.947518118,1666684786731.29774986350942054,1.929602895545638099,19838191.58565153,437.5
2025-03-18,82680.8065514319,1640274370270.465568510147703819,1.898906023686149601,19838635.33370501,443.75
2025-03-19,86774.23507218,1721523623549.894412596469588,1.991193242134440787,19839110.3317466,475
2025-03-20,84124.9712878434,1669001917236.031478840187711042,1.929826803780835083,19839554.07872113,443.75
2025-03-21,84069.4081800117,1667937663818.345060256431215974,1.92816515401405505,19840007.20270222,453.125
2025-03-22,83821.220305377,1663052904959.74247026178618274,1.922358831576438505,19840475.94273762,468.75
2025-03-23,85760.8814506137,1701578513423.357765951745212331,1.966380986053731953,19840963.43976163,487.5
2025-03-24,87322.5718568089,1732605979469.871240298363934617,2.000879393940827191,19841444.68753153,481.25
2025-03-25,87422.8426084161,1734636202172.684550875673136053,2.002674104003381841,19841910.31104373,465.625
2025-03-26,86836.6760955582,1723046786084.842681239684849438,1.988511403215829579,19842385.30950609,475
2025-03-27,87211.3240169492,1730521029666.220886186817871964,1.996709094176897893,19842847.80873067,462.5
2025-03-28,84309.0783550555,1672972784327.985961512913095575,1.928282346209128212,19843329.05742965,481.25
2025-03-29,82497.1792472238,1637055024373.447841019702518718,1.887243366823397687,19843769.68171961,440.625
2025-03-30,82216.4666765049,1631519827648.833335670762927804,1.881216185430681072,19844197.80611996,428.125
2025-03-31,82461.4496279953,1636419456087.169110936695281035,1.887088049301775762,19844660.30453595,462.5
2025-04-01,85226.7137936879,1691331138973.104201512878023995,1.950076686214192219,19845082.17772405,421.875
2025-04-02,82555.631296318,1638367660664.31280207609960526,1.888277350404659377,19845619.67412857,537.5
2025-04-03,82931.697399474,1645870317318.1457572709860227,1.894154261812803524,19846094.66498855,475
2025-04-04,83774.1797375804,1662637424311.704664131624183248,1.912667344410258436,19846657.16238412,562.5
2025-04-05,83302.1715756867,1653312332259.283761694144977006,1.901683344733379474,19847169.65940218,512.5
2025-04-06,77949.0884926943,1547104104705.474138523977054246,1.780124063587887909,19847622.78330522,453.125
2025-04-07,79421.8044105786,1576370002657.11949405147038192,1.812816922674714439,19848075.9075672,453.125
2025-04-08,76351.4295303916,1515465474440.192260368828637088,1.743965574592691652,19848554.03181368,478.125
2025-04-09,82720.6034891876,1641918231600.728865112411184872,1.887230963523962167,19848963.40626122,409.375
2025-04-10,79558.9558252484,1579198604258.991969987021410932,1.814728121637845302,19849413.40516973,450
2025-04-11,83359.8995157802,1654683660675.437801039738843362,1.900527623742286401,19849875.90300781,462.5
2025-04-12,85269.2495119813,1692622392211.048335325804107279,1.943283346945552472,19850325.90175683,450
2025-04-13,83568.9544360023,1658915898888.832391753652658242,1.90392187724219926,19850863.39879054,537.5
2025-04-14,84589.0324135009,1679204714073.263201589057044697,1.926202323582070374,19851329.02176633,465.625
2025-04-15,83671.3439713618,1661025030688.434235187360830286,1.907137055165662142,19851779.01835727,450
2025-04-16,84151.5357562829,1670596611909.021675661172704041,1.917270805102697122,19852241.51758029,462.5
2025-04-17,84940.5838538866,1686301597345.889624685655892542,1.939657399230612796,19852719.64043287,478.125
2025-04-18,84434.7727463472,1676295756003.206548664530441344,1.927799316975244999,19853144.64028952,425
2025-04-19,85124.721496201,1690030384115.31123901925839584,1.943457271715672214,19853579.01218784,434.375
2025-04-20,85101.7461545879,1689606952070.201469541706599363,1.942637843239222344,19853963.38402997,384.375
2025-04-21,87360.7198933372,1734490932069.791037884705549424,1.992799568933931214,19854357.13198692,393.75
2025-04-22,93495.6106890707,1856340531375.447013962514168038,2.128263923066334694,19854841.50212034,484.375
2025-04-23,93695.7404772063,1860347455519.507002214215883911,2.126109863642249712,19855197.75012697,356.25
2025-04-24,93849.8817790766,1863449313964.008593043717169128,2.126194044694234036,19855638.37310508,440.625
2025-04-25,94771.4128007014,1881789547566.095363648463625904,2.139689228562994213,19856088.37048136,450
2025-04-26,94694.5111014027,1880301938025.934414081392094719,2.136845488242961927,19856503.99538397,415.625
2025-04-27,93812.876534775,1862835334857.327359494400556,2.116303078347161729,19856925.86845264,421.875
2025-04-28,95066.0211867329,1887760823772.77284333854380689,2.141459949747909601,19857366.4933841,440.625
2025-04-29,94102.8403024547,1868677522267.07796011213646373,2.116491594042042395,19857822.7422359,456.25
2025-04-30,94236.7325143191,1871375202601.877317720757607453,2.117664419217391827,19858235.24088683,412.5
2025-05-01,96411.7422635885,1914607731457.706278485379955655,2.163505690851974375,19858657.11484803,421.875
2025-05-02,96842.1021057861,1923202218396.042736405796599812,2.170025737113277572,19859153.98960692,496.875
2025-05-03,95943.61135301,1905408123209.2988907718010091,2.148827641148181945,19859666.48887791,512.5
2025-05-04,94377.7899196376,1874352427037.667821705994501536,2.11361604685298562,19860100.86307036,434.375
2025-05-05,94853.7298594389,1883856515330.359224867875546142,2.119831517001889742,19860647.73754278,546.875
2025-05-06,96677.9245029223,1920127894786.873256476593681463,2.156603019050858503,19861078.98632881,431.25
2025-05-07,97137.3757086499,1929298928069.273920301263792268,2.164177587122982085,19861550.86025732,471.875
2025-05-08,103069.539295733,2047172109216.8798092067210617,2.29083456362519138,19862047.7320949,496.875
2025-05-09,102940.802949445,2044660177958.49787686459452895,2.283106895904384542,19862485.22816211,437.5
2025-05-10,104582.821806254,2077323776439.7466805565943626,2.317993015404475295,19862953.9781219,468.75
2025-05-11,103976.137798948,2065321653739.32534688074240076,2.303148479246489778,19863419.60241787,465.625
2025-05-12,102920.074689071,2044391264704.02917305233208833,2.2765475123584927,19863872.72726223,453.125
2025-05-13,104145.711825248,2068779473948.47753470763702976,2.297020936365346327,19864278.97693762,406.25
2025-05-14,103572.719642022,2057444005066.1278590990850962,2.281735209781492616,19864728.9766771,450
2025-05-15,103716.283947399,2060343191624.35091711281707978,2.27932990472500573,19865185.22654822,456.25
2025-05-16,103566.269191116,2057407136238.00707212120167672,2.272925986368771819,19865610.22528842,425
2025-05-17,103190.041364991,2049979253875.99117444547621556,2.263971398372874855,19866057.09968716,446.875
2025-05-18,106015.689848919,2106167418322.2624678728779083,2.324070467635383762,19866563.3485357,506.25
2025-05-19,105615.828960257,2098270093600.15549783349506746,2.309462953385517041,19867003.97333178,440.625
2025-05-20,106893.330247516,2123699654870.78812539240586996,2.332818760963520714,19867466.47291531,462.5
2025-05-21,109704.855619521,2179606908108.48861146720942367,2.387132485847717024,19867916.47279327,450
2025-05-22,111477.014787843,2214868273238.02211920156035744,2.419114869272547631,19868385.22231008,468.75
2025-05-23,107291.888969901,2131768550759.80099372845654465,2.32524418522926473,19868869.59700965,484.375
2025-05-24,107917.328289304,2144242874092.12700418873257544,2.337523063278790198,19869310.22183811,440.625
2025-05-25,108914.876558445,2164114864279.17080883427548015,2.357588378582445513,19869782.09646027,471.875
2025-05-26,109371.985172122,2173249806239.62607393101291426,2.361540962270687353,19870260.22083733,478.125
2025-05-27,109066.345636762,2167224726480.9917275000658469,2.348323015223998526,19870700.84569245,440.625
2025-05-28,107895.402399474,2144012560051.72788465642961632,2.31956576591405935,19871213.34525168,512.5
2025-05-29,105732.957892168,2101094699806.16483613212959152,2.269515917375291918,19871710.21876614,496.875
2025-05-30,103981.302957919,2066336686466.58418470437487143,2.230171038810086487,19872194.59351097,484.375
2025-05-31,104708.964150205,2080849592954.81284546141089255,2.245319517928255168,19872697.71831411,503.125
2025-06-01,105750.15972443,2101584910256.2339171214825445,2.266824485425617506,19873113.34311615,415.625
2025-06-02,105899.696926651,2104600694548.85836030617361852,2.263174032245519112,19873528.96776052,415.625
2025-06-03,105483.98555114,2096386510265.2191222391950208,2.24904985063019112,19873978.96763072,450
2025-06-04,104782.844900351,2082493313911.72864396652973986,2.230629538676051267,19874372.71713886,393.75
2025-06-05,101669.190496785,2020653959614.70009140060498575,2.164421975716303748,19874791.46574495,418.75
2025-06-06,104421.051549094,2075390350486.33785042070114436,2.22137725924850792,19875210.21573494,418.75
2025-06-07,105685.250402104,2100563796500.30638449928662784,2.246857184421021114,19875657.09035296,446.875
2025-06-08,105727.739632379,2101458848887.08837542713977538,2.246592676626514492,19876135.21478822,478.125
2025-06-09,110198.15871391,2190361714625.0599470372673027,2.338329141954838446,19876572.71399197,437.5
2025-06-10,110074.119081824,2187954364717.5595327582122816,2.331994320703792241,19877100.8386734,528.125
2025-06-11,108645.785558153,2159611107259.7515531226378927,2.299464902547621309,19877541.4634359,440.625
2025-06-12,105998.985830801,2107048260324.64958476875852126,2.241962047550486587,19878003.96211326,462.5
2025-06-13,106024.822087376,2107609876004.36349261961774704,2.239427243662891253,19878457.08684579,453.125
2025-06-14,105467.108742256,2096573162440.2551256711856696,2.227143824699811703,19878928.96129285,471.875
2025-06-15,105512.797437756,2097526247642.75727343472393436,2.227219971359887107,19879353.96064281,425
2025-06-16,107243.933345997,2131989041082.92034442559450268,2.258771912231857174,19879810.20991244,456.25
2025-06-17,104628.396527469,2080031247224.13086523301716585,2.203207202646305338,19880178.95961965,368.75
2025-06-18,104813.367028638,2083754349621.35226449667907032,2.205817253778939972,19880616.45850964,437.5
2025-06-19,104709.720767095,2081735354703.72706696338243315,2.202308074044105007,19881013.33336677,396.875
2025-06-20,103274.958839567,2053259566502.66908428807159446,2.171234090687198854,19881485.20777738,471.875
2025-06-21,101548.196381648,2018973708893.9510396298943504,2.134108804756883522,19881925.8325973,440.625
2025-06-22,100899.234151958,2006104828133.7440899461735928,2.119915228385861333,19882260.2073716,334.375
2025-06-23,105496.947495324,2097553036699.80818802132260796,2.213486983204212587,19882594.58211129,334.375
2025-06-24,105964.065136762,2106879290466.09029675133614574,2.220349702793955282,19882960.20681027,365.625
2025-06-25,107305.065199591,2133590293279.79365028145056935,2.245066406804322301,19883407.08158785,446.875
2025-06-26,107012.822824079,2127832022275.34008387581663833,2.234143825279254046,19883897.70610327,490.625
2025-06-27,107090.95905114,2129424160829.714034377156397,2.230725787894608453,19884257.08105605,359.375
2025-06-28,107357.617171245,2134775105838.69381723508541025,2.235596270499586526,19884710.20583045,453.125
2025-06-29,108360.901696376,2154782355944.39504526208566512,2.255148786868358906,19885238.33053762,528.125
2025-06-30,107153.101135885,2130813507683.6459682563878229,2.224449219216364947,19885691.45545754,453.125
2025-07-01,105566.356597896,2099304201259.45131654684167568,2.190371437932747979,19886110.20512658,418.75
2025-07-02,108927.13451841,2166189082105.5558355301818227,2.25729332779938759,19886588.32973747,478.125
2025-07-03,109632.159126826,2180261348919.55873051448260024,2.268221095554169357,19887060.20463724,471.875
2025-07-04,108081.395758621,2149474927394.76433245493919296,2.215345083660492919,19887557.07962176,496.875
2025-07-05,108244.788813852,2152777523697.9249418568309358,2.218074557692168692,19888047.70454165,490.625
2025-07-06,109180.005545587,2171431748655.07734754721584171,2.236333996776805018,19888547.70435433,500
2025-07-07,108249.401004091,2152974456003.66282197519964262,2.213700344882992658,19889019.57916882,471.875
2025-07-08,108956.631703098,2167088930706.0297173412055152,2.224147245286545607,19889463.3289624,443.75
2025-07-09,111416.806720047,2216077592572.9419580640770128,2.268230580456622043,19889975.8287024,512.5
2025-07-10,115873.903783752,2304791065533.21226278627709128,2.354601798397052438,19890510.20352689,534.375
2025-07-11,117618.605087084,2339549198318.0298656292927396,2.382122904596180097,19890978.9534219,468.75
2025-07-12,117382.372540912,2334904957865.96634776727903104,2.373411472492109899,19891444.57829192,465.625
2025-07-13,118899.737107832,2365138434871.77826562383943536,2.401709219849897306,19891872.70218098,428.125
2025-07-14,119871.096197838,2384514902802.18518503446982044,2.412508433231130451,19892325.82695938,453.125
2025-07-15,117710.89100789,2341603724126.4791539092895656,2.364195114922196109,19892838.32682504,512.5
2025-07-16,118730.187791642,2361929035400.30160661532393484,2.3688751245334459,19893247.70163102,409.375
2025-07-17,119501.663770894,2377326986317.60047629569859052,2.374985804949236059,19893672.70128858,425
2025-07-18,117958.511213033,2346681095678.70477829339453071,2.340384009446915077,19894122.70082487,450
2025-07-19,117908.52473232,2345738980388.4787582324262448,2.33641421413597109,19894566.45067739,443.75
2025-07-20,117305.680953828,2333800285213.43786363352128424,2.323370138320551378,19895032.07548858,465.625
2025-07-21,117432.435634717,2336377120095.04858547018336159,2.321843965422724528,19895500.82536427,468.75
2025-07-22,120068.00578872,2388869390105.6467290672852504,2.367095616147706511,19895969.57501957,468.75
2025-07-23,118650.587165693,2360720381637.46299413749811422,2.334400354595591836,19896407.07248054,437.5
2025-07-24,118377.081936879,2355332989715.15413718985839553,2.32579019692254258,19896866.44726607,459.375
2025-07-25,117520.17335038,2338341954061.057985234929252,2.304027155259395131,19897366.4469454,500
2025-07-26,117983.204598773,2347611467186.51158682711202591,2.31183050411578733,19897844.57177667,478.125
2025-07-27,119438.164235535,2376613162340.8374343027462734,2.338853962335245362,19898272.69660724,428.125
2025-07-28,118022.637320281,2348500100757.26124813919485323,2.3084821087206897,19898725.82142083,453.125
2025-07-29,117871.370895383,2345531346596.10990453765381406,2.301423716626582832,19899075.82120082,350
2025-07-30,117732.643660725,2342821207080.475113473108973,2.295572761212482787,19899503.94583748,428.125
2025-07-31,115848.339985096,2305380250657.82545258565867496,2.25767346584790015,19899985.19576901,481.25
2025-08-01,113282.144336061,2254366450229.66189666706175155,2.207088413692473673,19900457.07063855,471.875
2025-08-02,112545.673659264,2239761344385.45326411370964608,2.192314956363127675,19900910.19550347,453.125
2025-08-03,114263.693947691,2274006858315.07595357814632238,2.224097144294106232,19901394.57031818,484.375
2025-08-04,115199.933659264,2292700894182.60080132414452736,2.240631105189465857,19901928.94523624,534.375
2025-08-05,114111.36101841,2271085409335.2219863446599228,2.21789999595434943,19902360.19504508,431.25
2025-08-06,115034.678748977,2289513376946.04763384027474606,2.234972395493477614,19902810.19467278,450
2025-08-07,117444.913924313,2337542919612.13415043035902609,2.278130899553293764,19903313.31945593,503.125
2025-08-08,116740.687720923,2323576464429.93540972835755654,2.262148082461236692,19903741.44432498,428.125
2025-08-09,116511.655739375,2319060106526.33265553224563125,2.256992050146218565,19904103.94401947,362.5
2025-08-10,119189.198160275,2372404472102.3168357747774165,2.307419605120223967,19904525.81879206,421.875
2025-08-11,118742.043048644,2363558608736.0201506257585978,2.296376996154095057,19904985.19355745,459.375
2025-08-12,120154.32493507,2391721499773.6064233082987825,2.320647620011929115,19905413.31796475,428.125
2025-08-13,123442.67982225,2457237741182.5485304025933025,2.379739102823155113,19905900.81745489,487.5
2025-08-14,118510.27128083,2359113701739.52718986506909,2.282416006210002104,19906407.067023,506.25
2025-08-15,117311.209947715,2335293822741.0724026235788276,2.25769289975178994,19906825.81640664,418.75
2025-08-16,117462.42684623,2338359865805.9936869634150685,2.253274150199190773,19907300.81600595,475
2025-08-17,117601.952231888,2341193300487.99219937346599792,2.255305000805130604,19907775.81541859,475
2025-08-18,116312.914397989,2315587399840.93800396837198014,2.229656237704237152,19908257.06522726,481.25
2025-08-19,112886.10147543,2247412798253.2151731665444384,2.162405961142789178,19908675.81464288,418.75
2025-08-20,114277.320860316,2275160487370.77129082797687696,2.187593393945847298,19909116.43922556,440.625
2025-08-21,112347.102298302,2236783852817.80760327796246438,2.150092222239415482,19909582.06361869,465.625
2025-08-22,116800.977035073,2325511927795.84103195824921512,2.230960318170926611,19910038.31327144,456.25
2025-08-23,115280.444723834,2295292829364.36650085639276972,2.201272176719621556,19910513.31266958,475
2025-08-24,113516.122474401,2260221423070.1266993957494741,2.167328504514983747,19911016.8124341,512.5
2025-08-25,110089.533314144,2192043056874.99209684148609696,2.101608862718138035,19911457.43728359,440.625
2025-08-26,111895.295495307,2228050864513.08414556431528297,2.134898566000887235,19911926.18644571,468.75
2025-08-27,111252.307236061,2215299879192.93012176746393563,2.121825120237447203,19912394.93570583,468.75
2025-08-28,112481.152904109,2239825028488.76787651122537985,2.142789122023942771,19912891.81040165,496.875
2025-08-29,108473.330441642,2160073624922.71430282409817898,2.058523970791205386,19913407.43506369,515.625
2025-08-30,108746.150824851,2165560101759.11202541048902816,2.063022252855390766,19913901.18485216,493.75
2025-08-31,108316.44689481,2157047700591.8175508179026559,2.054653984489100874,19914313.68392839,412.5
2025-09-01,108992.324614863,2170562178247.02794471753635155,2.066472278033613368,19914816.80858685,503.125
2025-09-02,111140.947159836,2213408214876.66145595291494368,2.106133166120609526,19915326.18210888,509.375
2025-09-03,111780.743587376,2226197825443.45371154150141552,2.117352868701102179,19915754.30613677,428.125
2025-09-04,110900.633412981,2208718286409.00622699752397599,2.098839967151200262,19916191.80554179,437.5
2025-09-05,110711.229484804,2204995555466.3299196927174012,2.090991089631539186,19916638.6799903,446.875
2025-09-06,110243.650741672,2195731190133.29955068378666952,2.081547548704114145,19917076.17954741,437.5
2025-09-07,111307.784421087,2216979188518.47917494812395436,2.100795508587897917,19917557.42915028,481.25
2025-09-08,112112.311575102,2233059460443.79812508946210868,2.114485395928852172,19918057.42893734,500
2025-09-09,111486.396779836,2220650635482.8476558555395796,2.1019000165432097,19918579.3031611,521.875
2025-09-10,113930.748423437,2269399173047.31066758540695323,2.145924375428193636,19919110.55137479,531.25
2025-09-11,115445.812932648,2299632025705.39343656686432816,2.171828406012249028,19919579.30121742,468.75
2025-09-12,116149.174031958,2313686238824.67970426684396032,2.183452405812582547,19919954.30107904,375
2025-09-13,115965.627551268,2310081098621.08568215097714304,2.178678922337634079,19920394.92564128,440.625
2025-09-14,115395.933423437,2298787740172.20391161845943344,2.167360117920092304,19920873.04963312,478.125
2025-09-15,115420.931814144,2299344522409.38549055804909056,2.165666508561501785,19921382.42404674,509.375
2025-09-16,116798.874620164,2326853447391.8337965115525804,2.188879724135061631,19921882.4236011,500
2025-09-17,116575.777628866,2322455565668.09423343042419706,2.181807025941311271,19922282.42355741,400
2025-09-18,117014.426762174,2331252233409.74995117159092858,2.188425256780357314,19922776.17312867,493.75
2025-09-19,115612.372541695,2303380117357.97517088593132905,2.158451596872666252,19923301.17200279,525
2025-09-20,115753.165960549,2306240531509.28336562540821398,2.160082452031499425,19923779.29684702,478.125
2025-09-21,115320.858829047,2297685720787.18657385011724826,2.15119924230539356,19924285.54658358,506.25
2025-09-22,112727.70773813,2246071879030.5260761557171664,2.103084329011381624,19924754.29597328,468.75
2025-09-23,112052.393282022,2232666827933.79436534537443624,2.088420752528868364,19925204.29540892,450
2025-09-24,113324.623592192,2258070460054.12221391431252736,2.109843805004124317,19925682.41991233,478.125
2025-09-25,109166.347974874,2175262082033.5329799569755228,2.031242470311527129,19926123.0442022,440.625
2025-09-26,109669.102166861,2185325262398.98119125136896903,2.039297742066763314,19926535.54393123,412.5
2025-09-27,109644.73069287,2184892732482.2580383090033055,2.038409725859388585,19927019.91856265,484.375
2025-09-28,112170.00778609,2235271817040.9640910369832541,2.084398213626927358,19927535.54322349,515.625
2025-09-29,114341.141435418,2278587184195.72777031952746532,2.122720877587773029,19927973.04269274,437.5
2025-09-30,113971.742796902,2271283160078.36383668438601572,2.112807213335253183,19928476.16734086,503.125
2025-10-01,118393.270386324,2359453334064.12780206808627516,2.186155026712076994,19928948.04210659,471.875
2025-10-02,120558.594007013,2402657193347.11669727417464789,2.221772196583207903,19929373.04168753,425
2025-10-03,122348.127640269,2438366592566.04967835801587965,2.249202943238195893,19929741.79167985,368.75
2025-10-04,122379.744317651,2439047951286.7919108583214727,2.247639041410610962,19930160.5415677,418.75
2025-10-05,123523.768313852,2461906048933.39135615600066748,2.266766621760194845,19930626.16644049,465.625
2025-10-06,124824.453666861,2487877501840.45938094513366485,2.287145426879909089,19931010.54125385,384.375
2025-10-07,121587.699236704,2423418149849.94999980972514176,2.219347428097427608,19931441.79109844,431.25
2025-10-08,123390.353094682,2459404708298.7583650356106702,2.248606081441407271,19931904.2908611,462.5
2025-10-09,121603.33278609,2423831591781.3974258520083064,2.212553431308937524,19932279.29077496,375
2025-10-10,113754.852328171,2267440411130.18640719191818524,2.070562788244426797,19932691.79049044,412.5
2025-10-11,110940.113648159,2211386055650.58090266853072032,2.019478996261418895,19933151.16535648,459.375
2025-10-12,115152.917045003,2295412681254.40174557383769511,2.095125745165171101,19933604.29034837,453.125
2025-10-13,115332.252929573,2299042274620.27148715254666917,2.097463177575280065,19934079.29024129,475
2025-10-14,113327.079410286,2259130837540.74180585902469486,2.056829337301677015,19934607.41507201,528.125
2025-10-15,110862.872485389,2210057728189.68758234986963386,2.005891025806165235,19935057.41501474,450
2025-10-16,108135.049605786,2155730124531.7385080167821571,1.957856817817029721,19935535.53996235,478.125
2025-10-17,106625.668651373,2125692786495.27633239812408904,1.929283031577620274,19936032.41491048,496.875
2025-10-18,107143.913935126,2136079787337.27434868382593734,1.938149518377999421,19936548.03977609,515.625
2025-10-19,108706.663763881,2167282843823.28185556789138234,1.965929731213063898,19936982.41471914,434.375
2025-10-20,110640.249515488,2205884225808.89887419083661088,2.000241242040893522,19937448.03964951,465.625
2025-10-21,108700.382071888,2167259172744.41199716665301808,1.96425526932419361,19937916.78957591,468.75
2025-10-22,107667.630188486,2146719730211.52460493006040052,1.94226939381305091,19938394.91454782,478.125
2025-10-23,110060.936797195,2194487262066.23715207854706105,1.983850582920295439,19938838.66452939,443.75
2025-10-24,111024.94314699,2213770533718.3887090052364274,2.000239970364218405,19939398.03947926,559.375
2025-10-25,111614.535857686,2225582464720.74890117144131562,2.010123020095332038,19939898.03943167,500
2025-10-26,114557.100460549,2284309527542.65459911146849221,2.061141989497095024,19940357.41441729,459.375
2025-10-27,114087.773805085,2275003395344.21076657521939365,2.050648698304158512,19940816.78928169,459.375
2025-10-28,112980.685846289,2252984353654.2141736964554585,2.026985285422002442,19941323.0392265,506.25
2025-10-29,110206.347983051,2197702746667.20831626870352438,1.974857071418471488,19941707.41421538,384.375
2025-10-30,108019.723841905,2154151737669.5390724748575296,1.932524832732004399,19942207.41410432,500
2025-10-31,109554.239627703,2184801299729.31657266554892787,1.959627406916377287,19942644.91409829,437.5
2025-11-01,110005.295855348,2193843993697.256705747004593,1.966344070183569606,19943076.16409725,431.25
2025-11-02,110389.168627119,2201553067373.58667418770289265,1.9727764696344197,19943560.53907935,484.375
2025-11-03,106495.802789889,2123952747606.45117815336660682,1.90208825321448168,19944004.28904138,443.75
2025-11-04,101349.73723232,2021361084102.2120953324908096,1.811685588621834272,19944413.66403078,409.375
2025-11-05,103915.88479135,2072586206255.736226804331077,1.857055734420491882,19944844.91391502,431.25
2025-11-06,101241.573677966,2019291779031.28152344196960682,1.809720163168965406,19945282.41386627,437.5
2025-11-07,103428.471746932,2062955975009.26117745957174564,1.842846505333191295,19945726.16384477,443.75
2025-11-08,102335.021439217,2041184690228.78568958900690688,1.822758385602604646,19946101.16382464,375
2025-11-09,104685.54544097,2088114606816.7803941423102696,1.864165176146262594,19946541.78875368,440.625
2025-11-10,106082.478156926,2116024994695.1907716753587998,1.887544360073252985,19946979.2887473,437.5
2025-11-11,102974.405611631,2054077570641.48515601383240016,1.831888197421843099,19947457.41372336,478.125
2025-11-12,101682.126652835,2028344694814.6988282058506567,1.808509903130079032,19947898.03856002,440.625
2025-11-13,100035.310145237,1995541058582.63632715251759804,1.780012643410584541,19948366.78854092,468.75
2025-11-14,94503.2576025716,1885228171827.796759748859364356,1.684260697265532358,19948816.78847541,450
2025-11-15,95541.3158389831,1905978900419.695894581242692361,1.702509965261634598,19949263.66339631,446.875
2025-11-16,94182.3130996493,1878914593268.834506645496229896,1.678552581264202543,19949760.53816872,496.875
2025-11-17,91911.4713471654,1833647459773.580292695934060288,1.639286711443771614,19950148.03807872,387.5
2025-11-18,92836.4419111631,1852139344559.262156561071697009,1.654516965238705052,19950563.66261439,415.625
2025-11-19,91320.4811332554,1821934169118.560119083780837336,1.628739580213074072,19950991.78748284,428.125
2025-11-20,86911.2980590298,1734002173123.256035206369893834,1.551561997819494713,19951401.16243033,409.375
2025-11-21,84948.0463205727,1694872634959.580318740565502357,1.520247367252210785,19951873.03735691,471.875
2025-11-22,84775.0015452952,1691457951396.9480393323391888,1.506320225015678732,19952319.912294,446.875
2025-11-23,86872.4546630625,1733345556623.2831723859226825,1.540812901640595729,19952763.66192388,443.75
2025-11-24,88377.6024421391,1763416908269.010305041193549786,1.567403592740589338,19953210.53683846,446.875
2025-11-25,87434.550610754,1744631418276.29416771371067436,1.550709768072390865,19953569.91131734,359.375
2025-11-26,90449.2770675044,1804832328647.090205020721350552,1.60191795961373538,19954082.41129558,512.5
2025-11-27,91336.2000452952,1822570878701.470374023958774816,1.618011024602580804,19954529.28628108,446.875
2025-11-28,90990.1266104617,1815707797825.454494817117257104,1.612404365357879284,19954998.03620112,468.75
2025-11-29,90842.0738243717,1812792296530.670127502471395018,1.609812435967487024,19955426.16117954,428.125
2025-11-30,90607.7021513735,1808162595802.939455056548358655,1.605936798624271017,19955948.03609673,521.875
2025-12-01,86504.6368156049,1726317990661.397090185455649736,1.533958697259218037,19956363.66107464,415.625
2025-12-02,91528.0245809468,1826602868895.496234108065536344,1.623386616483569194,19956760.53600458,396.875
2025-12-03,93609.0938658679,1868172884023.081489034258728053,1.659439770773658819,19957173.03598707,412.5
2025-12-04,92205.5929544126,1840201008281.702537626156493986,1.634686076820270397,19957585.53596111,412.5
2025-12-05,89279.8344634717,1781843133868.43847498486664686,1.584551095422328599,19957957.4108358,371.875
2025-12-06,89169.5570610754,1779687642907.62347165691112594,1.582597477652467208,19958466.7857961,509.375
2025-12-07,90067.847399474,1797661174713.30929474506476388,1.598500461378138632,19958966.78578562,500
2025-12-08,90673.1444436003,1809784214638.722763206151581288,1.609617738643143677,19959429.28575096,462.5
2025-12-09,92808.8518477498,1852449129111.150167139972818752,1.64698945121268091,19959832.41070624,403.125
2025-12-10,92102.9300917592,1838403661519.99158000421030748,1.632577087050128323,19960316.78567065,484.375
2025-12-11,92623.7198708358,1848845102345.162768622479384472,1.641645398724975683,19960816.78562884,500
2025-12-12,90331.6083091759,1803133614920.046033251559501559,1.602002659782639266,19961269.91062201,453.125
2025-12-13,90245.267264173,1801450466366.03898945133185665,1.600407122792779431,19961716.78557605,446.875
2025-12-14,88096.3826142607,1758590278128.857857311858313995,1.56259929379314562,19962116.78553285,400
2025-12-15,86352.5802565751,1723816451955.622160360697359133,1.533450783443856259,19962535.53551883,418.75
2025-12-16,87752.4290336061,1751801294180.254424960277296235,1.558300066009001642,19962994.91048135,459.375
2025-12-17,86059.5522241379,1718043516230.173241131830709377,1.529104503632706962,19963426.16047563,431.25
2025-12-18,85434.1928673291,1705597646267.562153623529989796,1.51839512120937372,19963876.16040556,450
2025-12-19,88168.0738325541,1760216458448.153777372305830672,1.56693934461553295,19964329.28534992,453.125
2025-12-20,88292.4536373466,1762740177172.65592744548293521,1.569933139591107187,19964788.66034185,459.375
2025-12-21,88533.4309830508,1767589418993.365793734374424624,1.574032913105105205,19965219.91033828,431.25
2025-12-22,88474.4622331969,1766450526025.611545546491590029,1.573037724446317484,19965654.28529741,434.375
2025-12-23,87365.9937872589,1744358815963.042175163712351032,1.553492672050859745,19966107.41028888,453.125
2025-12-24,87625.6707895967,1749587093886.608107572939224034,1.558626380619409761,19966604.28526302,496.875
2025-12-25,87231.3047685564,1741750562100.109667157441393396,1.551577942876588988,19967035.53525139,431.25
2025-12-26,87334.8077808299,1743859786142.681658736781356695,1.55479991226822753,19967523.03524805,487.5
2025-12-27,87695.4159076564,1751097507772.871193140261062612,1.561130488616241901,19967948.03524033,425
2025-12-28,87747.6491548802,1752183001305.312100247111763286,1.562371381365593766,19968432.41022443,484.375
2025-12-29,87133.5103991818,1739961546064.017378587101686086,1.551843732811980112,19968913.66011527,481.25
2025-12-30,88428.4922735243,1765853811641.812721148125457323,1.575194732866138022,19969285.53502561,371.875
2025-12-31,87516.9780376972,1747687897836.06821112864767688,1.559936864000081502,19969701.1599654,415.625
2026-01-01,88684.2178474576,1771039175878.283129760414816336,1.580566683878713845,19970173.03489761,471.875
2026-01-02,89940.1801671537,1796161433804.149483239948362079,1.602833534605485711,19970623.03484367,450
2026-01-03,90598.1301832262,1809344989019.29336175714399901,1.614442834571443502,19971107.40983355,484.375
2026-01-04,91359.7636823495,1824597050829.028918862046290755,1.627823371832260863,19971560.53482149,453.125
2026-01-05,93948.5821794272,1876338549946.975268597174408544,1.672965606192001107,19971973.03481877,412.5
2026-01-06,93574.2871122151,1868901153485.216699826811105637,1.665698184722737546,19972379.28453587,406.25
2026-01-07,91208.9562606663,1821701767682.828181842134361667,1.623473602551265525,19972838.65935909,459.375
2026-01-08,91096.9161554647,1819501586202.215265587512817789,1.62169483717787714,19973251.15920587,412.5
2026-01-09,90539.6032288136,1808410412088.442544364660118248,1.61240742980171578,19973694.90915693,443.75
2026-01-10,90406.1424114553,1805790474483.829390070531676925,1.610013212387903185,19974201.15842725,506.25
2026-01-11,90717.2063153127,1812038313400.789247021297433132,1.61585640170226006,19974582.40835316,381.25
2026-01-12,91141.1498489188,1820546852328.619480227425776536,1.623511736951167245,19975026.15828822,443.75
2026-01-13,95304.4982942724,1903750053001.0747921439009973,1.695645710218362588,19975448.03313325,421.875
2026-01-14,97043.9927258913,1938534838165.85529665072456052,1.725258285011507848,19975835.5330804,387.5
2026-01-15,95546.1397381648,1908655476071.211336864478424352,1.698251329285831995,19976269.90793874,434.375
2026-01-16,95489.1299602572,1907555425812.831366588599394864,1.696750116346635341,19976676.15787012,406.25
2026-01-17,95106.980462595,1899965633236.06110955771193535,1.689559939774011307,19977141.78280853,465.625
2026-01-18,94261.3294313267,1883113182009.902311776541988015,1.67439228016665098,19977579.28273045,437.5
2026-01-19,92526.2419643483,1848493706242.704085459504812675,1.643686879800847704,19978048.03263225,468.75
2026-01-20,88236.5631922852,1762830971003.290926715227333776,1.568922361489576793,19978463.65753988,415.625
2026-01-21,89599.361874927,1790095954678.73010771854121618,1.593366434791271748,19978891.78248334,428.125
2026-01-22,89395.700735827,1786072008022.88667629437141313,1.590055742443400378,19979394.90737819,503.125
2026-01-23,89439.7718909994,1786991652933.491619038478751944,1.597227656500747914,19979832.40734676,437.5
2026-01-24,89185.0386990064,1781929439365.0884902269313832,1.592705531232262332,19980138.6573255,306.25
2026-01-25,86445.6705926359,1727225660175.720315647794831164,1.544168167275462367,19980476.15727396,337.5
2026-01-26,88337.4545511397,1765058635213.335573072116404512,1.577978170566202727,19980863.65723296,387.5
2026-01-27,89260.3805397429,1783533524074.656576810076147803,1.594258404220791934,19981244.90720207,381.25
2026-01-28,89177.7892507306,1781913902166.206798392807339152,1.592968287196268319,19981588.65719592,343.75
2026-01-29,84520.3973106371,1688885620362.088306736490731329,1.510846374451050571,19981988.65718699,400
2026-01-30,84017.0340292227,1678861815455.312852185086684762,1.502794123367734197,19982398.03218206,409.375
2026-01-31,78702.38550263,1572696333598.1347058543220038,1.409206961565977084,19982829.28216426,431.25
2026-02-01,76911.0523772648,1536929030863.13218626409898636,1.377937528210173492,19983201.15715195,371.875
2026-02-02,78716.6018088837,1573038715100.273720882757221736,1.411272421681784931,19983569.90713928,368.75
2026-02-03,75684.7660277616,1512483032783.902764020693549088,1.359790639701243353,19983982.40709518,412.5
2026-02-04,73095.1914646406,1460765456261.42595863412838126,1.315930750700471022,19984426.1570621,443.75
2026-02-05,63494.6884456458,1268930112062.0478926050271709,1.149795147328867693,19984823.0320605,396.875
2026-02-06,70647.6982188778,1411913758763.476696686850614994,1.279488580391782923,19985276.15703973,453.125
2026-02-07,69166.2594424313,1382342675702.258759888701735316,1.254286499838438346,19985794.90702132,518.75
2026-02-08,70522.5892393337,1409487469971.348299562088069011,1.278752679408799173,19986326.15697003,531.25
2026-02-09,70244.1017773232,1403957309313.71977548442659064,1.274890122985871914,19986835.53196145,509.375
2026-02-10,68688.793113384,1372902520801.78179597524119032,1.248103301241876232,19987285.53194323,450
2026-02-11,66989.7165920514,1338975460058.470762021116564186,1.218238778849088581,19987776.15693549,490.625
2026-02-12,66221.5443115137,1323658033255.988773895847499689,1.205655751536307314,19988329.28192297,553.125
2026-02-13,68860.8411633548,1376445661511.021385666197105892,1.254381712792263234,19988801.15689779,471.875
2026-02-14,69798.0791253653,1395216132521.956875516268386571,1.271428434942343999,19989319.90687007,518.75
2026-02-15,68629.9599760374,1371908475474.983122803899249574,1.25035201564347092,19989935.53185801,615.625
2026-02-16,68747.4380286383,1374294450427.175969858315463926,1.25299188050397577,19990482.40684522,546.875
2026-02-17,67471.0508465809,1348813644678.033806539465378234,1.230359595565078076,19990998.03180826,515.625
2026-02-18,66380.7069611339,1327048320483.374637046958338483,1.211463714662580192,19991476.15677497,478.125
2026-02-19,66932.3522118644,1338109780371.293308274955801684,1.221844787848528018,19991973.03175161,496.875
2026-02-20,67977.3092612507,1359029636304.543609743182620782,1.241947410607623191,19992401.15670826,428.125
2026-02-21,68020.6677612507,1359921772015.443635057448753375,1.242772738890891497,19992773.03170125,371.875
2026-02-22,67550.0240768556,1350546919039.245186405314286552,1.234286313377275049,19993285.53166242,512.5
2026-02-23,64689.9123308007,1293393807330.471415665408011247,1.183184297247023484,19993748.03163321,462.5
2026-02-24,64123.7510780245,1282107185703.10868523086623909,1.174331993793702261,19994263.65658282,515.625
2026-02-25,68038.5221794272,1360413320036.062151777930317152,1.246122994172741683,19994751.15653541,487.5
2026-02-26,67519.2645292227,1350060432211.234939259199502521,1.236811391586416288,19995188.65651923,437.5
2026-02-27,65864.1358170661,1316994842741.929513605763880759,1.207325470552061755,19995629.28146219,440.625
2026-02-28,66965.6353091759,1339049943507.639113591507754791,1.227561261998226748,19996076.15645449,446.875
2026-03-01,65733.5212597896,1314443104307.392558258203355128,1.205248174799524999,19996541.78136143,465.625
2026-03-02,68922.6242974869,1378243428525.103486190661107004,1.263760682233651997,19996966.78083916,425
2026-03-03,68431.1740306838,1368444569419.451269027906103886,1.254890753252481821,19997385.53083797,418.75
2026-03-04,72667.4630575687,1453188795466.449163690705078289,1.332459933264621132,19997791.78083047,406.25
2026-03-05,70987.427176505,1419628612459.788787809560605,1.302099873489965357,19998310.530821,518.75
2026-03-06,68226.7053927528,1364449969372.417498069165264104,1.252787494903745093,19998766.78080593,456.25
2026-03-07,67315.5529135009,1346255811100.957521518991263905,1.236301300128931018,19999179.28076545,412.5
2026-03-08,66202.6978731736,1324027346015.65629441587946268,1.216000425764657274,19999598.03076505,418.75
2026-03-09,68528.5384699007,1370572775964.72898268334794206,1.258828872642114119,20000029.2807458,431.25
2026-03-10,69891.8238576856,1397868664486.26238444730619104,1.283892198721693304,20000460.5307284,431.25
2026-03-11,70298.5753530099,1406034417657.671859851645727798,1.292630560496042243,20000894.90572402,434.375
2026-03-12,70538.1074623027,1410853709874.83424605341352136,1.297352966463531066,20001298.0306968,403.125
2026-03-13,70930.0132793688,1418719155332.773512682625649096,1.304541264897919925,20001676.15569067,378.125
2026-03-14,71136.2179199299,1422872048261.81340684951850954,1.308561126940238857,20002076.1556846,400
2026-03-15,72712.1461957919,1454422288833.392181511595716959,1.337286306516293248,20002466.78068161,390.625
2026-03-16,74723.9575534775,1494692667729.385994948826378825,1.373664782035470618,20002857.40566783,390.625
2026-03-17,74086.013609585,1481961368873.2728853524697819,1.362039221724130213,20003254.28066414,396.875
2026-03-18,71253.9579275278,1425341989865.848994578369656638,1.310827120703242271,20003688.65566121,434.375
2026-03-19,69948.9048267095,1399265405056.84483728251701092,1.287323353044124525,20004107.40558936,418.75
2026-03-20,70510.4196797194,1410527534715.377228828918847464,1.297913457955359212,20004526.15545956,418.75
2026-03-21,69707.285009059,1394491267456.10996296986331199,1.283228639468927586,20004957.40545461,431.25
2026-03-22,68018.1534815897,1360734697384.813903941821320095,1.251662159669346332,20005463.65542135,506.25
2026-03-23,70726.2110461718,1414946007675.063973167961717164,1.301409408329921882,20005963.65541698,500
2026-03-24,70610.0187121566,1412649050098.19387066071904289,1.300277748972673678,20006354.28035915,390.625
2026-03-25,71281.2973921683,1426112970560.199179943166939452,1.312918792312330166,20006832.40533844,478.125
2026-03-26,68722.9718366452,1374964415213.67797265119261886,1.266407225667918744,20007348.03032055,515.625
2026-03-27,66214.1715134424,1324801425739.397568014873360904,1.221391534843413818,20007823.03030771,475
2026-03-28,66351.0725251315,1327576595348.796665808813064855,1.224282130242580979,20008366.78029517,543.75
2026-03-29,65966.7523939217,1319916662240.19511179073313506,1.217346516021097581,20008816.7802818,450
2026-03-30,66651.2320037989,1333640616117.639059234630858504,1.230767788536540454,20009241.78028136,425
2026-03-31,68214.8680388662,1364956778916.212676801343902878,1.259461592624951898,20009666.78024669,425
2026-04-01,68116.8167933957,1363029290305.229858615636239853,1.257800435787088238,20010173.03024329,506.25
2026-04-02,66908.3179918177,1338877338009.638375304706270099,1.236157058152968281,20010626.15523187,453.125
2026-04-03,66891.7422279369,1338573239437.892750095873361895,1.236095290145613828,20011038.65521455,412.5
2026-04-04,67295.1309137931,1346670701697.704467372587568227,1.243587958303051475,20011413.65521417,375
2026-04-05,68921.8060911748,1379257017077.333913114876260492,1.273186006504800766,20011910.53021379,496.875
2026-04-06,68742.9133085915,1375704527882.762522079526678435,1.270093812424762186,20012310.53020889,400
2026-04-07,72057.1243614845,1442060623269.75755123066765401,1.330703341528385252,20012741.78019458,431.25
2026-04-08,71085.0583702513,1422639794430.003404358402808431,1.312922033874206474,20013204.28014687,462.5
2026-04-09,71788.6797825833,1436753818394.925547113642669304,1.325828946125455227,20013654.28012088,450
2026-04-10,72945.0707241379,1459925921077.712316982587428305,1.346842656266018729,20014044.90508795,390.625
2026-04-11,73119.1091168907,1463437238442.913573463389640526,1.349740683017782451,20014429.28008618,384.375
2026-04-12,70685.3697019287,1414761571255.027584933491895636,1.304967334797095608,20014913.65498828,484.375
2026-04-13,74632.7455856224,1493802476369.4460358448594384,1.377048239840282899,20015376.1549035,462.5
2026-04-14,74173.5083603156,1484648684480.573494688135335568,1.368752904018341818,20015888.65486228,512.5
2026-04-15,74761.964654588,1496456364036.283560744488036,1.379626388688391797,20016279.279847,390.625
2026-04-16,75095.7442159556,1503173059357.57991229836699966,1.385625861215399589,20016754.27884235,475
2026-04-17,77114.481438048,1543615604845.24013700591861312,1.422323515387898392,20017194.90372694,440.625
2026-04-18,75792.0637510228,1517180750333.28956653381093468,1.398004736839902213,20017673.0286331,478.125
2026-04-19,73905.2041016949,1479446701514.391978559631512842,1.363465675295210693,20018166.77860258,493.75
2026-04-20,75814.1453237873,1517691004761.613755864552762899,1.398730554650119404,20018573.02855363,406.25
2026-04-21,76107.4432977791,1523594519498.587403754147461349,1.404039174989212456,20018994.90352539,421.875
2026-04-22,78317.7422720631,1567874544724.637551826861704539,1.445181688088130365,20019404.27851069,409.375
2026-04-23,78233.6837492694,1566221325283.502780486463216072,1.443518010298724995,20019782.40348588,378.125
2026-04-24,77444.269277031,1550453479308.58857714359183322,1.431305408695868633,20020248.02845462,465.625
2026-04-25,77624.7114821742,1554099937821.241282444477942062,1.434574147564593222,20020685.52844961,437.5
2026-04-26,78538.7733573933,1572436652794.886869544557484082,1.451239910737168666,20021151.15344954,465.625
2026-04-27,77256.297159848,1546793319768.87794737533919864,1.427496644438278874,20021582.40341843,431.25
2026-04-28,76295.531117183,1527590404144.00694909590961278,1.409896812228441536,20022016.77838466,434.375
2026-04-29,75795.0098530099,1517599040135.242628512850664227,1.401295058848076788,20022413.65333073,396.875
2026-04-30,76299.6161285798,1527735856798.695544381134725796,1.410908716177076356,20022851.15332902,437.5
2026-05-01,78132.6437852133,1564476874719.711567398642948472,1.444110941062606203,20023344.90332184,493.75
2026-05-02,78712.5387317358,1576121764068.980210662921839552,1.454678771992814357,20023769.90330144,425
2026-05-03,78649.1732893045,1574890307386.789309441070022415,1.453212899139303528,20024244.90329587,475
2026-05-04,79826.107817066,1598494701633.08871508597466978,1.473413962523283872,20024710.52824333,465.625
2026-05-05,80936.7548252484,1620773025572.615538027553611852,1.493264882736319985,20025179.27821603,468.75
2026-05-06,81364.6201285798,1629376956264.482174319909492436,1.500728934715564584,20025619.90321582,440.625
2026-05-07,79988.9987343659,1601864780211.274396511647782849,1.475407732707148625,20026063.65321411,443.75
2026-05-08,80179.6922957335,1605720454154.295811332522408915,1.478806937707672454,20026523.02819749,459.375
2026-05-09,80663.6296519579,1615455141384.508255863697984469,1.487556461969192842,20027057.40312911,534.375
2026-05-10,82256.781137931,1647399835510.1553905070395481,1.516576299979984875,20027526.1531051,468.75
2026-05-11,81714.7420499708,1636586267659.331362831202462484,1.506279731410384391,20028041.77804923,515.625
2026-05-12,80525.563024547,1612803060535.83536033691982593,1.484343417679068369,20028460.52804619,418.75
2026-05-13,79291.9110017534,1588129352111.742322738591222592,1.461697921959849683,20028894.90299488,434.375
2026-05-14,81175.8271116306,1625900414724.60412159988441598,1.496291810555882964,20029366.7779783,471.875
2026-05-15,79063.4145756868,1583625954865.042500584779632508,1.457648207597749705,20029819.90297231,453.125
2026-05-16,78164.4952711864,1565657646957.87291689797259196,1.441120732074192594,20030291.77794765,471.875
2026-05-17,77497.697113384,1552335390540.52008122359260088,1.428878571951693625,20030729.27792107,437.5
2026-05-18,76975.9111998831,1541917315110.888727505717951166,1.419569255459985016,20031166.77770786,437.5
2026-05-19,76807.460956166,1538577143495.5375631549934075,1.417036826307527267,20031610.52770125,443.75
2026-05-20,77408.1722089421,1550647126229.188660743140455696,1.428247432039944376,20032085.52765776,475
2026-05-21,77595.3861717446,1554428208011.918425127027901892,1.431839863663851524,20032482.40264502,396.875
2026-05-22,75567.5430431093,1513842315397.030067386879774016,1.39519779572178037,20032969.90261312,487.5
2026-05-23,76619.8666090415,1534962749402.78215297969671618,1.414564660605659749,20033482.40261292,512.5
2026-05-24,76950.9896316365,1541627798460.40414677015681628,1.42069214819065929,20033891.77761272,409.375
2026-05-25,77244.5722896786,1547549230891.979512134208516788,1.425980680386381003,20034407.40261258,515.625
2026-05-26,75816.0412797019,1518962391243.481183355294831625,1.40007607102657649,20034841.77760875,434.375
2026-05-27,74268.7756418995,1487995661586.57252854213521895,1.372069898974952594,20035279.2775421,437.5
2026-05-28,73500.5305338925,1472640865932.4536647160739144,1.359302863594601974,20035785.52747168,506.25
2026-05-29,73322.8951406751,1469113880052.40878457622217888,1.357030041234058887,20036223.0273888,437.5
2026-05-30,73731.4811337376,1477333118477.007010208840474656,1.364802034577215145,20036666.77734781,443.75
2026-05-31,73599.5607413209,1474722993333.14150293433108202,1.362399461307008605,20037116.7773178,450
2026-06-01,71328.7312172998,1429252208777.493792232221095306,1.321374781897173082,20037538.65217847,421.875
2026-06-02,66540.6926785798,1333334574845.520533584774811026,1.236014994910390095,20037882.40206787,343.75
2026-06-03,64232.5802701052,1287106568324.686008038183701592,1.195632053440426534,20038219.90199146,337.5
2026-06-04,63639.2504696786,1275245535217.732329904337681074,1.185893287874848421,20038663.65185009,443.75
2026-06-05,60907.6055536879,1220532716918.294719885761816924,1.136797041094218514,20039085.52672356,421.875
2026-06-06,60771.611314325,1217830685900.833785540321791,1.134645827440571164,20039466.77671468,381.25
2026-06-07,63158.25397737,1265680824489.3382705890442605,1.178976675309288158,20039832.40168165,365.625
2026-06-08,63109.6166975745,1264731188110.39747990096075701,1.17851325983647987,20040229.27553298,396.875
2026-06-09,61640.4602024664,1235312840780.62880795301479064,1.151756616739635859,20040616.7754601,387.5
2026-06-10,61435.0773408358,1231221031281.301618809480513396,1.14883584470393795,20041010.51994462,393.75
2026-06-11,63475.3191592987,1272136317475.422581053172318515,1.187544970760875101,20041432.39174345,421.875
2026-06-12,63475.6376139684,1272171858771.694504617952827552,1.187785521246668894,20041891.76497128,459.375
2026-06-13,64423.5445433314,1291194670976.371584422422200652,1.205481911068105974,20042279.26496518,387.5
2026-06-14,65615.3266107481,1315110636985.601046554950099798,1.227631547666529724,20042735.51493958,456.25
2026-06-15,66222.5866309585,1327312830793.695432710452662135,1.239354616703815531,20043204.26489031,468.75
2026-06-16,65638.1446884863,1315631970870.501120745330013438,1.228732676085615156,20043710.51489026,506.25
2026-06-17,64400.725126242,1290856056678.5248530407686284,1.205907276289851683,20044123.0148902,412.5
2026-06-18,62835.2224827586,1259509328523.997946514797795376,1.177225383776006809,20044638.63989016,515.625
2026-06-19,63307.2784012274,1269001391949.415716958806120352,1.186374409712871999,20045110.51488848,471.875
2026-06-20,64220.5363933372,1287338856151.9698998157725563,1.203461027144566386,20045594.88988525,484.375
2026-06-21,63365.4368950906,1270224412296.271698134596550026,1.186796520860484124,20046013.63988521,418.75
2026-06-22,63923.5748693746,1281444016484.453565120542408428,1.197421605598320775,20046501.13988518,487.5
2026-06-23,62593.34893045,1254811480199.299684432094545,1.173197665183300212,20047041.7646701,540.625
2026-06-24,60908.1877729398,1221058486497.942977672568242388,1.142325325044979809,20047526.13967006,484.375
2026-06-25,59863.4211537113,1200145302830.993583870302843565,1.124079576294929975,20048057.38966005,531.25
2026-06-26,59961.5113755114,1202140865082.822192063085180626,1.127046938441016787,20048541.76463909,484.375
2026-06-27,59955.5660201637,1202053146049.660237695302721957,1.127011418515148159,20049066.76463361,525
2026-06-28,59516.6736531268,1193277756338.609923119282281852,1.118931820253925698,20049469.88961839,403.125
2026-06-29,60175.460563121,1206509590693.48922626116045188,1.132283845718637403,20049860.51461828,390.625
2026-06-30,58525.0753614845,1173446848343.179954622602357065,1.102780568200886763,20050326.13961277,465.625
2026-07-01,60065.5999105786,1204361709793.517561023163772632,1.132110872036322331,20050773.01461212,446.875
2026-07-02,61438.1894114553,1231908341575.83254931605571576,1.158185562495804863,20051182.3895992,409.375
2026-07-03,62564.6141320865,1254524011767.273644908337344665,1.179298708831683854,20051654.26448121,471.875
2026-07-04,63090.4092688486,1265097436323.031629081164969348,1.189157218935094333,20052135.51448118,481.25
2026-07-05,63619.8810414962,1275739924003.046797680419131606,1.199064763645006313,20052535.51434563,400
2026-07-06,64063.0612583285,1284650033900.036753211089912885,1.207395461812444448,20052898.01434561,362.5
2026-07-07,63458.1205143191,1272546981565.540534453197739829,1.196288648174336025,20053335.51091219,437.5
2026-07-08,62214.0424511981,1247624924474.591214114413759634,1.173170745233848663,20053751.13589914,415.625
2026-07-09,63189.3864307423,1267208913265.610246155053328365,1.191659572443617123,20054141.76088755,390.625
2026-07-10,64118.6200949737,1285869945086.504819299224259276,1.209740085039800304,20054548.01088748,406.25
2026-07-11,63892.7086899474,1281367147363.528006486747624338,1.205498450094525462,20054982.38588737,434.375
2026-07-12,63752.2716569258,1278579373662.195327025939831598,1.202836434530210917,20055432.38588731,450
2026-07-13,62126.5323722969,1246003008738.04752115748303937,1.174318418220533999,20055891.7608873,459.375
2026-07-14,64934.4426034483,1302349402108.099266481488883222,1.227626773164521771,20056373.01087634,481.25
2026-07-15,64765.0553211572,1298980442301.286619046946549248,1.224568215372696308,20056810.51085184,437.5
2026-07-16,63780.1417434249,1279250334168.872179178036136645,1.206420895907576759,20057188.63584605,378.125
2026-07-17,63915.9181496201,1281998993789.782636863741317086,1.20912709966866849,20057585.51083886,396.875
2026-07-18,64777.6617481005,1299317093110.11725162266617021,1.225397192666522099,20058104.26073642,518.75
2026-07-19,64653.0497457627,1296850949302.723147399041186387,1.222993031235803428,20058619.88571881,515.625
2026-07-20,65181.9241548802,1307489179295.059106511848096344,1.232747388312375434,20059076.13571372,456.25
2026-07-21,66403.0964649328,1332013403971.494422510478186736,1.255379142347312554,20059507.38569737,431.25
2026-07-22,65983.1860485096,1323613920578.046933907364386704,1.247604270212369309,20059866.76067674,359.375
2026-07-23,65094.4103909994,1305812050750.53172472295141252,1.230958318826041024,20060279.2606458,412.5
2026-07-24,64100.1140327294,1285897036312.13873239512725658,1.212571621545137281,20060760.5105907,481.25
2026-07-25,64331.3274596727,1290563096381.072380858217011128,1.216416341558775665,20061191.76057864,431.25
2026-07-26,65328.7891218585,1310603172319.878792727578900435,1.235215660677629527,20061648.01057611,456.25
2026-07-27,63718.2437025132,1278320455504.522485428375804256,1.205201344423760715,20062079.26057608,431.25
2026-07-28,63728.4501987142,1278550511268.891788748403497846,1.205490199335648179,20062476.13557513,396.875
2026-07-29,63904.6444991233,1282113962604.08234144857880983,1.208854436429852679,20062923.0105751,446.875
2026-07-30,64827.5701659848,1300661544884.788075833890919848,1.226279963554553827,20063401.13557501,478.125
2026-07-31,62875.1789333723,1261520784545.869221589801011712,1.189970381191086102,20063891.76057344,490.625
2026-08-01,62751.8791487434,1259079071351.022880772526691748,1.188728646019947622,20064404.26057322,512.5
2026-08-02,63445.6829658095,1273028382171.418669882105427335,1.201895276659115266,20064854.26057193,450
2026-08-03,63460.0481116306,1273346363617.167523590440547882,1.202801204686642675,20065323.01042797,468.75
2026-08-04,64161.470880187,1287448909177.39337035991202835,1.21621443137356142,20065763.63533705,440.625
2026-08-05,64610.3074430158,1296483828380.648164503416729232,1.225105983240153169,20066207.38531704,443.75
2026-08-06,64212.2673161894,1288522357554.101155954236521458,1.217578013626705301,20066607.38530307,400
2026-08-07,64869.1683985973,1301736162817.654666646078453846,1.230203869945236391,20067101.13530302,493.75
2026-08-08,64906.9568167738,1302523472123.269865516915958186,1.230809722123391248,20067548.01030297,446.875
2026-08-09,64864.9272893045,1301709029077.309153631231512185,1.23011357466144887,20067994.88530293,446.875
2026-08-10,63907.7478731736,1282528117378.056221975362819968,1.21221435616935527,20068429.26030288,434.375
2026-08-11,63547.4365920514,1275322853481.535427281564402378,1.205667143462434842,20068832.38530277,403.125
2026-08-12,63359.3968950906,1271577034025.600855217775036902,1.202557884236982369,20069273.00982767,440.625
2026-08-13,63395.0080067212,1272320647119.499346772193466756,1.203434943276686953,20069729.25982763,456.25
2026-08-14,62924.7014248977,1262911020666.652789166277665658,1.194702960097774507,20070194.88481754,465.625
2026-08-15,63034.4329655173,1265141916548.074983878715057096,1.196810631016528477,20070648.00979752,453.125
2026-08-16,62818.4112106955,1260837825457.571819218536243365,1.193031493800086394,20071151.13479503,503.125
2026-08-17,64434.1397083577,1293299170683.420356266768670038,1.223669994665651365,20071644.88479494,493.75
2026-08-18,64696.1814053185,1298588902729.29214086483228202,1.228933725106216254,20072110.50979492,465.625
2026-08-19,69267.8268869083,1390378100868.326186597809476753,1.315336680281195286,20072494.88479491,384.375
2026-08-20,73070.9310248627,1466744889247.884361920780211036,1.386071625027332987,20072891.75977268,396.875
2026-08-21,78359.170712256,1572928699609.4886537206383584,1.483722221375724402,20073319.88473265,428.125
2026-08-22,77020.1308082058,1546085345087.560678114102604964,1.457789242610116096,20073782.38473258,462.5
2026-08-23,77593.0280291116,1557618536265.254449053113497224,1.468270768531389904,20074207.38472614,425
2026-08-24,78894.4979810754,1583779523411.536844380838503614,1.490624130060475475,20074651.13462591,443.75
2026-08-25,78601.4032035769,1577930627368.682741607276620172,1.484141488925958997,20075094.88452588,443.75
2026-08-26,78955.0443928229,1585067511435.800141443286988166,1.489768033817081487,20075569.88442254,475
2026-08-27,80297.3961619871,1612052623865.522888954707552501,1.514130238816194911,20076026.13431531,456.25
2026-08-28,77716.5892479486,1560272334888.395400479741715804,1.465137108320893492,20076438.63410514,412.5
2026-08-29,78243.9320870076,1570895199827.698591050684063984,1.474997033379146334,20076894.88407684,456.25
2026-08-30,77689.1906069491,1559797286369.173074371117017659,1.464432979869225742,20077404.25898649,509.375
2026-08-31,78533.8892895967,1576793946886.396368699289423774,1.479640956492489684,20077879.25887522,475
2026-09-01,77407.7011547107,1554216827150.678775135790419132,1.458291528064497333,20078323.00877076,443.75
2026-09-02,77188.7006046172,1549852709768.418233940462467568,1.454004726441035645,20078751.13363044,428.125
2026-09-03,81243.2439279778,1631303497729.189430843292699316,1.529084095903799471,20079251.13348922,500
2026-09-04,79681.5555543542,1599981572367.615035597114902134,1.499477260228351857,20079698.00835777,446.875
2026-09-05,79817.3237329047,1602744671894.318340804405078912,1.501487387152957333,20080160.50823296,462.5
2026-09-06,80319.9731380596,1612879367590.62658966079994192,1.510496045367411941,20080676.1329252,515.625
2026-09-07,79073.0209832028,1587874072538.340719004516404508,1.486935906918573925,20081110.50766161,434.375
2026-09-08,78445.6833851549,1575309040880.376951194972046501,1.474939712377904829,20081526.13249449,415.625
2026-09-09,78207.4846148861,1570564994172.225977821040550617,1.470283096022392008,20082029.25725197,503.125
2026-09-10,76675.7738575336,1539837241862.03064335086201464,1.441273877895907411,20082448.0066299,418.75
2026-09-11,77176.8177780772,1549938259884.99533639509787946,1.450646104253557987,20082951.13102305,503.125
2026-09-12,77252.4105082525,1551494286917.614816613685204425,1.451919484146061062,20083441.75554077,490.625
2026-09-13,76759.2585653887,1541626319340.572018268543057019,1.442596968843287156,20083913.63013637,471.875
2026-09-14,78278.7924649912,1572181200102.698955010662694576,1.470872089762808878,20084382.37988698,468.75
2026-09-15,75650.4287918118,1519430673477.394099401763031406,1.421741711415347312,20084891.75466317,509.375
2026-09-16,76082.3769918527,1528138641304.683434819172987033,1.429928640799474409,20085316.75434279,425
2026-09-17,76386.9018813968,1534289255564.704520800167829696,1.435849433216295172,20085763.62930572,446.875
2026-09-18,80944.1551838106,1625863616660.61927381602884806,1.520148108509720923,20086238.6291951,475
2026-09-19,81262.3455507422,1632287115291.476715055739714986,1.525664629301577927,20086635.50416763,396.875
2026-09-20,81194.7440397662,1630968303348.060758424196826436,1.524189665451471584,20087116.75412478,481.25
2026-09-21,86505.297748235,1737682294733.7460087072235072,1.620960799754175229,20087582.37895552,465.625
2026-09-22,86205.2717985915,1731692944156.58697582855492501,1.612151310687801884,20088016.75380694,434.375
2026-09-23,84434.3188651724,1696152049521.83131927596196846,1.578596055163793323,20088419.87853665,403.125
2026-09-24,84386.5778094565,1695229926223.292544884356064115,1.577304652515512133,20088857.37790071,437.5
2026-09-25,84062.1558929047,1688747861588.438290616023518289,1.570499752456380261,20089276.12729687,418.75
2026-09-26,84386.4961173115,1695304232913.60089035532701582,1.576264564735581773,20089757.37725668,481.25
2026-09-27,84392.4723819229,1695462798671.221811825694391564,1.576199549753006593,20090213.62709116,456.25
2026-09-28,83516.7629809001,1677912673041.560846490217328638,1.558861667543222889,20090729.25186638,515.625
2026-09-29,83674.6569854062,1681126454579.74805854264103133,1.561016184202416182,20091226.12684215,496.875
2026-09-30,83579.6739176914,1679254955567.01583147477202788,1.55898418366023022,20091666.7516642,440.625
2026-10-01,84777.2412468031,1703352109574.792869770992055908,1.580581704523888007,20092091.75155868,425
2026-10-02,84517.5188820339,1698170984511.18570898817412951,1.574737386059323847,20092532.3764109,440.625
2026-10-03,84756.1407678667,1703000994102.151897874470593844,1.578908906532432178,20092951.12629532,418.75
2026-10-04,86520.8001186441,1738496872160.741597426704273905,1.611065308915686525,20093398.00113705,446.875
2026-10-05,85834.5284942957,1724754820477.82986243790963106,1.596729720053423595,20093951.1258858,553.125
2026-10-06,85523.2317733255,1718541064685.364717293620471655,1.590502819992422643,20094435.50075681,484.375
2026-10-07,83273.7243755582,1673378558826.974120483252618992,1.547891101815147071,20094916.75045256,481.25
2026-10-08,81731.8801367154,1642430829482.575849940311512126,1.519171212411918363,20095351.12535319,434.375
