date,PriceUSD,CapMrktCurUSD,FlowInExNtv,FlowOutExNtv,SplyExNtv
2010-07-18,0.08584,295959.152,,,
2010-07-19,0.0808,279285.2,,,
2010-07-20,0.0747357288135593,259000.404989830432115,,,
2010-07-21,0.0791928626534191,275266.47129701944969,,,
2010-07-22,0.0584697603740503,203749.57397545308041,,,
2010-07-23,0.0605928696668615,211735.7237638808256,,,
2010-07-24,0.05454,191099.979,,,
2010-07-25,0.050540618351841,177670.4897540618514,,,
2010-07-26,0.056,197542.8,,,
2010-07-27,0.058622016364699,207278.65656312095915,,,
2010-07-28,0.0589110987726476,208769.15183050856488,,,
2010-07-29,0.0699,248340.72,,,
2010-07-30,0.064657381648159,230303.1276925775421,,,
2010-07-31,0.0675457989479836,241276.97113214481838,,,
2010-08-01,0.0611,218982.4,,,
2010-08-02,0.06,215766,,,
2010-08-03,0.0600121507890123,216490.833363822421635,,,
2010-08-04,0.0570157802454705,206374.3181765050218,,,
2010-08-05,0.061,221460.5,,,
2010-08-06,0.0616713150204559,224350.993347165495815,,,
2010-08-07,0.0590039450613676,215104.78211572172256,,,
2010-08-08,0.0609,222622.995,,,
2010-08-09,0.0704,258019.52,,,
2010-08-10,0.0693387288135593,254792.09289830500378,,,
2010-08-11,0.067,246978.75,,,
2010-08-12,0.07,258797,,,
2010-08-13,0.0645,239156.325,,,
2010-08-14,0.0669964336645237,249354.02645599075903,,,
2010-08-15,0.0651179322033898,243036.40246610158105,,,
2010-08-16,0.0655,244943.8,,,
2010-08-17,0.07,262223.5,,,
2010-08-18,0.068,255183.6,,,
2010-08-19,0.0667,250755.315,,,
2010-08-20,0.0655,246876.05,,,
2010-08-21,0.0664,250842.6,,,
2010-08-22,0.0659289888953828,249762.08508182343038,,,
2010-08-23,0.06491,246593.09,,,
2010-08-24,0.065,247633.75,,,
2010-08-25,0.0648,247571.64,,,
2010-08-26,0.0640751139684395,245474.965368790146475,,,
2010-08-27,0.065,249574,,,
2010-08-28,0.0646,248587.26,,,
2010-08-29,0.064,246796.8,,,
2010-08-30,0.06497,251021.3405,,,
2010-08-31,0.06,232371,,,
2010-09-01,0.0620248275862069,240699.74841379311683,,,
2010-09-02,0.0634,246530.9,,,
2010-09-03,0.06085,237114.195,,,
2010-09-04,0.062178275862069,242852.80094827599675,,,
2010-09-05,0.06165,241298.1,,,
2010-09-06,0.0616,241589.04,,,
2010-09-07,0.0612391180596142,240663.61006247784458,,,
2010-09-08,0.061,240227.15,,,
2010-09-09,0.0611149707773232,241092.44821946229168,,,
2010-09-10,0.0610115242548218,241224.31402250169175,,,
2010-09-11,0.0636208649912332,252049.9618790181301,,,
2010-09-12,0.0615,244191.9,,,
2010-09-13,0.06218,247423.547,,,
2010-09-14,0.06199,247296.707,,,
2010-09-15,0.0604,241464.1,,,
2010-09-16,0.0619,248138.53,,,
2010-09-17,0.0600005260081823,241148.11407948548193,,,
2010-09-18,0.061,245887.95,,,
2010-09-19,0.0627,253395.78,,,
2010-09-20,0.0621017358270018,251608.28778988914279,,,
2010-09-21,0.06265,254368.3975,,,
2010-09-22,0.061881870251315,251788.04777206303775,,,
2010-09-23,0.062153512565751,253620.51570017524305,,,
2010-09-24,0.0622,254519.29,,,
2010-09-25,0.06202,254424.646,,,
2010-09-26,0.062,254978.1,,,
2010-09-27,0.0622004418468732,256514.6221765050768,,,
2010-09-28,0.0619038977206312,255947.85551572175952,,,
2010-09-29,0.06191,256480.748,,,
2010-09-30,0.0619,256891.19,,,
2010-10-01,0.0619733138515488,257672.64433196960064,,,
2010-10-02,0.0614,255595.92,,,
2010-10-03,0.0610648684979544,254573.33028112209816,,,
2010-10-04,0.0612944769140853,255999.447555522959715,,,
2010-10-05,0.0614,256826.99,,,
2010-10-06,0.06281,263261.834,,,
2010-10-07,0.067,281359.8,,,
2010-10-08,0.0844531081239041,355302.67118807693911,,,
2010-10-09,0.0938,395367,,,
2010-10-10,0.0971462010520164,410335.83862361207196,,,
2010-10-11,0.095,402025.75,,,
2010-10-12,0.0949,402338.04,,,
2010-10-13,0.104865589129164,445510.9688563403376,,,
2010-10-14,0.102,434382.3,,,
2010-10-15,0.105,448087.5,,,
2010-10-16,0.101,432320.4,,,
2010-10-17,0.102,437977.8,,,
2010-10-18,0.1024,440970.24,,,
2010-10-19,0.0975448918760959,421311.019746639606485,,,
2010-10-20,0.099,428902.65,,,
2010-10-21,0.107,464556.55,,,
2010-10-22,0.1025,445808.375,,,
2010-10-23,0.104556424313267,455667.3527996489127,,,
2010-10-24,0.11501,502403.9335,,,
2010-10-25,0.139118552893045,609130.5838421975325,,,
2010-10-26,0.151,662973.05,,,
2010-10-27,0.1877,826105.24,,,
2010-10-28,0.1731,763743.165,,,
2010-10-29,0.19,840427,,,
2010-10-30,0.197610543541789,876580.6100970218251,,,
2010-10-31,0.1925,855633.625,,,
2010-11-01,0.194525061367621,866356.2658129736477,,,
2010-11-02,0.1938,864832.5,,,
2010-11-03,0.1931,863543.2,,,
2010-11-04,0.229275160724722,1027622.7341262402401,,,
2010-11-05,0.259112413793104,1164192.075172416272,,,
2010-11-06,0.400982302746932,1805984.1933419070348,,,
2010-11-07,0.34,1535423,,,
2010-11-08,0.243184628872005,1101553.4134015210485,,,
2010-11-09,0.217272694330801,986537.53224371848055,,,
2010-11-10,0.229549731151373,1044611.9615505531111,,,
2010-11-11,0.2231,1017704.115,,,
2010-11-12,0.2682,1225700.82,,,
2010-11-13,0.276,1264425,,,
2010-11-14,0.27904,1281923.712,,,
2010-11-15,0.268464555815313,1236024.23820149181765,,,
2010-11-16,0.225,1038127.5,,,
2010-11-17,0.241939333722969,1119271.84263588533625,,,
2010-11-18,0.269057790765634,1248185.9971408526894,,,
2010-11-19,0.27829,1293102.314,,,
2010-11-20,0.283015964932788,1316703.4752533028912,,,
2010-11-21,0.27675,1289488.95,,,
2010-11-22,0.285,1330251.75,,,
2010-11-23,0.28295,1322663.9225,,,
2010-11-24,0.282905736411455,1324960.725909408347,,,
2010-11-25,0.28,1313886,,,
2010-11-26,0.2844,1337291.46,,,
2010-11-27,0.283,1333255.45,,,
2010-11-28,0.271358679135009,1280745.12584745872775,,,
2010-11-29,0.230559456458212,1090592.3409386344024,,,
2010-11-30,0.2082,986930.46,,,
2010-12-01,0.2275,1080556.75,,,
2010-12-02,0.255,1213570.5,,,
2010-12-03,0.251060083576856,1197192.5615404166788,,,
2010-12-04,0.205000526008182,979902.51431910996,,,
2010-12-05,0.202850017533606,972047.1415201632717,,,
2010-12-06,0.204,980016,,,
2010-12-07,0.233420385739334,1124140.9067013455773,,,
2010-12-08,0.2388,1152890.58,,,
2010-12-09,0.199991694330801,967759.808866746039,,,
2010-12-10,0.204,988655.4,,,
2010-12-11,0.228,1106962.8,,,
2010-12-12,0.219853611922852,1069291.0196285791298,,,
2010-12-13,0.227605236703682,1108596.8264126239174,,,
2010-12-14,0.24669,1203662.1825,,,
2010-12-15,0.24,1173372,,,
2010-12-16,0.24996,1224229.092,,,
2010-12-17,0.242655815312683,1190469.429924022798,,,
2010-12-18,0.241,1184286.05,,,
2010-12-19,0.2401,1182072.325,,,
2010-12-20,0.267,1316630.4,,,
2010-12-21,0.241436002337814,1192935.287551138974,,,
2010-12-22,0.25,1237212.5,,,
2010-12-23,0.249970127995324,1238876.9513576252764,,,
2010-12-24,0.248,1230948,,,
2010-12-25,0.2499,1242477.81,,,
2010-12-26,0.264962127410871,1319286.17669783833965,,,
2010-12-27,0.264785388661601,1320603.88668030190745,,,
2010-12-28,0.281,1403847.9,,,
2010-12-29,0.3,1501245,,,
2010-12-30,0.3,1503780,,,
2010-12-31,0.3,1506210,,,
2011-01-01,0.3,1508925,,,
2011-01-02,0.29997,1511398.845,,,
2011-01-03,0.295,1488658.5,,,
2011-01-04,0.29895,1510698.9825,,,
2011-01-05,0.298916302162478,1512830.3510594092819,,,
2011-01-06,0.298,1510293.8,,,
2011-01-07,0.32,1624416,,,
2011-01-08,0.3229,1641881.92,,,
2011-01-09,0.323,1645022.85,,,
2011-01-10,0.32659,1665951.9195,,,
2011-01-11,0.32659,1668760.5935,,,
2011-01-12,0.318799621274109,1631616.461680889862,,,
2011-01-13,0.3176,1628462.24,,,
2011-01-14,0.399990005844535,2054528.66552016180075,,,
2011-01-15,0.386,1985699.8,,,
2011-01-16,0.38679,1993128.87,,,
2011-01-17,0.3495,1804136.475,,,
2011-01-18,0.31299,1617876.609,,,
2011-01-19,0.31299,1620521.3745,,,
2011-01-20,0.39,2022871.5,,,
2011-01-21,0.41991,2181663.4005,,,
2011-01-22,0.44003552893045,2289856.88544827571,,,
2011-01-23,0.4424,2305921.52,,,
2011-01-24,0.4199,2192591.83,,,
2011-01-25,0.41,2144095,,,
2011-01-26,0.415085129748685,2174423.4521884863725,,,
2011-01-27,0.4212,2209825.8,,,
2011-01-28,0.444484044418469,2335496.9629924035136,,,
2011-01-29,0.439,2310215.55,,,
2011-01-30,0.477142033898305,2514657.80415254192625,,,
2011-01-31,0.525136870251315,2772066.25383912905625,,,
2011-02-01,0.707510116890707,3740570.61249532337365,,,
2011-02-02,0.725434821741671,3841068.56589888669435,,,
2011-02-03,0.693898367621274,3679638.9587404728309,,,
2011-02-04,0.810958971361777,4308260.08330800840135,,,
2011-02-05,0.911671477498539,4851459.7675084752885,,,
2011-02-06,0.898,4786654.3,,,
2011-02-07,0.889421369959088,4749954.826266509464,,,
2011-02-08,0.918,4910290.2,,,
2011-02-09,1.01605024547049,5444505.240353620665,,,
2011-02-10,0.979652963179427,5258581.1757545282506,,,
2011-02-11,1.05406945353594,5667836.858608102974,,,
2011-02-12,1.07870328404442,5810866.720818886098,,,
2011-02-13,1.05,5666640,,,
2011-02-14,1.07001262419638,5785130.253980148108,,,
2011-02-15,1.05,5688742.5,,,
2011-02-16,1.031687628872,5601496.3965790804,,,
2011-02-17,1.0399231975453,5658222.1178439773,,,
2011-02-18,0.898955914669784,4900748.0644137944544,,,
2011-02-19,0.944028116890707,5154063.10838234847255,,,
2011-02-20,0.865,4731160.75,,,
2011-02-21,0.835747428404442,4579269.0970850388285,,,
2011-02-22,0.877041779661017,4814783.9619830511266,,,
2011-02-23,0.9,4951755,,,
2011-02-24,0.989095265926359,5452189.8343658687157,,,
2011-02-25,0.914652001753361,5052126.06428477715155,,,
2011-02-26,0.958,5304781.3,,,
2011-02-27,0.895033114552893,4967031.02086700734815,,,
2011-02-28,0.860220923436587,4780290.68258328578835,,,
2011-03-01,0.921096891876096,5124568.6127972539008,,,
2011-03-02,0.9399,5237075.805,,,
2011-03-03,0.939073383401519,5241203.32110972791875,,,
2011-03-04,0.9011,5039221.53,,,
2011-03-05,0.90784060666277,5089490.6170424880355,,,
2011-03-06,0.884770973115138,4972280.1532611082893,,,
2011-03-07,0.877583864406779,4941148.1901559284816,,,
2011-03-08,0.866071591466979,4884427.25797589481525,,,
2011-03-09,0.86,4857065,,,
2011-03-10,0.920670309760374,5204779.4286528343155,,,
2011-03-11,0.88,4980580,,,
2011-03-12,0.917815513150205,5201031.05914392418375,,,
2011-03-13,0.89249,5062738.774,,,
2011-03-14,0.893924922852133,5075884.4969389816006,,,
2011-03-15,0.87224,4957637.712,,,
2011-03-16,0.851211665692578,4843905.1047901843668,,,
2011-03-17,0.82542,4702954.263,,,
2011-03-18,0.801959208065459,4574094.63708255522535,,,
2011-03-19,0.765,4367691,,,
2011-03-20,0.7415,4238599.375,,,
2011-03-21,0.75897,4344078.6405,,,
2011-03-22,0.809130292811222,4635992.9256911775712,,,
2011-03-23,0.84971,4875168.6395,,,
2011-03-24,0.872374365867914,5011834.3506294593257,,,
2011-03-25,0.88377,5084947.449,,,
2011-03-26,0.8552,4926465.12,,,
2011-03-27,0.822,4741090.5,,,
2011-03-28,0.794740500292227,4590540.34076294698605,,,
2011-03-29,0.792509941554646,4584115.2549345388578,,,
2011-03-30,0.789706312098189,4574057.9303039205069,,,
2011-03-31,0.78461,4552424.9115,,,
2011-04-01,0.77411,4498314.5045,,,
2011-04-02,0.78199,4551142.7005,,,
2011-04-03,0.779,4540557.3,,,
2011-04-04,0.68,3969568,,,
2011-04-05,0.715691834599649,4184864.8644545275977,,,
2011-04-06,0.74,4332478,,,
2011-04-07,0.7538,4418813.29,,,
2011-04-08,0.74999,4402703.7965,,,
2011-04-09,0.734060517241379,4314917.82942241196885,,,
2011-04-10,0.733156820572765,4315947.571347753002,,,
2011-04-11,0.770113933372297,4539783.13153302220015,,,
2011-04-12,0.861381607831677,5084821.7691911724987,,,
2011-04-13,0.930320058445353,5500796.4415756832184,,,
2011-04-14,0.998629766218586,5912687.1198270039888,,,
2011-04-15,0.983673136762127,5830820.8854711840052,,,
2011-04-16,1.04663285797779,6213074.3031706558875,,,
2011-04-17,1.09812209789597,6528610.4025160156425,,,
2011-04-18,1.14943331151373,6842174.2017822048845,,,
2011-04-19,1.18516222092344,7063981.643481025604,,,
2011-04-20,1.14212598480421,6815693.9206183633855,,,
2011-04-21,1.20733887200468,7213729.026340762532,,,
2011-04-22,1.40450508182349,8404137.058107217113,,,
2011-04-23,1.82885230099357,10959031.643243769511,,,
2011-04-24,1.63198421975453,9792558.112215081812,140,0,140
2011-04-25,1.56448363530099,9402546.6481589499,0,0,140
2011-04-26,1.77084089012274,10660019.448316364115,0,0,140
2011-04-27,1.9031759585038,11474057.53622355982,0,0,140
2011-04-28,2.28574446580947,13799267.914538351337,0,0,140
2011-04-29,2.85060509000585,17237894.039774375535,0,0,140
2011-04-30,3.5,21197925,0,0,140
2011-05-01,3.0942275534775,18768037.22561777625,0,0,140
2011-05-02,3.2,19441120,0,0,140
2011-05-03,3.36058570368206,20449668.094760887409,0,0,140
2011-05-04,3.40867304734074,20775862.2235418103,0,0,140
2011-05-05,3.34373668439509,20416689.0080821997855,0,0,140
2011-05-06,3.45507558445354,21134179.088764636149,0,0,140
2011-05-07,3.64126297779077,22312020.9595618327135,0,0,140
2011-05-08,3.84866837697253,23625050.832045875405,10,0,150
2011-05-09,3.80408958211572,23396862.770323630074,41,0,191
2011-05-10,5.65166700233781,34812008.067599974476,22.826,0,213.826
2011-05-11,5.43975104383402,33558640.152068644483,55.14,12.91,256.056
2011-05-12,6.3348786943308,39134346.62209795008,1.37,0,257.426
2011-05-13,8.13903486732905,50363940.8072887949475,26.31,49.9,233.836
2011-05-14,7.00724382933957,43445262.1040968009785,17.39,9.22,242.006
2011-05-15,6.92492484453536,43011054.455651347728,21.01,121.95,141.066
2011-05-16,7.88514074517826,49072384.913542383284,3.27,4.28,140.056
2011-05-17,7.25719954061952,45257710.5626164136218093938048,41.51,10.51,171.056
2011-05-18,6.76316336236119,42274167.0033112710182544763881,71.98,57.06,185.976
2011-05-19,6.89014363237873,43126786.9548834415907763762127,46.97,54.98,177.966
2011-05-20,5.61809621858562,35226586.8535945361571816141438,193.5,151.45,220.016
2011-05-21,6.08480066744594,38219849.8915133708055339255406,74.83,15.96,278.886
2011-05-22,6.71195603974284,42243708.8558138588750112025716,71.54,78.02,272.406
2011-05-23,7.06525678375219,44568346.2469345512489102624781,47.16,85.46,234.106
2011-05-24,7.40266058211573,46807392.9197201867287368788427,37.6,39.45,232.256
2011-05-25,8.56928963705436,54315585.3498123733605600294564,92.65,132.04,192.866
2011-05-26,8.78215543424898,55794789.8170489775719558575102,44.44,236.97,0.336
2011-05-27,8.52865846814728,54255487.1927556591159425185272,344.57,42.72,302.186
2011-05-28,8.34926911981298,53178999.7213320388231790018702,145.86,207.03,241.016
2011-05-29,8.40095347223846,53583801.4479689506860806776154,22,157.18,105.836
2011-05-30,8.77934246464056,56064880.8914011037201697535944,20.11,16.96,108.986
2011-05-31,8.72157642197545,55761398.7666841881394812802455,157.31,164.9,101.396
2011-06-01,9.62377723202805,61620083.1427145327869471797195,24.87,126.2,0.066
2011-06-02,10.7027602279369,68630379.578594868253028720631,17.81,15.72,2.156
2011-06-03,14.2646467738165,91614693.762189860865367261835,112.78,111.83,3.106
2011-06-04,18.3127387258913,117818666.957639286423699741087,53.02407407,56.05007407,0.08
2011-06-05,16.5433423962595,106606952.570302254553981037405,794.27,19.53,774.82
2011-06-06,18.4020986440678,118799348.137419529388335559322,39.63,64.8,749.65
2011-06-07,23.2378784628872,150215455.621339565592343371128,309.49,112.91,946.23
2011-06-08,29.0299213267095,187925195.418154444683691732905,260.16,222.47,983.92
2011-06-09,28.7905440181181,186695161.451982903173378818819,261.19047799,131.37,1113.74047799
2011-06-10,24.0493992285213,156218884.798173001695794714787,320.99,117.4,1317.33047799
2011-06-11,14.7497466277031,95996513.316913857110502722969,260.34586077,127.7916,1449.88473876
2011-06-12,18.8501447311514,122902943.458605492187038688486,335.67905182,227.46,1558.10379058
2011-06-13,19.5423291145529,127637791.066911596846179854471,257.05136586,191.58262612,1623.57253032
2011-06-14,19.2577355055523,126016843.635105037877121944477,401.6487148,144.6,1880.62124512
2011-06-15,19.4641426241964,127639034.684919901576609758036,307.658,255.18779156,1933.09145356
2011-06-16,17.9293625423729,117735848.359579199067645576271,238.16903936,78.90320616,2092.35728676
2011-06-17,15.4363689129164,101508789.998528757087146870836,131.87575174,74.85519718,2149.37784132
2011-06-18,16.8754045353594,111138039.020215722412360646406,110.26,231.59,2028.04784132
2011-06-19,17.5107167913501,115517322.961589699174331086499,169.302737,178.3355,2019.01507832
2011-06-20,17.5107167913501,115722198.348048495344331086499,79.84780943,68.5115,2030.35138775
2011-06-21,17.5107167913501,115943708.915459074109331086499,72.08109986,96.072,2006.36048761
2011-06-22,17.5107167913501,116171348.233746625409331086499,343.26044613,132.713,2216.90793374
2011-06-23,17.5107167913501,116381476.835242826609331086499,154.1195,40.3415,2330.68593374
2011-06-24,17.5107167913501,116570592.576589407689331086499,193.90744993,1218.8857377,1305.70764597
2011-06-25,17.5107167913501,116695794.201647560904331086499,88.1888,256.805,1137.09144597
2011-06-26,16.3613420157802,109157965.363067176568777842198,64.0645,180.8405,1020.31544597
2011-06-27,16.7522858132671,111907781.907973192409470867329,566.19985503,131.917,1454.598301
2011-06-28,16.9618353071303,113443298.639764993255343928697,203.051,155.2805,1502.368801
2011-06-29,16.8545683179427,112870830.214636924499889820573,189.3275,82.339,1609.357301
2011-06-30,16.1852627808299,108543227.625226768709073191701,87.37638659,37.82,1658.91368759
2011-07-01,15.4203573991818,103546928.763432099714608008182,86.0525,48.832,1696.13418759
2011-07-02,15.38284406955,103425013.6633838754760593045,51.6608,52.295,1695.49998759
2011-07-03,15.4575505604909,104054820.075952906804585395091,88.97977779,41.44560411,1743.03416127
2011-07-04,13.8527968123904,93369928.296505047908127876096,247.8141415,152.2969,1838.55140277
2011-07-05,12.9648177147867,87474921.473789036773955852133,382.88849935,348.16149705,1873.27840507
2011-07-06,14.7147835832846,99397627.218760325789318167154,192.07507118,93.63,1971.72347625
2011-07-07,14.7972891613092,100051870.516219116214016386908,64.91142951,44.9545,1991.68040576
2011-07-08,14.2990376969608,96800910.306009855840015030392,320.74649612,39.6871811,2272.73972078
2011-07-09,14.3815006697838,97466306.195443618847155302162,189.72768895,155.155,2307.31240973
2011-07-10,14.6229375511397,99202739.347579760044227488603,160.589412,391.63849578,2076.26332595
2011-07-11,14.3101554330801,97193144.542835033757644669199,114.49870562,37.4161441,2153.34588747
2011-07-12,14.0212726215663,95329931.350185328956610784337,156.9643535,122.372,2187.93824097
2011-07-13,13.9714545225015,95124647.976736777810439774985,186.06580732,97.9685,2276.03554829
2011-07-14,13.997974547633,95405994.98432235264392452367,419.68579328,163.12949999,2532.59184158
2011-07-15,13.8063904056108,94212046.711742934919987943892,100.34378639,95.07159415,2537.86403382
2011-07-16,13.7130792992402,93682958.057523382206805007598,61.17292658,108.47845506,2490.55850534
2011-07-17,13.2581353109293,90687634.114471565704353890707,173.22431401,87.19649999,2576.58631936
2011-07-18,13.6305212504383,93350669.225508914485404495617,262.89344804,152.83778158,2686.64198582
2011-07-19,13.8247948386908,94779337.077106365465143613092,197.80129253,160.42587607,2724.01740228
2011-07-20,13.6783305920514,93877118.382583725776180079486,126.86813609,106.31899842,2744.56653995
2011-07-21,13.6118084418469,93524013.306123459983446581531,190.51983779,90.28744674,2844.798931
2011-07-22,13.6985473310929,94223402.897837238418597689071,271.83847795,89.41892979,3027.21847916
2011-07-23,13.6817183424898,94207523.768147571127918575102,151.55415469,173.6465,3005.12613385
2011-07-24,13.992515176505,96463699.86114135305979823495,161.97968587,142.46689925,3024.63892047
2011-07-25,14.0334253787259,96861508.508707512858487212741,250.96003561,71.3565,3204.24245608
2011-07-26,13.8780323232028,95911081.246874088787648767972,446.27731538,323.17886389,3327.34090757
2011-07-27,13.878224755114,96033151.69917995946661244886,362.07323107,186.84868089,3502.56545775
2011-07-28,13.4915910756867,93462322.462349784242222243133,208.90394181,309.07205087,3402.39734869
2011-07-29,13.5123163901227,93716697.036031205230609098773,300.98605706,219.00107031,3484.38233544
2011-07-30,13.5402806738749,94013553.653478957283444261251,158.63135999,34.74404784,3608.26964759
2011-07-31,13.3729061022794,92968443.089317194048144977206,123.17832446,104.24811063,3627.19986142
2011-08-01,13.0191138468732,90616287.022507921640129531268,205.82663847,84.62335271,3748.40314718
2011-08-02,12.2141564389246,85107631.236462980039189610754,516.09993753,520.87049625,3743.63258846
2011-08-03,9.28635691350088,64779768.4643357767054220649912,372.51614196,393.66085955,3722.48787087
2011-08-04,10.7685037481005,75188385.187489570958957518995,86.71489041,399.74573985,3409.45702143
2011-08-05,9.73015395967271,68006478.4653408514692333032729,410.71216426,354.84184868,3465.32733701
2011-08-06,6.964169735827,48716804.69187563745003264173,258.50125737,412.7042159,3311.12437848
2011-08-07,8.50179329222677,59526580.9195015462302993777323,462.16687902,185.57463216,3587.71662534
2011-08-08,7.77533763793104,54493064.9908043431553132206896,405.83442601,153.3671597,3840.18389165
2011-08-09,9.80249948100526,68771885.6358375600099525899474,425.98538597,353.50417726,3912.66510036
2011-08-10,10.0512531274109,70593468.551888712728359725891,141.65114286,394.13425887,3660.18198435
2011-08-11,9.43841299473992,66353930.9412363612524708526008,262.44231261,132.02853706,3790.5957599
2011-08-12,9.45299328521333,66518350.4051948724954338478667,222.5342638,217.05802359,3796.07200011
2011-08-13,10.0040247445938,70460847.182319934363814554062,204.85644366,181.16254247,3819.7659013
2011-08-14,10.8068207665108,76186465.272717847646684334892,166.72933733,110.44118066,3876.05405797
2011-08-15,11.1306965499708,78541533.954251879233326500292,341.08834534,91.20779186,4125.93461145
2011-08-16,10.9919655669199,77643397.466853986046145330801,285.06222616,263.68429685,4147.31254076
2011-08-17,10.9639640561075,77520159.550865523174284438925,219.0739867,99.97795854,4266.40856892
2011-08-18,10.8584714558738,76852460.391080377426547441262,289.0597936,202.47407534,4352.99428718
2011-08-19,11.6704730432496,82675965.016283969182773567504,330.14736065,155.37563428,4527.76601355
2011-08-20,11.4597317393337,81270125.434409301669345606663,344.24742645,97.35871455,4774.65472545
2011-08-21,11.3544813407364,80614546.509415365767822592636,344.14665532,196.65798708,4922.14339369
2011-08-22,10.9208958246639,77628457.636458099719402753361,233.52619474,403.49642651,4752.17316192
2011-08-23,10.9172450543542,77687115.697611927484007456458,371.33577272,76.91063092,5046.59830372
2011-08-24,10.870444289889,77426913.43488782869666710111,368.6484598,368.4225,5046.82426352
2011-08-25,9.5460936735827,68058397.445663148318236264173,214.64782223,118.98739735,5142.4846884
2011-08-26,8.12692016306254,58000203.7384754525721729693746,671.64400943,274.405514,5539.72318383
2011-08-27,8.59649760666277,61403922.6686664378013962333723,227.86565512,292.34398418,5475.24485477
2011-08-28,9.03086639976622,64558954.5417000226076738023378,127.67806214,86.04265561,5516.8802613
2011-08-29,8.96115727060199,64122456.8759079373264073939801,131.13440579,39.65193427,5608.36273282
2011-08-30,8.80994873816481,63104781.7285011420678645183519,1014.71594647,569.84804819,6053.2306311
2011-08-31,8.19915176446523,58793247.5178710018633300553477,520.39102802,490.20344462,6083.4182145
2011-09-01,8.23428166510813,59098262.8563046608291020489187,460.02596019,336.97666971,6206.46750498
2011-09-02,8.6214244377557,61944072.356616598338198622443,461.77175979,538.302269,6129.93699577
2011-09-03,8.44965344067796,60771174.9088753711106859932204,182.2413093,96.7584,6215.41990507
2011-09-04,8.20347060227937,59055554.2631840546670002772063,304.8928625,201.4615804,6318.85118717
2011-09-05,7.5973325251315,54751316.366265523250359748685,579.1124073,556.10152429,6341.86207018
2011-09-06,6.84653002893045,49392236.8662446836353952106955,718.95936442,631.55913098,6429.26230362
2011-09-07,7.16297027352426,51723808.2734889070950546647574,1043.27418773,363.46881823,7109.06767312
2011-09-08,6.67818000029223,48266211.9763302109287776970777,583.78085875,1013.55959406,6679.28893781
2011-09-09,4.98677704178843,36080079.8640277390288452821157,1028.86359216,651.39800419,7056.75452578
2011-09-10,4.74284665517242,34346746.8599991171758092482758,1361.50066627,840.60605189,7577.64914016
2011-09-11,5.85290397253068,42422140.5795718969196534746932,1464.80511499,1146.90468797,7895.54956718
2011-09-12,6.09062947223846,44185689.5713420001333206776154,747.02275358,750.77307805,7891.79924271
2011-09-13,5.80252327703098,42136763.4751182797684574296902,3608.13101543,3135.94965669,8363.98060145
2011-09-14,5.59743261016949,40688297.3306086576829789983051,645.20516197,1705.05775928,7304.12800414
2011-09-15,4.86775518468732,35422167.6547735583835749531268,2458.64513497,2128.76727948,7634.00585963
2011-09-16,4.83116810052601,35184672.5526041226115588947399,1450.2759039,1577.79170021,7506.49006332
2011-09-17,4.775285635301,34809683.35505550044413364699,3108.64171532,3278.99606352,7336.13571512
2011-09-18,5.23673227819988,38214791.9111823391566784180012,3309.78053724,2934.03772836,7711.878524
2011-09-19,5.52037669199299,40319727.2277745782383031800701,4257.34798536,3547.12382929,8422.10268007
2011-09-20,6.14666555172414,44937042.4540781257281030827586,4318.61358429,3836.80458245,8903.91168191
2011-09-21,5.59706749795441,40959899.6008094368707809204559,5591.58644955,4328.83278414,10166.66534732
2011-09-22,5.47504877673875,40107469.7592491706071247326125,4525.29992422,4493.38355751,10198.58171403
2011-09-23,5.56342141963764,40791840.3063618522954094036236,2801.15935303,2441.20918044,10558.53188662
2011-09-24,5.45788968731736,40053269.2047682266439295268264,2914.6681968,2363.46685813,11109.73322529
2011-09-25,5.34115488135593,39233186.0698443137933918864407,3776.78274999,3849.4293304,11037.08664488
2011-09-26,4.87382608123904,35833100.3744432983853487876096,6172.40300503,4810.39263242,12399.09701749
2011-09-27,4.91115779251899,36140227.9144771165752321748101,10420.72478024,8740.96636324,14078.85543449
2011-09-28,4.76341532144945,35088031.7224606652688522855055,6822.03520303,6117.6826,14783.20803752
2011-09-29,4.77766097837522,35222827.7491968143676380162478,1440.52777258,919.11972771,15304.61608239
2011-09-30,5.14368590999416,37952686.4354549990231993000584,2708.2451952,4263.06623154,13749.79504605
2011-10-01,5.03407054471069,37179883.0682017518106876528931,1423.38114457,2209.83219841,12963.34399221
2011-10-02,5.00706259672706,37010704.5461567333641034327294,598.95089017,750.75184227,12811.54304011
2011-10-03,5.02284486031561,37163777.9290036837778952968439,2153.67231124,1804.64344931,13160.57190204
2011-10-04,4.95680562068966,36702915.0091095161780471931034,3007.14355173,1706.24493264,14461.47052113
2011-10-05,4.88506713091759,36207140.5120842734021527908241,5695.79577485,3426.14179243,16731.12450355
2011-10-06,4.73016629573349,35089319.5677084652590021426651,6467.98668679,5122.8236141,18076.28757624
2011-10-07,4.27603575686733,31749993.0555552116539691313267,2622.75652624,4583.82984427,16115.21425821
2011-10-08,3.98125299415546,29584890.0224063612789154584454,1322.03228893,865.731627,16571.51492014
2011-10-09,4.11163464348334,30579871.4563266053648201651666,1074.86349869,1890.72109001,15755.65732882
2011-10-10,4.07496248392753,30332186.9564891003425998607247,1746.85335506,3056.213483,14446.29720088
2011-10-11,4.00892449590883,29859271.3903388625576667409117,4668.39359712,2726.92205512,16387.76874288
2011-10-12,4.16623534248977,31055951.4483248484467488751023,1654.35655485,3663.1574254,14378.96787233
2011-10-13,4.03698109000584,30112043.7590382095821306999416,3199.66406196,1886.20880443,15692.42312986
2011-10-14,3.98628088544711,29761573.0508852745427200455289,2910.67253345,2905.65902274,15697.43664057
2011-10-15,3.83733856049094,28675279.8226072233597049950906,2083.1150813,1943.89619863,15836.65552324
2011-10-16,3.60974171654003,26995994.8523046420966825345997,1918.90017093,2314.45725927,15441.0984349
2011-10-17,2.58124672180012,19319470.1258365951155315819988,5959.85900884,3050.76669522,18350.19074852
2011-10-18,2.42227473816482,18144170.0157377208466044183518,3510.10786444,4493.97284303,17366.32576993
2011-10-19,2.21725471303331,16623202.0123807624291197696669,1927.07334888,2150.83021646,17142.56890235
2011-10-20,2.35612350847458,17677876.8543480913650191152542,2550.35487854,1653.48804061,18039.43574028
2011-10-21,2.57009230508475,19298823.0931804389982294491525,2885.86839564,1816.23728591,19109.06685001
2011-10-22,3.15548613851549,23710007.2646366473709837148451,2659.00537923,2504.08948873,19263.98274051
2011-10-23,3.14775092986558,23668883.5354607149178349013442,4810.98107197,2227.59906167,21847.36475081
2011-10-24,2.52293599766219,18986733.2655770749675181233781,6162.46762819,5261.08610806,22748.74627094
2011-10-25,2.80192383109293,21104370.4601557917228323890707,2892.15977568,3576.39528747,22064.51075915
2011-10-26,2.7775052390415,20936695.588857794759532609585,2467.34143902,2442.58609114,22089.26610703
2011-10-27,3.04540782758621,22971358.9426372939895596241379,2656.77859262,5753.54333675,18992.5013629
2011-10-28,3.17963943658679,24000554.3634479821157377341321,2163.56863518,1447.97284274,19708.09715534
2011-10-29,3.56918896873174,26961118.0557623288197929126826,5723.05646283,2530.98616321,22900.16745496
2011-10-30,3.25740372296902,24624017.6708379399842725703098,1924.47556321,3302.42336988,21522.21964829
2011-10-31,3.26509821274109,24703569.7900374351071069725891,1978.7548442,1527.35523552,21973.61925697
2011-11-01,3.17100774284044,24015468.5583048211795181715956,2547.05332223,1782.23168902,22738.44089018
2011-11-02,3.2558005666277,24682712.433131549630717333723,2627.06190526,2285.37759269,23080.12520275
2011-11-03,3.16831638515488,24039283.7090409409772873484512,3107.03108859,2021.77309405,24165.38319729
2011-11-04,3.12011817182934,23696517.4542996670455248817066,4758.10863793,3948.18405362,24975.3077816
2011-11-05,2.97781759789597,22637518.2403068529813643210403,2379.75667934,2534.57149272,24820.49296822
2011-11-06,2.96272057685564,22544081.5198115432742378314436,1704.8905089,1127.59699025,25397.78648687
2011-11-07,3.01775768731736,22982789.8527783091052495268264,1746.78549858,2164.1389729,24980.43301255
2011-11-08,3.05656711104617,23301128.0270725660848671895383,5701.29852995,4372.15637263,26309.57516987
2011-11-09,2.9195672238457,22280239.304499181260870761543,3429.82849957,2690.81274883,27048.59092061
2011-11-10,2.85670208533022,21820633.1800193030276769466978,3808.82035561,5177.78088018,25679.63039604
2011-11-11,3.06786173348919,23451808.8117194415629907651081,4659.63564731,4779.72968431,25559.53635904
2011-11-12,3.02552299590883,23149789.1729411525306817409117,2405.27643916,1738.53688394,26226.27591426
2011-11-13,2.98637330333139,22871737.1883603536959530666861,1573.8100451,2790.05517313,25010.03078623
2011-11-14,2.22422446434833,17050571.0877823786447720565167,11965.34717642,4375.72136348,32599.65659917
2011-11-15,2.3223841157218,17822207.919236800998940842782,4279.11673374,3895.71119864,32983.06213427
2011-11-16,2.54678093074226,19561442.2864238529457680925774,4988.37038425,5365.46574455,32605.96677397
2011-11-17,2.27909583576856,17521232.9434305544193560423144,7523.98759615,4906.38149238,35223.57287774
2011-11-18,2.10506600321449,16197325.0873830514976950678551,5361.39664637,6448.10307285,34136.86645126
2011-11-19,2.20345672180012,16967938.8098594148194315819988,5126.90137944,9201.69406436,30062.07376634
2011-11-20,2.20198950964348,16972384.6209346158536701035652,1612.8875787,4143.18031598,27531.78102906
2011-11-21,2.27987916540035,17586189.9013915953247048459965,6005.14041057,8650.62977977,24886.29165986
2011-11-22,2.32245859614261,17930889.9370838327104879385739,4053.77828938,6580.76920078,22359.30074846
2011-11-23,2.33032356750438,18007225.7960517118147205249562,2886.19199718,4369.25600543,20876.23674021
2011-11-24,2.43887900029223,18859851.2848710001982876970777,4530.1069566,4881.35164073,20524.99205608
2011-11-25,2.49616100292227,19319662.0974060042416672707773,2317.09016648,3176.95105503,19665.13116753
2011-11-26,2.47179996902396,19145944.5853493137617607097604,1631.95432197,2203.47189215,19093.61359735
2011-11-27,2.47756495119813,19204720.8161890705008691880187,2397.38067986,1290.47919583,20200.51508138
2011-11-28,2.5412402521917,19714433.603040342325680478083,4317.90961167,2897.71830756,21620.70638549
2011-11-29,2.75769848275862,21412701.3814988443094289724138,5404.1799246,8994.62338718,18030.26292291
2011-11-30,2.9660415458796,23054447.698152509760788541204,3357.98895253,4332.70733276,17055.54454268
2011-12-01,3.08258945002922,23988402.8103564617918132997078,3800.61533873,3989.92866274,16866.23121867
2011-12-02,3.10040233313852,24149653.8222785056485914686148,4158.73093258,3342.68806913,17682.27408212
2011-12-03,2.80385618527177,21861105.8772883464447204472823,2823.70915766,2005.56298959,18500.42025019
2011-12-04,2.81969397603741,22003763.8832085647186861396259,3774.19514756,3829.21720659,18445.39819116
2011-12-05,2.87479622735242,22456470.7012154378085135264758,3666.96477734,3871.80298954,18240.55997896
2011-12-06,3.02536045149036,23658469.9684235549494918850964,8750.44684745,6059.56013924,20931.44668717
2011-12-07,2.98550242109877,23367378.1449639637854880890123,7654.11820183,10380.17977725,18205.38511175
2011-12-08,2.99188048305085,23441832.3368570326281866694915,2918.79053946,4927.38379288,16196.79185833
2011-12-09,2.95579195207481,23180798.3545887483463323792519,2980.00640103,2946.95143421,16229.84682515
2011-12-10,3.06897526709527,24090535.1234279575582946290473,3891.26657921,2343.42988891,17777.68351545
2011-12-11,3.2492688471654,25530480.080339976455657528346,4607.12243767,9223.31346779,13161.49248533
2011-12-12,3.18733535651666,25064089.6443988479704798348334,3065.04188402,3933.69079158,12292.84357777
2011-12-13,3.24108840853302,25508176.0148460841587857146698,2638.8553783,2005.46978613,12926.22916994
2011-12-14,3.1550865043834,24855455.941331090265300956166,3395.24464809,2380.11501463,13941.3588034
2011-12-15,3.20313854061952,25251942.6529425684824193938048,3552.90383254,2928.5957238,14565.66691214
2011-12-16,3.2091377773232,25318171.548322244215390226768,3847.86389761,4876.12964236,13537.40116739
2011-12-17,3.19254170426651,25211182.5524967538509178573349,3827.63643946,1872.0565,15492.98110685
2011-12-18,3.19401080888369,25245780.8025574341000550111631,1735.8958952,1035.32557669,16193.55142536
2011-12-19,3.52577391934541,27896099.5032990767393067065459,4139.79321382,9814.67726927,10518.66736991
2011-12-20,3.95255082729398,31299261.8241086563265519270602,6390.60932546,3538.83667201,13370.44002336
2011-12-21,3.88899325073057,30824938.2650506725367617926943,5756.65879383,4316.57534163,14810.52347556
2011-12-22,3.90306042051432,30965320.1131617659162525948568,4368.47425061,3297.84652206,15881.15120411
2011-12-23,3.93796507597896,31270199.2394464375325596402104,2133.8856815,1772.23785101,16242.7990346
2011-12-24,3.93941911864407,31310306.1446329055758681135593,1155.94990127,1685.88994286,15712.85899301
2011-12-25,4.23386687784921,33687396.8513002056293391215079,3079.07335206,2678.8012005,16113.13114457
2011-12-26,3.99912196405611,31855005.9646976845732192594389,4777.53590661,3070.71663288,17819.9504183
2011-12-27,4.0955185458796,32652545.445706354486018541204,3004.26311077,3582.60744132,17241.60608775
2011-12-28,4.20729587609585,33576324.6971099300910827390415,3658.72699166,3878.84334655,17021.48973286
2011-12-29,4.17335222676797,33334233.5343529195767980323203,2392.5754807,5371.83514002,14042.23007354
2011-12-30,4.31063509000584,34461372.1839452938735906999416,3143.0898381,1920.11221629,15265.20769535
2011-12-31,4.71430633138515,37724114.9319174291005851861485,8381.56954666,2869.48140434,20777.29583767
2012-01-01,5.2948427773232,42410102.140577154318340226768,8274.67425498,2914.1846899,26137.78540275
2012-01-02,5.2048778918761,41728807.226594831757460081239,5248.13430668,5571.55342668,25814.36628275
2012-01-03,4.87050882875511,39086807.4038203717793606124489,5574.47385605,6261.59749439,25127.24264441
2012-01-04,5.58570626709527,44868023.3905257020374846290473,3851.14773223,5417.92019261,23560.47018403
2012-01-05,6.87400087726476,55266966.9844685928873436273524,14183.34219073,8160.37861158,29583.43376318
2012-01-06,6.68331663997662,53791008.0758505916680674002338,9444.58164027,8440.28280797,30587.73259548
2012-01-07,6.79622798071303,54762305.9436280697130898928697,3939.78005439,3005.67785384,31521.83479603
2012-01-08,7.09665056633548,57240873.7320387715021395366452,6123.95056936,3796.13466008,33849.65070531
2012-01-09,6.28853834248977,50774287.3682112056467188751023,8690.18955696,3741.70837882,38798.13188345
2012-01-10,6.52847455523086,52757582.0867190534519458476914,3980.93493968,2544.63575309,40234.43107004
2012-01-11,6.88912772121566,55724776.2424778845045661878434,3789.78161805,3547.07724286,40477.13544523
2012-01-12,6.77356419579194,54842501.1217035221134386420806,4074.50888772,4083.97173163,40467.67260132
2012-01-13,6.45436889012273,52303300.9550102952465837987727,4691.46792295,3123.0033442,42036.13718007
2012-01-14,6.76172714260666,54844706.8724224105496619739334,5514.79443273,12289.02958531,35261.90202749
2012-01-15,7.04692255815312,57206917.2566177321092432184688,3162.12950736,1715.47824207,36708.55329278
2012-01-16,6.71560766656926,54576064.5371355898832307343074,5994.25095551,5860.73199066,36842.07225763
2012-01-17,5.59962195032145,45550684.6610885916705659967855,9557.33255416,4824.41707919,41574.9877326
2012-01-18,5.9002312881356,48033782.757405615818025918644,5287.18511886,5929.75933776,40932.4135137
2012-01-19,6.31570634161309,51463532.3484633856723031559994,3103.50708808,5001.77587417,39034.14472761
2012-01-20,6.50149198831093,53024539.8507803398560265169733,3354.74958961,4998.78588817,37390.10842905
2012-01-21,6.18056832554062,50457844.8939597173282794090614,3497.2275437,2690.80681296,38196.52915979
2012-01-22,6.30296722676797,51499962.1695371421145218328482,1215.03355305,768.40354277,38643.15917007
2012-01-23,6.37487607714787,52141696.6986074312214049282023,2599.18220582,6630.73150211,34611.60987378
2012-01-24,6.27447647574518,51364104.036424993130117614547,4115.93715497,3926.81919073,34800.72783802
2012-01-25,5.81046507247224,47608611.1860676258573361534472,7558.53965453,4615.5492776,37743.71821495
2012-01-26,5.36722695441262,44013925.9542613389581663158186,10161.06656423,4655.2520405,43249.53273868
2012-01-27,5.30313719696084,43525737.988286144528458785536,5089.6315082,5007.34313272,43331.82111416
2012-01-28,5.65979677498539,46494058.3675950643634308375359,7439.77742942,3794.15896727,46977.43957631
2012-01-29,5.39142945733489,44334488.6684053358132934945394,1866.10239327,1982.2157352,46861.32623438
2012-01-30,5.50348193863238,45303240.1813138409005547731876,2025.64960141,1749.2357361,47137.74009969
2012-01-31,5.53822029573349,45630733.6351854377658690758398,3368.72560664,5818.01734899,44688.44835734
2012-02-01,6.07523265225015,50098136.989088278278761763321,4580.54381375,6024.07560213,43244.91656896
2012-02-02,6.09957291291642,50347344.4735503225544674844122,4643.49098607,4058.0084539,43830.39910113
2012-02-03,5.95161092752776,49173047.378759998689074183808,2644.45061537,2975.53847022,43499.31124628
2012-02-04,5.8954132390415,48755013.004408042287637153855,2900.71620105,2735.30167445,43664.72577288
2012-02-05,5.67811571712449,46998279.1279011391601238765713,4278.90828209,4182.67028739,43760.96376758
2012-02-06,5.48266405844535,45420531.4577413073389411544295,4578.82418374,2700.31040902,45639.4775423
2012-02-07,5.66202770017534,46945234.8292911602767059295358,3447.55611941,4991.07290054,44095.96076117
2012-02-08,5.6185281899474,46625304.246600371353474733138,5460.31122778,6176.4665119,43379.80547705
2012-02-09,5.83569985417884,48469810.1186327718098949073308,4089.68123994,4010.4759804,43459.01073659
2012-02-10,5.93783415546464,49359082.0094759580262279985632,4590.84968948,3622.20956947,44427.6508566
2012-02-11,5.61213285330216,46693734.5085834467646068603208,3911.05375646,3499.52928797,44839.17532509
2012-02-12,5.51909716949152,45963265.2470951814034627327776,5253.03882341,4281.30118325,45810.91296525
2012-02-13,5.34835455932203,44577950.0130335904989938566839,5451.77993459,8459.06516498,42803.62773486
2012-02-14,4.48365409175921,37401703.4482061327805104124373,166679.63091304,8657.42120787,200825.83744003
2012-02-15,4.3255203220339,36111565.610580638685564183203,9436.55056285,157006.81017764,53255.57782524
2012-02-16,4.25523904500292,35554183.6184633612976316009792,6611.00811504,3524.80764181,56341.77829847
2012-02-17,4.39153837288136,36726393.3294089831354294939136,3773.42311858,3950.86858033,56164.33283672
2012-02-18,4.27008127761543,35747158.0005161454528420015168,3610.32973622,3063.46782546,56711.19474748
2012-02-19,4.38955145821157,36781984.9025532087730604580032,3789.65210471,2597.21799469,57903.6288575
2012-02-20,4.36513593892461,36607952.4650042897158238790336,4398.75750725,9087.73045553,53214.65590922
2012-02-21,4.31511560198714,36216292.3852600571983976366464,11160.17034466,3772.04121248,60602.7850414
2012-02-22,4.41931028755114,37125920.4800449530449943572864,6475.72963328,4723.96631676,62354.54835792
2012-02-23,5.03951511805961,42377990.2626364204226161766336,8365.57143072,6596.61498508,64123.50480356
2012-02-24,5.02560875891292,42298490.5211330442881493825792,5632.99096924,6566.38616245,63190.10961035
2012-02-25,4.77256738106371,40208118.5660524711585857970496,3351.80232184,2972.56730139,63569.3446308
2012-02-26,4.9264208515488,41541257.626894896308071423488,3882.34310212,2113.45879644,65338.22893648
2012-02-27,4.95251575628287,41799433.1179221424672324760912,4623.88210464,7773.49554866,62188.61549246
2012-02-28,4.85725777556984,41034309.9734619257181479225984,3708.3545425,3404.99445274,62491.97558222
2012-02-29,4.87274875569842,41208789.5009538538942474410592,4935.86197564,5235.34363558,62192.49392228
2012-03-01,4.92207212361192,41663078.3949576730815809208192,7612.15801161,48631.51794058,21173.13399331
2012-03-02,4.71482358708358,39940404.1004774223704679192608,7941.71667481,5419.67318305,23695.17748507
2012-03-03,4.62819325248393,39232686.9015901269136990920768,3624.37199545,4567.64716848,22751.90231204
2012-03-04,4.83414448158971,41011626.7419600873749790338096,6746.14697532,2722.41217253,26775.63711483
2012-03-05,4.98239290385739,42305450.2167994561148053122864,5000.80307488,5799.4765337,25976.96365601
2012-03-06,4.98784135242548,42385879.3950742350451063818048,5061.67341211,8376.80550519,22661.83156293
2012-03-07,4.94911288457043,42094879.2282991769184325893168,3741.43979589,4383.54585053,22019.72550829
2012-03-08,4.93497949503214,42013159.9536689955652980618464,3021.57991201,2160.37508511,22880.93033519
2012-03-09,4.87229784745763,41520457.0574564423593277251888,4854.58634092,4563.32700241,23172.1896737
2012-03-10,4.84142380479252,41297298.2293735729709714578752,3934.37585436,4149.89126087,22956.67426719
2012-03-11,4.89202875160724,41761734.5288956385036218492224,2128.70007127,3511.14159138,21574.23274708
2012-03-12,4.91083937931035,41963074.999323554723257559416,5837.00534635,5842.51966164,21568.71843179
2012-03-13,5.29088027878434,45252847.8518619293695294001184,13133.93622851,6962.57140427,27740.08325603
2012-03-14,5.39054329222677,46142189.8634614447037933481552,6259.04764521,4733.02836391,29266.10253733
2012-03-15,5.34082089888954,45748886.0821993812477823756704,6971.75789226,6942.48748974,29295.37293985
2012-03-16,5.33957479135009,45779059.8088331952013475098384,5058.63233437,4747.62506003,29606.38021419
2012-03-17,5.23600355406195,44935593.659316071016792165432,5320.82407362,3443.87760703,31483.32668078
2012-03-18,5.27014898538866,45270792.3198672102618738403616,5650.56841482,10937.22921634,26196.66587926
2012-03-19,4.67867255289305,40223438.420330590570153235368,8753.76505775,5694.86366443,29255.56727258
2012-03-20,4.83083021624781,41570213.4538085915172319432656,4858.89309378,4848.03210187,29266.42826449
2012-03-21,4.81722952483928,41491233.0288899355342231276928,7269.15443556,5736.92251681,30798.66018324
2012-03-22,4.72960850496785,40773909.177281599404678656616,10133.51314113,8141.06496617,32791.1083582
2012-03-23,4.69164317650497,40476167.7998099115797495641872,6714.24663403,3597.56051901,35907.79447322
2012-03-24,4.65198626592636,40176834.3923771335084949171136,4270.16449109,3260.66278898,36917.29617533
2012-03-25,4.55227026241964,39351373.4140891939867915638464,4417.5189316,3604.37419256,37730.44091437
2012-03-26,4.63272235973115,40081805.777179600755349461624,9130.4697148,7013.11984719,39847.79078198
2012-03-27,4.81134073524255,41664720.830432110720507294488,9636.21100035,8800.77175003,40683.2300323
2012-03-28,4.79058939158387,41520950.0408917236896592958512,6582.59029868,7799.57105703,39466.24927395
2012-03-29,4.79406657218001,41584885.5962577012935816783376,12122.81701844,8243.64964371,43345.41664868
2012-03-30,4.86140935651666,42206465.9440060103605224816416,9456.4078209,6823.35039877,45978.47407081
2012-03-31,4.88977687317358,42494314.1343012730681534096608,5687.06830252,4601.1978821,47064.34449123
2012-04-01,4.79332567738165,41690143.385001840078335402504,4151.78203172,2788.75124774,48427.37527521
2012-04-02,4.98304547866745,43369140.671510674358723507112,13653.16361643,12040.09710642,50040.44178522
2012-04-03,4.95623319286967,43168743.1739694546802874004592,5673.32675336,4762.26856827,50951.49997031
2012-04-04,4.91784217767387,42868045.0218430986610684942512,10691.91724343,40197.23855809,21446.17865565
2012-04-05,4.92084924488603,42923044.1146701071232115159728,5997.22994676,6230.15809467,21213.25050774
2012-04-06,4.94910743220339,43203185.4624133834925875132464,5221.26038571,4258.47220011,22176.03869334
2012-04-07,4.70971191028638,41143762.2110568703744582737888,4852.11613467,4130.7777583,22897.37706971
2012-04-08,4.77881884921099,41783317.4471327121330594018224,4333.88298478,2987.48328112,24243.77677337
2012-04-09,4.85254738106371,42463382.0617511183196092360496,12668.46773953,4875.01568151,32037.22883139
2012-04-10,4.84141759380479,42401572.6028551803882945445104,10378.64547057,12690.85766363,29725.01663833
2012-04-11,4.91525071712449,43082862.2836545564456977815824,7150.929098,5774.81427916,31101.13145717
2012-04-12,4.90115814728229,42990461.2856386082974172449104,14035.31127788,22860.44420416,22275.99853089
2012-04-13,4.93440673348919,43312447.5393881766753956178544,18064.61072951,20048.61466233,20291.99459807
2012-04-14,4.95636466101695,43539633.063972588244337566232,6624.88143965,6547.70287574,20369.17316198
2012-04-15,4.9616003383986,43612170.906671196746772968736,2275.41752999,1763.66340085,20880.92729112
2012-04-16,4.95076456925774,43554055.8767828204623077901024,12471.2947402,13296.89712681,20055.32490451
2012-04-17,4.9687445075979,43745772.336860547848599453104,6613.35780589,5851.41855423,20817.26415617
2012-04-18,5.12437744301578,45149302.7749884282730139463328,18535.45474981,11115.64643742,28237.07246856
2012-04-19,5.13090651139684,45247105.9907397533369558981184,17014.73400846,16034.14772281,29217.65875421
2012-04-20,5.36651596814728,47366159.6597426416747701657728,9332.30829746,8598.70047025,29951.26658142
2012-04-21,5.28255033898305,46665734.475044680843562433768,5813.26362336,4633.84371983,31130.68648495
2012-04-22,5.19560899473992,45934069.0909145754385249700992,5016.34268271,3632.99237282,32514.03679484
2012-04-23,5.11088819170076,45219556.0219860742906051888576,14033.81055695,13694.550378,32853.29697379
2012-04-24,5.08786726241964,45050980.2527510926915115638464,8213.72021072,6856.83181913,34210.18536538
2012-04-25,5.14881624547048,45623353.5117426055514209810048,7664.05347102,10463.31038204,31410.92845436
2012-04-26,5.09741928579778,45207433.1184992184392561066528,11441.03766885,11567.48500421,31284.481119
2012-04-27,5.09588733985973,45228244.0039192331425682720848,4745.43132037,5295.37112613,30734.54131324
2012-04-28,4.9707366528346,44155254.147761787781488648096,7463.14513325,14067.57782139,24130.1086251
2012-04-29,4.90260617767387,43593926.7146229263042084942512,4994.94618183,3030.85184082,26094.20296611
2012-04-30,4.9421168100526,43989486.821043803021966487776,4500.5544208,3789.43104558,26805.32634133
2012-05-01,4.98713722735243,44432601.5354106667308747496368,7071.39560814,4882.90075964,28993.82118983
2012-05-02,5.05343735388662,45061199.3366702259451449666912,16874.83762239,17643.66963794,28224.98917428
2012-05-03,5.11887297895967,45684868.0536668882273165988592,6226.01213868,5596.30948739,28854.69182557
2012-05-04,5.08550708825248,45428022.8070535559599031413248,7276.17819995,8480.06930885,27650.80071667
2012-05-05,5.05663956458212,45212376.7678012916051855067712,7605.58822978,8986.18992741,26270.19901904
2012-05-06,5.0478007729398,45174739.415794520093101623648,10747.13494902,2661.05501901,34356.27894905
2012-05-07,5.06755586703682,45394609.6887079712879925414432,8772.99943322,8423.77134373,34705.50703854
2012-05-08,5.02346642285213,45043867.7875933604423763835088,10966.04128451,11413.81181613,34257.73650692
2012-05-09,5.04130623553478,45245674.7051858916543836677728,18797.79990662,12139.55034091,40915.98607263
2012-05-10,4.92748871975453,44255945.9041260766682352965328,20384.90626863,15156.42995571,46144.46238555
2012-05-11,4.96370997749854,44616755.4955036943242612955104,12661.70301613,33556.65136074,25249.51404094
2012-05-12,4.94653223495032,44494009.6112789307569509212032,5643.6659667,4245.84248009,26647.33752755
2012-05-13,4.94479505376973,44512997.2487376610866390736848,5477.2590717,5410.44523442,26714.15136483
2012-05-14,5.01143592197545,45147727.179443051318310545192,8534.44603997,7349.24003677,27899.35736803
2012-05-15,5.03364040035067,45380484.6627454682077776790192,15186.06311843,17646.21466969,25439.20581677
2012-05-16,5.08778450905903,45899398.7376626730176452414528,9003.43181007,7988.52122028,26454.11640656
2012-05-17,5.08966168644068,45945853.7003117206313281189568,7469.14240261,5671.5960475,28251.66276167
2012-05-18,5.11830148275862,46241501.0808574168742370254112,4898.80657264,7902.6170038,25247.85233051
2012-05-19,5.11254581122151,46227589.6929509064443337843776,4044.96367285,2932.81046413,26360.00553923
2012-05-20,5.09420096843951,46096865.7837079276610641263076,4083.6312298,4191.04405801,26252.59271102
2012-05-21,5.0942213100526,46129143.439345519736135772776,15395.9603451,16306.51392936,25342.03912676
2012-05-22,5.08913918877849,46112386.4118252884807112833724,5167.31324092,6610.63630009,23898.71606759
2012-05-23,5.12885889976622,46505621.9224451468767296584872,6654.39970099,8407.25175845,22145.86401013
2012-05-24,5.11915775920514,46449652.1454818193548583738264,5194.13479344,3585.88610971,23754.11269386
2012-05-25,5.13727680654588,46645139.2867037054391230675088,13763.44466866,13401.49992172,24116.0574408
2012-05-26,5.10397880479252,46379040.3198605464213757596752,7234.0262584,5959.325278,25390.7584212
2012-05-27,5.13461613500877,46698257.0143764226881158715252,13933.29984478,11546.39677907,27777.66148691
2012-05-28,5.13632541905318,46750270.4945245879757612156568,10983.45495574,9708.00947497,29053.10696768
2012-05-29,5.14847069783752,46893250.8473212448798623438752,7016.70208737,10595.266237,25474.54281805
2012-05-30,5.13826456925774,46833947.1163945613188783492024,8645.79559135,9813.81390478,24306.52450462
2012-05-31,5.18163972121566,47265053.6727197183415818757816,10889.68253986,8009.87741241,27186.32963207
2012-06-01,5.26694375803624,48083195.1795615645061371998624,17906.17670873,5660.051403,39432.4549378
2012-06-02,5.24363906019871,47912390.0924073981469939377996,3778.78390942,14774.68568096,28436.55316626
2012-06-03,5.21270498480421,47669615.1872366454636253019796,3627.81916863,2112.53211538,29951.84021951
2012-06-04,5.25876585739334,48131592.2384888861508832690584,3279.10411658,6603.36032926,26627.58400683
2012-06-05,5.42601429485681,49702238.2218352827994055537556,7165.47969683,10678.7772798,23114.28642386
2012-06-06,5.44616942197545,49928522.181047130995408609442,9384.63171497,7825.73731641,24673.18082242
2012-06-07,5.58716980976037,51259993.8406160946563554445412,15005.15567526,7809.68235775,31868.65413993
2012-06-08,5.62252910169492,51624039.6813223014910203166992,10358.394356,5360.02257491,36867.02592102
2012-06-09,5.55700233547633,51069908.8467576153321477709508,19452.02136054,16290.65527077,40028.39201079
2012-06-10,5.45789356925774,50204380.9270915907957243852024,5443.48479186,14283.10148119,31188.77532146
2012-06-11,5.58699698158971,51431046.3856115387918756119596,15002.33677113,19630.55199925,26560.56009334
2012-06-12,5.72749129865575,52769039.88158684065472845687,20180.01530193,9211.83172406,37528.74367121
2012-06-13,5.90930132378726,54488428.1543049162422029829976,13987.71331792,14809.58540737,36706.87158176
2012-06-14,5.96202318205728,55021069.0673436662067824665728,11741.49659002,12397.89477648,36050.4733953
2012-06-15,6.52338071917008,60253468.6238220961002851827008,9119.20819012,6406.48917976,38763.19240566
2012-06-16,6.44415828229106,59571991.8180513761657669742856,16798.3563545,15996.01255673,39565.53620343
2012-06-17,6.1999664880187,57365439.484740445713207060812,8054.29529224,7314.51315884,40305.31833683
2012-06-18,6.31084466861485,58446564.172951119614874829586,7844.06612102,7365.78625796,40783.59819989
2012-06-19,6.49482671595558,60198212.2670423659080239186808,11708.60398735,10666.30564641,41825.89654083
2012-06-20,6.69355105552309,62088644.9163648711211755391684,9116.4185714,7608.76309755,43333.55201468
2012-06-21,6.67226250379895,61936546.022190421481439373302,10903.79488961,7923.24447382,46314.10243047
2012-06-22,6.56376169783752,60974656.5856927298039599198752,18075.01826467,19238.91000875,45150.21068639
2012-06-23,6.44754168907072,59947890.1494258066645283747072,9115.94821699,6323.83070681,47942.32819657
2012-06-24,6.35049403857393,59087157.1724884156503710489268,15322.7880521,18098.26423408,45166.85201459
2012-06-25,6.31747363004091,58828568.5842839011000393204716,13981.71163347,8857.71835222,50290.84529584
2012-06-26,6.43286082875511,59950983.6208520461103288388636,14134.63728843,21125.74779415,43299.73479012
2012-06-27,6.61571340151958,61708994.4068080116286161913208,21132.30322175,15634.00215162,48798.03586025
2012-06-28,6.59006463296318,61514893.8478931484336134032568,10811.86904728,6346.97978936,53262.92511817
2012-06-29,6.65877675715956,62204895.5393782185879186813456,9888.66014645,16751.30551942,46400.2797452
2012-06-30,6.68042762302747,62451244.1851725965951574663372,6798.39491224,3818.03609965,49380.63855779
2012-07-01,6.62686009234366,61997524.7091328948700885750616,7223.25179152,8243.67863618,48360.21171313
2012-07-02,6.74347805084746,63139793.2809284176877699763496,27017.76378294,32571.00289899,42806.97259708
2012-07-03,6.44999240327294,60443460.6121164841425646923544,9075.49514714,15066.18290846,36816.28483576
2012-07-04,6.51483533313852,61099970.7566872274936178146352,13922.61308737,10851.8063778,39887.09154533
2012-07-05,6.64239860432496,62344159.6573390328170945442496,9047.14923554,10229.60452895,38704.63625192
2012-07-06,6.67218118936295,62675402.126008789851067083942,11053.78515997,11798.11199221,37960.30941968
2012-07-07,6.80827371186441,64010301.3564313054021165193316,4421.91568128,5558.0114652,36824.21363576
2012-07-08,6.79631768790181,63949884.5500369390693722859556,9134.84486772,5510.6777011,40448.38080238
2012-07-09,7.03239588603156,66228574.0109723955144913000656,16996.32476981,20740.73199064,36703.97358155
2012-07-10,7.17858003565167,67659123.0526902511810965563292,10821.837945,9992.70676777,37533.10475878
2012-07-11,7.18514778901227,67769165.5245275071510746411852,9248.83515012,4181.64898472,42600.29092418
2012-07-12,7.55593565020456,71323046.8733177915471138855456,10879.80987492,10887.20258536,42592.89821374
2012-07-13,7.63092125599065,72093053.517530453540917764594,11368.61681059,7628.06817547,46333.44684886
2012-07-14,7.58012917825833,71674215.8105455448958041160708,6245.40020806,3925.99120848,48652.85584844
2012-07-15,7.62723485973115,72173016.098099963528090500374,9094.27829314,7912.92198324,49834.21215834
2012-07-16,8.49340567738165,80432892.749381555404514963754,15059.58853129,17421.57455216,47472.22613747
2012-07-17,8.75198485505552,82956914.9909993734900012607552,18194.72146299,18069.24784067,47597.69975979
2012-07-18,9.09519268614845,86280546.205442799734406531922,19541.28985161,15686.83922447,51452.15038693
2012-07-19,8.87953341350087,84294655.0142707584444633865212,12315.3293588,7918.04665647,55849.43308926
2012-07-20,8.53245067913501,81062890.0925058263526831071376,11601.56734267,15084.86446156,52366.13597037
2012-07-21,8.87564584102864,84386002.7507508076424908356864,6205.06194813,8558.52790826,50012.67001024
2012-07-22,8.50656254412624,80942835.8760334634529608826624,14248.74009941,5132.69066927,59128.71944038
2012-07-23,8.53121126943308,81237521.8947565245146379343808,10183.12101713,18736.82604476,50575.01441275
2012-07-24,8.57458517066043,81719570.4966989646381789717168,11340.3897874,10293.20762286,51622.19657729
2012-07-25,8.7693472729398,83645893.810169347682176263648,8607.45692893,10869.36505614,49360.28845008
2012-07-26,8.87576504617183,84735953.5420090043349522295808,5324.24620479,6124.68398283,48559.85067204
2012-07-27,8.89145989421391,84964924.4979511365613868738016,4908.80728294,7245.75079665,46222.90715833
2012-07-28,8.84256089421391,84565301.4685359675386842788016,6393.12050166,3496.2584777,49119.76918229
2012-07-29,8.74768065926359,83730525.7478632481192746515984,4109.99410061,3803.42509555,49426.33818735
2012-07-30,9.08831724897721,87070987.8219795995478608385596,10775.79356724,17931.87249726,42270.25925733
2012-07-31,9.32099840210403,89360785.4197197376480730039028,12712.8617644,16297.3205069,38685.80051483
2012-08-01,9.56802090385739,91793105.7840211776997186395364,12495.08623469,11053.44466026,40127.44208926
2012-08-02,10.5510396960842,101310978.647725122770007861592,15927.94601368,13730.33170853,42325.05639441
2012-08-03,10.9158647466394,104902443.635597877285634809144,9006.22255784,8855.64076952,42475.63818273
2012-08-04,10.9197148807715,105024617.52570010603555733834,7171.48003607,4551.27780653,45095.84041227
2012-08-05,10.805117377557,103997526.89568884723181733932,10258.35441646,10111.92328718,45242.27154155
2012-08-06,10.8694465017534,104692770.505707635034500687784,5227.30746972,6546.54927022,43923.02974105
2012-08-07,10.9412794400935,105474372.35008440108035473906,7952.89875496,8045.01428638,43830.91420963
2012-08-08,11.0703915967271,106810902.928817111979071931396,8181.84116378,5378.96408828,46633.79128513
2012-08-09,11.1037247440094,107226894.096589630819308256344,11472.47283713,9132.00160994,48974.26251232
2012-08-10,11.4475688045003,110636632.184861533025863305598,7746.76599138,10614.16407478,46106.86442892
2012-08-11,11.5425355271771,111651408.618982157443343434686,4675.51026561,4225.82328897,46556.55140556
2012-08-12,11.5925523898305,112227384.47474271643615303713,3260.53789015,2264.27201706,47552.81727865
2012-08-13,11.9849629903565,116122187.29643910305518220229,11372.51962914,8822.04777248,50103.28913531
2012-08-14,12.1870974810053,118176335.076476951839916738898,9519.15980089,6533.20297916,53089.24595704
2012-08-15,13.1700773538866,127818103.773253784650461783956,7520.99314243,7048.58489853,53561.65420094
2012-08-16,13.4507908246639,130646052.434359313866769118374,8953.89616772,8770.03711485,53745.51325381
2012-08-17,12.0770055423729,117385958.354292046456794568314,18659.58780092,8288.54324068,64116.55781405
2012-08-18,11.5775071648159,112618349.171159470606235654694,8980.02788198,9521.61537389,63574.97032214
2012-08-19,7.83062184190532,76242380.1227762184647791452712,13902.80075392,9633.39046122,67844.38061484
2012-08-20,9.97987664874343,97255295.6149337173817679654038,11822.72176461,17744.30780231,61922.79457714
2012-08-21,9.90298201811806,96591607.4500664861542777389996,9951.57805154,9350.40150535,62523.97112333
2012-08-22,9.772554578609,95395671.50898487710199029394,12710.78535352,10657.11697774,64577.63949911
2012-08-23,10.0886574260666,98564569.317120454022837432756,6863.63927001,5546.3779519,65894.90081722
2012-08-24,10.5940425943892,103580497.487728144222850162472,7484.36185093,7321.90058137,66057.36208678
2012-08-25,10.5836766715371,103552174.735461450381900137286,2714.5044185,2966.51938826,65805.34711702
2012-08-26,10.545530742256,103273332.10031615835551529696,3778.08120883,4543.56745449,65039.86087136
2012-08-27,10.9003800806546,106827431.350410916842161714836,9566.95756023,7079.6271906,67527.19124099
2012-08-28,10.9329585336061,107229255.087826365412268889826,9734.00268505,11909.40877739,65351.78514865
2012-08-29,10.8677839018118,106681318.818091383633020808188,7286.85224483,8936.02967762,63702.60771586
2012-08-30,10.7277488383986,105389297.616880484101684617876,8644.32443643,4340.67953736,68006.25261493
2012-08-31,10.1024098205728,99316690.199957772105003888448,7210.68876235,6303.82564041,68913.11573687
2012-09-01,10.0065329374635,98454678.08337092038120056891,3820.29894639,4172.80447976,68560.6102035
2012-09-02,10.2261162016365,100699020.68966391921777953709,3791.33088549,4646.24298265,67705.69810634
2012-09-03,10.4971343091759,103450203.510370930909342182294,5046.56590933,4397.55676898,68354.70724669
2012-09-04,10.3640018942139,102217456.181210217743812291374,6193.8869882,6525.50346984,68023.09076505
2012-09-05,11.0255228784337,108841095.329307506391405202842,6490.55657462,7213.62460999,67300.02272968
2012-09-06,11.1607690157802,110271634.580604826023029918532,12359.22554037,7711.13977477,71948.10849528
2012-09-07,11.0761223366452,109528340.248070151615021359432,5437.54569373,6764.72709298,70620.92709603
2012-09-08,11.0432700333139,109283537.655887076991484417374,6115.44972577,6962.16710418,69774.20971762
2012-09-09,11.0620954932788,109557776.886462173063477862408,3211.51201096,5210.95456161,67774.76716697
2012-09-10,11.1252888047925,110267076.141424744793284945275,6400.31931161,6218.3298116,67956.75666698
2012-09-11,11.2680929552893,111764157.421166029744875602419,11887.24361977,12906.76814436,66937.23214239
2012-09-12,11.3152859082408,112319940.780472567006830968664,9165.78527201,6302.84762051,69800.16979389
2012-09-13,11.38029928872,113039260.8894036667822575576,7897.36452577,6958.79583958,70738.73848008
2012-09-14,11.730107622443,116608882.45764034028098780069,6699.08352593,6635.45697639,70802.36502962
2012-09-15,11.7183934155465,116576804.076732069615195565095,3585.38741777,3878.29669599,70509.4557514
2012-09-16,11.8869112238457,118348940.850100979540168564631,6239.98612381,7813.25511218,68936.18676303
2012-09-17,11.908317157218,118662093.31211603842663968894,10449.02959489,7954.73360195,71430.48275597
2012-09-18,12.2596508386908,122265375.029101370245583392164,11627.5592813,12212.83585975,70845.20617752
2012-09-19,12.5048540981882,124798943.895402915790789186406,13637.58026283,9616.69186296,74866.09457739
2012-09-20,12.3671766493279,123518907.993401502131447939057,6503.35246004,8361.36848759,73008.07854984
2012-09-21,12.3336578357686,123288353.559588892357476402538,7012.94303655,13841.63733685,66179.38424954
2012-09-22,12.2137276250731,122185398.125199415735532674773,4989.69634691,3477.36204531,67691.71855114
2012-09-23,12.1654630263004,121798669.133700257505974173732,4236.36900412,4381.78374269,67546.30381257
2012-09-24,12.11358871654,121371980.7988522246867206682,12922.8743256,14342.05116565,66127.12697252
2012-09-25,12.1824053945061,122146156.531862005275410867163,8392.68380293,8016.31157247,66503.49920298
2012-09-26,12.3198168597312,123610143.058882341402127740096,6353.7038974,7158.07355329,65699.12954709
2012-09-27,12.3187514018118,123698618.799578628019558113594,8888.77481053,7860.53304919,66727.37130843
2012-09-28,12.3814573892461,124426093.857624978947032641363,8005.56779007,8336.05248298,66396.88661552
2012-09-29,12.4047515055523,124764385.429332939430700663709,5101.46733874,4663.06610232,66835.28785194
2012-09-30,12.3916224728229,124730849.774124739312735034907,5080.16073197,4451.89694129,67463.55164262
2012-10-01,12.3893951601403,124789580.762100633045303239749,12115.4819548,14188.38040429,65390.65319313
2012-10-02,12.8072380958504,129091708.815858300094876950232,15639.51580307,14681.50437341,66348.66462279
2012-10-03,12.9554304944477,130671581.045046941787359336291,17399.41887658,18122.473774,65625.60972537
2012-10-04,12.8623857779077,129817358.331755704971158668091,20566.79824324,11873.01051253,74319.39745608
2012-10-05,12.7522194190532,128792187.500737749052201719356,11270.72940599,9391.62630831,76198.50055376
2012-10-06,12.5051297136178,126393597.542196413319562378574,5582.16285583,5962.7675433,75817.89586629
2012-10-07,11.8739970853302,120088737.975757577518773976266,18410.71333489,7818.24107545,86410.36812573
2012-10-08,11.7333297481005,118770512.826095368170870828915,13836.41941445,22350.73560495,77896.05193523
2012-10-09,11.8286634354179,119819510.613524336384624783757,8520.91987068,10093.15454465,76323.81726126
2012-10-10,12.109188478083,122751327.72903689530584402189,13626.43975883,10578.6305552,79371.62646489
2012-10-11,12.0675518082992,122412521.244243289096588499536,10365.89101114,9528.08361642,80209.43385961
2012-10-12,12.0280681648159,122101610.636386146502737462097,11063.43775905,12730.65978205,78542.21183661
2012-10-13,11.9268038293396,121161895.218364327225433647468,11943.3010652,12445.54988063,78039.96302118
2012-10-14,11.6505779608416,118429755.797859550818845716128,5747.77556106,4001.57579987,79786.16278237
2012-10-15,11.9083095268849,121150258.441107382163596388367,7301.06547387,6354.77651495,80732.45174129
2012-10-16,11.8480180689655,120628700.003253733975480411865,8702.13876314,10731.12397575,78703.46652868
2012-10-17,11.9193881607247,121439970.821561897708258693201,8255.85952768,17251.80816741,69707.51788895
2012-10-18,11.9259328445354,121600269.512556176044887093782,11087.22424838,7152.1640158,73642.57812153
2012-10-19,11.7574857971946,119962097.601464829189432572118,10111.23926778,10974.5954177,72779.22197161
2012-10-20,11.6943775517241,119410587.232797213878368856103,7293.29439036,7295.76285611,72776.75350586
2012-10-21,11.657411405903,119126970.24021870981338363249,7580.92630959,7782.53366722,72575.14614823
2012-10-22,11.7410779129164,120074124.856787389792760241012,15690.07188484,16247.25799185,72017.96004122
2012-10-23,11.7077817299825,119809710.691943818961458942975,14477.35891883,10377.43721049,76117.88174956
2012-10-24,11.6343523869082,119152521.515110204280549144006,9768.80046758,11961.82930539,73924.85291175
2012-10-25,10.7536298202805,110209542.663578701225956418315,21098.63182527,21369.92943227,73653.55530475
2012-10-26,10.130619493571,103908142.88185631910005294493,14445.28726917,14666.08988623,73432.75268769
2012-10-27,10.4581862957335,107359452.263560594518872277305,6261.58926621,4901.0205827,74793.3213712
2012-10-28,10.7099620838691,110032971.946990047463426371453,4585.80736433,10789.20451374,68589.92422179
2012-10-29,10.6307389760374,109303025.287273890010646622442,8810.4727324,10114.58205855,67285.81489564
2012-10-30,10.8593230584454,111730922.965576080388410809082,8495.35976697,11297.32844349,64483.84621912
2012-10-31,11.1460718381064,114761515.643916777882535598712,9354.7214828,7188.09098177,66650.47672015
2012-11-01,10.6135357510228,109351152.261787454756976999724,8340.34482031,10119.30817291,64871.51336755
2012-11-02,10.5305036388077,108570966.328664487647912145091,12442.42895478,11533.43363866,65780.50868367
2012-11-03,10.650747019287,109888442.85816559476861016521,5654.85940058,4877.96617077,66557.40191348
2012-11-04,10.7968828924605,111480946.480359914455125557715,11818.06758103,10978.06464069,67397.40485382
2012-11-05,10.7408207352425,110988015.006693693280764168775,18401.84939079,14717.33339407,71081.92085054
2012-11-06,10.8681974991233,112377596.363592273999181178639,10038.19728449,9102.77926373,72017.3388713
2012-11-07,10.9540989444769,113351810.417327054813337311727,15789.59866304,13677.94965445,74128.98787989
2012-11-08,10.892699371128,112800328.17427774539610844424,12950.54798306,19075.58600133,68003.94986162
2012-11-09,10.8158672180012,112086886.486700048291132554196,10866.14697735,8569.41770275,70300.67913622
2012-11-10,10.8632604430158,112656246.944338633268282476914,7907.47867726,9184.70823651,69023.44957697
2012-11-11,10.8418406388077,112513802.745279208590583645091,12761.38974195,14457.48290932,67327.3564096
2012-11-12,11.0313424552893,114553210.177269281261715022419,10822.39315472,10872.88962091,67276.85994341
2012-11-13,10.9980027790766,114283985.643060802673508176178,7266.40488707,7977.26806006,66565.99677042
2012-11-14,10.9589524184687,113956556.569666187118972434721,8650.90043627,6772.27265614,68444.62455055
2012-11-15,11.1751098585622,116280258.279225162942392390826,6563.46207111,10287.82701786,64720.2596038
2012-11-16,11.705044829924,121879246.88485298648429000092,16687.25503731,13545.6937776,67861.82086351
2012-11-17,11.7500423991818,122430036.157357488216946920694,7235.54856382,4825.19039808,70272.17902925
2012-11-18,11.6656310321449,121635667.653069288827430574167,8335.26425475,6585.38812428,72022.05515972
2012-11-19,11.7505293506721,122606667.684632209319925050943,11489.61893977,12302.8625289,71208.81157059
2012-11-20,11.6991703167738,122156769.221724913565901534054,9056.65185097,8351.95606034,71913.50736122
2012-11-21,11.7291351759205,122558788.424530890750543389515,8303.67040847,8490.745736,71726.43203369
2012-11-22,12.2919979465225,128528694.520037280855447361175,19310.48922674,15119.98205852,75916.93920191
2012-11-23,12.2802876195207,128506332.289666363017379729881,8734.55362281,11037.73025431,73613.76257041
2012-11-24,12.4132043997662,129990951.641108448359258934146,7748.85762384,7554.2613873,73808.35880695
2012-11-25,12.5296894897721,131302249.065494639863540353943,5455.33169725,4954.31357637,74309.37692783
2012-11-26,12.1846262399182,127781880.537408513521039932306,10435.17850653,14255.94405109,70488.61138327
2012-11-27,12.1592753845704,127606001.207534230615571867832,14590.92051623,13938.28729413,71141.24460537
2012-11-28,12.3316598270018,129501418.243059586082151731294,9723.02261075,12136.46271387,68727.80450225
2012-11-29,12.4976616534191,131296558.343489637771471247953,12709.10339262,13919.3974477,67517.51044717
2012-11-30,12.5861389275278,132265404.830133963247664153874,10728.87995693,12562.18833268,65684.20207142
2012-12-01,12.5923868702513,132383636.512873743849099672879,5912.68643619,5404.14927849,66192.73922912
2012-12-02,12.4979447565751,131435447.674198271336614483433,6202.7882735,4546.609589,67848.91791362
2012-12-03,12.6569578369375,133154233.367852584431898470625,12008.84600301,11258.95879877,68598.80511786
2012-12-04,13.3695895815313,140688725.148019918504871515279,13653.69179607,16660.67396108,65591.82295285
2012-12-05,13.3127502220923,140131206.160030514172404751909,11859.43869426,14336.30814652,63114.95350059
2012-12-06,13.4779245403273,141916007.774033570336355821959,11454.39902394,7444.0725046,67125.28001993
2012-12-07,13.4772824494448,141952711.090917223463632131984,17076.25871664,18091.42254316,66110.11619341
2012-12-08,13.4999844091175,142238399.860910422752481110025,5493.47432574,4971.31837092,66632.27214823
2012-12-09,13.3465108907072,140663415.230173958021222666176,4849.55587957,4292.02449815,67189.80352965
2012-12-10,13.4922565809468,142247713.407529539265337200644,9075.934328,9636.78159515,66628.9562625
2012-12-11,13.615415666277,143595184.64355359538177305691,10669.38047021,7846.02359898,69452.31313373
2012-12-12,13.6682136426067,144196440.983686053338243137261,9004.67587155,11008.23655006,67448.75245522
2012-12-13,13.7552515207481,145159718.587076401959367750023,11945.60946545,9248.76731541,70145.59460526
2012-12-14,13.6009222527762,143567118.089705392299468742446,12877.7670273,13491.48631529,69531.87531727
2012-12-15,13.5309482887201,142867734.358321799855568658783,6993.05998474,7608.93015515,68916.00514686
2012-12-16,13.3328610765634,140813211.390736465428097745022,3883.59859767,5978.63690389,66820.96684064
2012-12-17,13.3200719514904,140722763.008082405107112931432,12894.65367871,11753.58256498,67962.03795437
2012-12-18,13.2720338690824,140256729.467522370406362044792,11224.18767252,10616.09917076,68570.12645613
2012-12-19,13.5385431800117,143121219.033436752037994688411,20415.22143973,26992.06841699,61993.27947887
2012-12-20,13.5700270263004,143490007.607085082655242533732,11126.10586731,10003.56815041,63115.81719577
2012-12-21,13.4289680023378,142040745.084491555302808256174,10820.68875998,10202.74447138,63733.76148437
2012-12-22,13.4272139129164,142073550.827322136530776201012,5185.07945528,5321.11241415,63597.7285255
2012-12-23,13.3181057568673,140959696.015516373878989890159,5488.61413545,4236.61182161,64849.73083934
2012-12-24,13.4266626715371,142152977.428597525795621783893,7542.89745754,5558.86530452,66833.76299236
2012-12-25,13.3655670046756,141547568.565912367460995312348,4774.71499294,3597.34397442,68011.13401088
2012-12-26,13.4546990175336,142543318.606270874749590622488,4590.12349585,5094.22214575,67507.03536098
2012-12-27,13.3993031811806,142008694.952847076206498066498,9322.09664789,8806.54901661,68022.58299226
2012-12-28,13.4555072215079,142661206.949689341870322138457,8148.11214078,11985.57257205,64185.12256099
2012-12-29,13.3740038603156,141845218.846273575724735133548,4591.59518927,3402.41847491,65374.29927535
2012-12-30,13.445013798948,142654149.83023797552160955484,6793.69840611,5652.04328306,66515.9543984
2012-12-31,13.5455524436002,143774388.855730136785590690366,8275.80440667,4640.16647685,70151.59232822
2013-01-01,13.3313714219755,141555033.526106002202114720165,2033.98013827,3983.7467148,68201.82575169
2013-01-02,13.2806068129749,141066803.574783775427869043067,6243.88259072,7134.66597731,67311.0423651
2013-01-03,13.3840811484512,142220115.004155887402024577696,7377.50972846,7219.13629728,67469.41579628
2013-01-04,13.4517211496201,142990314.833203247711860355783,7802.4489434,6694.01150803,68577.85323165
2013-01-05,13.459406766803,143119456.47290247711355427949,11249.12136727,7447.22158426,72379.75301466
2013-01-06,13.5044965078901,143647868.183997416708678339883,3970.56204709,9086.25627251,67264.05878924
2013-01-07,13.5560616578025,144253304.186472415871359303575,12342.29014024,9189.96842111,70416.38050837
2013-01-08,13.7803506312098,146685836.611271001901567611934,10756.25392001,13431.23535711,67741.39907127
2013-01-09,13.8209552565751,147162973.271894308879949983433,6714.15240279,7605.82628956,66849.7251845
2013-01-10,14.12317285564,150432832.9502932444648622212,10166.19573937,7696.70696103,69319.21396284
2013-01-11,14.2276211227352,151586978.382199608533215557416,9628.78080359,8645.36058127,70302.63418516
2013-01-12,14.2142856560491,151488250.358584911333557360853,5293.9136427,4682.88332215,70913.66450571
2013-01-13,14.1607882670953,150965188.420769292565907337399,7824.3603764,6578.24491473,72159.77996738
2013-01-14,14.3179703202805,152697071.269442898915533918315,8154.79448769,11008.52432662,69306.05012845
2013-01-15,14.3136377516072,152694164.399685731634202313176,11797.24316995,11249.69911325,69853.59418515
2013-01-16,14.7078140479252,156947302.653457627078676755116,9235.95771551,14920.10833475,64169.44356591
2013-01-17,15.598599739626,166496176.12116816391792977558,16031.42739968,10980.94485378,69219.92611181
2013-01-18,15.7157911239042,167794592.577863472997156486686,22719.78248585,14409.96187921,77529.74671845
2013-01-19,15.5881263997662,166491554.222138416085780734146,5127.98232931,6199.35373325,76458.37531451
2013-01-20,15.7195921373466,167946784.359633898369739410278,9247.41781536,7976.37462963,77729.41850024
2013-01-21,16.7810195207481,179342361.507127062991910350023,19739.50007753,21092.42732961,76376.49124816
2013-01-22,17.3001788386908,184953009.294990759539347912164,14976.1704334,12222.33813031,79130.32355125
2013-01-23,17.5363954228521,187533596.668762189854987740343,13691.22821016,12901.03261736,79920.51914405
2013-01-24,16.90108607218,180805534.9904228183091938894,21538.96766853,20218.72968525,81240.75712733
2013-01-25,17.4072020292227,186279514.740570250684054704541,12476.12377059,12942.58705138,80774.29384654
2013-01-26,17.5536291760608,187914933.184849294569066399264,4863.17305205,8869.90523972,76767.56165887
2013-01-27,17.8646280148217,191311673.728299309081574990711,6682.41517618,6395.08518639,77054.89164866
2013-01-28,18.7942648743425,201336191.079487355131369721775,10235.4973514,8745.79650412,78544.59249594
2013-01-29,19.5147141861484,209131188.187821669150194535572,17302.38177743,14714.6284128,81132.34586057
2013-01-30,19.7374466864407,211593616.686929071380560143481,11017.85079587,9038.83285321,83111.36380323
2013-01-31,20.5116430306838,219992291.293698067853876289354,16184.57223154,10175.5946143,89120.34142047
2013-02-01,20.443091956166,219332192.91977451813335644378,13960.77788767,13522.06767112,89559.05163702
2013-02-02,19.6359017054354,210747024.724841771897865300782,10895.96635812,9245.56087971,91209.45711543
2013-02-03,20.5789396832262,220964098.058099724307296365946,6062.10560964,10031.56986405,87239.99286102
2013-02-04,20.4404879614261,219561293.926066479724816470763,9467.22657143,11395.94676127,85311.27267118
2013-02-05,20.6593447276446,221998394.402149767377504235618,7557.13810227,8013.53957211,84854.87120134
2013-02-06,21.2085655318527,227977548.323554728559499667441,10389.40568412,19083.04863322,76161.22825224
2013-02-07,22.1177651789246,237835974.950121031608829078018,9546.27597173,8176.14289052,77531.36133345
2013-02-08,22.7873650499299,245122315.045633565245476270717,10613.23299594,12011.35857757,76133.23575182
2013-02-09,23.7338601537113,255388554.477844406829299954679,9450.10938642,4958.57867594,80624.7664623
2013-02-10,23.9002893571011,257275617.020126096995120706013,5728.62844583,5804.50072313,80548.894185
2013-02-11,24.4972726949153,263799244.591757912371405797999,12051.69351293,17004.13223312,75596.45546481
2013-02-12,24.9797364073641,269081466.773809828458761067303,17107.03647152,11575.50071036,81127.99122597
2013-02-13,24.6416509347867,265544956.469819955101039726661,13819.31523554,10491.37055416,84455.93590735
2013-02-14,27.2823898203039,294105249.084479674297734595137,13880.71151933,17933.68072122,80402.96670546
2013-02-15,27.1712692291058,293028956.046635046155864621614,10593.70301396,11411.90780847,79584.76191095
2013-02-16,27.3461635619521,295044317.196343347453913243343,9013.66900449,7947.96407092,80650.46684452
2013-02-17,26.9272513763881,290651131.117409132135417571223,11870.13520569,7376.01111458,85144.59093563
2013-02-18,26.9288676370544,290776965.616563883045316753552,12062.85660487,8701.94611453,88505.50142597
2013-02-19,29.4136243807715,317724200.611301405441797776845,13522.86149221,13354.85916951,88673.50374867
2013-02-20,29.8198072276447,322255643.806524472649535836801,8214.2369169,9947.90751701,86939.83314856
2013-02-21,29.8180689158387,322368057.738148814279405121821,14215.47519993,14193.99583739,86961.3125111
2013-02-22,30.4726565324372,329574421.142233236457175732076,12999.27544074,18713.09697161,81247.49098023
2013-02-23,29.8064545458796,322491376.750766221584708955668,10699.75813596,8990.12689891,82957.12221728
2013-02-24,29.8828484924021,323434465.296598757621591316843,9460.38770577,9810.07272435,82607.4371987
2013-02-25,30.3520330949737,328667440.201588259059234388871,8563.04127701,9823.41293902,81347.06553669
2013-02-26,31.1555373506721,337497493.391612462357044400943,11487.43169962,10888.33452126,81946.16271505
2013-02-27,31.2402610829924,338566011.414581490801491200092,10206.64449969,12130.11654798,80022.69066676
2013-02-28,33.3752939365868,361844584.445445076960472221844,20531.58489612,13684.7917782,86869.48378468
2013-03-01,34.6062570341204,375321808.199234297704439644332,12001.5536983,6928.66451174,91942.37297124
2013-03-02,34.143515924021,370426924.43081680530248566843,8368.73958341,5965.42174566,94345.69080899
2013-03-03,34.451740484512,373909556.33168627189295577696,4553.35602737,4357.25393781,94541.79289855
2013-03-04,36.3762652507306,394959476.392003787599563342998,15120.31408088,15801.77920446,93860.32777497
2013-03-05,40.6729539902747,441752606.208198452297061349701,20448.77962646,18912.85572301,95396.25167842
2013-03-06,43.2849961852133,470289960.440408800719270673339,27197.39525977,12749.25537307,109844.39156512
2013-03-07,41.9474407158387,455925257.052455718875654071821,23331.75985437,21921.96126993,111254.19014956
2013-03-08,43.902928914962,477355001.19273560905124600046,9508.76751926,15341.61965457,105421.33801425
2013-03-09,46.8885866123086,510016056.552148803087298210738,8998.51663744,7492.87945432,106926.97519737
2013-03-10,46.0660384590181,501279796.286060787427049284123,8858.91663291,9971.75373539,105814.13809489
2013-03-11,48.275074577218,525515935.58910922260804648894,13431.47481849,16879.49372646,102366.11918692
2013-03-12,44.4135452582116,483629745.129479896364200643228,18611.58812671,13645.85434771,107331.85296592
2013-03-13,47.0161908515809,512155115.661733098860112752047,18004.43571501,20183.02394469,105153.26473624
2013-03-14,46.9255625535453,511377878.567252866046628790899,17188.25701876,15634.45239638,106707.06935862
2013-03-15,46.9025172478223,511328419.903446649083071287809,11218.55264317,11726.87777776,106198.74422403
2013-03-16,47.1570156995909,514309258.649673087557568810347,8228.39012903,7833.9761741,106593.15817896
2013-03-17,47.3334997837522,516481367.166598227101895488526,6990.1204242,6517.26277388,107066.01582928
2013-03-18,51.3654363912578,560719989.787650193748639879774,13355.67742989,14999.60211541,105422.09114376
2013-03-19,59.4986011114249,649756841.988081833059279806567,26315.18570329,25693.34804732,106043.92879973
2013-03-20,63.6874854981899,695837672.173005632318577736517,20582.092403,16450.77320851,110175.24799422
2013-03-21,70.9175250053215,775218245.397428642499245703345,28117.94366561,23984.39271759,114308.79894224
2013-03-22,69.8460845417884,763905914.728149317801862356772,17100.21209031,13174.32831816,118234.68271439
2013-03-23,64.3831163705435,704506765.926792503489539779605,18855.13268678,14391.92404582,122697.89135535
2013-03-24,71.6904242064758,784805096.648120927183771108714,9424.03564742,8794.717231,123327.20977177
2013-03-25,74.3140892495617,813794255.404162245793195064911,13813.67236569,15823.88404039,121316.99809707
2013-03-26,78.6141974320088,861180389.849598880025926664104,17413.20090839,12355.40505888,126374.79394658
2013-03-27,88.8520799138223,973622415.655908597411587767809,14191.77416817,19619.23309295,120947.3350218
2013-03-28,87.6731739608416,961105316.791192512569948756128,24463.60008309,17356.95993341,128053.97517148
2013-03-29,90.29569935827,990247183.1166803553481633341,19118.94480858,16329.05771324,130843.86226682
2013-03-30,92.1899599883109,1011419720.792491765824502567947,9860.15051767,11449.28052297,129254.73226152
2013-03-31,93.8992384231444,1030569006.823800116378104398252,8779.34423453,9429.78210148,128604.29439457
2013-04-01,103.580346911163,1137334458.81758386823891855829,24348.90533932,20073.13244108,132880.06729281
2013-04-02,116.679944241173,1281698828.01091386885222457659,42100.08829785,47796.8901282,127183.26546246
2013-04-03,131.384809378154,1443802753.89112924726491356182,42321.1413943,45039.98042326,124464.4264335
2013-04-04,133.007120475745,1462142594.20583311538995306335,21217.4598274,25705.18503533,119976.70122557
2013-04-05,142.626065488019,1568446691.14578295757601826477,28191.80767425,19209.18192671,128959.32697311
2013-04-06,143.081822964933,1574041675.71973546347374015739,23343.71837701,30580.85720359,121722.18814653
2013-04-07,162.852214576856,1792203246.36335689625152420648,16786.46061876,17913.21275423,120595.43601106
2013-04-08,186.351161848042,2051533382.15815767040647233686,22671.88912593,18442.83436488,124824.49077211
2013-04-09,230.682996695207,2540595996.91765306584053929881,28148.08097721,21772.39711415,131200.17463517
2013-04-10,161.192889661017,1776045793.85893127636637483111,47034.42936892,41053.66214658,137180.94185751
2013-04-11,82.9015850379895,913752860.345797230873046915785,64479.86824938,52895.21486204,148765.59524485
2013-04-12,111.476373194039,1229190266.59770461687863048137,41772.94245125,48427.36822998,142111.16946612
2013-04-13,97.6090718702513,1076690513.502254500453221572879,24566.4947923,21947.20583364,144730.45842478
2013-04-14,88.8614913997663,980538999.371582654018330735329,16732.63104934,11272.59045364,150190.49902048
2013-04-15,80.8746931659848,892740541.598170584065117600184,43461.65237105,23349.16583019,170302.98556134
2013-04-16,68.2831387270602,754050004.817134255752402122166,36958.00869453,37613.56113038,169647.43312549
2013-04-17,92.8640369135009,1025893606.645837903462511215647,22933.77722386,31330.919053,161250.29129635
2013-04-18,108.628345092344,1200445302.73354578367536242952,24699.30630853,20138.52182878,165811.0757761
2013-04-19,119.012283239042,1315605195.20176520202752786686,21861.90738944,20247.97614071,167425.00702483
2013-04-20,128.208288893045,1417754798.36230398458882972235,10233.40878329,15492.33318266,162166.08262546
2013-04-21,118.483243756283,1310734486.52408178434345182789,14893.55199383,18022.0591631,159037.57545619
2013-04-22,126.31427175979,1397849284.9436217522758683157,13280.69800455,17011.90461908,155306.36884166
2013-04-23,142.127218053185,1573439237.55518583301849417855,12903.94972768,12002.21620015,156208.10236919
2013-04-24,154.1332778045,1706978240.314552329798927235,25458.30456259,22792.97605016,158873.43088162
2013-04-25,141.008659278492,1562233498.56479965621332456036,21161.75406712,22262.40051376,157772.78443498
2013-04-26,137.209600419638,1520730335.24071026581355431754,13661.68346727,14796.14628644,156638.32161581
2013-04-27,128.226669605202,1421641367.31001461036703953966,13906.92033589,13866.37156886,156678.87038284
2013-04-28,134.62356956166,1493159121.3612575982042144378,12638.85845172,7715.6551515,161602.07368306
2013-04-29,143.810378192577,1595678942.25315458294541078591,14711.6109025,16035.4702462,160278.21433936
2013-04-30,139.129647545295,1544261147.85455819014358183985,17926.57023416,13899.65560802,164305.1289655
2013-05-01,116.113801040327,1289236474.63782021345914966841,27730.86250366,18835.05473379,173200.93673537
2013-05-02,106.340984697253,1181083037.84120258219292990299,25816.07360643,23707.52020115,175309.49014065
2013-05-03,96.3168402741087,1070079113.380720282353315765921,32792.8942042,26552.65300991,181549.73133494
2013-05-04,112.497636369082,1250294771.11799902155435784006,11448.54685407,13093.10653674,179905.17165227
2013-05-05,116.488715827002,1295132003.69532468243044103366,9301.12623369,11319.59897869,177886.69890727
2013-05-06,112.118596195207,1247009913.34983689317337589881,18633.25948829,21819.79955541,174700.15884015
2013-05-07,111.609212873466,1241813188.58743981225426390278,14869.34513724,12299.55760543,177269.94637196
2013-05-08,113.136061854763,1259268268.12250319480224124629,18305.11752351,16844.42090483,178730.64299064
2013-05-09,111.974532710696,1246798888.29706321772341233368,8937.74435597,9871.83166181,177796.5556848
2013-05-10,117.691036883694,1310956317.57158738509557130002,19144.31955296,19874.30822187,177066.56701589
2013-05-11,115.49977766277,1287073482.2220524214842765691,9455.29997947,8211.55790756,178310.3090878
2013-05-12,114.885675559614,1280712746.18183193475560343362,7731.11291349,9291.10871749,176750.3132838
2013-05-13,117.404456646113,1309302108.77376867409975291679,9466.99551057,9177.69051531,177039.61827906
2013-05-14,107.865566569258,1203339070.91153574983409472214,18964.78665816,16454.01613094,179550.38880628
2013-05-15,108.986852425482,1216232218.99459629245188405206,19856.47860272,15459.28847767,183947.57893133
2013-05-16,112.917874050263,1260518014.31584289858328251129,24074.99572096,17924.34155042,190098.23310187
2013-05-17,117.284616014027,1309736635.92178533050333503941,15877.80701349,13193.27511174,192782.76500362
2013-05-18,118.169876680304,1320062670.46662435718533119632,13038.82728364,12332.19920372,193489.39308354
2013-05-19,117.033880187025,1307829010.95598537776479500575,10095.59226113,9268.38269054,194316.60265413
2013-05-20,117.818636469901,1316978462.56656842735491222883,9156.14636908,7063.59909025,196409.14993296
2013-05-21,117.252040911748,1311087675.48448531322315437884,13206.05374849,10465.23950382,199149.96417763
2013-05-22,118.9781735827,1330852943.060672331076393341,13186.62599313,12044.06276645,200292.52740431
2013-05-23,123.726156049094,1384500610.90013260932927098202,15262.03357739,15257.61613998,200296.94484172
2013-05-24,128.971080654588,1443736428.81674570094668417604,21183.75114929,23795.7737382,197684.92225281
2013-05-25,128.844915254237,1442855585.19162448326903972371,7257.66811459,7122.59437263,197819.99599477
2013-05-26,130.158601110462,1458097147.78825462665326136546,7204.24632265,6644.57303326,198379.66928416
2013-05-27,126.392905902981,1416468208.55242180152546956523,11111.52757698,9974.07813021,199517.11873093
2013-05-28,125.904595265926,1411493100.41222775224435170458,10395.10427665,10593.52705548,199318.6959521
2013-05-29,129.564812390415,1453071288.94682423576094810945,10791.79820388,7691.91574275,202418.57841323
2013-05-30,126.513068381064,1419412080.68703983640365918712,10530.81678981,10620.14810441,202329.24709863
2013-05-31,127.816488895383,1434594990.99578661863679628089,8471.72866214,13015.71717099,197785.25858978
2013-06-01,128.791151081239,1446220280.47824234804757975737,8071.039863,5977.4292718,199878.86918098
2013-06-02,122.626708942139,1377608657.54374200398304420437,15147.02695576,13891.98390544,201133.9122313
2013-06-03,122.949187901812,1381886143.74788618448645803596,16082.13514724,16859.03291133,200357.01446721
2013-06-04,120.189968731736,1351513939.60421094663762523688,12474.58903956,13902.88951461,198928.71399216
2013-06-05,120.869923845704,1359715910.58503613390911787832,10748.18512515,9709.82876939,199967.07034792
2013-06-06,119.053975669784,1339826275.53270034324566074472,9892.93921556,14977.34507121,194882.66449227
2013-06-07,110.1977314436,1240602181.996858138206857788,22273.20500552,15460.17790903,201695.69158876
2013-06-08,109.178545341321,1229622253.64704606284354712743,12647.7124328,9945.76027399,204397.64374757
2013-06-09,99.9036034482759,1125560431.974022799046423573897,23837.34863981,21593.5025522,206641.48983518
2013-06-10,104.357566627703,1176194806.78511558228902562649,11832.17746687,12855.75163203,205617.91567002
2013-06-11,107.507520455874,1212181136.86346549060657718942,9681.80075713,10569.31925417,204730.39717298
2013-06-12,106.378116306254,1199986618.47658753473574118482,12547.02335155,13585.55232503,203691.8681995
2013-06-13,101.323897720631,1143444218.80401764030191736473,14942.81865414,14184.72812219,204449.95873145
2013-06-14,99.2132443015781,1120071870.558366561633675398923,12963.13248666,11427.06134239,205986.02987572
2013-06-15,99.8750374050263,1127975169.678079017773328251129,7003.77593894,9075.54546319,203914.26035147
2013-06-16,99.0383512565751,1118983801.809229133126043113433,11152.99946515,8108.46940506,206958.79041156
2013-06-17,100.126305084746,1131638994.89922432180961434518,7134.49665615,9753.95044682,204339.33662089
2013-06-18,104.289176382233,1179053256.33217188486637071639,13280.11891094,11506.26958347,206113.18594836
2013-06-19,104.417150789012,1180855103.99258023787517361196,9439.1132023,9206.74511906,206345.5540316
2013-06-20,104.323499707773,1180197648.00237715412759385459,18537.44022104,11845.65985511,213037.33439753
2013-06-21,101.416857393337,1147741147.26862930805857527671,22429.27016457,19003.74036283,216462.86419927
2013-06-22,100.039508474576,1132593774.13552772427615503408,12085.04952426,18851.01370343,209696.9000201
2013-06-23,100.314744593805,1136123648.49342843177710121315,10304.42173896,10716.85629327,209284.46546579
2013-06-24,99.0456832261835,1122122201.320615593732271300805,20350.44137256,20170.44863475,209464.4582036
2013-06-25,97.8327887200468,1108764901.010749017459352593644,14895.08539433,14842.2049036,209517.33869433
2013-06-26,98.6517007597896,1118474982.906079475973373990968,9859.27403937,9725.76938667,209650.84334703
2013-06-27,96.8039495990649,1097930048.482986596758691107767,18792.97500196,10957.28596537,217486.53238362
2013-06-28,89.4245067212157,1014611777.037771570286883791731,19205.14313585,18489.46326184,218202.21225763
2013-06-29,88.7972910578609,1007870547.391198422487975464447,9824.54931996,8142.96728922,219883.79428837
2013-06-30,89.4809076563413,1015972024.189260805519740807579,11948.47056858,14752.98993873,217079.27491822
2013-07-01,82.8675701344243,941209016.612019133070430429469,37664.59550442,29270.51121448,225473.35920816
2013-07-02,87.8164666861484,997754431.169221054981506855572,17748.91583123,16211.86983096,227010.40520843
2013-07-03,77.6913308007014,883071892.502088723426406917562,28959.05778021,23686.09325088,232283.36973776
2013-07-04,79.1348708357686,899806198.668047369170303522538,21111.34327234,19203.02045691,234191.69255319
2013-07-05,67.4476238527177,767229523.107046147423606060391,37668.58860756,18390.0509641,253470.23019665
2013-07-06,66.3416808883694,754959359.334100033473648430002,16555.91031487,26809.2729,243216.86761152
2013-07-07,72.1095223728814,820931924.913813896424899806962,10156.91598656,6329.60893399,247044.17466409
2013-07-08,73.9885537697253,842678930.725165663255629340299,15655.09521773,15798.32059144,246900.94929038
2013-07-09,74.8919108708358,853313924.217297958064200127514,15010.9936156,19482.96333171,242428.97957427
2013-07-10,85.0136791350088,969055184.208140360539936194104,29734.04530359,22868.7333147,249294.29156316
2013-07-11,87.4975493863238,997748975.538166166546348750554,17658.91445998,16128.21063656,250824.99538658
2013-07-12,90.0466987142022,1027164025.222264823795216272026,27902.70060602,26300.70309752,252426.99289508
2013-07-13,91.5925978959673,1045157621.019828636558341383159,15450.95635768,12452.92872701,255425.02052575
2013-07-14,89.892269275862,1026141810.24784499586347804746,8346.92104793,11099.65437936,252672.28719432
2013-07-15,93.7961525423729,1071090138.124626955285826841407,23148.9510135,16762.57605457,259058.66215325
2013-07-16,91.7810356516657,1048455135.852420080977116015231,16255.66119081,13724.20464922,261590.11869484
2013-07-17,91.0313512565751,1040309905.509400614521043113433,14910.2772885,11773.03871445,264727.35726889
2013-07-18,84.9617291174752,971287993.072402102136087891616,48863.47358903,21186.56385259,292404.26700533
2013-07-19,86.2387945996493,986256159.269602582751096541219,14986.60839575,11215.9830646,296174.89233648
2013-07-20,84.9108591466978,971464273.602905704983550374974,8232.32389157,8261.37399027,296145.84223778
2013-07-21,85.6643502618352,980511137.909877897466778470416,6282.13153211,8437.31549016,293990.65827973
2013-07-22,85.6490286382233,980689069.388434491329043771639,11384.22046518,15174.06453984,290200.81420507
2013-07-23,86.977056691993,996201703.98892623526865017719,17557.84659652,13509.79279426,294248.86800733
2013-07-24,88.15173056692,1010006369.1996826246925226636,14847.14495052,15260.39050898,293835.62244887
2013-07-25,90.166092226768,1033415205.04835270395900906544,11723.55821389,11904.70324675,293654.47741601
2013-07-26,89.9839859731151,1031696975.948225964303206681633,12294.83241849,13421.52676205,292527.78307245
2013-07-27,88.165275862069,1011243794.39645800796740697627,7281.08950842,8234.93659775,291573.93598312
2013-07-28,92.7458421975453,1064171803.519621793502991150899,9616.34928576,10660.74744474,290529.53782414
2013-07-29,93.2986972530684,1070930477.455755702082881119172,18068.1147426,19345.69261629,289251.95995045
2013-07-30,96.659552893045,1109984156.86899899746268322235,17732.17056984,16061.95856709,290922.1719532
2013-07-31,98.0244199298656,1126123141.317790076087475590048,25206.05696534,17535.05527779,298593.17364075
2013-08-01,96.5680178258329,1109819030.998511831691382373207,14280.54082527,11458.47542676,301415.23903926
2013-08-02,96.0745306838106,1104608731.113131564423823259398,21897.09935739,20204.96122171,303107.37717494
2013-08-03,95.5067095265926,1098486159.251123338118749970458,10258.06616018,14776.37927639,298589.06405873
2013-08-04,96.3654821741672,1108794709.916790882255097757976,4791.86865955,4884.22501713,298496.70770115
2013-08-05,97.5271338398598,1122621651.992542894900323481434,14449.9624412,14032.22794226,298914.44220009
2013-08-06,97.6712066043249,1124743992.239407168199621733567,13151.05661966,12553.15519162,299512.34362813
2013-08-07,97.0542068965517,1118090163.238417790433608316611,16001.79062315,14632.33280867,300881.80144261
2013-08-08,94.2572717708942,1086351798.390712379302795338386,21852.17304868,14472.50097269,308261.4735186
2013-08-09,92.4727767387493,1066235602.340477305568836294219,14386.73224699,16344.02359817,306304.18216742
2013-08-10,93.293552893045,1076189159.89151448448550322235,9089.41200876,15455.67428646,299937.91988972
2013-08-11,94.271312390415,1087977184.08141088161825060945,5960.0017093,7022.30997397,298875.61162505
2013-08-12,95.4464707773232,1102054997.744228323027898293456,11523.48076958,9826.40188903,300572.6905056
2013-08-13,97.7590750847458,1129204302.844392771315160182814,20022.60721181,16967.64004616,303627.65767125
2013-08-14,99.1212875511397,1145355378.329904522962003242651,22526.46409905,15904.94080349,310249.18096681
2013-08-15,98.1063331385155,1134044440.869215130806163538365,19497.61329397,10576.85598151,319169.93827927
2013-08-16,98.2909602571596,1136591430.502224018531851878068,16205.15600324,17056.85081749,318318.24346502
2013-08-17,99.6305043834015,1152554547.210089372211269339745,8935.75826727,11934.87702992,315319.12470237
2013-08-18,99.1780397428405,1147801318.618474664892127703115,11131.1523731,10562.63419807,315887.6428774
2013-08-19,102.784012273524,1189988562.07024251767159498892,24851.24301498,25477.75263803,315261.13325435
2013-08-20,104.500210987726,1210354339.88859681949233559858,26496.54689095,17294.28844525,324463.39170005
2013-08-21,110.801603740503,1283881982.26163576830653755049,23448.7847829,27822.88309601,320089.29338694
2013-08-22,109.523216832262,1269660463.93458772763722525946,18548.83507281,14510.19723849,324127.93122126
2013-08-23,107.697571595558,1249024180.05248778082903185114,14142.72586098,21352.25650215,316918.40058009
2013-08-24,108.882675043834,1263266573.06676185115486575622,7090.35941551,5717.67218947,318291.08780613
2013-08-25,113.082563413209,1312420941.73752118853290046247,11136.72168453,8160.51599363,321267.29349703
2013-08-26,112.11811484512,1301692972.2303731827251137696,23122.50994446,17866.3622914,326523.44115009
2013-08-27,117.759790765634,1367690448.25670085214229465022,23854.1192132,20189.15695672,330188.40340657
2013-08-28,118.317414377557,1374693335.09536141944494709931,17894.98243874,16257.10996664,331826.27587867
2013-08-29,118.835638223261,1381275915.59399375672528497763,12745.06580973,15675.65129073,328895.69039767
2013-08-30,124.885379602572,1452234606.62357548407549602676,21300.4906981,19001.87082733,331194.31026844
2013-08-31,128.377978959673,1493564144.47115145232086633159,17018.79200448,13359.25014274,334853.85213018
2013-09-01,130.536372004676,1519396350.38652403856597611708,11050.63217819,8120.99833119,337783.48597718
2013-09-02,129.565371712449,1508790670.61632814640027247167,15127.42211779,10222.2064095,342688.70168547
2013-09-03,129.182803623612,1504962196.15899034500529692996,19221.92084541,18893.40761526,343017.21491562
2013-09-04,122.529238749269,1427948371.61063493815367405227,22228.58886377,22582.12084353,342663.68293586
2013-09-05,122.370085037989,1426641209.97164280078364560987,30124.38670204,17621.45141512,355166.61822278
2013-09-06,117.861146405611,1374619240.90864551877621217813,25277.30170009,17257.4433308,363186.47659207
2013-09-07,119.814989479836,1397841319.77496742648303525988,14542.28346588,12975.59352462,364753.16653333
2013-09-08,118.057386323787,1377799328.15060365589290500021,9002.622834,6535.02021248,367220.76915485
2013-09-09,121.259272647575,1415782620.81703978493560581225,14144.88440142,10687.9405599,370677.71299637
2013-09-10,122.215530189363,1427531142.49007770477421556429,13530.31149001,19320.73914116,364887.28534522
2013-09-11,127.088227060199,1485081826.06841929059348635417,12397.05766017,20726.04427476,356558.29873063
2013-09-12,126.780723553478,1482163619.70655229700943004474,17737.04727833,14743.47220222,359551.87380674
2013-09-13,127.407745178258,1490143761.53141139687734939214,13572.74541565,14177.19919272,358947.42002967
2013-09-14,124.348477498539,1455040679.57789396832229001637,12696.80951116,7890.29955971,363753.92998112
2013-09-15,125.076417884278,1464124509.97486426378557560874,6404.30104006,8196.76896047,361961.46206071
2013-09-16,126.204665984804,1477817489.45347929126314303132,14804.76382506,15171.82752845,361594.39835732
2013-09-17,126.897250146113,1486495300.33423478026334261679,19192.53923962,16408.60986366,364378.32773328
2013-09-18,126.903819403857,1487095731.95707441250556252831,28196.74177493,16130.87932646,376444.19018175
2013-09-19,124.180957334892,1455778304.70653178888683617236,16360.18524033,13081.22472999,379723.15069209
2013-09-20,122.921635885447,1441629837.41852178543570273801,16176.83806503,16526.4006061,379373.58815102
2013-09-21,123.508256867329,1449093328.15273155936842580207,7881.31184721,8405.5476224,378849.35237583
2013-09-22,123.124935125658,1445220763.36238582053060713414,4998.11569067,5934.27456353,377913.19350297
2013-09-23,122.865699006429,1442822936.24539751981580135507,16297.36266391,14071.64560755,380138.91055933
2013-09-24,123.797357685564,1454419613.76916758954069502212,18381.83473192,15234.15576989,383286.58952136
2013-09-25,123.614078609001,1452902992.24114370827104018183,17799.37002051,20069.74193333,381016.21760854
2013-09-26,124.68567445938,1466003013.6950534336775204654,14788.12934151,12604.13322639,383200.21372366
2013-09-27,126.605347749854,1489137138.58371793812870857282,17475.84804573,23697.46357585,376978.59819354
2013-09-28,126.796551724138,1491947162.07972391813550315254,18021.86552822,16779.55274735,378220.91097441
2013-09-29,127.108627703098,1496159404.76748223039280624934,11587.96105077,11426.00236975,378382.86965543
2013-09-30,126.090261835184,1484686328.39555736622941902672,16521.83513332,21222.75641226,373681.94837649
2013-10-01,127.575424313267,1502770219.49612769222417784861,31637.75543035,25477.11079895,379842.59300789
2013-10-02,104.105092928112,1226799379.01973563291605796496,58242.49720853,40056.03071374,398029.05950268
2013-10-03,117.575495032145,1386122765.64610659921400677535,23856.13557998,24010.51176284,397874.68331982
2013-10-04,121.930347749854,1438011746.30374175832870857282,20568.59162997,17313.50854757,401129.76640222
2013-10-05,121.393402688486,1432343798.26872104103611498938,11014.60241918,11058.75143861,401085.61738279
2013-10-06,122.475261250731,1445675300.84780282145617974773,5900.19158763,7862.91040461,399122.89856581
2013-10-07,123.906872589129,1463057012.74864839131976179607,17055.71782937,14372.90592235,401805.71047283
2013-10-08,124.76652893045,1473712894.0913742189032672235,21074.68137697,22668.90104691,400211.49080289
2013-10-09,125.933520312683,1488057525.98220779647789383989,24480.66148512,21418.23869426,403273.91359375
2013-10-10,126.704650496785,1497777548.19532129124752296655,28889.70437597,28946.52803083,403217.08993889
2013-10-11,127.25529924021,1504875330.8975192498910876843,18215.96283636,18143.96249459,403289.09028066
2013-10-12,127.851263004091,1512606987.95748490249513799653,16387.77718125,16518.92165642,403157.94580549
2013-10-13,132.415658679135,1567339903.12626745775198016705,20120.91523331,17668.16403805,405610.69700075
2013-10-14,135.339194915254,1602790253.00881765930792985482,42446.51686248,38900.18831494,409157.02554829
2013-10-15,141.493908533022,1676598789.17385789761824885026,34535.45377738,26629.22099997,417063.2583257
2013-10-16,138.327921917008,1639810397.01140927059984300464,26414.23331047,25239.56887272,418237.92276345
2013-10-17,143.74713383986,1704652669.2151957551259415438,25033.75879352,24744.58175176,418527.09980521
2013-10-18,152.775572180012,1812451441.57633094330443674196,35734.98829775,24319.92152624,429942.16657672
2013-10-19,165.772717124489,1967567120.89519074378303110487,40554.17087818,29727.79644722,440768.54100768
2013-10-20,166.500151081239,1977029419.91401395134203945737,32915.65281971,25073.330888,448610.86293939
2013-10-21,179.910628579778,2137214991.97558135309947557374,47846.7523484,45240.17181563,451217.44347216
2013-10-22,190.402781414378,2263020795.41762689609745474796,55370.4929976,48307.6700913,458280.26637846
2013-10-23,204.600350964348,2432895570.48688290885215774988,32488.70308014,33806.65067195,456962.31878665
2013-10-24,194.41004376505,2312767940.3087979540406452405,33063.29148969,38579.81882403,451445.79145231
2013-10-25,185.64378762595,2209572235.7949987416376824695,32678.91734983,19368.16544502,464756.54335712
2013-10-26,179.808218001169,2140934160.05801278390065020589,16954.66592493,8534.68605117,473176.52323088
2013-10-27,194.546133255406,2317285644.51419011586875994486,12873.61905698,12448.09741755,473602.04487031
2013-10-28,196.274687317358,2338733568.20279266155924279798,13728.53789928,14082.72584768,473247.85692191
2013-10-29,204.428174167154,2436705089.23828864851348248874,16205.41029848,22010.92363696,467442.34358343
2013-10-30,197.900599420982,2359863678.14305973418945899742,32429.34467479,25508.93944766,474362.74881056
2013-10-31,203.283649912332,2425126130.04433044989247184092,17071.09725104,17612.50107468,473821.34498692
2013-11-01,203.037109849386,2423240758.05215268669343684866,17417.02733009,9793.16510801,481445.207209
2013-11-02,204.792881355932,2445230033.22100919240038075692,9967.51041839,7359.70661358,484053.01101381
2013-11-03,210.275382611748,2511700501.16346645043560554388,16211.34332998,14905.74271524,485358.61162855
2013-11-04,228.79103886616,2733981942.2375861294597453496,29689.68374052,38740.40184752,476307.89352155
2013-11-05,243.641668907072,2912502205.74077358547720372032,48984.0875928,43371.34672105,481920.6343933
2013-11-06,263.209583987142,3147490420.36026251155792134702,33641.92307697,32380.51443022,483182.04304005
2013-11-07,290.124226183518,3470383248.61469032238663014758,55673.48650277,42498.26271413,496357.26682869
2013-11-08,333.750656511981,3993348230.41008269145750909561,50001.06706486,42608.46204953,503749.87184402
2013-11-09,331.051148451198,3962273330.79850003163417042442,41329.55466341,35054.0773572,510025.34915023
2013-11-10,327.558653499708,3921872793.42145836000473835732,27937.39997154,23267.27326314,514695.47585863
2013-11-11,342.697692869667,4104735225.96433776127433157393,18415.95369267,24718.13213994,508393.29741136
2013-11-12,354.645488310929,4249624605.76289933670236925291,25929.68791908,30729.8402682,503593.14506224
2013-11-13,394.50449522443,4728901632.9589568331007740297,40778.17509384,47048.92317347,497322.39698261
2013-11-14,416.706303302747,4996939801.06287846063670558713,33199.23174749,26862.42719273,503659.20153737
2013-11-15,408.398797334892,4899015075.35195929241376157668,33393.89945209,23626.87699257,513426.22399689
2013-11-16,435.798442767387,5229805659.89880712352393769273,21446.5323606,24792.95630564,510079.80005185
2013-11-17,485.33657685564,5826545586.0047286126926719956,28077.05752163,21917.56943408,516239.2881394
2013-11-18,657.778503874927,7899304673.53680072590567958933,57565.96002181,57898.62964894,515906.61851227
2013-11-19,546.878397311514,6569699293.63660060677932715006,69843.08243522,58184.09962672,527565.60132077
2013-11-20,595.339099649328,7154302952.63927592833289437712,42365.97751091,51354.96060748,518576.6182242
2013-11-21,720.764425260082,8664265762.14941498123297356678,29484.83646408,29979.63367523,518081.82101305
2013-11-22,802.916933718294,9655268663.11690594547095108626,34833.54955208,38914.50689366,514000.86367147
2013-11-23,834.295339989129,10036147278.09140092250137523091,30983.3586759,25635.9624599,519348.25988747
2013-11-24,807.166695499708,9713193626.18535840221991835732,19690.64007013,20992.72060084,518046.17935676
2013-11-25,816.243386616014,9825949964.08760767080892720506,30087.3151829,22674.06890451,525459.42563515
2013-11-26,916.097160140269,11031632653.28196198801680117151,56467.03647144,40243.70343514,541682.75867145
2013-11-27,962.910560911748,11599523735.79912711286011030892,52997.14204539,48276.11300004,546403.7877168
2013-11-28,1007.38716364699,12139861320.2582466531676520121,89968.19633222,83848.80596713,552523.17808189
2013-11-29,1128.7254880187,13606971765.944044019962760473,59784.58499678,49733.38636558,562574.37671309
2013-11-30,1119.29671478667,13498231256.3659592896353168393,33347.28996885,37024.58423048,558897.08245146
2013-12-01,964.485793687902,11635980790.70606166889250956458,49404.6891962,34402.25362101,573899.51802665
2013-12-02,1040.80821770894,12560905292.9521003415705124026,37649.27938035,34013.27194503,577535.52546197
2013-12-03,1053.62102744828,12720803700.7081386302369032212,24255.60549756,23835.55255976,577955.57839977
2013-12-04,1134.93223088837,13707359422.5764580918309758823,32960.97811102,25870.90268113,585045.65382966
2013-12-05,1027.411772827,12413127183.57117942613583033,54399.1018306,48322.29016828,591122.46549198
2013-12-06,824.581710337814,9966834404.93324362693788722706,43695.62603295,41577.02532088,593241.06620405
2013-12-07,703.748376025716,8509735774.12651645297765081284,47118.07123712,39190.36800453,601168.76943664
2013-12-08,783.573348334307,9478800440.28237554532506660943,29844.88233499,21687.69918074,609325.95259089
2013-12-09,896.079289888954,10843715165.30987410292229656546,27322.36691924,23411.33229932,613236.98721081
2013-12-10,977.165367329047,11829651680.43089762668116021203,46482.72558603,22816.89931596,636902.81348088
2013-12-11,875.464034272355,10602057499.42278057012295218895,22502.63650984,22903.20701472,636502.242976
2013-12-12,873.324805987727,10579709783.98702624785569972523,25349.16111478,18878.73911607,642972.66497471
2013-12-13,879.156135300994,10654176526.36050112884359074506,23801.34601549,18086.69735073,648687.31363947
2013-12-14,852.856120526008,10339677758.52328958667879139992,13483.37963586,18146.50667027,644024.18660506
2013-12-15,864.0616578609,10479352569.428430333078933141,14547.11259151,13221.42617424,645349.87302233
2013-12-16,677.894106801286,8224916173.90927180989496133214,49350.43417267,41999.0424949,652701.2647001
2013-12-17,682.62677270602,8285802128.5343983107521470898,38881.09000106,29563.04371962,662019.31098154
2013-12-18,526.12097632671,6388734258.0198224078940915579,87094.52830598,69641.39201543,679472.44727209
2013-12-19,685.525128959673,8328266413.95021952309528630077,47972.48140937,47091.68226558,680353.24641588
2013-12-20,600.216954260666,7294550562.68097562411718308834,33317.09328247,20968.97654802,692701.36315033
2013-12-21,597.033502548217,7258264529.66744051652897329533,18941.99550082,29225.03586917,682418.32278198
2013-12-22,615.013035271771,7479444000.95669724012577101479,24469.0861794,30831.96782367,676055.44113771
2013-12-23,657.926634155465,8004147786.48379778523126118285,13753.47498182,24121.92592604,665686.99019349
2013-12-24,650.664745178258,7918550774.87009189948132425242,31176.44489465,39681.88775037,657181.54733777
2013-12-25,678.290158094681,8257497461.98645886506510911069,23061.1907529,30548.36741675,649694.37067392
2013-12-26,749.996594956166,9133825877.17653715311821738334,18655.89137698,15511.58502289,652838.67702801
2013-12-27,722.570567492694,8803142106.23431196614092157806,17444.63523875,18976.66626391,651306.64600285
2013-12-28,715.852363078901,8723978064.96845618463190991849,10995.69827184,11591.56179311,650710.78248158
2013-12-29,727.271215663355,8866192331.15180061317102077895,11439.86780344,9825.37051586,652325.27976916
2013-12-30,735.741997077732,8972642048.59774732187143361268,29937.54263379,24194.3532122,658068.46919075
2013-12-31,729.557582910579,8900576826.67378635730619728671,11654.54021445,11522.77797915,658200.23142605
2014-01-01,752.404549944594,9183165093.45594277745549130906,11483.73460368,9418.1117011,660265.85432863
2014-01-02,784.954921314436,9583074897.83793081536110732564,33519.0926079,14436.51273288,679348.43420365
2014-01-03,807.222939029807,9858181723.77641145697660090443,55224.23284138,17901.76591229,716670.90113274
2014-01-04,828.602062618352,10122194340.19791307541758185648,14298.52242489,12808.39557244,718161.02798519
2014-01-05,902.487380263004,11029131128.07805815554619569996,27470.87767395,43486.26174196,702145.64391718
2014-01-06,914.459960841613,11179698056.75288464873734503137,34143.96696861,25465.09566783,710824.51521796
2014-01-07,803.351796198714,9824903933.28806985966850866786,25333.13520324,17681.23826209,718476.41215911
2014-01-08,820.690009503214,10040908200.52208538404393437286,21960.31684953,30664.52806627,709772.20094237
2014-01-09,831.334750487434,10175445727.85333990160537518066,15405.09490987,11941.43671242,713235.85913982
2014-01-10,853.298854844603,10448273116.75446850038733792647,9839.85204615,16240.00437613,706835.70680984
2014-01-11,889.555837119345,10896894253.59579170595398664405,15100.1296872,15392.80170588,706543.03479116
2014-01-12,845.191332220924,10357811150.30875788971694452076,15315.07730159,9944.43714341,711913.67494934
2014-01-13,822.877012197545,10087826041.53968161269221236205,21369.2617926,26115.19505082,707167.74169112
2014-01-14,815.293602711864,9998161334.87516658626473466136,11751.01867062,18764.2852954,700154.47506634
2014-01-15,841.089857364115,10318376649.71195331763076147135,17256.02051859,12261.94869523,705148.5468897
2014-01-16,815.854800298071,10012569710.00930251782670300179,15643.22105449,17984.22547852,702807.54246567
2014-01-17,792.829506475745,9733004778.69654206972624608005,17134.15386386,22832.73875685,697108.95757268
2014-01-18,809.783528356386,9944659822.82473742783405403114,11146.59578173,5399.47052914,702856.08282527
2014-01-19,838.428474734073,10299980451.51209031546501655677,14075.67118414,10367.51096606,706564.24304335
2014-01-20,828.885216592636,10186783630.98159182599963104364,20394.87351789,26153.55087696,700805.56568428
2014-01-21,823.817963763881,10127927256.79561795009091141869,22982.81451557,15985.85952914,707802.52067071
2014-01-22,818.976386323787,10072336523.97254567014725381463,16931.45380866,12877.6062105,711856.36826887
2014-01-23,810.922425195792,9976871686.17823458945177488208,17316.88068119,16154.80844332,713018.44050674
2014-01-24,781.042513950906,9612946133.97755891188531098594,22703.22058075,10328.85611589,725392.8049716
2014-01-25,804.403240800701,9903784380.88353990075415620049,12465.19996569,20594.89573154,717263.10920575
2014-01-26,814.499381373466,10031182805.81948755985381796034,16414.91490902,9933.38612253,723744.63799224
2014-01-27,742.701374970777,9150166197.27003879992493026973,30904.73989079,38948.57223336,715700.80564967
2014-01-28,790.176401876096,9738106157.73701225532047115904,27204.57612177,27614.42085419,715290.96091725
2014-01-29,793.38442490941,9780656581.4724344654086409809,17338.39933962,11588.32683913,721041.03341774
2014-01-30,799.474479836353,9859251033.90534968781843863397,15743.64372159,33641.76300792,703142.91413141
2014-01-31,803.237598784921,9909353329.87275690817093915908,13108.63269137,8640.87967304,707610.66714974
2014-02-01,813.219549216833,10036340766.90624706726970226084,11158.44039377,16888.79685038,701880.31069313
2014-02-02,814.490870426651,10055818147.18954151743935279948,12439.12509044,8873.84743904,705445.58834453
2014-02-03,806.997428372531,9966954727.41484180771921398188,10245.07996421,19801.0626023,695889.60570644
2014-02-04,800.078231893629,9884938387.45753492147730889492,13397.99155943,38037.97106358,671249.62620229
2014-02-05,784.473692777791,9695439645.56509077087314232668,15542.69120895,13190.14795606,673602.16945518
2014-02-06,763.569382232612,9440554067.32231876352939733776,18449.67145169,18136.1778792,673915.66302767
2014-02-07,711.571273419053,8800421618.81080735739930386644,67228.24587015,46433.18381721,694710.72508061
2014-02-08,677.682300941379,8384380163.13750373569989856492,19699.13207179,17367.68711011,697042.17004229
2014-02-09,687.406054576271,8507055353.31867787673759095708,15828.46274534,19326.20389974,693544.42888789
2014-02-10,685.457498836938,8485614111.04349518836022539624,44685.43496285,37943.42233098,700286.44151976
2014-02-11,671.89969169024,8320530164.5784334985198909952,30376.18049647,30063.81175841,700598.81025782
2014-02-12,653.765780911747,8098876509.86240931705575051756,18063.88048757,9826.45404047,708836.23670492
2014-02-13,612.918414962011,7595585201.94531692421154929228,21662.53009692,16811.91233851,713686.85446333
2014-02-14,668.788602659264,8291149398.34771147376654409472,31714.25863217,24041.44662239,721359.66647311
2014-02-15,654.377060198714,8115544903.13134059162526668072,17023.05069558,24488.52769685,713894.18947184
2014-02-16,623.250321948568,7732551314.69025576582573888864,36453.78633475,23219.85084985,727128.12495674
2014-02-17,631.334596306254,7835297830.95029226913673407992,23381.86961733,29925.42867398,720584.56590009
2014-02-18,627.271761415484,7787431379.86464677437490962032,23994.97700683,16720.11728688,727859.42562004
2014-02-19,623.54013694623,7744221840.4642130984036663004,17291.78827605,19519.53847128,725631.67542481
2014-02-20,563.768561098773,7004367602.95746949330484217204,29944.47200224,23116.86452548,732459.28290157
2014-02-21,580.324315973115,7212264676.0992290084731331502,20914.67819314,24501.19212783,728872.76896688
2014-02-22,607.12463333723,7548070807.6252891958211209804,22141.6089797,21608.53589168,729405.8420549
2014-02-23,610.082323746347,7587404609.21005687927682332556,19914.44274244,19004.10835452,730316.17644282
2014-02-24,542.266650753945,6746591444.2924430961222722586,63246.80145304,36569.1308385,756993.84705736
2014-02-25,533.707644436002,6642253041.78535052812216919496,75043.16097171,68671.26062925,763365.74739982
2014-02-26,587.57858829924,7315406185.3323119003820763152,29068.52630275,30835.18872593,761599.08497664
2014-02-27,585.393925650058,7290958290.63104624418941153384,23942.7819581,26699.8377428,758842.02919194
2014-02-28,551.29477030976,6868755087.5517836769558690048,19934.3120927,22826.91846013,755949.42282451
2014-03-01,567.534235441262,7073130818.95825174213906553976,12574.12174527,14482.54670313,754040.99786665
2014-03-02,558.527707156633,6962838071.33260070832030196484,12120.13890943,10202.3618642,755958.77491188
2014-03-03,676.505732781999,8436104146.56185148303531540252,39675.46699741,40113.06857418,755521.17333511
2014-03-04,674.51139943308,8413747135.7263021192816254384,45837.04542721,40576.28441347,760781.93434885
2014-03-05,670.338851099514,8364313757.80014368391136466472,26669.05232779,23985.57960276,763465.40707388
2014-03-06,667.712834003507,8334434857.78874964753072888236,20344.49925898,33645.53031278,750164.37602008
2014-03-07,631.770295213326,7888419606.47551561419237337848,18883.59559799,19242.84526283,749805.12635524
2014-03-08,621.524114496201,7763093994.50467162184921553348,18908.319262,17695.6039061,751017.84171114
2014-03-09,640.578889322034,8003962626.41450079154702311432,10610.24529095,11227.27501074,750400.81199135
2014-03-10,628.151241165985,7851020395.6799329398077123178,22752.76390391,16146.56221838,757007.01367688
2014-03-11,633.73383823495,7923456808.115389345048549926,14585.85927778,18305.14155551,753287.73139915
2014-03-12,634.646823717125,7937759339.556508256952797845,26045.12809303,27450.90993712,751881.94955506
2014-03-13,643.432100859147,8050245905.56114176038527764336,18276.66503565,19679.22844454,750479.38614617
2014-03-14,628.308590005845,7863118514.1971577838345623336,15763.05894576,11269.06322705,754973.38186488
2014-03-15,636.218650061368,7964735259.47767623938423193984,12033.57327806,11621.73402829,755385.22111465
2014-03-16,634.168900970894,7941785799.80425740349354277472,9525.8852412,6150.60337459,758760.50298126
2014-03-17,622.760208649912,7801419760.84278940613404854656,18801.08292683,18217.86169177,759343.72421632
2014-03-18,614.309513717125,7697798742.52183414117504282,18700.61893134,23345.39914477,754698.94400289
2014-03-19,610.511203474576,7652644865.15656659959589317888,20571.82665318,17080.81753831,758189.95311776
2014-03-20,586.607595710111,7355613307.53391620966176801968,29155.05354622,17910.22456503,769434.78209895
2014-03-21,569.694517995324,7146185249.92396533173555013312,23689.73770339,21103.2810352,772021.23876714
2014-03-22,564.700026703682,7085934876.69849108392804640416,16682.14888212,13061.33465706,775642.0529922
2014-03-23,558.958861691408,7016884365.28696298315782622688,8087.42640005,10469.51146182,773259.96793043
2014-03-24,585.023250518995,7346833013.6880120784259163257,21233.38888833,21676.18311834,772817.17370042
2014-03-25,583.771189094097,7333400690.59808849173418831742,18826.12619016,19929.91665787,771713.38323271
2014-03-26,579.243850400994,7278830236.53115260810698524284,21483.71462144,20444.71694185,772752.3809123
2014-03-27,483.164012612507,6073572051.88077682625962697002,57974.05579957,41135.75969211,789590.67701976
2014-03-28,498.661328949153,6270548923.20102380034061537758,47139.00674517,33642.85616415,803086.82760078
2014-03-29,489.517023547633,6157703070.55405853407589503038,15194.40866066,15158.40414534,803122.8321161
2014-03-30,458.966328275862,5775007986.08765472324095216532,34500.26826602,22685.60973425,814937.49064787
2014-03-31,455.355354056108,5731621497.26975649025190926888,27564.11158689,33186.99611831,809314.60611645
2014-04-01,479.008465867913,6031394283.39025037597013903118,28901.71390537,21026.87707868,817189.44294314
2014-04-02,439.011492524839,5529937933.13961400500185143954,32097.87575933,29407.24555735,819880.07314512
2014-04-03,449.441151519579,5663605611.19207866470417659173,29324.0578639,23421.83045327,825782.30055575
2014-04-04,449.719869736996,5669310246.39292844231317477852,23374.98059879,27743.98688466,821413.29426988
2014-04-05,461.675331482174,5821998222.68564988145846623938,16242.23786802,24678.90350602,812976.62863188
2014-04-06,458.633480544535,5785370029.68989565842760381545,17416.59879879,17160.73297904,813232.49445163
2014-04-07,448.655275066394,5661194979.47645237902932495078,17158.29623768,14439.08843698,815951.70225233
2014-04-08,452.803098796026,5715049689.51299105333775219462,14576.33960168,15325.72417244,815202.31768157
2014-04-09,442.837984932203,5591057529.48797582962285322261,20103.63648786,16566.63674523,818739.3174242
2014-04-10,366.911866063413,4633872976.04613952357374579531,57278.5018211,47118.94946096,828898.86978434
2014-04-11,421.943528071303,5330671997.88465790628232243961,31148.08206772,42734.11014083,817312.84171123
2014-04-12,424.274212647575,5361824672.73024568688324354025,13293.87598888,13185.83494245,817420.88275766
2014-04-13,416.362321654004,5263783538.12888902808271739148,14700.42051385,9798.8813834,822322.42188811
2014-04-14,461.108246586649,5831700454.10334507245670108263,25791.7782541,22638.76985305,825475.43028916
2014-04-15,521.615299606078,6599314961.69170486942929224386,30789.55054084,31303.95196721,824961.02886279
2014-04-16,531.481846731999,6726256095.59371446501852823713,38104.87332644,34374.01497485,828691.88721438
2014-04-17,499.837551544721,6327888316.76062428408779794927,24499.32580598,31786.14798026,821405.0650401
2014-04-18,483.020013533606,6116912219.01113314790895704922,17837.08604022,14521.79332645,824720.35775387
2014-04-19,504.365595178488,6389235165.76175997735975106056,11113.98929113,11495.17144953,824339.17559547
2014-04-20,501.55718444916,6355890527.8313364197635850892,9255.5101029,9825.19473146,823769.49096691
2014-04-21,498.084530300994,6314013272.66697544863580825278,14055.07601225,15247.35320041,822577.21377875
2014-04-22,489.503510029223,6207119787.19333739313293367001,16971.71262957,22155.43076907,817393.49563925
2014-04-23,490.63296754332,6223465666.1902635039322813284,14816.31507396,19573.4888174,812636.32189581
2014-04-24,503.291801028638,6385937386.28243359504943099106,16332.02822564,15923.15558556,813045.19453589
2014-04-25,466.426171344243,5920295989.25817923858575977741,33161.97381223,23893.20505982,822313.9632883
2014-04-26,459.22670981882,5830785366.3924122455339120134,16673.06740775,14004.56045015,824982.4702459
2014-04-27,438.709363717287,5572218634.21409545857958094349,17056.75001466,14469.63060832,827569.58965224
2014-04-28,441.547805468089,5609948670.95525355985147715603,25836.9502699,22079.54518917,831326.99473297
2014-04-29,447.709930772047,5690153602.42155464801361420869,23487.73064105,26087.03181232,828727.6935617
2014-04-30,448.875715514009,5706507501.88084613764099371443,18738.36082245,13674.05636887,833791.99801528
2014-05-01,460.194698255991,5852429338.71574549435668418557,16652.25864078,15069.69241115,835374.56424491
2014-05-02,452.239779761701,5753084600.06129867043113980727,12074.04114976,22330.75733676,825117.84805791
2014-05-03,438.978588005844,5585943179.19811659629041208988,10022.26500411,9830.18215415,825309.93090787
2014-05-04,436.675398644705,5558283855.61587095391629241035,15774.81058305,14257.84336472,826826.8981262
2014-05-05,432.338179035394,5504428006.31725990446778346838,18834.00505717,10432.8236767,835228.07950667
2014-05-06,430.128205394506,5478377263.51990570630439780462,17123.12100594,12459.02926338,839892.17124923
2014-05-07,442.18287609585,5633670637.6264229290402716795,23335.79580697,28679.76175534,834548.20530086
2014-05-08,440.402762711864,5612829624.75115437060432167528,15014.81960026,18025.93621694,831537.08868418
2014-05-09,452.697999723553,5771453495.03258984010440840331,15602.75308383,10752.98089222,836386.86087579
2014-05-10,456.75584628872,5825231023.2842615479620845144,11403.86579844,12229.58580487,835561.14086936
2014-05-11,439.114476037405,5601910622.86825726284304753935,15769.95609596,14726.93983062,836604.1571347
2014-05-12,441.280955581531,5631358282.15996814109008490137,15531.01109921,14131.74178931,838003.4264446
2014-05-13,439.005774985389,5604101789.11307607795178832703,15795.53073987,16508.87464306,837290.08254141
2014-05-14,444.848205727645,5680351167.76637257138137142415,18088.34112184,22335.85156873,833042.57209452
2014-05-15,446.96155873758,5709247733.8682365441479363066,20066.41420358,14102.14028188,839006.84601622
2014-05-16,448.74215371128,5734022659.3189751845715566056,18440.63413554,17934.91847931,839512.56167245
2014-05-17,449.2222893045,5742100713.429111247830271215,7458.6938388,6206.35996786,840764.89554339
2014-05-18,446.962641437756,5715139122.43572135793904010612,11183.18561706,11580.34670968,840367.73445077
2014-05-19,447.404856808884,5722672660.04913762464795470428,17991.00167831,14945.15841018,843413.5777189
2014-05-20,490.335648158971,6273962196.28349955584777869857,34125.43819358,35100.34703926,842438.66887322
2014-05-21,493.933491817651,6322158427.65364428768635305417,20292.73962788,14615.03977154,848116.36872956
2014-05-22,526.81428842782,6745285259.7262083995348455994,32238.12084785,28972.0825124,851382.40706501
2014-05-23,523.699320280538,6707561732.68773036548836455452,35272.58949909,34143.11105644,852511.88550766
2014-05-24,527.691243132671,6760722050.70662675154076743034,11224.23507081,12416.4645913,851319.65598717
2014-05-25,573.312458796026,7347523620.56493000299460458204,33647.98805735,29142.40606087,855825.23798365
2014-05-26,584.847974868498,7497671961.12100192645666493292,24498.97122328,23345.19685339,856979.01235354
2014-05-27,573.928269245471,7359634167.59139632331582674234,35412.04421504,28578.54260604,863812.51396254
2014-05-28,579.189318819404,7429545074.22867904586366979016,25643.15869947,23537.5466304,865918.12603161
2014-05-29,570.349310929281,7318160444.58654023532919267974,18121.11950636,15885.42878532,868153.81675265
2014-05-30,620.846360607832,7968680869.47086879617485952528,28701.56091911,23305.23124092,873550.14643084
2014-05-31,627.892420689655,8061425892.5460915671235877537,23446.5986544,26864.67741843,870132.06766681
2014-06-01,630.074953535944,8092203714.58329446872161984176,34336.69983044,27801.95880825,876666.808689
2014-06-02,663.505723845704,8524764529.18789513236642039216,30009.8453206,31511.65918571,875164.99482389
2014-06-03,672.387897136178,8641875393.25130423679306452012,25482.67038801,20238.97821898,880408.68699292
2014-06-04,643.887368790181,8278485521.47602519259744276574,24612.97210595,25662.20235191,879359.45674696
2014-06-05,661.503558153127,8507491282.60269750422614724458,25436.48061227,22370.94630455,882424.99105468
2014-06-06,650.133315897136,8363519631.83595688417428026144,15389.07185354,18799.92808473,879014.13482349
2014-06-07,656.800271770894,8451830551.94698874149949531476,13405.43662465,11030.98111392,881388.59033422
2014-06-08,657.819974868498,8467188872.85200960638666493292,12414.96449835,10769.63519624,883033.91963633
2014-06-09,648.336322326125,8347647699.2630113287290626075,14316.78637769,13224.09989675,884126.60611727
2014-06-10,650.936609585038,8383845331.66390477983461498452,21123.75909479,18436.61744817,886813.74776389
2014-06-11,631.489022209235,8135671860.2003874689887365669,15596.62610509,17694.71227543,884715.66159355
2014-06-12,591.975077147867,7629146760.17111181200259712418,30530.51915033,21601.6139442,893644.56679968
2014-06-13,597.044999707773,7696918927.51733483173710284142,30762.38325228,32426.60290794,891980.34714402
2014-06-14,575.559461718293,7422495275.79268659521591008222,21778.04653532,22166.61352351,891591.78015583
2014-06-15,589.724646405611,7607972669.74233789002010613794,10342.08956752,13971.61047549,887962.25924786
2014-06-16,590.567482174167,7621621668.26979143289618072618,27257.06196527,19338.95368333,895880.3675298
2014-06-17,609.080002922268,7863338435.03761764052712152872,15616.0269824,17114.82779532,894381.56671688
2014-06-18,607.629796025716,7847016126.46262461321821393464,18530.70442189,15849.53723996,897062.73389881
2014-06-19,595.751476914085,7696105115.4005705619682779859,23492.33357349,19014.84764086,901540.21983144
2014-06-20,591.531522793688,7644341041.25479476790605185552,15015.44830476,17511.45692652,899044.21120968
2014-06-21,592.764349503215,7663029171.6394088810846717561,12412.50155086,17007.93204976,894448.78071078
2014-06-22,599.634633547633,7754543912.91824815528331487502,10187.37478023,9142.06604377,895494.08944724
2014-06-23,589.552299824664,7626752045.95177917642456932976,20827.33291644,24888.73976817,891432.68259551
2014-06-24,579.973718585622,7505564464.56643580243438892348,18371.81494271,12831.80289524,896972.69464298
2014-06-25,562.236779953244,7278655388.86824313282415435976,24425.7338148,17544.3734938,903854.05496398
2014-06-26,580.749230274693,7520798233.42241681996152736022,17477.30936462,17072.35990097,904259.00442763
2014-06-27,600.638305376973,7781323177.16131871590530155142,17886.4269283,13468.55640374,908676.87495219
2014-06-28,594.390304208065,7703084236.8974704060908446851,10957.34630108,13014.56390178,906619.65735149
2014-06-29,600.840518410286,7789034988.55801942877335340644,12242.45990185,13653.33122364,905208.7860297
2014-06-30,638.94611396844,8285127867.5940627510934910376,28450.07118587,17989.78553388,915669.07168169
2014-07-01,642.95659672706,8339269085.9497567081750155324,42763.03904441,31447.11988536,926984.99084074
2014-07-02,651.298347749854,8449693876.73304823171402054916,26242.61621255,28963.87571673,924263.73133656
2014-07-03,646.413389130333,8388564591.86804828126068788582,20533.87546529,17978.16176215,926819.4450397
2014-07-04,630.635502922268,8186430683.19487799130156320072,17825.86784878,15488.85090964,929156.46197884
2014-07-05,630.468341905318,8186656505.64963649440089414772,12874.49603601,8600.71947563,933430.23853922
2014-07-06,634.67267445938,8243503019.1466791156044492252,8691.02228883,11975.16507857,930146.09574948
2014-07-07,622.854978959673,8092343526.21506978587619760942,20093.12295621,16759.06746756,933480.15123813
2014-07-08,624.894331092928,8121182835.82232330143777347712,15471.66312707,15902.44577413,933049.36859107
2014-07-09,621.939091759205,8085357327.3226493373452317807,14063.51363585,11586.66201391,935526.22021301
2014-07-10,616.522849795441,8017241430.58402325746957894294,19538.1538624,14070.72266172,940993.65141369
2014-07-11,634.494378141438,8253417080.41789531534776266292,13720.54974055,19058.27200128,935655.92915296
2014-07-12,636.923957934541,8287520652.39622290886367643694,18627.86822108,12263.17041037,942020.62696367
2014-07-13,629.87575043834,8198330361.0318370677611424916,19108.29448476,15773.8315684,945355.08988003
2014-07-14,619.197459088252,8061433756.93548173415979224248,15378.06481711,16139.3760413,944593.77865584
2014-07-15,621.934601402689,8099541253.81925630220344519186,17075.8462132,13092.09700136,948577.52786768
2014-07-16,616.351882232612,8029055588.43942970451842954888,24144.6118668,21922.81760426,950799.32213022
2014-07-17,624.259274985389,8134747451.00415097900351715196,16195.79424909,13325.89146374,953669.22491557
2014-07-18,630.750140268849,8222042400.38129246080989198636,22504.86662666,13519.17270359,962654.91883864
2014-07-19,629.17336440678,8204272683.3855860686616233992,9423.43273149,24422.32485734,947656.02671279
2014-07-20,625.248676212741,8155518511.08536820976216916124,11146.05193365,9184.23922729,949617.83941915
2014-07-21,621.305331385155,8106490499.0371399039505619612,19711.79868894,15859.10518334,953470.53292475
2014-07-22,619.823264465225,8089353581.571575472456516834,20344.94412277,16966.2339008,956849.24314672
2014-07-23,619.772816773817,8090957356.26383506682238272968,18354.82407031,22076.26330506,953127.80391197
2014-07-24,602.87964552893,7872577118.4823920719658991202,26381.1703483,22665.40331161,956843.57094866
2014-07-25,601.578514319112,7858038002.48922004351938389088,21900.4701933,25341.32749737,953402.71364459
2014-07-26,594.702607247224,7770214649.36569718772135813136,14389.34066795,11073.78653707,956718.26777547
2014-07-27,591.575444184687,7731618804.77221583432016111618,12462.13524529,9885.88558041,959294.51744035
2014-07-28,587.493004967855,7680466301.7685314237182233997,22568.16939294,24314.34726318,957548.33957011
2014-07-29,584.11239333723,7638446404.9293165154883326122,16070.48760914,13138.50444662,960480.32273263
2014-07-30,562.914625073057,7363663408.72945929714642471968,23963.11758565,18625.07604997,965818.36426831
2014-07-31,581.975561952075,7615246130.0111672741923236105,19868.07017176,21658.77877749,964027.65566258
2014-08-01,596.506759205143,7807730529.54863818116296889684,21276.17066691,18682.53518135,966621.29114814
2014-08-02,589.757261542957,7721789009.47462299752565884245,15282.61403966,16209.34190459,965694.56328321
2014-08-03,586.753736703682,7684722365.6996647761303482837,8731.28722198,9658.88271493,964766.96779026
2014-08-04,587.60833547633,7697795405.1351682623799038905,22172.23955551,22361.03049411,964578.17685166
2014-08-05,581.881988603156,7624742882.8655615158510128146,25640.8405202,25461.009336,964758.00803586
2014-08-06,582.248371420222,7631931031.3280754121060717227,21598.50800016,17302.82413259,969053.69190343
2014-08-07,586.046633547633,7684061659.55654080951031943639,17119.03456596,20680.21303968,965492.51342971
2014-08-08,589.024412624196,7725432021.49132218846117909468,17928.44754008,15505.92177971,967915.03919008
2014-08-09,588.978521332554,7727509980.11286712950168475782,10669.40712091,9381.45846157,969202.98784942
2014-08-10,589.373502045587,7735300179.77645754697729527621,14854.65759693,11612.37669177,972445.26875458
2014-08-11,573.441483927528,7528807737.95570611596540206424,18751.57290537,23652.36727485,967544.4743851
2014-08-12,568.307520163647,7463875219.40400229896397508601,27183.59890739,26527.31781827,968200.75547422
2014-08-13,548.370175336061,7204015648.19099502554410334763,32291.66162016,29594.38476273,970898.03233165
2014-08-14,505.107499707773,6637940814.66862144680687593259,39482.97783638,41350.58065258,969030.42951545
2014-08-15,500.323060132671,6577129265.81493505496252070393,37157.40878025,28138.59766646,978049.24062924
2014-08-16,521.7479628872,6860836902.455109674792054776,18813.42777779,26821.28249025,970041.38591678
2014-08-17,497.764658971362,6547578796.12217337653138134446,33584.29592866,23991.61945101,979634.06239443
2014-08-18,468.957918176505,6170977283.784932845788844689,58200.68227619,53697.88153121,984136.86313941
2014-08-19,486.794350672122,6407948972.82227651804067308916,32685.00427479,29597.2529016,987224.6145126
2014-08-20,515.120353886616,6782996534.77681621205051731248,27559.06661387,33304.30687579,981479.37425068
2014-08-21,519.307852133255,6840278776.31034983157812584135,39905.33403003,38630.49370986,982754.21457085
2014-08-22,516.159368790181,6800833147.53085293022928459456,25230.0159171,26256.45128009,981727.77920786
2014-08-23,497.12575949737,6552062720.2540313083447779438,15222.06243659,10976.06434974,985973.77729471
2014-08-24,508.430741963764,6702916915.40868168740108501808,15761.72495609,12088.34777772,989647.15447308
2014-08-25,501.610286674459,6614717186.97127837915183163348,39730.10847638,17758.01099797,1011619.25195149
2014-08-26,511.852321741672,6751992304.03724795391362418784,30811.71372325,17246.96729691,1025183.99837783
2014-08-27,510.162323787259,6731854487.09982477546245657689,28738.35132641,27224.33005003,1026698.01965421
2014-08-28,506.285151665693,6682882888.32047033066379936303,24763.49385843,17167.32630281,1034294.18720983
2014-08-29,508.866571887785,6719119904.60448111801562021665,22325.48276165,15475.85415232,1041143.81581916
2014-08-30,501.275723261251,6621170462.05486795231915042311,22539.02139875,9960.06939191,1053722.767826
2014-08-31,478.511425482174,6322734056.40816738501621927918,19463.47173478,13765.97412486,1059420.26543592
2014-09-01,474.541489772063,6271891388.00687535601911413528,22079.69350833,20343.17309266,1061156.78585159
2014-09-02,474.430670660433,6272170253.35980210685741400949,27908.55386604,28270.566133,1060794.77358463
2014-09-03,473.95920338983,6267939738.1186911571734986133,19846.24624077,27491.4158265,1053149.6039989
2014-09-04,489.555201344243,6476124936.21523961383131125907,27105.39891707,21781.4733042,1058473.52961177
2014-09-05,478.749782875511,6334919955.78857625087612815017,20852.6456827,17454.8282576,1061871.34703687
2014-09-06,480.64249181765,6362115562.189335974578195119,16931.38291006,11635.78292796,1067166.94701897
2014-09-07,478.36550087668,6333829405.773938531118475306,14537.77779013,14632.89589046,1067071.82891864
2014-09-08,468.975495908825,6211188748.44089670036413847125,23288.72944524,20912.58005819,1069447.97830569
2014-09-09,473.51202717709,6272999635.0141105444955950905,36305.30082019,25410.41065413,1080342.86847175
2014-09-10,477.778417592051,6331395265.32558625938452548295,30266.3364734,28052.3790886,1082556.82585655
2014-09-11,477.270682057276,6326695286.5373551357132983342,23375.49601907,16593.01757415,1089339.30430147
2014-09-12,473.997282291058,6285128022.2074972361480824561,19162.56507831,19126.46128087,1089375.40809891
2014-09-13,477.960973991818,6339848712.5282252721987533981,14671.62877213,11821.78899373,1092225.24787731
2014-09-14,475.648063997662,6311048240.5012059094989906679,16073.73339997,17312.88403559,1090986.09724169
2014-09-15,472.655629748685,6273210670.64669798812471800825,23392.90285762,20622.58805001,1093756.4120493
2014-09-16,464.177754529515,6162674425.81530715404509918175,22893.50990324,21448.92939892,1095200.99255362
2014-09-17,456.339891291642,6060736703.11973878640470788288,25552.5226803,21969.82093895,1098783.69429497
2014-09-18,426.880106954997,5671386004.70187204026154500148,44363.58400671,35107.16245804,1108040.11584364
2014-09-19,393.893890707189,5234826089.46657407548022138676,53517.05144762,49228.82168975,1112328.34560151
2014-09-20,411.041342781999,5464523276.92777942517457514716,27213.50954579,23174.15036683,1116367.70478047
2014-09-21,400.404530683811,5324755541.16769165196095081144,29636.54211675,28542.0237766,1117462.22312062
2014-09-22,400.881622150789,5332783816.12654069880904997256,26510.56647339,23118.08811557,1120854.70147844
2014-09-23,438.491800993571,5834742821.79662537950961664184,42832.29782936,30171.06962505,1133515.92968275
2014-09-24,423.700091759205,5639571003.4872112914355830132,33469.66999043,36766.61200285,1130218.98767033
2014-09-25,409.537749853887,5452827141.00949245392115085848,26473.97592317,29815.87345374,1126877.09013976
2014-09-26,405.298251899474,5397737713.99357941646892869548,33323.2988152,25562.00185279,1134638.38710217
2014-09-27,400.599334599649,5336499824.10805032165935727398,18217.78242513,27001.35395726,1125854.81557004
2014-09-28,375.549989772063,5004030780.18789198020655428826,28737.42558399,25393.36491344,1129198.87624059
2014-09-29,373.0645578609,4972191289.913951323120509318,36762.69421162,34573.83463682,1131387.73581539
2014-09-30,389.264040411455,5189586357.846754204981292895,30773.80668802,29988.25897737,1132173.28352604
2014-10-01,382.909365867914,5106350946.469297120387333066,29716.10832624,27709.84626865,1134179.54558363
2014-10-02,372.525699006429,4969163059.62108028143043303671,30730.54884911,29444.47772897,1135465.61670377
2014-10-03,357.665713617767,4772249488.66454469232646824533,55793.13781818,46907.58128978,1144351.17323217
2014-10-04,328.826113091759,4388715462.87164492462263311823,53082.78436992,41010.9065997,1156423.05100239
2014-10-05,322.826261542957,4310001696.43420426017434124429,142475.34274566,70580.91455513,1228317.47919292
2014-10-06,326.803532729398,4364416991.04736388636049369812,59205.79547479,57518.76112362,1230004.51354409
2014-10-07,333.570194915254,4455902309.74205923152547461076,36749.98280963,38440.88722863,1228313.60912509
2014-10-08,354.407334307423,4735525159.66299888542992024162,49972.40042624,50967.33381079,1227318.67574054
2014-10-09,361.716424897721,4834526225.15361984675779643132,61055.23366505,53217.18620634,1235156.72319925
2014-10-10,358.890390810053,4798145525.03474960793653605117,45104.3443001,50295.10632329,1229965.96117606
2014-10-11,361.908376972531,4839797028.56546872608796843528,33818.17300185,23481.65834783,1240302.47583008
2014-10-12,377.871243717124,5054666406.09106143350413750112,19848.35771263,18687.95863714,1241462.87490557
2014-10-13,391.994208942139,5245103908.31811487155811903432,41238.57609785,45798.19320974,1236903.25779368
2014-10-14,400.880592054354,5365331639.21426824892585035998,42875.14062235,39620.1835896,1240158.21482643
2014-10-15,394.625879894798,5283109130.09472014363418373826,30731.78595409,27516.38005802,1243373.6207225
2014-10-16,382.321476329632,5119796796.85042799424875775584,31829.08543025,31138.86889485,1244063.8372579
2014-10-17,382.200789596727,5119537452.60555532491158508849,27233.47907777,26763.33429827,1244533.9820374
2014-10-18,391.293177089421,5242933282.98394296021534392427,21353.13196264,25006.30471638,1240880.80928366
2014-10-19,388.684497954413,5209271993.85584255624753192331,23318.26460702,17940.66867954,1246258.40521114
2014-10-20,381.190858562244,5110145458.52303033338784374428,29385.26473368,28426.08443074,1247217.58551408
2014-10-21,385.204633541204,5165426489.17209036478372471948,27885.49214126,22496.58795697,1252606.48969837
2014-10-22,380.778763296318,5107591090.97487285208800642066,57170.41651364,33541.29788231,1276235.6083297
2014-10-23,357.344793103448,4794607576.05294161733143846376,34539.20740349,32327.20338283,1278447.61235036
2014-10-24,357.48843395675,4797955867.1227403522237263725,33543.61913476,34616.22144248,1277375.01004264
2014-10-25,345.811246639392,4642572970.83683671608647092704,22280.04343189,22609.84049701,1277045.21297752
2014-10-26,353.081956165985,4741286825.45237187236736888695,19750.83877638,22580.96240747,1274215.08934643
2014-10-27,350.015711864407,4701503720.87209427901580021009,27990.23984669,30691.61481908,1271513.71437404
2014-10-28,354.653805084746,4765027372.77084375423859320956,31377.9165989,24386.76763744,1278504.8633355
2014-10-29,333.599350087668,4483438417.94399296857101761848,32179.06347462,33163.23912894,1277520.68768118
2014-10-30,344.609382232613,4632873323.37357020530831053118,36348.36937239,27096.65134427,1286772.4057093
2014-10-31,337.182912624196,4534617815.47420682257567973656,27216.7375185,27265.15860088,1286723.98462692
2014-11-01,324.371315020456,4363609911.35953591520654220016,23723.44228416,30095.47480044,1280351.95211064
2014-11-02,324.248566627703,4363215099.98679144348846042858,18123.56858242,17728.81835785,1280746.70233521
2014-11-03,325.361865575687,4379570738.46089650614124900682,30086.72781309,26557.25724547,1284276.17290283
2014-11-04,329.657703974284,4438730478.02699117226917959624,59824.40700456,45369.99561668,1298730.58429071
2014-11-05,338.805765341905,4563074937.6711649347720115783,35671.03132412,37682.26487567,1296719.35073916
2014-11-06,349.689911747516,4711010176.9661834606963860766,41618.01899107,36001.4891667,1302335.88056353
2014-11-07,342.133288135593,4610490609.59831152461199637805,40400.06126893,31831.674746,1310904.26708646
2014-11-08,345.716332554062,4660097059.2180017613854543687,23787.32681279,18523.67465023,1316167.91924902
2014-11-09,363.610051724138,4902659696.34222747515308865992,29638.47764871,20047.66514961,1325758.73174812
2014-11-10,365.502253945061,4929516028.00307733381099349924,47951.47117034,40851.7988375,1332858.40408096
2014-11-11,367.825466978375,4962035357.503763079535353835,30538.05878456,28115.20884787,1335281.25401765
2014-11-12,422.591419637639,5702391476.13188126578928956876,79247.95661869,82076.82272078,1332452.38791556
2014-11-13,421.914471654004,5694786271.53359287240480363536,82695.20380735,62085.55254523,1353062.03917768
2014-11-14,398.388882817066,5378783673.70637559487246982344,57884.5313604,47226.25273346,1363720.31780462
2014-11-15,377.993840736411,5104746259.07705498727613503324,41397.59322168,46769.8448133,1358348.066213
2014-11-16,390.205823495032,5271130401.47055124019654776128,36362.38917501,20243.82045777,1374466.63493024
2014-11-17,387.501031560491,5235987480.48558251760769627464,64410.15235465,64492.29516859,1374384.4921163
2014-11-18,373.864564582116,5053168329.24501185872340026464,56390.33975288,51077.959643,1379696.87222618
2014-11-19,377.613398012858,5105168798.27177252473665800432,44631.51259501,34234.76376872,1390093.62105247
2014-11-20,356.181265341905,4816644517.4672389282453197012,39391.09796865,42435.02192835,1387049.69709277
2014-11-21,350.748858854471,4744295631.84474487368370283384,35079.10452259,33790.52386951,1388338.27774585
2014-11-22,352.455514611338,4768737135.24156498225937254352,22487.51197245,21930.00832357,1388895.78139473
2014-11-23,367.773242255991,4977292194.70419570246970249464,23345.92317887,21110.41943339,1391131.28514021
2014-11-24,376.994223845704,5103470630.72985435077553354816,44110.62630403,37381.97610526,1397859.93533898
2014-11-25,376.755630040912,5101484016.79738667387159979648,44715.92983807,46170.4122245,1396405.45295255
2014-11-26,367.530208065459,4977825383.82961272200460261336,35696.68929385,31448.3232531,1400653.8189933
2014-11-27,369.530227352425,5006216218.674110593655208722,23959.611404,30872.90569496,1393740.52470234
2014-11-28,377.896931911163,5120962491.03596403225513616152,38145.36034751,33026.95412495,1398858.9309249
2014-11-29,376.07633547633,5097767297.3269185126360401766,35640.64212032,29019.46588765,1405480.10715757
2014-11-30,378.690397136178,5134716030.12210932757620701356,23997.64848024,20284.6268452,1409193.12879261
2014-12-01,379.111978959673,5141664430.92944075796258445846,30606.01274289,29724.2045461,1410074.9369894
2014-12-02,382.946796317943,5195109769.18394447347515397386,42775.79228881,32444.23224295,1420406.49703526
2014-12-03,375.916019286967,5100819421.63834445918500567434,38570.58174017,43367.01089185,1415610.06788358
2014-12-04,368.845568088837,5006226474.33424622959085156154,63637.55852276,32891.47636775,1446356.15003859
2014-12-05,378.428329631794,5137766194.52839325393068385348,48793.47372904,40698.09935654,1454451.52441109
2014-12-06,375.13795119813,5094378923.7791559100910857146,28044.82195014,27132.93525896,1455363.41110227
2014-12-07,376.639793103448,5115960374.40674757347385234472,24707.8612686,18616.74327161,1461454.52909926
2014-12-08,363.215676797195,4935098494.40549485371632465605,53818.46256205,48548.93346326,1466724.05819805
2014-12-09,351.106837814144,4771819224.89603364483932351616,38104.52208453,40780.95273944,1464047.62754314
2014-12-10,347.881393921683,4729226570.97274644535720520637,35803.26169889,38664.86200905,1461186.02723298
2014-12-11,348.593006136762,4740190281.13287644893275383718,42777.14207935,44960.29556531,1459002.87374702
2014-12-12,353.190612507306,4803953827.32569486112266420322,28703.45484976,32642.56826705,1455063.76032973
2014-12-13,349.242945061368,4751534010.86693313628089470616,28439.04741227,30251.13716845,1453251.67057355
2014-12-14,356.07972150789,4845805174.7983322115275804193,19895.79697701,18037.44541644,1455110.02213412
2014-12-15,347.095181472823,4724760193.27213199859840569451,32382.56284583,27925.74338419,1459566.84159576
2014-12-16,328.613320280538,4474354535.57197530591976549368,49469.33376567,44607.56817338,1464428.60718805
2014-12-17,320.297613383986,4362153947.2375749230436908951,57441.86768486,48642.2017821,1473228.27309081
2014-12-18,313.511651179427,4270746563.41847926612596454945,64225.70336969,64134.78871329,1473319.18774721
2014-12-19,318.242888661601,4336286833.33715771464721681035,42621.36337626,43815.95410006,1472124.59702341
2014-12-20,330.065758328463,4498487603.65140749907298571205,35498.35513517,38192.69440398,1469430.2577546
2014-12-21,320.992670075979,4375889171.86725669902633558286,25302.87002664,18112.78147752,1476620.34630372
2014-12-22,331.842584453536,4525159717.14710228689601366688,46859.62932756,51779.90430728,1471700.071324
2014-12-23,336.084128579778,4584259699.74186086752510582674,52570.47511409,112750.52644563,1411520.01999246
2014-12-24,323.032297779077,4407465522.81855840368148134541,31484.88323042,22082.87924239,1420922.02398049
2014-12-25,318.996144360023,4353656119.75983357118269955759,34072.14878912,24323.73868508,1430670.43408453
2014-12-26,329.210341905319,4494310382.82180258625557350527,29527.97597159,31842.8082129,1428355.60184322
2014-12-27,315.968443892461,4314735454.87933245067048476213,32695.25116731,31888.69191476,1429162.16109577
2014-12-28,317.010480420807,4330304447.53144971379523561631,18156.83659182,20225.47579116,1427093.52189643
2014-12-29,313.065531560491,4277700745.44164679127497271203,32554.40483466,31410.19813843,1428237.72859266
2014-12-30,310.442004091175,4243056052.43000282053151883775,27116.35478684,26307.95015019,1429046.13322931
2014-12-31,320.662287258913,4383963251.00396201137322869129,33261.97620367,30117.05069523,1432191.05873775
2015-01-01,314.77647194623,4304793251.4314022713550005559,16655.56982292,13800.81614303,1435045.81241764
2015-01-02,315.942731735827,4322045951.44780053924319149291,21262.64840605,26052.29978807,1430256.16103562
2015-01-03,285.647309760374,3908766304.13260637456026796788,50493.72810347,52115.73902057,1428634.15011852
2015-01-04,263.334574810053,3604573636.94296901265182532486,64566.61293099,70179.47079963,1423021.29224988
2015-01-05,275.003851548802,3765377426.61727865691977338524,51721.86587131,57975.42185661,1416767.73626458
2015-01-06,287.549521040327,3938289680.31583967935528823074,36423.21763871,45420.51905953,1407770.43484376
2015-01-07,297.535565166569,4076100312.44134535915207178878,44836.2304695,50932.56479495,1401674.10051831
2015-01-08,284.342391876096,3896404868.34872256145478372352,40095.35451577,42516.82080804,1399252.63422604
2015-01-09,292.501114552893,4009229351.46076845819012364566,62296.52208263,77947.22137333,1383601.93493534
2015-01-10,276.230532144944,3787228266.21538132076975188128,54664.42460211,63488.57648865,1374777.7830488
2015-01-11,268.755515488019,3685784301.82235249097294888778,59401.995144,56560.98693254,1377618.79126026
2015-01-12,268.617232028054,3684841437.01071101830923744948,71037.09622164,64124.55256111,1384531.33492079
2015-01-13,224.108117767388,3074985194.61397880892496981256,112070.6104502,104357.23792254,1392244.70744845
2015-01-14,175.637640561075,2410558958.4408315807708241665,152620.20715903,148392.19516009,1396472.71944739
2015-01-15,212.341011396844,2915100171.71992621052171356488,93960.60654651,91889.31263195,1398544.01336195
2015-01-16,207.595204850964,2850669282.95246081744593708728,72738.22267594,91228.92253668,1380053.31350121
2015-01-17,199.824836645237,2744657033.11100114672355687374,47777.56444994,49537.50469171,1378293.37325944
2015-01-18,211.132518410286,2900779183.52136845429594438772,49058.11809522,42236.10324643,1385115.38810823
2015-01-19,216.894694915254,2980727352.88856991282005110308,47392.11093361,45593.69265305,1386913.80638879
2015-01-20,211.919853886616,2912984570.73102743085379612432,54776.31337859,54327.55314602,1387362.56662136
2015-01-21,227.904210403273,3133549519.99978564925702093373,77959.19086714,89233.58084779,1376088.17664071
2015-01-22,233.647382817066,3213303339.61371814498204321266,64600.14951969,54414.99503203,1386273.33112837
2015-01-23,233.132852425482,3206949823.14297542339944428882,58289.56576225,69124.45317106,1375438.44371956
2015-01-24,249.08212390415,3427130852.4390850564517825915,41889.88462822,45212.99212954,1372115.33621824
2015-01-25,254.51794126242,3502717848.2999875003808541642,38935.4682107,45635.9491942,1365414.85523474
2015-01-26,273.952244886032,3771045735.62031715501193924432,104118.41560033,90228.96570585,1379304.30512922
2015-01-27,264.753804500292,3645412286.14364211592165900692,53295.25131154,59499.82546288,1373099.73097788
2015-01-28,235.735840444185,3246828576.08265784730239028685,58083.62427782,65004.69820655,1366178.65704915
2015-01-29,233.957373465809,3223292682.55665955024171099109,68434.05207882,62542.19838306,1372070.51074491
2015-01-30,228.896189947399,3154353108.95520274360520863699,53427.63662819,62903.42345829,1362594.72391481
2015-01-31,217.332156049094,2995894384.49039121243052936894,47409.14885982,53055.27251445,1356948.60026018
2015-02-01,227.111301285798,3131578635.58016540681969818398,32666.34846033,32657.80670513,1356957.14201538
2015-02-02,240.092419929866,3311526270.04594029375846794066,46985.41262526,41691.87467442,1362250.67996622
2015-02-03,227.775695791935,3142368394.76454325206846051435,55472.10391017,59994.68820184,1357728.09567455
2015-02-04,226.781134132087,3129548986.72942964597768873987,44687.59624126,40964.53459035,1361451.15732546
2015-02-05,217.011151081239,2995587161.00507979756263605539,46134.08486247,46698.35335863,1360886.8888293
2015-02-06,222.724969316189,3075445350.46808670799289523111,44446.74593262,45592.36455272,1359741.2702092
2015-02-07,228.647127410871,3158128949.86739527398131471829,38646.0314987,34224.54327328,1364162.75843462
2015-02-08,224.035988895383,3095178117.77465473498374201717,34654.00706051,31601.87026022,1367214.89523491
2015-02-09,220.768493863238,3050924501.14206636128415597362,45595.85513585,54233.75680044,1358576.99357032
2015-02-10,220.888154295734,3053373353.59537055267895560066,47200.83600887,50968.81258358,1354809.01699561
2015-02-11,219.495859731151,3034994445.06024632781501987549,53071.32298878,43846.84499178,1364033.49499261
2015-02-12,222.583227936879,3078346024.69552466573885855421,32599.65942304,34966.34793299,1361666.80648266
2015-02-13,236.555363822326,3272445345.41263525659550743874,72232.18901344,52309.29751748,1381589.69797862
2015-02-14,257.627695791935,3564985013.10813764386519467565,49217.02499928,45883.05306473,1384923.66991317
2015-02-15,234.445803039158,3245020574.02230342114820525442,46406.86830736,53707.11291382,1377623.42530671
2015-02-16,235.086126826417,3254806162.14295257296191736483,33570.57967186,39446.45987327,1371747.5451053
2015-02-17,243.905794272355,3377824460.27313048229131741145,37730.64500751,37043.38512557,1372434.80498724
2015-02-18,235.995232320281,3269257239.83835760991718979419,38276.37910571,44820.71010197,1365890.47399098
2015-02-19,241.872253945061,3351675770.86301193017927642279,31617.49802118,31338.03683159,1366169.93518057
2015-02-20,245.530775277615,3403342533.24673393430667796785,38064.07293266,33532.69480377,1370701.31330946
2015-02-21,245.596002630041,3405118526.01514275525623952179,23584.90611573,22831.04268176,1371455.17674343
2015-02-22,236.690668322618,3282542113.11283353442444264102,22847.20887142,22118.5192694,1372183.86634545
2015-02-23,239.066017825833,3316333307.76991794733751924487,42848.50902201,58689.48570857,1356342.88965889
2015-02-24,239.869262127411,3328249523.03959837344736408029,33658.17670185,33649.61633554,1356351.4500252
2015-02-25,238.236111046172,3306536107.91370366829488828708,40772.67143397,42197.19761493,1354926.92384424
2015-02-26,237.044402396259,3290885014.33040459495030845101,36192.42784245,31335.38945164,1359783.96223505
2015-02-27,255.116774400935,3542753013.79675907463622951465,70113.47046108,51879.15723718,1378018.27545895
2015-02-28,254.948448568089,3541320575.33499570499710216471,29145.67990617,25548.29425214,1381615.66111298
2015-03-01,260.651330800701,3621447826.42233872835552570159,27365.28375107,25120.14144475,1383860.8034193
2015-03-02,276.322613676213,3840273594.03553072596852650967,54697.73373134,49469.5786359,1389088.95851474
2015-03-03,282.705900935126,3930103866.72089566142106441234,56024.8526717,43892.03772765,1401221.77345879
2015-03-04,273.447536528346,3802353560.40422530722681977214,45735.38912168,52434.83576744,1394522.32681303
2015-03-05,276.268809175921,3842495720.10034290336453844139,48538.61846094,52071.51621833,1390989.42905564
2015-03-06,273.31811484512,3802467147.6712280899687211808,45184.80061584,42970.88955845,1393203.34011303
2015-03-07,276.403357393337,3846357193.50671516917330492483,31177.08154056,47172.17218905,1377208.24946454
2015-03-08,275.338033898305,3832606247.30938746425018883995,26321.14398943,48698.81188291,1354830.58157106
2015-03-09,290.130059029807,4039550376.79864385053244941553,54587.55941875,48472.52327569,1360945.61771412
2015-03-10,292.320383109293,4071157601.59048706454382887347,60724.09494701,47674.87247064,1373994.84019049
2015-03-11,296.693329339568,4133202066.97622372906303989072,42692.282532,35539.19983869,1381147.9228838
2015-03-12,295.800344827586,4121730744.30143397313487485694,46080.20081795,61499.29479444,1365728.82890731
2015-03-13,285.911026300409,3984974925.71165329103353063911,53187.80288851,57654.31591583,1361262.31587999
2015-03-14,283.608306253653,3953808857.43227197272231755787,31084.15984712,35665.97852298,1356680.49720413
2015-03-15,287.270142022209,4005885829.32096619046773622691,18779.42384244,17231.77324937,1358228.1477972
2015-03-16,291.392118059614,4064377990.96841902300673405786,35998.38034005,33715.92337618,1360510.60476107
2015-03-17,285.248396551724,3979597299.52901526600244532952,37360.76078059,36710.69929557,1361160.66624609
2015-03-18,257.286160140269,3590470758.14822152535083330362,71935.76371269,71820.82126953,1361275.60868925
2015-03-19,262.092947983635,3658447942.8702128987607175623,64008.6609378,60759.41859775,1364524.8510293
2015-03-20,262.966492109877,3671535473.04878052638999039946,44694.50843391,40286.89626829,1368932.46319492
2015-03-21,261.18429748685,3647638460.674515873468153113,33619.02335281,35287.51167502,1367263.97487271
2015-03-22,268.899415838691,3756340581.68576485073421167718,28357.91139337,23024.81094225,1372597.07532383
2015-03-23,266.777992986558,3727672828.32573686650650570684,46461.40278737,36420.74252281,1382637.73558839
2015-03-24,246.835082992402,3450079309.84566426352853927396,59257.85286219,61033.53286277,1380862.05558781
2015-03-25,246.719136762127,3449457911.18975601246630960446,55576.17968587,55747.70728371,1380690.52798997
2015-03-26,249.532993571011,3489722601.03251329242274455078,57805.63647843,54731.55817958,1383764.60628882
2015-03-27,247.378898305085,3460655091.7098736624957045833,47107.62786489,46492.17470623,1384380.05944748
2015-03-28,253.23161396844,3543467384.0456131848375674712,35153.27413516,29590.50989384,1389942.8236888
2015-03-29,242.967614260666,3400772692.24602656249330121268,35787.26420642,36180.7750416,1389549.31285362
2015-03-30,248.336934541204,3476807669.77845019615496781992,42953.62496253,42657.32351111,1389845.61430504
2015-03-31,244.712485680888,3426981735.46018594627773495024,42543.29728452,48424.64293565,1383964.26865391
2015-04-01,247.185819403857,3462434297.98855409326015129986,37548.8650889,43310.41063783,1378202.72310498
2015-04-02,253.630070426651,3553754159.74786747393453347798,43518.08572802,42459.06776587,1379261.74106713
2015-04-03,254.83316364699,3571541519.3779441531025804502,39938.55063965,38679.91354145,1380520.37816533
2015-04-04,253.945848626534,3560076951.56340441930835457032,22391.00773573,20905.05457512,1382006.33132594
2015-04-05,261.112136177674,3661507536.65676796122531325752,28749.3586351,20954.96907741,1389800.72088363
2015-04-06,256.367386908241,3595780709.64185781189002314668,35176.28359695,33727.71462394,1391249.28985664
2015-04-07,254.831898012858,3575212472.86314466538393412984,44422.73074716,44546.62633204,1391125.39427176
2015-04-08,245.825210403273,3449619643.61930478193671619404,57768.58257725,51939.76154624,1396954.21530277
2015-04-09,243.860636177674,3422861974.02297933560531325752,44470.94300892,47183.9667422,1394241.19156949
2015-04-10,235.871900642899,3311627278.68615363421693554052,41556.24079472,41239.51209147,1394557.92027274
2015-04-11,237.40906779661,3334039944.6794291250068184828,34927.68019587,38840.56524467,1390645.03522394
2015-04-12,237.141042372881,3331034797.11980038307431881388,27614.59332014,24591.17766744,1393668.45087664
2015-04-13,225.505635885447,3168475905.58217634015947511156,68571.32712914,58824.94961799,1403414.82838779
2015-04-14,219.757236703682,3088526389.95521561562677524936,66245.29450733,60437.83593435,1409222.28696077
2015-04-15,223.313907948568,3139193896.75313836848683508064,47861.34465649,61544.99345201,1395538.63816525
2015-04-16,228.493815312683,3212797788.71744226520598747084,53745.95505268,41493.10467015,1407791.48854778
2015-04-17,222.785060198714,3133230098.86486923567371669672,53648.76736833,49836.91482035,1411603.34109576
2015-04-18,223.398044126242,3142666455.43861626051326463816,40074.89629081,44936.92921168,1406741.30817489
2015-04-19,223.284135300994,3141873440.65192882592252007112,29033.18453648,27774.0674894,1408000.42522197
2015-04-20,224.894903565167,3165404711.95277856935751674716,46306.67234854,53163.28159498,1401143.81597553
2015-04-21,234.939356516657,3307679429.76062528658652595236,45978.61193374,51238.09689542,1395884.33101385
2015-04-22,233.822418760958,3292842739.33191651211428841784,42946.06288166,39505.32966096,1399325.06423455
2015-04-23,235.933293687902,3323336266.50585569770630989496,38281.80558026,36934.29798069,1400672.57183412
2015-04-24,231.458592343659,3261023526.38187585866939171532,45598.53877514,45457.38533368,1400813.72527558
2015-04-25,226.445992986558,3191323707.42048883106918230584,36704.39065523,32897.22051381,1404620.895417
2015-04-26,220.503406779661,3108368118.79857132531068184922,49641.86063971,45235.86468912,1409026.89136759
2015-04-27,227.325990356517,3205322554.43449155133533636234,60938.66938367,67765.13127722,1402200.42947404
2015-04-28,225.549368790181,3181134712.78032733682174797962,50316.17694462,54301.74435737,1398214.86206129
2015-04-29,225.66928842782,3183542552.1176937967184952764,41786.51320792,54447.27528882,1385554.09998039
2015-04-30,236.327976037405,3334697580.2529620478108856281,55148.54878534,52936.23675517,1387766.41201056
2015-05-01,232.746582700175,3285023618.0932470508657608035,43135.38961128,40768.25014998,1390133.55147186
2015-05-02,235.540077147867,3325317068.79807352319662178934,23145.47515368,24823.95624963,1388455.07037591
2015-05-03,240.464248977206,3395683374.16668611780117612012,42895.100801,29928.91579382,1401421.25538309
2015-05-04,238.976661309176,3375441331.39393727539576787952,54264.03135696,46247.59436572,1409437.69237433
2015-05-05,236.02338340152,3334636256.3268896804458299504,40210.17321005,40685.57296334,1408962.29262104
2015-05-06,229.481219300429,3243129510.31509413977890039258,47222.26883061,52714.61065327,1403469.95079838
2015-05-07,237.130687317358,3352071042.01653233592775911516,42498.11016511,43384.84788304,1402583.21308045
2015-05-08,244.383472822911,3455512600.43698074041425471422,55593.94580116,44601.79236315,1413575.36651846
2015-05-09,242.705950029223,3432575633.30140001424389439246,37942.81654077,33911.46815758,1417606.71490165
2015-05-10,240.731483927528,3405427237.13297175423179803856,27927.29224077,26146.21651268,1419387.79062974
2015-05-11,242.24983722969,3427862999.9825430832299088338,54524.95656336,42866.18308386,1431046.56410924
2015-05-12,242.209092051432,3428194735.12903278510027770064,43615.34836371,47394.72087981,1427267.19159314
2015-05-13,236.550265926359,3349058503.97086953451249439118,60667.9455164,54254.18596539,1433680.95114415
2015-05-14,236.948916715371,3355614821.19432633029190252342,47791.30577215,47046.70050421,1434425.55641209
2015-05-15,237.484502337814,3364072414.34002237377994530028,36566.70685117,38642.31054045,1432349.95272281
2015-05-16,235.812134424313,3341160767.43047961983002033426,28828.83395532,23513.24518878,1437665.54148935
2015-05-17,236.963682933957,3358489778.34150095814058275114,22326.66640064,21027.52610283,1438964.68178716
2015-05-18,232.88384961543,3301504622.3146555749104315886,47157.14043842,47782.58876106,1438339.23346452
2015-05-19,231.974446814728,3289366286.08985913880454698256,48254.6680398,49623.16301226,1436970.73849206
2015-05-20,234.190306253653,3321635813.12143645696311226106,48088.34636835,45830.0246724,1439229.06018801
2015-05-21,235.553821741672,3341887992.13349678035574414544,48432.88336241,49454.23731553,1438207.70623489
2015-05-22,240.323203682057,3410382068.50425797507226391314,59266.08242792,64858.1047633,1432615.68389951
2015-05-23,238.963281706604,3391752764.83705590793318971608,34069.49718382,37752.01987036,1428933.16121297
2015-05-24,240.711758328463,3417448566.33676850868174791726,32371.81747368,27909.66822054,1433395.31046611
2015-05-25,237.003543249562,3365637492.52599074977843154324,41560.83026576,36713.80987713,1438242.33085474
2015-05-26,236.796261250731,3363546390.97790687680238449062,48195.00362209,48553.62217084,1437883.71230599
2015-05-27,237.203596434833,3370150691.10778787896853256466,56039.0601059,51461.28452683,1442461.48788506
2015-05-28,236.956881940386,3367427368.81205391813725166372,44455.21358618,50838.30094112,1436078.40053012
2015-05-29,236.646526592636,3363927954.35910066490598170872,50513.02311532,58240.78083919,1428350.64280625
2015-05-30,232.788770017534,3309881465.93119399990322281468,40643.14375945,39476.5052923,1429517.2812734
2015-05-31,229.45054792519,3263266290.1144306084078487438,33401.19859057,35285.2571941,1427633.22266987
2015-06-01,223.282701928697,3176283463.58794593595444708594,63346.53194734,62170.11821327,1428809.63640394
2015-06-02,225.320800993571,3206121170.17712697253778748742,58371.2143123,60592.25237711,1426588.59833913
2015-06-03,225.213063413209,3205387663.46291029942501552818,53525.3592723,52147.34743901,1427966.61017242
2015-06-04,223.54007685564,3182364543.5724135517557105528,48239.95593536,51627.22798471,1424579.33812307
2015-06-05,224.731071887785,3200095126.8254942954973838657,51415.17676391,51713.39392781,1424281.12095917
2015-06-06,225.160513150205,3207212190.7237835400627764341,35287.84106177,37118.17527754,1422450.7867434
2015-06-07,223.411685856225,3183133902.5672564398238834745,35087.3454424,30031.71694111,1427506.41524469
2015-06-08,228.774291350088,3260437385.48089893806758544976,64647.32397057,57606.44625406,1434547.2929612
2015-06-09,229.370529514904,3269800705.30098148237717593304,53459.5844612,50656.31447329,1437350.56294911
2015-06-10,228.588487434249,3259618059.678700467108606654,49566.84395017,46125.39077503,1440792.01612425
2015-06-11,229.584411747516,3274594553.39029017137783969844,47905.81449443,43969.13601246,1444728.69460622
2015-06-12,229.811218510228,3278645359.77158960549539927624,50915.31432994,52391.42254653,1443252.58638963
2015-06-13,233.015344535359,3325283867.74535117017640208663,40816.58693099,42415.41118573,1441653.76213489
2015-06-14,232.507108708358,3318891280.93717642521341634806,42872.99296093,36075.94113955,1448450.81395627
2015-06-15,236.7909628872,3380893025.566775384103191304,65558.30805093,52158.91074193,1461850.21126527
2015-06-16,251.432676797195,3590688627.31847490462695826115,96697.5869176,99844.62682023,1458703.17136264
2015-06-17,247.969317650497,3542208169.25578504958082692209,89593.7651713,76016.5982333,1472280.33830064
2015-06-18,249.012479544126,3558080744.5076451015992174397,64417.68348873,72349.63059921,1464348.39119016
2015-06-19,244.803484219755,3498839053.21116902704803521475,109466.22191303,92300.03606216,1481514.57704103
2015-06-20,245.582513150205,3510795978.6962178801054791652,41218.32481052,31711.89822783,1491021.00362372
2015-06-21,244.300260081824,3493222489.16851371088343625216,31154.61574454,29640.85790788,1492534.76146038
2015-06-22,247.017892460549,3533026458.36483733597784838996,46892.97433829,50896.83469972,1488530.90109895
2015-06-23,244.184763296318,3493359666.62724618419938468646,46338.01656303,49227.44803705,1485641.46962493
2015-06-24,240.451545295149,3440889209.15589656431055475906,53520.80390392,54364.39661585,1484797.876913
2015-06-25,242.347857685564,3468946578.95664181281084983596,48895.88350304,45684.58447341,1488009.17594263
2015-06-26,242.967997369959,3478758632.3324728543650614454,59660.71648546,56333.06237073,1491336.83005736
2015-06-27,251.529326709527,3602148913.99068651323384443566,44382.80471302,34144.84666625,1501574.78810413
2015-06-28,249.058285797779,3567639092.83631538709009087066,36978.23307539,35816.61748867,1502736.40369085
2015-06-29,256.65022238457,3677288176.3647783779455142307,74408.20176009,76702.96418589,1500441.64126505
2015-06-30,263.854356864991,3781465593.62971569209740787559,79172.64279438,77874.51016072,1501739.77389871
2015-07-01,258.042647574518,3699045163.58175471451887823756,66466.58082733,63443.72930606,1504762.62541998
2015-07-02,254.747113383986,3652784408.57415032420326667326,60021.45851584,58251.33288082,1506532.751055
2015-07-03,256.087042833431,3673028226.0687382026436086289,49165.67110432,54829.42502397,1500868.99713535
2015-07-04,260.50923962595,3737445242.3015164879244798745,35766.29085197,33000.81249831,1503634.47548901
2015-07-05,271.302458211572,3893255324.65875151047120504096,72581.081567,58472.96845425,1517742.58860176
2015-07-06,269.137940093513,3863411819.86391743896251708567,96549.0450114,89382.38359235,1524909.25002081
2015-07-07,266.469919053185,3826005679.6659252691540756501,72137.98794814,68233.1991668,1528814.03880215
2015-07-08,270.576142898889,3886052381.87588817960771757794,54352.35093017,81938.5697313,1501227.82000102
2015-07-09,269.680304792519,3874082916.79719982475237457698,87623.62257559,86455.79237947,1502395.65019714
2015-07-10,285.558780829924,4103284006.15495924694900549208,127377.54208301,110062.39769366,1519710.79458649
2015-07-11,293.917453828171,4224479904.06061602395347717572,69114.83866436,65868.72309369,1522956.91015716
2015-07-12,311.481879894798,4477984910.62934877704613975336,60936.59285366,57158.29926435,1526735.20374647
2015-07-13,292.649223845704,4208322109.05375673541756071816,67760.70391414,65364.26621463,1529131.64144598
2015-07-14,287.740951490357,4138776579.40983409684708185483,62949.90518001,59351.75302338,1532729.79360261
2015-07-15,285.922885447107,4113719736.50519121752987553198,60273.82623952,46541.60953722,1546462.01030491
2015-07-16,278.532749269433,4008327127.83110072482775392362,71880.61459887,66460.22819465,1551882.39670913
2015-07-17,280.064724722385,4031402817.2637781267065391689,48818.36921073,50948.7857536,1549751.98016626
2015-07-18,277.354635300994,3993425473.33277259761933299316,45762.28921818,45921.44504591,1549592.82433853
2015-07-19,275.281989479836,3964629041.59212380240988949076,37491.9856692,32636.34965383,1554448.4603539
2015-07-20,279.114393045003,4020912112.08260368422371652243,40462.83326165,41950.0055312,1552961.28808435
2015-07-21,276.652412624196,3986323280.29413552348150219252,48213.5231693,54485.59837859,1546689.21287506
2015-07-22,277.764369082408,4003415009.13587572809660693672,41969.40386597,44626.68553261,1544031.93120842
2015-07-23,276.811628579778,3990652010.72117928396970960668,51967.49443187,47674.84148807,1548324.58415222
2015-07-24,289.305976329632,4171998964.94544954763428572256,68279.52475626,60685.70970526,1555918.39920322
2015-07-25,289.507639976622,4176021703.29140784870935916804,40664.17109718,38505.20319456,1558077.36710584
2015-07-26,293.314842781999,4231994880.17141002429873616038,28306.16174279,30629.24993607,1555754.27891256
2015-07-27,294.426761835184,4249134571.16574783458538636144,50850.02957907,41523.44101884,1565080.86747279
2015-07-28,295.410125268849,4264330758.26689856150824269909,71747.1215548,66346.80644652,1570481.18258107
2015-07-29,289.85583635301,4185254440.4912512913451983241,49205.02720861,55630.17537285,1564056.03441683
2015-07-30,288.236260666277,4162834833.18975101051333277397,53417.35531717,49679.75652381,1567793.63321019
2015-07-31,284.597324371712,4111354069.84092087378753906432,53614.38873154,54406.71853323,1567001.3034085
2015-08-01,281.66884628872,4070140113.2944411616857853192,44458.42805728,38503.94316231,1572955.78830347
2015-08-02,282.423006428989,4082103941.8226393115704226602,31886.965653,35959.23985427,1568883.5141022
2015-08-03,282.185052308591,4079772161.4761287835126105838,48111.95367652,49393.69898597,1567601.76879275
2015-08-04,285.286617475161,4125583913.09880258097441843074,65135.2982403,70621.57076414,1562115.49626891
2015-08-05,282.338886908241,4083894998.74178243507307008628,82888.29944928,89224.78147261,1555779.01424558
2015-08-06,278.99574868498,4036535536.3477017906312668584,68627.83746016,85185.95304637,1539220.89865937
2015-08-07,279.488715078901,4044625067.23578987676597075908,67992.8030083,62939.16506774,1544274.53659993
2015-08-08,261.450275569842,3784633860.88136028786778436136,87960.61378938,92563.11330401,1539672.0370853
2015-08-09,266.342020455874,3856390022.63394133230243899302,40596.90720442,42135.93818306,1538133.00610666
2015-08-10,264.928825248393,3837034320.21337867862162244939,61480.8606189,59374.66289592,1540239.20382964
2015-08-11,271.421736119229,3932172125.44445120534436481947,62875.10658499,75002.06240283,1528112.2480118
2015-08-12,268.143868497954,3885529278.64012104175408844622,73141.52179956,80179.6348188,1521074.13499256
2015-08-13,264.691627995324,3836477451.00650908318706834532,58661.33921029,84996.37339743,1494739.10080542
2015-08-14,266.355941554646,3861545807.94198955158631357178,100373.3942063,67088.05524052,1528024.4397712
2015-08-15,261.936836645237,3798376129.58827561030814510254,47751.02635382,72664.79940334,1503110.66672168
2015-08-16,258.930817389831,3755678810.57012647862492736462,78267.68273238,75022.7059912,1506355.64346286
2015-08-17,258.009398305085,3743262212.3181900415370589817,147473.61689227,147546.24515437,1506283.01520076
2015-08-18,217.885883116937,3161908681.47874565870482267474,134941.90633494,96281.46345063,1544943.45808507
2015-08-19,227.218251899474,3298223973.13662119482167546148,97974.38552789,104272.30319129,1538645.54042167
2015-08-20,235.523883109293,3419668945.81156537678214432286,93436.47575647,91900.72232852,1540181.29384962
2015-08-21,232.80061783986,3381089030.1706782174728711292,60425.3118465,63878.56361017,1536728.04208595
2015-08-22,230.639173290473,3350608229.04548955952161298787,55958.29325124,60862.73854856,1531823.59678863
2015-08-23,228.673073933372,3322811795.55880615504383701268,42558.85236474,38355.50247811,1536026.94667526
2015-08-24,211.955917592051,3080718804.64192416542667431569,124231.6400823,139528.7364199,1520729.85033766
2015-08-25,222.655039450614,3236978949.76154960174897943426,107357.42466266,122323.90560239,1505763.36939793
2015-08-26,226.116700175336,3288215003.81253957915213596336,85298.07963324,83043.97209957,1508017.4769316
2015-08-27,224.939877264757,3271871929.03352029994755302125,73992.00296831,78237.11479693,1503772.36510298
2015-08-28,232.17080829924,3377949385.75465715932316505,88842.83482451,111986.20327383,1480628.99665366
2015-08-29,229.826200175336,3344756014.50450451859613657,39838.63974386,43523.52845316,1476944.10794436
2015-08-30,229.019572472238,3333875650.3789446800089307475,28232.64811057,28149.47977401,1477027.27628092
2015-08-31,230.689466101695,3359090020.86934117880650445145,56506.70500281,63138.82947701,1470395.15180672
2015-09-01,227.955570426651,3320159149.47153129677281380861,61458.32659947,73747.67151103,1458105.80689516
2015-09-02,229.502180709527,3343603441.55861678086678547697,56375.49942267,81726.43259023,1432754.8737276
2015-09-03,227.107121566335,3309538909.86580082400526651815,78445.71854484,53912.27400402,1457288.31826842
2015-09-04,231.177563413209,3369757378.78090294685617648383,65168.97685395,64097.47928354,1458359.81583883
2015-09-05,235.903006136762,3439504689.65561376527757683894,51198.32164103,45161.73157169,1464396.40590817
2015-09-06,240.805472238457,3511850352.62293440988956444793,55653.26482708,47640.50841908,1472409.16231617
2015-09-07,240.6336157218,3510258445.208254700709450198,47225.28510537,53015.05136809,1466619.39605345
2015-09-08,244.174952659264,3562748121.60400400670427130304,70178.11197032,79009.34946577,1457788.158558
2015-09-09,238.722463179427,3484080201.86577914044643983471,77201.44466698,82070.66741591,1452918.93580907
2015-09-10,238.750477206312,3485509618.43249843178030117576,89646.27711051,79604.69186516,1462960.52105442
2015-09-11,240.845008116891,3517038528.37458459074726837943,64096.54153533,56420.57514905,1470636.4874407
2015-09-12,236.351832176505,3452222524.85823767189689954365,36764.81635738,35408.23383503,1471993.06996305
2015-09-13,230.548837317358,3368332625.24841927769184025976,48006.25600947,50877.8798534,1469121.44611912
2015-09-14,230.948793980129,3375053610.95087660464295212259,68988.18425454,88928.51872258,1449181.11165108
2015-09-15,230.398590005845,3367934600.81947097850569810495,75653.37144239,61180.87468349,1463653.60840998
2015-09-16,229.043285797779,3348936055.73588130658599513075,95749.41825737,103389.52129339,1456013.50537396
2015-09-17,233.202697837522,3410592059.07554857636132385838,71819.54315656,75417.32510085,1452415.72342967
2015-09-18,233.175130917592,3411045811.16996966951509507368,65411.52900897,68578.31510557,1449248.93733307
2015-09-19,232.241568088837,3398114768.43510771341494121723,40130.37003915,43797.10249035,1445582.20488187
2015-09-20,231.362323787259,3385990191.23826958033591071402,36955.78556451,35883.37447366,1446654.61597272
2015-09-21,226.773447983635,3319580294.9371642315879552332,82156.0064714,86399.7724963,1442410.84994782
2015-09-22,230.626304792519,3376884819.9776178134635449792,80334.20545349,91755.15652775,1430989.89887356
2015-09-23,230.132437755698,3370562525.3209151504911694464,51398.47345813,47916.52337392,1434471.84895777
2015-09-24,234.319868497954,3432712535.04903963504703070068,52503.44200118,52511.07496451,1434464.21599444
2015-09-25,235.538221800117,3451526735.24616167950611472914,68455.08555085,74829.76193459,1428089.5396107
2015-09-26,234.591814436002,3438520409.01676460893244206256,47405.0657085,46827.21996696,1428667.38535224
2015-09-27,233.243309760374,3419623585.43584094308347753872,29364.13539896,27649.80092768,1430381.71982352
2015-09-28,240.017265341905,3519795870.9933241445398285884,79856.17643468,65066.41550312,1445171.48075508
2015-09-29,237.336233781414,3481511596.10790725685981844164,86136.31337225,84220.90740435,1447086.88672298
2015-09-30,236.739848042081,3473639084.69791692741098561206,66334.1857559,78441.80880874,1434979.26367014
2015-10-01,238.229813851549,3496388477.71376738133094606174,91437.7142999,102190.36550257,1424226.61246747
2015-10-02,237.937007305669,3492911974.53007205032512505294,84179.52463339,76418.16874321,1431987.96835765
2015-10-03,239.735897720631,3520188703.53151874169523851456,56461.65389381,46270.57974884,1442179.04250262
2015-10-04,239.516924897721,3517889543.98275299834785375296,42450.20877216,47844.88663429,1436784.36464049
2015-10-05,240.961213833431,3540024122.16735544052629390825,62465.94022619,59749.44621102,1439500.85865566
2015-10-06,246.940498246639,3628743989.80812803661718923284,71948.38531803,79657.21841372,1431792.02555997
2015-10-07,243.734486849795,3582442674.9193516850018224602,62648.71270072,68943.14799673,1425497.59026396
2015-10-08,243.029632963179,3572933240.23144868451684752322,94316.83915264,97291.00904598,1422523.42037062
2015-10-09,244.448887492694,3594568617.94021347134301737092,57910.76469949,61835.83295332,1418598.35211679
2015-10-10,245.955924313267,3617713095.82115149400463221106,46412.70294357,48759.89853789,1416251.15652247
2015-10-11,248.528165400351,3656454767.73000445021001547165,42618.07583502,45890.09526127,1412979.13709622
2015-10-12,246.093637346581,3621510561.56867485915737327615,75058.58302073,75583.50438203,1412454.21573492
2015-10-13,250.471300701344,3686790059.11685411783964168256,92948.64392961,88778.57221643,1416624.2874481
2015-10-14,253.142325540619,3727067912.7825746620573672313,98571.1658758,83110.57740313,1432084.87592077
2015-10-15,254.693015002922,3750956017.1938377590536511694,86414.28677443,90006.25575693,1428492.90693827
2015-10-16,262.737363237873,3870373892.99148758935931624091,111888.19694181,108105.13752246,1432275.96635762
2015-10-17,271.930938924605,4006728659.13005112555131039535,120335.75886983,112409.07508353,1440202.65014392
2015-10-18,263.481677381648,3883189309.16876261972137355536,61543.73697957,65108.20142426,1436638.18569923
2015-10-19,264.362728229106,3897264719.67513809020979289606,90613.42338085,95073.63252022,1432177.97655986
2015-10-20,270.832211864407,3993505229.49491038513999598901,91953.23809716,90877.56027266,1433253.65438436
2015-10-21,268.040217708942,3953301351.76740912591015471486,79449.52757788,96191.03688866,1416512.14507358
2015-10-22,275.414956458212,4063089753.56784927747503582124,95942.19445425,88524.21996279,1423930.11956504
2015-10-23,278.612778026885,4111303804.2497933975494616224,83123.49969449,77462.76692713,1429590.8523324
2015-10-24,283.61114289889,4186089446.8226742022755301913,74423.70672246,64409.27015346,1439605.2889014
2015-10-25,286.04969345412,4223190800.8072594448176141224,96719.67203918,83749.67840151,1452575.28253907
2015-10-26,286.703382817066,4234017247.31485890276596491088,95220.91689255,81355.30791527,1466440.89151635
2015-10-27,295.562913793104,4365940428.66887260869873000912,108252.55734003,91953.58835181,1482739.86050457
2015-10-28,304.442097019287,4498158206.71429072354386307431,127563.41573548,138596.24086086,1471707.03537919
2015-10-29,314.879462302747,4653559847.77460504335099523471,148569.69429528,131657.89456494,1488618.83510953
2015-10-30,328.492321157218,4856146703.1140938470385316944,164859.20196596,166660.9548341,1486817.08224139
2015-10-31,314.119508182349,4644825841.44993940047273079222,116641.1155108,144447.00827185,1459011.18948034
2015-11-01,329.854227644652,4878753858.82889236007667681552,115421.33443433,113547.35422933,1460885.16968534
2015-11-02,364.616627995324,5394306532.21225678152399933356,174827.63692515,158473.56288719,1477239.2437233
2015-11-03,400.923105201637,5932994875.23846606302220037679,204983.36026291,192936.22905157,1489286.37493464
2015-11-04,405.481681472823,6002025460.71014016770948785557,207506.62166523,173427.69525706,1523365.30134281
2015-11-05,384.341222969024,5690502775.90062392128986713472,200967.10613676,195611.76262403,1528720.64485554
2015-11-06,372.975417884278,5523574280.0133322613212984705,131006.85679826,113523.0657056,1546204.4359482
2015-11-07,386.504550847458,5725402504.34912150175745727886,111514.21302268,94079.60925926,1563639.03971162
2015-11-08,372.400129748685,5517763769.28316757897611907625,91192.86509649,83457.48064819,1571374.42415992
2015-11-09,380.495644360023,5639130421.82266900690359169371,135070.54943337,119912.95262912,1586532.02096417
2015-11-10,337.830502337814,5008045357.34487340238898637794,136469.30581138,173109.37503486,1549891.95174069
2015-11-11,308.922185856225,4580802011.52122092593496896375,170959.03424293,202263.81684445,1518587.16913917
2015-11-12,337.522988603156,5006262858.4196890898953913716,148125.59185238,130222.09055819,1536490.67043336
2015-11-13,337.278958211572,5003992427.35648083751855367332,121697.3280517,101850.31302183,1556337.68546323
2015-11-14,333.047117475161,4942389627.19110590869211263287,101307.27151618,103083.98130315,1554560.97567626
2015-11-15,319.928021624781,4748983122.6824917053767623407,111920.22867096,95744.00071494,1570737.20363228
2015-11-16,331.132725014611,4916736893.13387132016674615783,115176.16517429,145008.71392446,1540904.65488211
2015-11-17,335.849786090006,4988027970.29710578791994271274,108335.40112247,141493.43519186,1507746.62081272
2015-11-18,335.744504967855,4987748561.8904471481810386619,98981.99559495,90604.4085226,1516124.20788507
2015-11-19,326.232145528931,4847544173.71876917315228712871,106251.87117911,93767.52635321,1528608.55271097
2015-11-20,321.940475452951,4785117550.71364225998392023328,94314.20927074,91208.84596091,1531713.9160208
2015-11-21,325.905231151373,4845464834.22247890703804804975,78936.64873974,69608.75589766,1541041.80886288
2015-11-22,323.716966101695,4814322324.5306989357392487492,60203.80942583,56685.14219198,1544560.47609673
2015-11-23,323.012556341321,4805162610.89762896209421054383,71749.63788667,63150.54037609,1553159.57360731
2015-11-24,319.961356527177,4761020548.93701143200663546947,81980.24742625,74714.39369961,1560425.42733395
2015-11-25,328.960457334892,4896144197.87751530504620728864,104043.00614782,83302.10724992,1581166.32623185
2015-11-26,356.255292518995,5303959481.1578629529920807608,145113.19180744,108247.6106199,1618031.90741939
2015-11-27,359.268824371712,5350019771.76384911027517720576,105643.58473762,272794.71500443,1450880.77715258
2015-11-28,356.567322618352,5311163382.55013861130596649664,81308.2396361,72640.65892912,1459548.35785956
2015-11-29,371.707612507306,5538066564.9598278516473713138,75465.39050461,63218.24333729,1471795.50502688
2015-11-30,377.389839859731,5624254420.34999158455212219589,115184.41477494,93585.73902601,1493394.18074538
2015-12-01,362.532375803624,5404346669.31477651391481211256,204073.79598784,113507.35658362,1583960.6201496
2015-12-02,359.22240414962,5356450093.1949153222130395858,114338.29257008,135806.80552454,1562492.10719514
2015-12-03,361.210068088837,5387370915.29092703562481380852,83647.15599501,104965.80490228,1541173.45828787
2015-12-04,363.241631794272,5419060652.71833049340911164576,80137.12129751,80389.11617598,1540921.4634094
2015-12-05,389.362958796026,5810458035.51508194588790853852,134077.40407058,130457.67375587,1544541.19372411
2015-12-06,393.319129748685,5871059363.2462673816529045648,127990.33443157,128155.59882064,1544375.92933504
2015-12-07,395.346588252484,5902776056.22206588921639724172,109217.87454019,102729.79499715,1550864.00887808
2015-12-08,413.798660432496,6180087600.81043806894364928736,105715.95318117,124497.79400471,1532082.16805454
2015-12-09,417.632671244886,6239102652.2007184582132663716,127793.69510141,121124.84075777,1538751.02239818
2015-12-10,415.729924313267,6212922055.64588100324643784418,106399.06292661,94936.37797707,1550213.70734772
2015-12-11,453.86148012858,6784598775.1167878270828643468,125244.90346929,124108.92224906,1551349.68856795
2015-12-12,435.85572238457,6517202920.1009311576960854651,102220.31082138,97630.87094035,1555939.12844898
2015-12-13,434.403466393922,6497029960.6986931247198916366,93319.19343639,90445.33405636,1558812.98782901
2015-12-14,442.991689655173,6627636825.5462748925642854073,113712.97718926,100424.20784869,1572101.75716958
2015-12-15,464.617871712449,6953313624.78067375090668672762,126096.49618271,148014.80116794,1550183.45218435
2015-12-16,454.142492402104,6798393278.41510537758930245824,118700.47385708,136076.78312432,1532807.14291711
2015-12-17,456.240134611338,6831562359.31205783606378792196,95794.32920945,114579.34332049,1514022.12880607
2015-12-18,463.175769725307,6937370780.10177543884277560973,112784.32449268,107179.46807691,1519626.98522184
2015-12-19,461.399907948568,6912583208.05213401189499278744,99303.85812962,111424.14219913,1507506.70115233
2015-12-20,442.15399006429,6626069348.6912373896763503299,98874.45758116,92325.08806869,1514056.0706648
2015-12-21,437.640129456458,6560055357.08081311317006988824,128081.58782296,132777.46969359,1509360.18879417
2015-12-22,435.268379018118,6526135996.72502367695073603534,113554.89867632,150062.13855976,1472852.94891073
2015-12-23,442.665727060199,6638784570.33063601831261800617,117693.28817403,108438.33540367,1482107.90168109
2015-12-24,455.878713033314,6838516283.21073432233608297778,131980.1268257,133457.5199195,1480630.50858729
2015-12-25,455.718825832846,6837963518.7499622146510227485,83731.64583682,85390.32380192,1478971.83062219
2015-12-26,418.221531560491,6277112534.64603793288407043234,110407.39292651,98243.44181102,1491135.78173768
2015-12-27,422.705894506137,6346584979.95239320390934625369,40139.88074396,48412.2460968,1482863.41638484
2015-12-28,421.052879602572,6323355781.12888549748908507392,51005.92025963,75014.45745549,1458854.87918898
2015-12-29,431.340021332554,6479562252.39190101176658376478,51091.64934565,54297.49558183,1455649.0329528
2015-12-30,426.043646990064,6401757885.32232319390209097344,50469.93047624,50098.1082808,1456020.85514824
2015-12-31,429.677153419053,6457880528.94390157789705178379,56537.11561833,40000.53431865,1472557.43644792
2016-01-01,434.678006428989,6534508443.28958148629946109866,32032.87430205,33163.54552803,1471426.76522194
2016-01-02,434.439877264757,6532503495.4207096396824042183,25800.50559998,25301.26932124,1471926.00150068
2016-01-03,430.136180011689,6469349717.04151099074750895221,38369.1069672,30094.46638271,1480200.64208517
2016-01-04,433.44897106955,6521136233.407531057560120799,45717.59855638,45803.65628826,1480114.58435329
2016-01-05,432.669502630041,6511107544.72124390024989257444,52200.86984793,69560.88519578,1462754.56900544
2016-01-06,430.677869666862,6482654224.85292771480459962274,44046.50545863,53540.23647222,1453260.83799185
2016-01-07,459.208940093513,6913797513.64105948674515918474,96018.48916851,86308.40003968,1462970.92712068
2016-01-08,454.134423728814,6839360304.4527402964727030016,70249.79333836,64716.9895612,1468503.73089784
2016-01-09,449.845216247808,6776462099.88367834903290445824,36793.20324383,32847.98508171,1472448.94905996
2016-01-10,448.580216247808,6759368695.870575187426417024,33470.34934654,33089.96310252,1472829.33530398
2016-01-11,449.033059029807,6768100684.94738625831983470326,54502.45661487,48938.30182258,1478393.49009627
2016-01-12,441.768157218001,6660477159.68141027138729535409,50638.05453168,46451.17324783,1482580.37138012
2016-01-13,432.310645236704,6519487114.25607567928420616672,73676.1001528,70986.1826288,1485270.28890412
2016-01-14,429.823224722385,6483404579.3467473514174800084,49163.65544342,55222.72894354,1479211.215404
2016-01-15,367.823199883109,5549325125.13602387737764290333,123655.60288305,101434.75490743,1501432.06337962
2016-01-16,388.071204558738,5856183131.28861340943422794216,81711.73434054,82141.27824624,1501002.51947392
2016-01-17,382.482086499123,5773284492.58680308849044994544,44155.12032213,42935.63568287,1502222.00411318
2016-01-18,384.865166569258,5810919867.2902674103686303576,56320.49410962,61090.89344182,1497451.60478098
2016-01-19,378.161725014611,5710964765.31907131828728440426,60197.48953542,54025.05553286,1503624.03878354
2016-01-20,420.622924168323,6353808388.67853361065727995003,113804.38054249,95782.04569796,1521646.37362807
2016-01-21,409.298459672706,6184146146.48875078108589214252,85398.58315306,78899.463729,1528145.49305213
2016-01-22,381.046459380479,5758959432.44259688254118433723,98988.02518481,97295.64526288,1529837.87297406
2016-01-23,386.370602571596,5841155071.38870371811088663476,62306.75490117,61905.20381035,1530239.42406488
2016-01-24,403.446926651081,6101039864.55541723054812761025,68772.20204111,60050.80347822,1538960.82262777
2016-01-25,391.986097311514,5929313467.6476598781098653843,105915.53452647,88563.50890688,1556312.84824736
2016-01-26,391.142935125657,5918124084.74964060664037132232,85843.44300331,70819.86547375,1571336.42577692
2016-01-27,394.62753037405,5972376363.826889247867574204,94304.46477698,84214.6248106,1581426.2657433
2016-01-28,378.900995616599,5735750655.04109327952194202443,73408.26955828,92804.87770709,1562029.65759449
2016-01-29,378.99999482291,5738850566.1346469600734510214,108295.01935881,94026.27810907,1576298.39884423
2016-01-30,377.262779076564,5714309199.15575020095901684872,66224.95807207,70559.65189555,1571963.70502075
2016-01-31,366.341687609585,5550547731.52696828231149990405,56626.51469579,63855.27462309,1564734.94509345
2016-02-01,371.22343509059,5626006658.7683173246253159671,98634.79398397,89888.87610361,1573480.86297381
2016-02-02,372.927631209819,5653512455.50725223206599074869,91423.51826341,93188.37756002,1571716.0036772
2016-02-03,368.098206604325,5581946530.0788659147653360565,80193.22219596,83376.26848712,1568532.95738604
2016-02-04,389.723081239042,5911509153.57617015683581931554,101940.08709207,89573.56694587,1580899.47753224
2016-02-05,384.398413983051,5832548684.67682259990264743932,101501.24619681,107448.40845428,1574952.31527477
2016-02-06,374.631555523086,5686227481.10460991946618085864,69702.56019581,104298.79406869,1540356.08140189
2016-02-07,375.153917592051,5695806667.05345973804802896311,50220.243998,49002.61867961,1541573.70672028
2016-02-08,370.814350327294,5631292826.37155355976712251854,71407.39448651,61082.9271957,1551898.17401109
2016-02-09,373.5116128609,5673897678.079752430755239672,88799.46347184,84556.97443799,1556140.66304494
2016-02-10,379.082611630625,5760079210.5464468624816521,134073.19094824,113935.17665776,1576278.67733542
2016-02-11,377.639165108124,5739959017.32974538950325297744,99137.81575269,87052.72272861,1588363.7703595
2016-02-12,382.294456458212,5812351827.981777847010578317,93842.84013521,91361.24708376,1590845.36341095
2016-02-13,389.598432472238,5924919898.9057575692010612741,77158.30173599,74194.85456278,1593808.81058416
2016-02-14,406.150669491525,6178327890.99350772497740118775,89020.77227446,87193.21387,1595636.36898862
2016-02-15,399.26761864699,6075140750.1718402636228711855,116361.6863211,99986.2758606,1612011.77944912
2016-02-16,407.035309468147,6194735961.69608969988272803405,96901.10559663,104916.35895642,1603996.52608933
2016-02-17,415.324113383986,6322493985.02506708861361901008,102878.61034025,96750.72641381,1610124.41001577
2016-02-18,421.289662981882,6415087710.93413785332899088502,104708.94312434,107994.26112276,1606839.09201735
2016-02-19,419.626528541204,6391283874.672160964700872215,93462.58828266,88749.5503037,1611552.12999631
2016-02-20,440.195760081823,6706222232.21441781241784640444,100339.16589961,88019.8851497,1623871.41074622
2016-02-21,438.718612681473,6685122328.61556973021600111806,95244.75180964,93411.90944732,1625704.25310854
2016-02-22,437.535295094097,6668480303.68745831746160120697,95005.09125732,85615.87407535,1635093.47029051
2016-02-23,420.032592609585,6403149531.07492067811281928315,118368.95036405,109898.02640495,1643564.39424961
2016-02-24,423.995112507306,6464806599.10070754014861272818,90941.29143094,93521.6714033,1640984.01427725
2016-02-25,424.090870251315,6467910003.9657895085032468452,95896.77672739,90736.91573925,1646143.87526539
2016-02-26,431.762241963764,6586419073.12342434122656401232,112991.63888955,110448.56072462,1648686.95343032
2016-02-27,432.947845996493,6606096233.13422907867292800066,75176.29968312,69477.06355555,1654386.18955789
2016-02-28,433.102262711864,6609903279.4430540710501325524,134980.96836282,125934.89451327,1663432.26340744
2016-02-29,437.775872589129,6682686401.79238114944052412307,216756.2707855,197800.36162195,1682388.17257099
2016-03-01,432.807867153711,6608375018.64571357498997401794,210598.31489526,188783.22861782,1704203.25884843
2016-03-02,423.079789392168,6461501370.36902140027001369352,188145.55349297,193855.53241806,1698493.27992334
2016-03-03,419.268821332554,6404713255.2509937735945704082,152163.36422123,133783.69633375,1716872.94781082
2016-03-04,407.990154295734,6234002294.22206401784876888478,113430.87491698,132617.57349604,1697686.24923176
2016-03-05,397.314453945061,6072369805.44948766301894117352,164131.60152457,146179.55634293,1715638.2944134
2016-03-06,403.705187463472,6171536521.16592175296470744416,93306.33814774,102803.49743645,1706141.13512469
2016-03-07,413.22936616014,6318508877.3351821519956590298,111415.6434079,114420.15324919,1703136.6252834
2016-03-08,411.425953243717,6292517671.84053639293346156504,90208.520151,85890.28944265,1707454.85599175
2016-03-09,412.540703506721,6311299791.60673635933338572092,96330.37979147,94026.53078454,1709758.70499868
2016-03-10,416.340928696669,6371051280.01888614970798307661,87227.50576104,106994.68090943,1689991.52985029
2016-03-11,419.511934248977,6421253596.18682525790162583408,91691.94438754,125453.87397436,1656229.60026347
2016-03-12,410.264163296318,6281179669.50344622173335076548,79862.83527661,78587.25807255,1657505.17746753
2016-03-13,411.805882466394,6306152777.31162845249819827968,63545.99983281,60204.71452019,1660846.46278015
2016-03-14,415.026957276446,6357055522.54401202041541216484,79775.03112008,73699.53300159,1666921.96089864
2016-03-15,415.266400292227,6362394569.02727007553910765628,82933.041653,89727.03983712,1660127.96271452
2016-03-16,417.024118468732,6390909675.8808629247251569032,72380.15255454,72774.72742296,1659733.3878461
2016-03-17,418.605363822326,6416617901.82791262386982565244,81205.1578958,78391.50314997,1662547.04259193
2016-03-18,408.901587405026,6269263237.37894212278318563116,91771.0634793,96973.62681505,1657344.47925618
2016-03-19,409.124429865576,6274070872.37597443605187719384,57962.64691624,59459.46755562,1655847.6586168
2016-03-20,412.056953828171,6320546194.18972279801857216714,57666.14663282,53114.73322516,1660399.07202446
2016-03-21,411.601774050263,6314994502.682409233191816017,71979.73999537,72685.63072482,1659693.18129501
2016-03-22,416.581653828171,6392939591.12011206088287840339,81081.72901868,85241.62060348,1655533.28971021
2016-03-23,417.378299532437,6406719798.52978768080412550691,69058.01903764,70429.67324472,1654161.63550313
2016-03-24,413.560239918177,6349632756.70635809192171428431,75480.84441371,75023.36809816,1654619.11181868
2016-03-25,416.373243834015,6394342216.9056327485748836793,55854.9204574,53911.20753122,1656562.82474486
2016-03-26,416.823096668615,6402845061.4476392954550152421,41395.32900232,42372.28708064,1655585.86666654
2016-03-27,425.454959848042,6536939368.00368738605418079258,63458.23352221,54006.46501939,1665037.63516936
2016-03-28,422.917446814728,6499748928.59248011871110431016,77382.64125704,73393.0056852,1669027.2707412
2016-03-29,415.863828755114,6392975294.16378172734498538558,83423.64583186,81471.96454302,1670978.95203004
2016-03-30,412.777697779076,6347049897.95073889451194096088,71303.74480803,72038.74756992,1670243.94926815
2016-03-31,415.956811221508,6397222798.80253803236081173012,73377.81437066,72228.22392128,1671393.53971753
2016-04-01,417.20066025716,6417948412.4883245549109224832,68956.94454641,82152.59594975,1658197.88831419
2016-04-02,419.763056691993,6458825358.77321466669002370138,60443.8726395,51617.40336223,1667024.35759146
2016-04-03,420.073578901227,6465094574.32061145517070722701,48205.07631419,48498.28361701,1666731.15028864
2016-04-04,419.540727878434,6458634885.3608464599862640067,62676.73243631,71288.78456656,1658119.09815839
2016-04-05,422.50136440678,6505849704.0950435290344444076,81400.4650048,84164.32520695,1655355.23795624
2016-04-06,421.907191233197,6498356367.01834080362568640355,69263.15083534,83463.57485749,1641154.81393409
2016-04-07,421.467220046756,6493044381.48962386759990199256,84762.8671115,86634.69834575,1639282.98269984
2016-04-08,418.643460549386,6451049192.28644810549718576144,70518.33235239,67262.44476765,1642538.87028458
2016-04-09,418.758635359439,6454519940.74052645217757231827,57734.33654025,60371.67685222,1639901.52997261
2016-04-10,421.954488544711,6505604052.68905742741068351724,62209.83326518,63294.10320781,1638817.26002998
2016-04-11,423.273044009351,6527552278.21082630884642346676,66006.92265166,65248.90467195,1639575.27800969
2016-04-12,427.427664582116,6593204703.35385253255111311016,87337.34208786,85597.80247372,1641314.81762383
2016-04-13,424.87251811806,6555532751.5374636006957322254,73657.67006558,73258.21897595,1641714.26871346
2016-04-14,425.8565949737,6572462489.192519520826707196,52760.56832753,55680.52778372,1638794.30925727
2016-04-15,430.724418760959,6649086869.04288765730308661125,79668.41223815,77634.0437636,1640828.67773182
2016-04-16,432.216313033314,6673608366.48062798084271161982,49147.93260647,68344.66400171,1621631.94633658
2016-04-17,429.339968731736,6630892248.94227877591961317488,52721.35876434,53083.51637518,1621269.78872574
2016-04-18,429.656933664524,6637226928.4747093961206985644,67443.49175862,55020.42054637,1633692.85993799
2016-04-19,437.568726183518,6761087094.17605447062482277792,71492.14611197,75498.48485708,1629686.52119288
2016-04-20,442.661653302163,6841606366.10558101750602450863,83208.82377854,64372.67765782,1648522.6673136
2016-04-21,452.164702805377,6990188725.32129598384296440757,70088.87247326,75028.94297744,1643582.59680942
2016-04-22,448.134421332554,6929485128.46193107502536031274,68816.50898862,66015.35093216,1646383.75486588
2016-04-23,453.914722969024,7020499800.86484429258039213696,54975.98376347,52901.76481568,1648457.97381367
2016-04-24,463.382871420222,7168468660.94390573196024246162,62100.36477557,57249.06165693,1653309.27693231
2016-04-25,465.31600666277,7199851372.9699518222693620568,82223.47510787,96692.31649736,1638840.43554282
2016-04-26,469.60876452367,7268046143.0456582466357183864,95084.04293385,86261.69136964,1647662.78710703
2016-04-27,445.741113091759,6900088525.33497961934272718096,91951.12658999,95597.90980864,1644016.00388838
2016-04-28,451.060061776739,6983948370.74167982502261378829,86409.04591523,89379.90040793,1641045.14939568
2016-04-29,457.009965225015,7077878361.23282702810575194915,61279.32051792,64635.73620079,1637688.73371281
2016-04-30,449.900484511981,6969413402.91067130184387855517,50039.1443384,49375.86754898,1638352.01050223
2016-05-01,455.010731151374,7050339456.94433466956156772796,38306.5969821,45842.29652973,1630816.3109546
2016-05-02,444.933061192285,6895933470.96278740015830550075,69550.12371987,71502.7527752,1628863.68189927
2016-05-03,451.628850379895,7001415141.70814756668286214805,66868.97888602,69416.72791661,1626315.93286868
2016-05-04,448.367967562829,6952734960.43855704112874242095,109072.17771897,66787.90449474,1668600.20609291
2016-05-05,449.336072472238,6969488309.2746764098109674776,70731.26348942,70678.34011714,1668653.12946519
2016-05-06,461.693862361192,7163035351.45502978099376120744,75231.00368417,123794.79361549,1620089.33953387
2016-05-07,461.361842489772,7159614274.27841692005758362716,46913.483897,51256.047742,1615746.77568887
2016-05-08,461.378872296902,7161816341.51587064777904754292,36361.09819554,37139.70108133,1614968.17280308
2016-05-09,463.462231677382,7196136872.09588734540143870298,74441.67055278,67841.31836751,1621568.52498835
2016-05-10,451.079668322618,7005655676.31582465646609548758,85278.59921189,74434.06475715,1632413.05944309
2016-05-11,453.896305260082,7050909678.58845684502000696312,63289.15652177,64152.24398536,1631549.9719795
2016-05-12,455.607255932203,7079071139.96004895898478931404,69272.66943658,72254.06482233,1628568.57659375
2016-05-13,457.241902688486,7106207246.51681356957114437444,73769.09782209,66006.8524026,1636330.82201324
2016-05-14,458.119524839275,7121496007.32815765337704547375,53363.04876393,54947.78078516,1634746.08999201
2016-05-15,460.85772063121,7165662908.812252806189475604,54019.98164967,52710.36608436,1636055.70555732
2016-05-16,455.224077323203,7079672667.30352652994658923946,70607.24281875,75742.51236852,1630920.43600755
2016-05-17,453.545777030976,7055170387.46000431304409365184,87633.59314878,93366.28420427,1625187.74495206
2016-05-18,454.486184102864,7071537380.2938654256770170176,88065.44077161,86227.96105552,1627025.22466815
2016-05-19,437.724187142022,6812043751.09273822386792534036,102354.48417655,94397.23383752,1634982.47500718
2016-05-20,442.396799240211,6886408789.57810973821020376407,90980.99559276,100936.03748293,1625027.43311701
2016-05-21,444.078207188778,6914147190.23458984427876927586,49865.66973817,49669.53752027,1625223.56533491
2016-05-22,440.558668848627,6861375740.90758761838982409399,46652.23010469,44156.65534255,1627719.14009705
2016-05-23,444.205057276447,6920164469.1275323215381198861,83190.37270375,81092.87394314,1629816.63885766
2016-05-24,445.674454938632,6944693717.89745574146566434264,88443.90255732,87965.74121427,1630294.80020071
2016-05-25,450.54952717709,7022213615.4312546295360983998,102103.54331742,102721.67262211,1629676.67089602
2016-05-26,454.43372238457,7084285953.3592666353946364969,99603.83805993,106149.20851973,1623131.30043622
2016-05-27,471.820117299825,7356966578.28262658388656318775,180141.71650946,151117.05264243,1652155.96430325
2016-05-28,530.910597895967,8280114126.29848173753010998969,147846.27625076,116146.51571106,1683855.72484295
2016-05-29,527.54971244886,8229636296.6903469169488971802,119075.14038799,116825.82666236,1686105.03856858
2016-05-30,533.493149035652,8324272914.34007326874578158852,99085.63256036,110595.67315463,1674594.99797431
2016-05-31,530.943692811221,8286178638.20888054357096048716,114869.36098135,110453.06073662,1679011.29821904
2016-06-01,537.613678842782,8392195818.18309222819624033362,95471.12274178,98206.45207934,1676275.96888148
2016-06-02,538.771243191116,8412124257.99983310868435352608,70056.59525445,59224.55410611,1687108.01002982
2016-06-03,570.175988252484,8904487503.58748659008817593792,73228.83945978,70399.25354188,1689937.59594772
2016-06-04,574.26620163647,8970073160.0857724089967550242,61100.02283779,54699.65400745,1696337.96477806
2016-06-05,575.137638047925,8986129385.0435066900387918655,51279.61267576,40002.29550349,1707615.28195033
2016-06-06,585.857149035652,9156104252.49228863109801989936,67893.83756947,62821.15077814,1712687.96874166
2016-06-07,578.469240677966,9042666517.59381138884402322862,85556.03781884,72142.44181655,1726101.56474395
2016-06-08,583.097585330216,9117116235.31957776314768060464,84105.29957692,65905.25275692,1744301.61156395
2016-06-09,577.101699707773,9025747144.12789436936082431731,84421.5340172,79775.36155074,1748947.78403041
2016-06-10,579.814993571011,9070269813.7593345057553987424,62357.91265968,66375.36527739,1744930.3314127
2016-06-11,605.44955698422,9473642440.131314697295712448,75488.50776485,39381.6544554,1781037.18472215
2016-06-12,670.39237434249,10492268215.9515788750365609911,116189.12678144,98007.10890503,1799219.20259856
2016-06-13,704.321778141438,11026130042.03846580751667433606,169264.54532544,170478.79345284,1798004.95447116
2016-06-14,684.948319403857,10725099628.49098569076526680167,96495.32474751,104758.55797275,1789741.72124592
2016-06-15,695.001468439509,10885155466.59626064911408732871,93824.88621345,79339.91680734,1804226.69065203
2016-06-16,767.420031268264,12022238062.35231943878254119976,113590.95309636,133719.82090323,1784097.82284516
2016-06-17,750.014633927528,11752362635.05541366139860738728,106464.83406412,94235.08632556,1796327.57058372
2016-06-18,758.28878012858,11885009701.5166640718570706058,71226.75079004,70353.987201,1797200.33417276
2016-06-19,766.767132670952,12021287774.88397751561357909848,46320.00226587,47972.84834678,1795547.48809185
2016-06-20,722.497452367037,11330195008.74002477078954655726,75994.2517726,77906.28276395,1793635.4571005
2016-06-21,669.604204675628,10503218109.07042153580440821804,164112.66123769,142781.44566725,1814966.67267094
2016-06-22,594.832974634716,9332296532.04475069543383004524,138205.34333085,133099.70514423,1820072.31085756
2016-06-23,627.677855639977,9849794643.99923749844669186191,118425.75758663,126798.18752055,1811699.88092364
2016-06-24,664.126985680889,10423912097.7689133552477101282,88564.20969481,89965.34099787,1810298.74962058
2016-06-25,668.872684102864,10501107906.27620107082491282592,65287.05991123,62229.57930043,1813356.23023138
2016-06-26,630.4342421391,9899936557.105765078184619798,63744.03300205,60253.09381926,1816847.16941417
2016-06-27,652.244807714787,10244832743.90781074185579797912,72720.29384387,78554.86248405,1811012.60077399
2016-06-28,647.218768381064,10168283272.07215182934270472872,88790.47342485,64649.93340648,1835153.14079236
2016-06-29,638.586345645821,10034992396.69573432160126816128,60580.83382734,82528.51723611,1813205.45738359
2016-06-30,674.284814728229,10598500491.25872961154523965037,72548.78187648,72202.86307534,1813551.37618473
2016-07-01,677.512385739334,10651857252.19372260671430955434,68502.42031476,61130.2400953,1820923.55640419
2016-07-02,702.739316773817,11051093046.01134583781774687648,48446.26546191,48026.1465877,1821343.6752784
2016-07-03,662.55008591467,10421638625.0986404974462529248,57040.60517717,44880.20772338,1833504.07273219
2016-07-04,679.842453360608,10696206813.05576598633732037728,67367.63318329,56570.71353567,1844300.99237981
2016-07-05,668.165981297487,10514918763.33939493271628808797,71681.23325626,76965.14465183,1839017.08098424
2016-07-06,677.651333138515,10666561393.12621977446447255465,64826.4127327,77832.06818365,1826011.42553329
2016-07-07,640.053236119229,10076941251.76309638175983330396,70356.06953771,79104.74457016,1817262.75050084
2016-07-08,665.051708357685,10472925788.8824727106281232757,90238.06914277,70714.92362422,1836785.89601939
2016-07-09,651.941914026885,10268475401.44405141601988259155,46631.37514333,49988.53018999,1833428.74097273
2016-07-10,649.959340970193,10238516109.73841311819971411879,39869.26488793,29092.60362951,1844205.40223115
2016-07-11,650.272594681473,10244613016.31394695918611030773,51425.23832337,48224.03852202,1847406.6020325
2016-07-12,670.023127995324,10556967222.72947791425327141132,68771.29545641,65180.82824426,1850997.06924465
2016-07-13,658.333613383986,10373847348.58337184760205190996,73634.00816937,65214.07621693,1859417.00119709
2016-07-14,660.905960198714,10415546557.6145623083278771249,65954.49984823,56589.21113997,1868782.28990535
2016-07-15,666.758671127995,10508907502.59601534969984855085,55067.54774199,56496.08708575,1867353.75056159
2016-07-16,665.275622150789,10486838495.07230141514007264787,34050.29256339,38992.87242873,1862411.17069625
2016-07-17,681.089601987142,10737385138.64876243625894098186,53276.80536055,42128.76815077,1873559.20790603
2016-07-18,675.118579193454,10644500867.36973880984059171504,66460.89228176,67790.46770648,1872229.63248131
2016-07-19,674.660360315605,10638355650.5436037270193169106,49198.9875679,53961.87575268,1867466.74429653
2016-07-20,667.305364874343,10523629888.56164802784948242795,57591.3456653,54195.65031004,1870862.43965179
2016-07-21,666.851739333723,10517584702.33698051705918530157,41932.42335159,45281.28343506,1867513.57956832
2016-07-22,650.562911630625,10261726367.2259122904807899125,63425.96813829,56739.25899293,1874200.28871368
2016-07-23,657.377942957335,10370300477.4216183624731781859,40094.95767533,45111.85992369,1869183.38646532
2016-07-24,661.393979836353,10434679618.26265327284024472209,40654.87776607,43773.59915688,1866064.66507451
2016-07-25,655.119577849211,10336762400.05508306221359567472,51323.22079198,49758.89347492,1867628.99239157
2016-07-26,654.626339158387,10330035449.8593475240588257998,69448.30821574,62783.99773309,1874293.30287422
2016-07-27,656.275146873174,10357103755.9735461651596281596,62007.15251903,58557.96770528,1877742.48768797
2016-07-28,656.196453360608,10356977376.58144400933448869888,67203.76743537,81636.67060691,1863309.58451643
2016-07-29,657.557567504383,10379668577.63373714565547986373,54242.73891563,49974.29890221,1867578.02452985
2016-07-30,655.361730157803,10345981727.03585340853434612393,29741.37394207,27974.74193744,1869344.65653448
2016-07-31,624.804487142022,9864787253.92288948637768819682,64017.28823194,47505.57397882,1885856.3707876
2016-08-01,606.50924792519,9577091014.487367906309152207,76321.5834898,56886.69227385,1905291.26200355
2016-08-02,526.981148334307,8322316113.4690515858418096301,112903.43070823,207969.50977244,1810225.18293934
2016-08-03,570.347040911748,9008352671.23122945412773507744,83568.64330864,100295.30725432,1793498.51899366
2016-08-04,583.542158036236,9217879119.55300454788330370372,72486.07210681,110536.96984875,1755447.62125172
2016-08-05,581.279805669199,9183369996.80952968312114289189,57351.2539601,63440.21545837,1749358.65975345
2016-08-06,590.795402980713,9334928404.95464620327759323843,39226.5463524,46672.30663766,1741912.89946819
2016-08-07,594.73232402104,9398234418.0622821714789511144,46820.51454431,36319.33107745,1752414.08293505
2016-08-08,591.629283869083,9350293260.92968962358337176,47380.46640727,51367.76276602,1748426.7865763
2016-08-09,587.932138223261,9292773715.7565516035429784197,51229.51983553,64804.49333781,1734851.81307402
2016-08-10,589.968758328463,9326077816.29364744737840777935,50667.76742224,87610.49231469,1697909.08818157
2016-08-11,589.585884687317,9321130919.56073306185783361093,68872.16533597,84599.19855836,1682182.05495918
2016-08-12,587.19164956166,9284372607.8501938637372362516,53277.36731326,54347.53364391,1681111.88862853
2016-08-13,585.363581648159,9256660815.73498389131054507957,31423.67968778,38084.1556394,1674451.41267691
2016-08-14,571.387062536528,9036807001.99134375886998597744,38273.68039385,45074.83338925,1667650.25968151
2016-08-15,566.564441320865,8961568521.575513473575284378,49593.03682345,52422.45801481,1664820.83849015
2016-08-16,578.414924137931,9149988259.0048459208650481132,62686.27534529,84012.05274625,1643495.06108919
2016-08-17,573.663744418469,9075711005.32046884830181359742,51457.52662116,71389.77651069,1623562.81119966
2016-08-18,573.263191992987,9070477552.81444768570425848679,44639.26800575,52509.95938383,1615692.11982158
2016-08-19,573.958457919345,9082583293.0681042901691590733,50438.97513123,54966.98451348,1611164.11043933
2016-08-20,581.797070134424,9207752339.00336878583805837064,30610.98868351,41263.21754243,1600511.88158041
2016-08-21,580.79219257744,9193032110.3299832089203905584,25656.54292413,27627.27961741,1598541.14488713
2016-08-22,584.971897720631,9260345625.44484213236662391384,55254.62415094,54464.56233167,1599331.2067064
2016-08-23,582.627747399182,9224307340.65160828215645410466,60920.52892409,60158.63252577,1600093.10310472
2016-08-24,578.701831677382,9163250800.42428771979809459684,49671.84990124,54192.76726137,1595572.18574459
2016-08-25,576.033436586791,9121935090.28991384987125133251,47798.45709981,54904.4885692,1588466.1542752
2016-08-26,578.874653419053,9167883099.98445604855712299233,40254.13275991,42097.01424827,1586623.27278684
2016-08-27,570.200993746347,9031541039.33710190196721390167,28772.27453528,37792.872523,1577602.67479912
2016-08-28,575.105232554062,9110313074.36318058380733287658,30697.83561051,27738.37460663,1580562.135803
2016-08-29,573.429267562829,9084831917.79138473044789345279,52991.58323756,56587.05171612,1576966.66732444
2016-08-30,575.695698421976,9121919126.58093363349911958848,52436.01571312,64499.78086552,1564902.90217204
2016-08-31,572.272758328463,9068641074.08654538764415437057,73062.8840031,52277.29587579,1585688.49029935
2016-09-01,572.221702045587,9068833387.90032454218804555306,58787.85906,65871.19747397,1578605.15188538
2016-09-02,576.846767387493,9143236775.51887109270131796832,52084.48526862,57624.5360381,1573065.1011159
2016-09-03,600.374406779661,9517104239.60242799236697280864,46219.02640736,45610.2014035,1573673.92611976
2016-09-04,610.538913325541,9679597555.77425536468586901984,48941.65513353,42826.92201839,1579788.6592349
2016-09-05,607.526964172998,9632908725.56047604093172120954,53205.05849283,46589.11930437,1586404.59842336
2016-09-06,612.995458270017,9720658910.82850146215623073238,53254.7210454,50821.80760943,1588837.51185933
2016-09-07,615.659819111631,9764079129.16100214793260540579,50235.79083034,49587.55830719,1589485.74438248
2016-09-08,630.550172004676,10001368208.78341280083337541076,55957.17091084,55098.01372275,1590344.90157057
2016-09-09,622.977884044418,9882367390.1114099157179043602,42799.43352087,47932.44355476,1585211.89153668
2016-09-10,624.752640444185,9911731006.3048222119920650465,27777.30730318,27345.80735575,1585643.39148411
2016-09-11,608.246675920514,9651109982.56174448656913328946,40016.99511133,36444.64138443,1589215.74521101
2016-09-12,607.70737270602,9643791009.0510086503057807968,35877.63361364,47285.03005222,1577808.34877243
2016-09-13,608.694296317943,9660708066.15801541609553467396,51872.65871266,44858.1002865,1584822.90719859
2016-09-14,609.41308766803,9673304501.9511013523284658847,37397.08896483,45041.8322616,1577178.16390182
2016-09-15,607.070262594974,9637285101.66781710319798574078,44746.93645114,51248.27235309,1570676.82799987
2016-09-16,607.806438047925,9650028004.85515385642343431175,39865.23674544,48969.42731777,1561572.63742754
2016-09-17,607.381449678551,9644518084.40565510976745981684,27344.2825946,26963.13222376,1561953.78779838
2016-09-18,611.533460315605,9711555637.1110028288476698661,31223.29719285,28046.55441884,1565130.53057239
2016-09-19,608.871306312098,9670291120.05947330789697282358,55330.43607437,41121.04529964,1579339.92134712
2016-09-20,608.371748626534,9663505284.91397198860979139978,48978.1244604,55727.32295946,1572590.72284806
2016-09-21,596.945756633548,9483251078.4693269427520475354,56504.13240673,54857.37415224,1574237.48110255
2016-09-22,595.564716540035,9462361163.23550425421806577215,41286.80635622,33697.04871694,1581827.23874183
2016-09-23,602.378784921099,9571647456.79607954864649150606,46043.11120311,55194.84302437,1572675.50692057
2016-09-24,602.687359731151,9577801209.22477761384549504743,24328.07981282,27855.16597736,1569148.42075603
2016-09-25,600.610054880187,9546177957.71337662980425162291,24723.83542249,21477.52559343,1572394.73058509
2016-09-26,606.778810637055,9645385465.7808676122379938345,43027.29438307,47595.69732396,1567826.3276442
2016-09-27,605.151613734658,9620782718.72566999530266753214,37358.92249395,51083.35212161,1554101.89801654
2016-09-28,604.686494389246,9614506858.02182095527773654634,54943.40085568,49888.14105442,1559157.1578178
2016-09-29,605.202561952075,9623794124.678961114952882102,41557.3907283,44049.14010258,1556665.40844352
2016-09-30,608.865840736412,9683127491.42284866025882750476,48597.00483228,44251.54934442,1561010.86393138
2016-10-01,615.408478842782,9788386393.68514260048536014486,30283.17256192,26010.74375766,1565283.29273564
2016-10-02,611.748578316774,9731252012.09873473087854274302,20981.53362248,24577.10738474,1561687.71897338
2016-10-03,612.590347399182,9745798527.48458679827912319048,36952.09686325,37675.89679346,1560963.91904317
2016-10-04,610.007881355932,9705918424.72273524892231784524,46853.15942947,46107.55561274,1561709.5228599
2016-10-05,612.147780946815,9741244516.8546972125026159125,48380.00947689,53917.5899632,1556171.94237359
2016-10-06,611.76086277031,9736318570.1318316854609986033,41455.65870331,36411.93520228,1561215.66587462
2016-10-07,617.905705143191,9835219693.76552596023055687812,39072.21000498,38893.57544326,1561394.30043634
2016-10-08,619.301001753361,9858736936.2102732156180746553,28366.30916696,35143.61072451,1554616.99887879
2016-10-09,617.101041320865,9824949668.7447440122851066972,31685.4240372,30970.5201469,1555331.90276909
2016-10-10,618.0852,9841576625.08290967614,41616.79210768,45639.60719612,1551309.08768065
2016-10-11,642.981387258913,10239107980.15145851829058992492,73487.22842923,63532.1231849,1561264.19292498
2016-10-12,636.59793220339,10138601014.0622056710236616808,64230.71685481,52748.44864152,1572746.46113827
2016-10-13,635.444095324372,10121241460.47686066947138347568,45442.36354494,55101.20146375,1563087.62321946
2016-10-14,639.586090298071,10188301722.13972159715806228369,47166.39991174,48862.52815428,1561391.49497692
2016-10-15,637.283759322034,10152757865.18570895552362073726,41667.18431607,30312.88543914,1572745.79385385
2016-10-16,642.913042548217,10243484390.88218898792661157663,32317.80887186,30192.30731622,1574871.29540949
2016-10-17,639.137536469901,10184328193.37034688041962097738,40284.38463424,38516.20315421,1576639.47688952
2016-10-18,635.576508591467,10128816473.60457736770579272033,53930.20932961,49592.01571609,1580977.67050304
2016-10-19,629.640708036236,10035204855.12808155445701595876,46765.93290346,52140.5342816,1575603.0691249
2016-10-20,628.598901110462,10019653453.96245497167068034058,50982.37317536,56637.20983161,1569948.23246865
2016-10-21,630.90620338983,10057724428.0703448081411336333,45277.95979227,56388.09986274,1558838.09239818
2016-10-22,654.508630976037,10435206532.32449580900664437687,37206.148648,33396.69373898,1562647.5473072
2016-10-23,651.961956750438,10395776975.87273051641592201538,32644.14220992,26563.45821408,1568728.23130304
2016-10-24,650.027167153711,10366087956.43036582144876755817,64986.88404687,52888.30615656,1580826.80919335
2016-10-25,655.792505084746,10459168168.47574940596705843732,57601.61822113,66259.19612422,1572169.23129026
2016-10-26,675.109869316189,10768423416.41282876545098204538,53147.34044409,65855.34533454,1559461.22639981
2016-10-27,686.523327060199,10951865394.58949286289830452068,93393.60203643,82687.09834695,1570167.73008929
2016-10-28,690.390654938632,11014871259.51229997176018879816,45167.39956293,57317.77196154,1558017.35769068
2016-10-29,715.445469316189,11415942030.4333533177688514459,52624.28889013,41427.60813195,1569214.03844886
2016-10-30,699.333410987726,11160320004.18641487436344703608,35449.91977179,38217.87101464,1566446.08720601
2016-10-31,698.897727995325,11154651376.83372268822086645675,57916.60901834,56784.98349626,1567577.71272809
2016-11-01,730.578480011689,11661602264.25590478978215430231,73922.04878324,61223.96870995,1580275.79280138
2016-11-02,740.367055523086,11819079821.41225239195751085274,53223.86324493,47082.86993083,1586416.78611548
2016-11-03,689.939206954997,11015395929.73633563028309104271,79593.93967988,71162.89883522,1594847.82696014
2016-11-04,705.432016656926,11263773111.01153969971617231572,56546.93014642,65601.68348924,1585793.07361732
2016-11-05,706.819325569842,11287223328.45875448399373823556,36885.31655307,46403.84493521,1576274.54523518
2016-11-06,715.896879777908,11433552272.11860546728064680128,30222.5100536,29098.46693401,1577398.58835477
2016-11-07,706.181216773816,11279672698.35459690382242078904,52587.00115644,51082.60227672,1578902.98723449
2016-11-08,711.835846580947,11371496573.29223054207233764375,62672.56927485,55366.21783356,1586209.33867578
2016-11-09,721.50150993571,11527230203.5205959578765928671,73235.60087783,64762.70602422,1594682.23352939
2016-11-10,713.407615604909,11399414446.91643399240765702541,49607.81563995,53238.14935672,1591051.89981262
2016-11-11,715.703310637055,11437555198.37004434333596376585,38187.29351652,49706.03410722,1579533.15922192
2016-11-12,703.847551139685,11249568032.42735948976431430825,29549.72390652,30619.27140708,1578463.61172136
2016-11-13,703.626435300994,11247282883.5009255894834364273,33422.03806779,34408.26512588,1577477.38466327
2016-11-14,705.643584161309,11281043609.41976931625823082742,50516.91316375,47674.20269841,1580320.09512861
2016-11-15,712.3471528346,11389601875.225286269220129688,50085.09280848,53193.24589583,1577211.94204126
2016-11-16,742.050117592051,11866103842.55471759502229067561,87987.52454992,72240.58796879,1592958.87862239
2016-11-17,735.318080537697,11759913460.29110239779822819909,79766.94148003,67405.33718617,1605320.48291625
2016-11-18,749.57872729398,11989370149.7142966471893801244,53171.64866285,57094.92028954,1601397.21128956
2016-11-19,751.213819403858,12016856543.5941939871391727355,36119.42418389,44818.25316133,1592698.38231212
2016-11-20,730.350813617767,11684288236.45677997290570892058,36265.2152271,47475.92577634,1581487.67176288
2016-11-21,736.506983927528,11784055475.63625909223670944992,56335.09461466,60800.68362724,1577022.0827503
2016-11-22,747.997677966102,11969158598.50511324776431944328,58037.10360207,53750.82455687,1581308.3617955
2016-11-23,741.240317942724,11862392064.88180530601280093592,59075.65570501,56011.46940417,1584372.54809634
2016-11-24,737.35497597896,11801706386.8467991347233363304,71314.18116988,56310.37425305,1599376.35501317
2016-11-25,739.685200175336,11840408101.46250643346311825168,47563.78557986,59233.69436228,1587706.44623075
2016-11-26,734.652925891292,11761259693.54383022187747094728,35628.89438111,36061.57802425,1587273.76258761
2016-11-27,727.741115838691,11651916569.23644029823155484703,27927.25898525,31935.696388,1583265.32518486
2016-11-28,730.082483752192,11690901052.29233673398751224064,44124.05000358,55844.80752503,1571544.56766341
2016-11-29,731.646435710111,11717307499.75249963329659726012,47729.2335329,47350.12162692,1571923.67956939
2016-11-30,742.20445131502,11887711385.8124124001694822724,45645.22772352,46630.28504494,1570938.62224797
2016-12-01,753.674910111046,12072806440.73908081595356512612,60862.18502313,54475.70973873,1577325.09753237
2016-12-02,772.302382729398,12372572705.25307379270911031556,79834.4628631,77071.96332736,1580087.59706811
2016-12-03,766.110468147283,12275023057.78686854727425451536,37847.16743559,44932.69766906,1573002.06683464
2016-12-04,766.380139099942,12280761670.18823397192474858064,22623.19829539,23898.54885356,1571726.71627647
2016-12-05,752.670726241964,12062506991.02084008002437009668,66931.43986353,66996.11975698,1571662.03638302
2016-12-06,759.117325774401,12167245303.91640451905164864379,53303.51739494,52627.30760866,1572338.2461693
2016-12-07,764.987650087668,12262999582.42183308444918451032,62194.80742898,57097.37060525,1577435.68299303
2016-12-08,767.659224634717,12307332318.11236837981587153788,49648.6611128,55108.22104992,1571976.12305591
2016-12-09,771.902321098773,12376661439.72578851053427816026,52536.30024799,62227.19180076,1562285.23150314
2016-12-10,775.474561309176,12435218177.92305487881736168584,30437.07842954,28604.64839847,1564117.66153421
2016-12-11,770.496150496786,12357187290.60583374464022323788,24146.57733325,23943.48220044,1564320.75666702
2016-12-12,778.506599064874,12487176640.97997275563870513422,48121.92755382,54171.61053438,1558271.07368646
2016-12-13,778.930694564582,12495712215.8346413868310998858,46801.19913146,50825.4042894,1554246.86852852
2016-12-14,776.963961484512,12465511590.93501786201181428768,45644.84729178,46982.26289417,1552909.45292613
2016-12-15,776.176781998831,12454114363.40649399105411155485,52505.05100796,57494.2545683,1547920.24936579
2016-12-16,782.230215897136,12552544959.28579355652767455344,48465.59864191,52079.90108412,1544305.94692358
2016-12-17,789.60293220339,12672277134.4085934939267121092,37919.85045751,32809.6619795,1549416.13540159
2016-12-18,790.632966526008,12690201567.15475094531772275424,26054.76404086,30371.21357664,1545099.68586581
2016-12-19,790.279031677382,12686012321.60807816664176038294,40932.63509537,44700.63649526,1541331.68446592
2016-12-20,799.777520748101,12839867132.7246920273886415441,50913.94130808,56944.35914054,1535301.26663346
2016-12-21,828.4836792519,13302370984.354395590569582233,60231.44963877,71539.77737115,1523992.93890108
2016-12-22,858.50143395675,13786050913.5807229223400345,74263.88612128,84933.86458813,1513322.96043423
2016-12-23,915.562438340152,14704091702.54855436120817024648,99117.37396724,101937.44822254,1510502.88617893
2016-12-24,891.155272063121,14313634478.37419727814456700037,49726.13754985,46522.80940748,1513706.2143213
2016-12-25,896.003279310345,14393350625.22614613735482776965,43450.35471868,44188.74899839,1512967.82004159
2016-12-26,903.201246639392,14510581584.57261464269449615232,43332.5294517,47351.59321663,1508948.75627666
2016-12-27,925.950810461719,14877875393.00062967063178346286,57296.82542875,60144.98721772,1506100.59448769
2016-12-28,979.960973991818,15747701991.6426937679766588502,71598.7619613,70684.77867319,1507014.5777758
2016-12-29,973.462559438925,15645099508.1843286132500289435,61227.55374095,55140.12059069,1513102.01092606
2016-12-30,961.182658153127,15449628184.76118995719445231387,66872.66616081,65557.2110041,1514417.46608277
2016-12-31,968.970597019287,15576600691.45347817216133707347,37208.38636106,33180.75795127,1518445.09449256
2017-01-01,997.257357977791,16033266654.24356431818721289416,33184.16756262,26495.97010303,1525133.29195215
2017-01-02,1017.07788609001,16353949884.1826247231575977371,51242.12807786,43668.65795307,1532706.76207694
2017-01-03,1032.60905318527,16605797782.6060983841904388828,67585.88142634,54510.51179517,1545782.13170811
2017-01-04,1134.49644535359,18246459272.8670500350682152804,102834.62777039,78307.43432018,1570309.32515832
2017-01-05,1000.49812893045,16093073534.6352517948016311995,120529.95910282,120461.99376576,1570377.29049538
2017-01-06,892.463955639977,14357133340.00649180631715160859,88881.45268724,118085.81283487,1541172.93034775
2017-01-07,903.453283635301,14535477925.19915499625939544327,68168.56805461,67081.28546387,1542260.21293849
2017-01-08,912.484997077732,14682692156.10263597869352256008,45374.43243211,45563.89922827,1542070.74614233
2017-01-09,903.508666803039,14539791012.75233376406391926449,56404.89524764,57103.49142768,1541372.14996229
2017-01-10,906.498947399182,14589725358.59504578476373013034,62262.88425555,71062.81251275,1532572.22170509
2017-01-11,788.314655990649,12689105756.60110470327771446469,142228.97476526,128525.31930311,1546275.87716724
2017-01-12,807.109833547633,12993377591.84082895205798585408,82765.49134817,91423.68059095,1537617.68792446
2017-01-13,826.746927410871,13311058415.80094243744875483941,54094.39338064,76192.55983646,1515519.52146864
2017-01-14,820.045157276447,13204919504.57305152479837457096,38558.65610195,45902.73070174,1508175.44686885
2017-01-15,824.547065166569,13279133499.88520116449158391333,33984.17658464,32612.09910036,1509547.52435313
2017-01-16,830.838035067212,13382203212.48578673630254549012,46765.35568254,53356.44550855,1502956.43452712
2017-01-17,906.026828112215,14595049001.04549974881726363665,65695.39578368,64718.30550003,1503933.52481077
2017-01-18,881.259815371128,14197733304.64966077527216294256,55883.79454857,64618.3864603,1495198.93289904
2017-01-19,902.263869959088,14538086246.36950132199036829168,50049.15077895,57651.7036555,1487596.38002249
2017-01-20,895.174516189363,14425971057.59524323784052496224,57152.21280538,64529.45807178,1480219.13475609
2017-01-21,924.46825949737,14900138988.9350285266857346154,34863.33073272,36460.5400336,1478621.92545521
2017-01-22,922.467077381648,14869891254.85207032454332383632,33887.16395438,40087.79773233,1472421.29167726
2017-01-23,919.115744126242,14817454247.528802321243403352,49967.40793561,49461.25854926,1472927.44106361
2017-01-24,887.743193804792,14313337496.11546303374798838528,46221.07370737,49095.44566103,1470053.06910995
2017-01-25,895.690033255406,14443134884.82899998883487840766,44049.18888862,60380.05914391,1453722.19885466
2017-01-26,916.6674685564,14783175189.419712080170094996,39857.6435826,43408.09713004,1450171.74530722
2017-01-27,920.454463471654,14846204348.19921678221492309,36949.97310482,39017.07235033,1448104.64606171
2017-01-28,922.774948568089,14885385214.56434132587193838233,22859.33768173,20721.07830052,1450242.90544292
2017-01-29,915.63202314436,14772073272.831842941100219782,19302.90261481,22118.65151948,1447427.15653825
2017-01-30,920.313260783168,14849253173.21636286142067578816,28411.03308575,29282.532512,1446555.657112
2017-01-31,968.499105669199,15628487117.56453603740694710729,40676.50793893,37579.82411568,1449652.34093525
2017-02-01,987.532590414962,15937996943.63664145543604688596,46539.93646821,46424.84120955,1449767.43619391
2017-02-02,1007.7043659848,16265531107.6137271044254756,38151.83954756,40032.68705279,1447886.58868868
2017-02-03,1015.30203945061,16390057474.0205999318240494718,51177.08632859,50520.21338814,1448543.46162913
2017-02-04,1033.78597299825,16690305095.27906025660940737,33417.95411548,40299.92470428,1441661.49104033
2017-02-05,1014.56787574518,16382048518.6507602807408570294,27013.92218125,32233.4381202,1436441.97510138
2017-02-06,1023.3174811806,16524925787.739786034138368192,39709.33907002,39137.51200768,1437013.80216372
2017-02-07,1053.62445902981,17016323283.7024781199505084925,45319.74977334,45747.75580877,1436585.79612829
2017-02-08,1052.36764535359,16997945969.919444225462398098,43716.13759955,51832.35177829,1428469.58194955
2017-02-09,982.751939450614,15875582287.6119327222245404554,88974.37927414,69876.43815629,1447567.5230674
2017-02-10,996.650153126827,16101928309.85863991684627290692,43348.77732557,53653.23088519,1437263.06950778
2017-02-11,1011.37532220923,16341586121.8009241972000376462,31420.21152125,26837.12702962,1441846.15399941
2017-02-12,1006.29646487434,16261284050.1692223623914467426,14342.51198881,20944.49874467,1435244.16724355
2017-02-13,999.953184979545,16160816994.28722253490743134735,36369.34781901,36406.94467205,1435206.57039051
2017-02-14,1012.2134635301,16361100689.364063123569471978,37399.32447214,38411.87420288,1434194.02065977
2017-02-15,1013.90384050263,16390185070.0592364903417732858,29453.06473844,31891.63861026,1431755.44678795
2017-02-16,1036.80686475745,16762379131.786458305108627124,41840.21693323,36863.52704707,1436732.13667411
2017-02-17,1058.66992033898,17117844192.4154618109471904512,33956.67334462,27507.19695543,1443181.6130633
2017-02-18,1060.66880488019,17152166565.9073080701515510279,20100.07280253,23082.26974606,1440199.41611977
2017-02-19,1058.78640035067,17123499507.4084721209000127247,17286.79507344,38069.01346669,1419417.19772652
2017-02-20,1088.68842922268,17609111950.3154691693861115112,26312.32624705,24812.08614329,1420917.43783028
2017-02-21,1128.85529316189,18260742628.9665679888856102658,41114.0383538,32846.78518145,1429184.69100263
2017-02-22,1129.70179064874,18276384592.409335958579504211,32695.57479873,29570.45692532,1432309.80887604
2017-02-23,1188.86178550555,19235707719.648470833593752305,48325.03288939,37415.14105916,1443219.70070627
2017-02-24,1185.48889158387,19183549945.1445641980659584661,50896.04330087,52658.07771205,1441457.66629509
2017-02-25,1151.60473687902,18637641423.1621136964832458804,27878.87749604,26179.61406168,1443156.92972945
2017-02-26,1181.71086586791,19127510160.8391202460086814709,20060.64519695,24022.68610061,1439194.88882579
2017-02-27,1194.15245014611,19331042677.8968852654054300001,30629.69036781,27925.71053759,1441898.86865601
2017-02-28,1188.39994073641,19240193375.1757498481577085475,39167.83423196,33880.86761146,1447185.83527651
2017-03-01,1228.45965061368,19890971249.3226002320149978648,40264.26900399,37686.14038051,1449763.96389999
2017-03-02,1262.93146738749,20451610466.8588849898310503544,68313.71437231,56227.4503972,1461850.2278751
2017-03-03,1289.36319111631,20882073159.3722863297153228747,67039.57321593,55376.38318602,1473513.41790501
2017-03-04,1268.94066440678,20553410845.3840961684665080218,50130.49069355,24033.69135842,1499610.21724014
2017-03-05,1276.27368293396,20674531088.9906955427137922696,26738.66297222,28050.25885598,1498298.62135638
2017-03-06,1282.25465663355,20773693697.9682945894342049035,39791.70599666,33254.51629354,1504835.8110595
2017-03-07,1234.47646206897,20002004351.6064007694263388388,45460.99622977,42830.06048631,1507466.74680296
2017-03-08,1152.13938924606,18669956332.4421394079687693916,52697.68007914,44285.74906474,1515878.67781736
2017-03-09,1193.45552659264,19341675646.4429761973042397248,40952.60460195,35016.19950334,1521815.08291597
2017-03-10,1098.53014903565,17805414528.1530685304542629925,57916.0770163,52222.0772782,1527509.08265407
2017-03-11,1176.822921391,19076606822.56936960277297113,42927.98381679,51777.77432587,1518659.29214499
2017-03-12,1231.74835663355,19969348981.2464925856391504055,34926.77900087,30053.55641997,1523532.51472589
2017-03-13,1239.39629631794,20095585303.9993068080655527544,50858.29089389,58885.65500254,1515505.15061724
2017-03-14,1246.53656487434,20213788443.9207505193779778976,48395.318384,48673.13414817,1515227.33485307
2017-03-15,1258.65138147282,20412475944.7997419486494606828,57653.49467661,50692.98263934,1522187.84689034
2017-03-16,1178.02075037989,19107082612.795194480349367076,112391.48259435,96007.95064424,1538571.37884045
2017-03-17,1072.08253816482,17390865796.4090135055804376542,124286.87990745,101006.96324879,1561851.29549911
2017-03-18,962.569056165985,15616273829.91828759910878431695,109469.24473336,71849.03899318,1599471.50123929
2017-03-19,1020.22025353594,16553684315.8390394189657525484,60802.9222591,54274.23125537,1606000.19224302
2017-03-20,1037.7563458796,16839982096.979826570994997668,60347.12947905,67657.43221893,1598689.88950314
2017-03-21,1111.81826358854,18043780427.8312446826294663012,64004.25281973,65618.34370011,1597075.79862276
2017-03-22,1037.30257013442,16836521393.3860409289897245814,75315.81616548,80878.30082396,1591513.31396428
2017-03-23,1028.17285628288,16690238569.8345506647384767744,61655.54354048,64339.50145106,1588829.3560537
2017-03-24,935.063496201052,15180859744.88836191742631750124,170357.85758389,156069.8175193,1603117.39611829
2017-03-25,968.543329281122,15726018757.78431927670363273592,73688.91895775,79034.22573738,1597772.08933866
2017-03-26,962.95805458796,15637330055.0697900895813516664,54082.48154678,51809.39183037,1600045.17905507
2017-03-27,1042.91919777908,16937527769.78211937782759125,80120.1823324,84016.07189723,1596149.28949024
2017-03-28,1045.16293161894,16975992129.243469561173152481,59132.86806573,57933.69819798,1597348.45935799
2017-03-29,1039.68861578025,16888869366.9131507353797549075,52927.47045768,66629.17212189,1583646.75769378
2017-03-30,1037.98766142607,16863366665.0685833725444732916,78847.16586911,83262.93200437,1579230.99155852
2017-03-31,1081.74353109293,17576059202.6793150098884072768,93005.53646361,84465.30286734,1587771.22515479
2017-04-01,1089.52477182934,17704285729.0077745779396381182,49209.38160029,60228.67306303,1576751.93369205
2017-04-02,1105.56295575687,17967082465.0059407023983797277,65793.96233263,65645.6891988,1576900.20682588
2017-04-03,1144.6647710111,18605064800.697920680714719826,63186.64253099,62206.37862136,1577880.47073551
2017-04-04,1141.92191870251,18562267490.4010992622812047309,57159.77235913,76578.10477108,1558462.13832356
2017-04-05,1135.81164377557,18465243241.9031810388346560692,56137.55999403,61876.493408,1552723.20490959
2017-04-06,1194.59645938048,19423121348.04100666512636224,61187.98962511,62897.57587732,1551013.61865738
2017-04-07,1191.73145108124,19378952008.5567270346728259332,67397.3091944,58918.27582363,1559492.65202815
2017-04-08,1184.41772033898,19262050478.6518620180358018716,26449.76765811,31789.42699957,1554152.99268669
2017-04-09,1213.63413980129,19739605878.4196896657840932789,38366.17496406,35094.6327966,1557424.53485415
2017-04-10,1211.64987621274,19709558488.6137196439049358316,41988.74741118,49791.95152779,1549621.33073754
2017-04-11,1229.78493290473,20007123392.3051400440058070186,51971.05629542,45952.96148005,1555639.42555291
2017-04-12,1216.11436785506,19786878325.7815306771315048196,41974.5356649,49283.93887807,1548330.02233974
2017-04-13,1172.5583396844,19080058200.158035553609088996,55334.91759357,57446.33724124,1546218.60269207
2017-04-14,1174.33323354763,19110979963.0255407690432239024,72592.8744785,64945.37142951,1553866.10574106
2017-04-15,1175.56218901227,19133184038.4607765835597787588,57558.7698085,48461.6881167,1562963.18743286
2017-04-16,1173.6913798948,19104877159.588466680820563268,32130.87195115,34475.33701581,1560618.7223682
2017-04-17,1191.90120146113,19403345355.1546098564152546242,37873.09456839,46359.09101727,1552132.72591932
2017-04-18,1202.13145803624,19572080902.3397826585332999304,46397.6144261,55715.72238099,1542814.61796443
2017-04-19,1209.56090888369,19695202985.7113913228442257783,52274.30677745,66079.15238629,1529009.77235559
2017-04-20,1235.80307451783,20124634252.1024837728124968353,51186.61995126,63524.16144613,1516672.23086072
2017-04-21,1247.33607025132,20315048993.1109339755798135488,47602.07128295,53436.63320046,1510837.66894321
2017-04-22,1243.55039257744,20255646547.6507398642647868832,35422.15811005,35025.94161253,1511233.88544073
2017-04-23,1250.00148322618,20363116159.6665623078570306478,33781.02773423,32787.15825369,1512227.75492127
2017-04-24,1257.23944225599,20482974661.2788781420215309631,37027.31900362,46965.27064489,1502289.80328
2017-04-25,1279.86471741672,20853953927.830392231723301764,53022.75212556,48601.02695231,1506711.52845325
2017-04-26,1296.48545745178,21127249693.5002467228237088652,55850.09833665,58728.62297074,1503833.00381916
2017-04-27,1345.8899556692,21934807898.820465085462080316,60184.68372237,53516.80783948,1510500.87970205
2017-04-28,1347.98515552309,21971246252.1613252566649780317,73393.67543801,59347.79599167,1524546.75914839
2017-04-29,1357.71525341905,22132776325.4993130497421861835,52738.40276697,54151.62280904,1523133.53910632
2017-04-30,1381.9563722969,22530551030.482908702655393176,47001.4812741,37847.27693117,1532287.74344925
2017-05-01,1436.9414880187,23429688179.586035992392588306,77119.96348485,63598.65178259,1545809.05515151
2017-05-02,1463.81906846873,23870824853.1342337644524908482,70949.02758769,62785.34206559,1553972.74067361
2017-05-03,1519.40894447691,24779848415.5986351836280808257,63568.03392442,71799.44858546,1545741.32601257
2017-05-04,1539.8300515488,25116127312.487246526239449536,97768.7871054,82543.7180196,1560966.39509837
2017-05-05,1529.85044301578,24955817064.9584655967505551626,82264.79920053,86208.1820373,1557023.0122616
2017-05-06,1573.28550961426,25667659227.9807133543715234434,68426.1511701,68408.55811251,1557040.60531919
2017-05-07,1526.26777171245,24903765677.1648531017053940715,67970.45060097,63792.56264924,1561218.49327092
2017-05-08,1685.08649631794,27498966293.8642137874278509576,111650.6077075,95014.24047832,1577854.8605001
2017-05-09,1719.22801355932,28059453523.55414672910963632,95272.5608109,96839.04084268,1576288.38046832
2017-05-10,1782.499,29095394454.85681780913,91305.68726656,105908.76332908,1561685.3044058
2017-05-11,1835.48754821742,29963413902.8703477737374672812,85426.00110715,80164.13221961,1566947.17329334
2017-05-12,1704.66164108708,27831028039.3293682412904422852,73138.06381538,89644.42569699,1550440.81141173
2017-05-13,1779.84025669199,29061941147.5224801000493051848,52798.67402579,53733.48215874,1549506.00327878
2017-05-14,1794.59355055523,29306517727.0960646293142984604,40635.60285575,41364.06375334,1548777.54238119
2017-05-15,1736.88284611338,28367766910.8482533160961115872,70308.98214901,71649.62903555,1547436.89549465
2017-05-16,1757.02694856809,28699671041.1694323434081677242,99408.20730598,107234.98846597,1539610.11433466
2017-05-17,1808.74606469901,29547967093.6758993693115950738,134034.15801845,138292.60126542,1535351.67108769
2017-05-18,1894.24726455289,30948090757.2181277469885498436,100710.80859723,84849.51726889,1551212.96241603
2017-05-19,1967.54554769141,32149666891.4129958714773439756,107334.05113141,116276.51673376,1542270.49681368
2017-05-20,2048.11767799532,33470438622.968808000735564668,84727.72519539,79087.77717668,1547910.44483239
2017-05-21,2045.22249316189,33426883468.0591911038460662476,77963.64743858,57031.9780834,1568842.11418757
2017-05-22,2078.94350002922,33981809835.2097619697486060248,121097.45602064,114886.24198446,1575053.32822375
2017-05-23,2257.28836382233,36901723759.6902810887376404044,105022.65426556,104992.6234308,1575083.35905851
2017-05-24,2415.00722665108,39484730821.8975877108563458788,132328.94816001,116745.56816104,1590666.73905748
2017-05-25,2319.60137866745,37929596573.3084329884428137465,156071.76409564,118520.67782162,1628217.8253315
2017-05-26,2279.4185836353,37276895994.592234540479410556,107236.60354995,104316.37083174,1631138.05804971
2017-05-27,2044.30049982466,33436141687.8776311474418582768,91162.20856848,74723.05847559,1647577.2081426
2017-05-28,2225.7008666277,36407677792.797504221977536819,56938.69769945,59375.69697637,1645140.20886568
2017-05-29,2284.71579748685,37377347497.670232060740036851,53218.48417464,67991.90369805,1630366.78934227
2017-05-30,2167.26447790766,35460724159.6808756701122438104,102704.69648147,104879.91687481,1628191.56894893
2017-05-31,2299.43261025716,37627969488.0600691676548528756,84557.5869213,105296.37467965,1607452.78119058
2017-06-01,2399.88763194039,39276917594.281714477626565416,103508.21603942,116576.04655368,1594384.95067632
2017-06-02,2479.4238943308,40583144831.741785341045745596,71161.51113657,69501.83516277,1596044.62665012
2017-06-03,2549.55195151958,41737117944.7181864420479469772,80328.01571055,90668.0409857,1585704.60137497
2017-06-04,2524.99383354763,41340173928.8318483554988622853,59987.94999262,57182.48229975,1588510.06906784
2017-06-05,2685.31891671537,43970582994.8507551842144697836,81871.33027633,75987.09485205,1594394.30449212
2017-06-06,2871.34167735243,47022020458.4229034487199133518,80552.84855148,70362.28653124,1604584.86651236
2017-06-07,2706.76000885447,44332360489.9114948485193338634,73871.9547605,82795.7695035,1595661.05176936
2017-06-08,2802.56354681473,45907248109.300101451714412066,68649.43434092,76589.12788924,1587721.35822104
2017-06-09,2804.87226691993,45950360176.6923400241595386091,59485.30210863,61801.68861186,1585404.97171781
2017-06-10,2916.3278597896,47781403186.462315231297394472,66503.7705032,50793.53085775,1601115.21136326
2017-06-11,2974.21455920514,48735252518.5232387144193653898,67613.25612981,58346.28495482,1610382.18253825
2017-06-12,2665.43326995909,43680483639.3929360641889399646,87485.92954719,71845.39693939,1626022.71514605
2017-06-13,2707.13782402104,44368699238.2953069903793024584,83687.51571789,85754.85818783,1623955.37267611
2017-06-14,2443.82445137347,40057395197.5306068168286137379,87399.27104641,75650.87600142,1635703.7677211
2017-06-15,2409.886764173,39505722189.92488594068085109,88655.03401114,101511.86945465,1622846.93227759
2017-06-16,2476.35909538282,40599996749.8581623091519500676,76564.28999992,70153.55294947,1629257.66932804
2017-06-17,2652.75536335476,43496828049.154831637312996094,58419.50691778,51871.44080598,1635805.73543984
2017-06-18,2508.21420742256,41131354738.0078597858103670352,58121.40624507,69428.6739348,1624498.46775011
2017-06-19,2589.64221338399,42471552960.9854525380175825937,62044.7091057,59640.44685745,1626902.72999836
2017-06-20,2733.22655628288,44831129769.8073453048551150592,83044.25733095,58933.7869724,1651013.20035691
2017-06-21,2639.26131420222,43294504868.198529802563876039,78152.00103676,80396.51053396,1648768.69085971
2017-06-22,2686.64751431911,44076497262.9891009320734006352,54360.02067739,63652.31094139,1639476.40059571
2017-06-23,2685.87047101111,44069121017.0602425289128546309,47367.40719473,52808.55477481,1634035.25301563
2017-06-24,2562.18914874342,42044463424.7314912862935298214,46989.18590232,41981.83454541,1639042.60437254
2017-06-25,2497.72894137931,40990507139.0059032606955194027,57488.5425403,49855.23297055,1646675.91394229
2017-06-26,2426.36505119813,39823653207.1272899276367050291,82502.59630341,76537.29858782,1652641.21165788
2017-06-27,2530.34553600234,41534416501.004727248284532763,75962.83760405,74368.37693664,1654235.67232529
2017-06-28,2562.79226420222,42072043566.3992290045149286404,64070.07330332,81332.11570142,1636973.62992719
2017-06-29,2540.44303161894,41708958365.0119031224601766192,55228.33100382,51926.64124196,1640275.31968905
2017-06-30,2452.71206428989,40273314034.1382238416174972306,63269.97933969,81100.94053624,1622444.3584925
2017-07-01,2412.3662131502,39615784095.919446101006528786,50452.96387483,55717.9225602,1617179.39980713
2017-07-02,2518.8721873758,41370740410.530778865706595878,44346.48074021,43199.95187537,1618325.92867197
2017-07-03,2551.92743173583,41919072872.9677185473753438207,55492.81770017,70278.95299193,1603539.79338021
2017-07-04,2599.74474991233,42709513005.9959869006797407931,60241.21994615,53407.44525978,1610373.56806658
2017-07-05,2608.10489117475,42851713916.280330853716051765,56281.22117626,58520.02793263,1608134.76131021
2017-07-06,2603.19547369959,42775671822.7822679670923165679,47295.99756371,56365.32074466,1599065.43812926
2017-07-07,2495.78092220923,41015254601.1470177231223446687,62780.79673712,67292.97920376,1594553.25566262
2017-07-08,2553.4941581239,41968971042.301414457798409623,48237.7991043,57588.37204863,1585202.68271829
2017-07-09,2506.17321355932,41195531944.877199375254046894,59097.52299975,44581.73571516,1599718.47000288
2017-07-10,2319.36689736996,38130591475.4322488071278246828,72569.63448806,63611.2198558,1608676.88463514
2017-07-11,2319.16744061952,38132327588.873333574089515008,78974.54337882,70883.7717706,1616767.65624336
2017-07-12,2374.88626645237,39053724810.4255889330949430769,57266.53641794,63078.95063016,1610955.24203114
2017-07-13,2343.73834824664,38546113667.8528441050628917912,47513.53466106,64964.0336775,1593504.7430147
2017-07-14,2214.82523728814,36429802297.1090071689063447234,75284.36573087,56600.41893199,1612188.68981358
2017-07-15,1989.63319023963,32728965772.944728061343836189,65961.88864029,51982.26125359,1626168.31720028
2017-07-16,1910.74954161309,31435242737.0824701865084226961,75434.06154225,59490.81349774,1642111.56524479
2017-07-17,2215.74629614261,36457083232.4952959059067191786,73899.62212729,76272.42389704,1639738.76347504
2017-07-18,2303.7611458796,37909999048.264825631452908308,80941.07411695,76409.91591245,1644269.92167954
2017-07-19,2257.06523588545,37145789011.8485331023865104445,67901.0030435,81526.81632832,1630644.10839472
2017-07-20,2823.89792635885,46480191038.470751624178693093,97844.76366523,74905.29185748,1653583.58020247
2017-07-21,2666.1397182934,43888688549.801470939200100944,66418.42776776,72020.69151446,1647981.31645577
2017-07-22,2829.75405496786,46587687276.1516410075690701004,50960.50194591,51584.55503816,1647357.26336352
2017-07-23,2753.24386493279,45333980388.0445965098122638348,37687.42496784,58580.41226086,1626464.2760705
2017-07-24,2755.1595242256,45371653214.67217766031083856,55796.9018799,53452.89590486,1628808.28204554
2017-07-25,2558.69299894798,42140998437.2407343778704183202,79600.4424443,91974.33292657,1616434.39156327
2017-07-26,2522.32464628872,41546656038.3208881702676905384,57527.43121402,89239.31347601,1584722.50930128
2017-07-27,2665.14754649328,43904304358.920056909938616136,75546.00276763,90917.82383747,1569350.68823144
2017-07-28,2793.83348486265,46029450421.365524833212695241,132596.19077099,125309.21826258,1576637.66073985
2017-07-29,2706.4507654588,44595098883.190990162789066828,66322.15917193,60498.11488626,1582461.70502552
2017-07-30,2749.3845277031,45307584907.52152067494778707,104343.55386913,189177.50899514,1497627.74989951
2017-07-31,2862.61129088252,47178656876.359045582118956844,126444.84036677,137745.48306504,1486327.10720124
2017-08-01,2727.38918199883,44955142942.6538489541672717744,90298.46107169,96912.32300195,1479713.24527098
2017-08-02,2690.14567197545,44346375082.6217356597158591015,121933.11815855,105328.03695645,1496318.32647308
2017-08-03,2789.74631244886,45993078912.946436539840473099,124262.21607516,117500.30747883,1503080.23506941
2017-08-04,2860.27284324956,47162212561.1249673590693268628,96846.92458913,90544.74931795,1509382.41034059
2017-08-05,3237.42336329632,53388101324.1567948342786097984,86530.25437409,83355.78348011,1512556.88123457
2017-08-06,3230.11670894214,53273260549.7180061214895523654,62244.53318319,71546.16620014,1503255.24821762
2017-08-07,3392.56241864407,55958912892.133324492578172272,108475.10361303,145079.83257431,1466650.51925634
2017-08-08,3425.67661659848,56512140518.2758392009869682232,127065.56993147,67855.17594339,1525860.91324442
2017-08-09,3347.21543161894,55223568848.8175617191343034664,87748.94454457,76973.48367104,1536636.37411795
2017-08-10,3437.03215546464,56711154619.9256401087532964192,104337.07584745,89409.44390672,1551564.00605868
2017-08-11,3660.52053728813,60405309923.4536593731227139639,106773.32884434,118235.74247657,1540101.59242645
2017-08-12,3871.08240619521,63886499823.2732642081558142963,102056.93774908,94228.02285846,1547930.50731707
2017-08-13,4063.80105271771,67074554585.0245565871858727942,91040.50336068,75132.57813994,1563838.43253781
2017-08-14,4304.60393120982,71056091038.3306502370642226764,102158.88348118,85752.17914357,1580245.13687542
2017-08-15,4160.0305458796,68677522428.055090815889811992,105521.27609568,105619.86829288,1580146.54467822
2017-08-16,4364.67857463472,72063128584.8299219266144347744,113511.43247899,105283.64250502,1588374.33465219
2017-08-17,4308.51686142607,71145509600.3207123610643564372,68895.41972627,71990.38570528,1585279.36867318
2017-08-18,4108.50716218586,67850449314.961073621109695747,119772.62823146,101121.10121904,1603930.8956856
2017-08-19,4160.33245686733,68714177176.7633362566928834069,93411.65192409,103508.66660585,1593833.88100384
2017-08-20,4085.8103943308,67489972146.054179401031481428,87131.46845882,77229.89822614,1603735.45123652
2017-08-21,3992.62603524255,65956479620.7685182249950715195,104437.72741553,103409.83654306,1604763.34210899
2017-08-22,4074.33046125073,67310734591.7686032142833391251,107454.86213018,107008.04023894,1605210.16400023
2017-08-23,4146.9153452367,68518128669.483822109598623935,98508.8923031,78650.96205123,1625068.0942521
2017-08-24,4325.81642799532,71479514205.143067211338551294,62162.62343505,89355.36687948,1597875.35080767
2017-08-25,4353.13177255991,71936367041.9425310475015049095,56963.27823635,57224.25135678,1597614.37768724
2017-08-26,4341.97871677382,71757759427.227190719630484119,51689.75138164,40494.97273369,1608809.15633519
2017-08-27,4344.90344476914,71814513227.3090893767473492646,56456.44314031,63333.83974881,1601931.75972669
2017-08-28,4379.76392068966,72397765180.8020672062731718742,83381.59967828,103692.44251569,1581620.91688928
2017-08-29,4600.45683097604,76054400821.4192105525670518932,94886.08960869,74558.57577052,1601948.43072745
2017-08-30,4586.63273670368,75835493879.9166326782111797408,72283.79660713,67611.05356376,1606621.17377082
2017-08-31,4740.35621770894,78386820017.2677661099653306032,55602.74212466,62967.75378387,1599256.16211161
2017-09-01,4918.16624488603,81337794501.0987885168006326575,64700.52487231,56865.84580573,1607090.84117819
2017-09-02,4595.02001782583,76002945696.5466680443274918326,45134.61394051,43943.63427477,1608281.82084393
2017-09-03,4625.296314436,76512627999.71163163208912284,43209.43881552,49086.73251763,1602404.52714182
2017-09-04,4374.75349649328,72377665590.7279484226540606576,96448.17550536,90776.89537756,1608075.80726962
2017-09-05,4454.05253769725,73700588640.7981833966002708375,81827.26246112,91546.09825371,1598356.97147703
2017-09-06,4607.51652980713,76249266221.9420188243374209056,77718.77546531,78012.39703826,1598063.34990408
2017-09-07,4635.11187580362,76716135705.652841451366100062,58547.7893286,63287.13322688,1593324.0060058
2017-09-08,4345.45765634132,71931549470.8458829164746246792,92378.08514237,79585.32916627,1606116.7619819
2017-09-09,4335.593449737,71777423501.31228579461183448,47414.17965151,51404.70208968,1602126.23954373
2017-09-10,4261.84352104033,70563816637.5046738895586172599,81607.05480782,65576.48957509,1618156.80477646
2017-09-11,4212.54757334892,69756780446.1307159069646502,61555.79768363,62432.5262229,1617280.07623719
2017-09-12,4164.31943424898,68967943043.7273619650636838306,65484.11613983,66867.43291063,1615896.75946639
2017-09-13,3887.11858679135,64386275390.193729094491067269,74715.7082909,76186.42298599,1614426.0447713
2017-09-14,3247.4687390415,53798171461.138298524874913765,101639.61040373,85937.88125922,1630127.77391581
2017-09-15,3699.22294389246,61290338938.4388568110404634048,134022.14253853,122705.47485107,1641444.44160327
2017-09-16,3711.23435067212,61497189146.616458821206120182,47949.10817125,63124.64423356,1626268.90554096
2017-09-17,3711.85620397428,61515659680.6261227149037631152,36867.02224194,47950.97392094,1615184.95386196
2017-09-18,4080.42844301578,67630392416.6534441100165289752,70742.97881411,75044.38268353,1610883.54999254
2017-09-19,3925.73619023963,65074126213.7399565634115588351,55548.55018247,63970.9355484,1602461.16462661
2017-09-20,3895.777078609,64583212982.20698311074724275,42177.53602512,42568.76701604,1602069.93363569
2017-09-21,3617.24346580947,59973710710.1648590393848267984,40318.86807227,44595.14058496,1597793.661123
2017-09-22,3619.2137182934,60012665778.898427894530803914,40579.41714016,39769.65140551,1598603.42685765
2017-09-23,3775.60059409702,62613658233.7145810902132776238,32968.80833678,37596.70374771,1593975.53144672
2017-09-24,3676.89694418469,60983444860.3087453872416190492,30556.05449159,25094.6096999,1599436.97623841
2017-09-25,3918.73807130333,65000641700.0970008271197314178,45371.96656386,43591.20038007,1601217.7424222
2017-09-26,3890.09093687902,64532178189.603049002180110043,37386.29360299,50762.71756169,1587841.3184635
2017-09-27,4207.78748538866,69810133911.9431660508692175226,47515.70813777,55756.51285011,1579600.51375116
2017-09-28,4187.76979631794,69487291906.7240023419379183652,63665.211464,55268.81456473,1587996.91065043
2017-09-29,4155.01011981298,68952490965.8071026458582951888,48594.39779737,44773.75511568,1591817.55333212
2017-09-30,4334.54461250731,71939347197.2122450868065641143,30334.90147553,34198.21584388,1587954.23896377
2017-10-01,4382.08689801286,72735515448.4749118719798541272,27185.98840605,25775.23568133,1589364.99168849
2017-10-02,4386.8757150789,72823227415.16936926367399505,42086.10019442,45185.37960615,1586265.71227676
2017-10-03,4306.56464202221,71499894904.3079905197664852787,50832.59557559,40847.07844303,1596251.22940932
2017-10-04,4216.68482144944,70014724886.3275641386653795136,41518.7384515,46574.99834468,1591194.96951614
2017-10-05,4319.42091583869,71727325779.5772741296165426229,40328.18838995,39871.29841098,1591651.85949511
2017-10-06,4365.91571040327,72508085068.8256829317814723553,39646.67920473,35544.51786391,1595754.02083593
2017-10-07,4438.85593308007,73728225601.5511755422807035073,28028.68289176,31345.39416281,1592437.30956488
2017-10-08,4600.73979661017,76427540535.4746091656788606463,34102.68336458,30620.23592714,1595919.75700232
2017-10-09,4777.53465692577,79374073504.6497675933720676149,67893.59906955,47642.38447513,1616170.97159674
2017-10-10,4741.07791496201,78777862489.3841509708680611234,48467.77169756,44288.83810678,1620349.90518752
2017-10-11,4814.96711805962,80013973235.215718266330582366,43514.27640213,37025.975002,1626838.20658765
2017-10-12,5393.66898275862,89641017955.6873451677473504798,55906.4446902,40509.90167106,1642234.74960679
2017-10-13,5614.07751461134,93313679743.7031897093486946486,65291.22373853,53301.57550646,1654224.39783886
2017-10-14,5785.73831502046,96177115401.5725686656255683412,36432.51593317,34305.7999783,1656351.11379373
2017-10-15,5689.86505961426,94597270274.9144119693277881772,29757.0515754,29039.45481426,1657068.71055487
2017-10-16,5756.14881180596,95711795297.9950682248268069724,32376.96381527,31724.12889607,1657721.54547407
2017-10-17,5590.41632437171,92967497516.9025661449488904965,33782.67267534,40007.75212376,1651496.46602565
2017-10-18,5583.8704257744,92869180097.057382599949788784,38800.2402021,43003.89449317,1647292.81173458
2017-10-19,5708.31299094097,94951570768.5952650000155114576,34924.57124909,33439.74979867,1648777.633185
2017-10-20,6000.88313033314,99831583429.8111612476116771484,48650.91898789,41323.28968804,1656105.26248485
2017-10-21,6030.20789275278,100330967303.1758591983846319034,38503.15626867,35899.79154629,1658708.62720723
2017-10-22,5996.59813880772,99785408420.9961946707991699116,40880.21220133,40279.11531462,1659309.72409394
2017-10-23,5888.25001665693,97995045387.6064969812219949893,114104.64241497,132516.21618047,1640898.15032844
2017-10-24,5517.77535330216,91840948942.27969827287199504,94687.78091285,107270.18404578,1628315.74719551
2017-10-25,5736.01780157802,95486763245.2423155043103945826,41471.35730319,51155.23612433,1618631.86837437
2017-10-26,5900.31772910579,98235119083.1354014394626545169,36229.76727493,33674.85916104,1621186.77648826
2017-10-27,5771.94504617183,96105329948.1441803088742226613,26719.43619817,42138.38105079,1605767.83163564
2017-10-28,5762.38857685564,95952333223.8820590198125619748,25523.94349546,27703.37851622,1603588.39661488
2017-10-29,6174.72884482758,102830297805.967631242097561139,49997.70550039,38492.26942567,1615093.8326896
2017-10-30,6119.25638398597,101917736242.4570692213410237594,45749.9586788,43037.69198769,1617806.09938071
2017-10-31,6428.51463705435,107079598512.5558395769095812435,47799.02492893,43758.33854195,1621846.78576769
2017-11-01,6726.41183459965,112054780764.543541530191200807,53090.89143562,51424.92631602,1623512.75088729
2017-11-02,7043.77793892461,117354965529.1027714373272721356,76773.24754357,73117.59221693,1627168.40621393
2017-11-03,7198.63211075394,119945667659.349826076413452783,47433.63183795,47893.28102568,1626708.7570262
2017-11-04,7420.498078609,123654520197.94040635848153928,38661.26780841,28364.85120257,1637005.17363204
2017-11-05,7371.13902980713,122844997029.941988598268881247,34729.12511958,27540.09621306,1644194.20253856
2017-11-06,6985.26384395091,116425740138.2924533775697221769,48112.91026009,50070.92806506,1642236.18473359
2017-11-07,7118.20254383402,118655354623.0742443190041081312,59771.82825069,68308.98883738,1633699.0241469
2017-11-08,7451.21278667446,124219809813.650582532411543793,82300.61893195,60915.41544005,1655084.2276388
2017-11-09,7117.73804967855,118674036439.6205397703149813315,73795.87751707,77871.55242024,1651008.55273563
2017-11-10,6620.56733635301,110394640690.2210522346190645751,79022.95844443,69850.7682083,1660180.74297176
2017-11-11,6346.72144915254,105834744552.6943557443322529554,70105.97151902,58391.62386743,1671895.09062335
2017-11-12,5829.09782758621,97208941680.8806665461980263071,157383.60938332,79162.88563402,1750115.81437265
2017-11-13,6519.44517212157,108732927225.1000394910980747022,213404.10242344,213017.01143142,1750502.90536467
2017-11-14,6592.37439713618,109959806768.1318122403048382774,138474.55090035,140546.41983828,1748431.03642674
2017-11-15,7257.37321215664,121065675321.6165293607239345104,146470.0495838,151260.3219875,1743640.76402304
2017-11-16,7833.7044333723,130694771894.752660046342315607,154239.33468999,142150.57726083,1755729.5214522
2017-11-17,7729.03327001753,128964609345.1811137582104605371,162634.86003474,166931.86751607,1751432.51397087
2017-11-18,7796.15424108708,130097825616.508599480807701514,89349.05415952,87541.69532291,1753239.87280748
2017-11-19,8018.32068848626,133821250649.3633517050853956078,92867.15294755,95089.4745504,1751017.55120463
2017-11-20,8269.87425745178,138037628210.8137114608672085778,91556.47144964,92770.43612514,1749803.58652913
2017-11-21,8091.99808357686,135086085017.3908532245610714514,96629.33317178,112723.55940217,1733709.36029874
2017-11-22,8249.59733021625,137732274883.2000927896366822625,108025.06700921,114116.62966689,1727617.79764106
2017-11-23,8071.66982144945,134777502599.1250742564556526775,101026.7205226,101108.01605836,1727536.5021053
2017-11-24,8232.42233313851,137477016397.6320595930809820743,88054.87742307,85219.1408894,1730372.23863897
2017-11-25,8760.1654421391,146307124232.523825434538383181,58994.86252962,58300.11043371,1731066.99073488
2017-11-26,9319.90331472823,155673360858.2542182021114681047,57489.38895409,61781.03352428,1726775.34616469
2017-11-27,9730.72857948568,162556185991.1265492633621910784,83899.99571538,78823.41671579,1731851.92516428
2017-11-28,9932.19418001169,165941127001.2579565411477919934,86395.57035422,81077.45133164,1737170.04418686
2017-11-29,9800.02755172414,163754159022.2335241808119025368,98354.7847428,91002.30007188,1744522.52885778
2017-11-30,9996.71497194623,167061587627.630567203248898003,87085.04907824,89523.70198356,1742083.87595246
2017-12-01,10808.9583325541,180660238728.773870670425348928,68148.7841549,62783.12667405,1747449.53343331
2017-12-02,10934.8599856809,182786557318.003967199456663063,43740.05905466,36010.37795251,1755179.21453546
2017-12-03,11213.9426554646,187476359551.251332686640635476,47035.29367449,44199.72589511,1758014.78231484
2017-12-04,11562.1285669199,193323542670.467049803939576196,66359.27784221,53938.16653238,1770435.89362467
2017-12-05,11736.7540672122,196269467099.288011212376257444,65244.74952553,66122.09212565,1769558.55102455
2017-12-06,13992.1323372297,234018218656.5197715474235182,80598.21747796,85394.5665019,1764762.20200061
2017-12-07,17032.2933763881,284897231093.6847232615125486,120859.37975194,113722.49600524,1771899.08574731
2017-12-08,16298.4873386908,272654723142.062084443105717892,99854.82755564,75202.95300652,1796550.96029643
2017-12-09,15050.0219541204,251802084162.03134780020549638,66374.39915891,59222.27532276,1803703.08413258
2017-12-10,15474.9995432496,258944112666.204577151002422624,57818.60498266,46938.05686776,1814583.63224748
2017-12-11,16873.4977849211,282381336274.560652975391251334,71849.89856303,65259.63695408,1821173.89385643
2017-12-12,17433.9307381648,291794289206.287087911883077264,75826.25964281,61985.54325232,1835014.61024692
2017-12-13,16515.15257218,276454960254.1678686551433056,64306.61459206,53899.0087481,1845422.21609088
2017-12-14,16602.8928033314,277962079725.581868624034368574,65633.07809667,70475.74386398,1840579.55032357
2017-12-15,17702.0021721216,296400529142.786644525581461376,69220.94532757,66303.7701293,1843496.72552184
2017-12-16,19640.5138834015,328900754243.053588418875813635,51028.43537331,34774.6513919,1859750.50950325
2017-12-17,19250.467650789,322413542662.87838333550130023,44646.30462231,35429.20783224,1868967.60629332
2017-12-18,18982.0250242548,317960756085.217318825436731836,59256.49112535,59456.82891562,1868767.26850305
2017-12-19,17653.3260894214,295735113689.087902964298046498,66842.39610732,66539.83764718,1869069.82696319
2017-12-20,16453.6272603741,275665281880.297234094534912946,89230.51150095,83497.47841737,1874802.86004677
2017-12-21,15633.8336504968,261956195240.43542996755916884,67485.78497816,65032.10235653,1877256.5426684
2017-12-22,14305.7183436587,239730379597.738873287348543261,104643.69715715,73733.13062382,1908167.10920173
2017-12-23,14910.8581049094,249897014242.521963929614827,54319.85908347,49502.47082074,1912984.49746446
2017-12-24,14026.3468661601,235099787897.109549286389556899,46076.9380875,34456.58540551,1924604.85014645
2017-12-25,14080.9422600818,236038639186.125440130527332182,41582.57513051,37521.0002441,1928666.42503286
2017-12-26,15727.1454792519,263661836527.332123610860623943,53018.53873667,43446.20868746,1938238.75508207
2017-12-27,15389.0005739334,258022926528.27569606182138233,66382.51668896,66109.70083805,1938511.57093298
2017-12-28,14289.4522095266,239613730881.719630721495354138,60994.65532919,63739.5883129,1935766.63794927
2017-12-29,14571.7460821157,244377450683.453284932655035244,82621.72704451,69409.00265076,1948979.36234302
2017-12-30,12948.7158828171,217181833260.614292859262309961,67926.64933025,63895.23348384,1953010.77818943
2017-12-31,13921.4806414378,233525857337.398970092359063598,48782.18348499,42324.74995922,1959468.2117152
2018-01-01,13464.6536116306,225889069046.309721623658214246,38221.35155694,48353.92252698,1949335.64074516
2018-01-02,14754.322204851,247556665257.4019044788629499,73692.78468628,57832.8969765,1965195.52845494
2018-01-03,15010.2861595558,251880836192.964551783277476304,57085.58313563,52268.35399267,1970012.7575979
2018-01-04,15070.3007986558,252919562391.941328376338311188,77578.45255892,80432.98343271,1967158.22672411
2018-01-05,16997.2274079486,285288877071.049744666708857774,79098.85137427,77793.4566023,1968463.62149608
2018-01-06,17103.589279661,287110018646.30038002555320027,60866.93777168,60394.51687721,1968936.04239055
2018-01-07,16231.6949994155,272506803029.995299509875422775,59701.33272584,49748.29144239,1978889.083674
2018-01-08,14937.4150894214,250808700833.852712668332230456,70567.08573012,69636.6662121,1979819.50319202
2018-01-09,14378.5862174167,241455084711.060449492371885134,61539.13541393,62269.89817759,1979088.74042836
2018-01-10,14669.0882656341,246363832772.1497080916022054,75231.47700691,68323.58243362,1985996.63500165
2018-01-11,13186.7549427236,221500211810.211219915896191164,59236.13801461,61721.08598202,1983511.68703424
2018-01-12,13789.4436639392,231654360390.864893148868814016,60931.09081621,57460.18063567,1986982.59721478
2018-01-13,14231.2250645821,239102527884.866069550833558937,47526.42035966,39243.62650077,1995265.39107367
2018-01-14,13681.0654611338,229885659812.64543156226898251,37317.86775464,43536.97110418,1989046.28772413
2018-01-15,13591.6961966686,228409454744.712902117385995598,59348.03043959,51533.38641136,1996860.93175236
2018-01-16,11431.0401052016,192122189325.598336120165066256,93812.48853238,79493.15967259,2011180.26061215
2018-01-17,11159.6085905903,187583518961.770573714980420267,94966.76055796,81360.12933881,2024786.8918313
2018-01-18,11246.0397302747,189060672392.106831747899641836,77126.99099758,66362.26979111,2035551.61303777
2018-01-19,11440.2555616598,192349290678.459969871999207426,66366.56695193,73735.70179621,2028182.47819349
2018-01-20,12768.4045856224,214708366096.53857609443083824,54932.75440177,37893.0127784,2045222.21981686
2018-01-21,11422.3942589129,192101096596.448027351634068407,33347.8145041,38271.21077251,2040298.82354845
2018-01-22,10737.3505774401,180602489964.589877648920622751,49329.04355694,47526.78461475,2042101.08249064
2018-01-23,10849.3918793103,182511031584.194901179489416947,47182.52828973,47855.1058724,2041428.50490797
2018-01-24,11225.8961747516,188869372701.117318938905863568,47195.12693928,50994.83317084,2037628.79867641
2018-01-25,11130.4649473992,187285778784.177915212556917472,46606.01026655,38624.07832553,2045610.73061743
2018-01-26,11035.5546098773,185710159814.668493993321367495,61964.63332737,63740.3681458,2043834.995799
2018-01-27,11320.9701852718,190535450013.263332599130737554,25642.81205497,26992.15980498,2042485.64804899
2018-01-28,11615.95871128,195523140191.2315962711624656,36988.05775484,34765.56796224,2044708.13784159
2018-01-29,11132.5543138515,187406934303.971137186573892715,39102.43644,40281.09944108,2043529.47484051
2018-01-30,9959.54671537113,167681155315.0260551774203389363,48624.2204902,48203.87534153,2043949.81998918
2018-01-31,10050.0957971946,169220358167.2147175778846945,43013.05870138,47911.7806883,2039051.09800226
2018-02-01,9039.86507510228,152228490124.3571135323960186212,90108.50553313,60980.45425842,2068179.14927697
2018-02-02,8786.0773798948,147973235767.075801631807265196,102324.64157531,74298.5357103,2096205.25514198
2018-02-03,9132.10032232613,153818916042.4828307142558911925,36681.91589203,39261.86383212,2093625.30720189
2018-02-04,8250.52689596727,138988261291.4843954156640511038,55223.26002633,31328.19555009,2117520.37167813
2018-02-05,6849.54255932203,115403138216.8425858224272071924,87348.42977758,75733.60462014,2129135.19683557
2018-02-06,7738.64395967271,130399428701.5773477791499243306,99366.23624803,74702.3146248,2153799.1184588
2018-02-07,7624.59538953828,128491100334.8091400136306188992,40949.25851497,50143.46987737,2144604.9070964
2018-02-08,8218.58085184103,138514511804.0463071673482351459,48693.47826026,35584.32062703,2157714.06472963
2018-02-09,8660.45346785505,145976369437.045770101143341606,45785.921947,65049.12770969,2138450.85896694
2018-02-10,8530.29280479252,143797692836.22005041687847334,45755.92558124,44365.06618395,2139841.71836423
2018-02-11,8096.72848129749,136504252153.844571700857541455,30156.80683204,58615.1539554,2111383.37124087
2018-02-12,8907.67017913501,150194552558.1890078611450095948,30137.35031575,34723.79478336,2106796.92677326
2018-02-13,8523.96693191116,143742306059.1623655129945877416,35870.86495671,33075.12933558,2109592.66239439
2018-02-14,9467.3010327294,159671225545.305111690207055656,34681.19776427,42117.99273629,2102155.86742237
2018-02-15,10106.7330835769,170472147641.710942885029365018,37055.61424983,37790.6462297,2101420.8354425
2018-02-16,10189.3164833431,171885093746.77613064050277052,38041.75680122,41521.11784899,2097941.47439473
2018-02-17,11085.5984143776,187025253743.345252134639074144,23581.88685723,21347.76688681,2100175.59436515
2018-02-18,10452.0919772063,176358525105.061918573179947897,45881.64233339,44512.62746968,2101544.60922886
2018-02-19,11139.3557305669,187977308411.433267522295627783,29215.55396876,35978.68029624,2094781.48290138
2018-02-20,11245.9323179427,189795615789.442142564246198862,39413.54453487,33480.450929,2100714.57650725
2018-02-21,10458.8650888369,176534515366.040612938286499517,44178.58763371,34688.56762353,2110204.59651743
2018-02-22,9878.15894272355,166751211511.9077316937678104755,36627.66604717,28304.38694353,2118527.87562107
2018-02-23,10159.0656125073,171511934697.354165197411155167,44257.44294027,38869.62381497,2123915.69474637
2018-02-24,9686.60177995325,163553050808.4121418616438975025,24644.05334209,20155.97185801,2128403.77623045
2018-02-25,9603.22747749854,162165847541.7830261807924586104,21748.5493181,17266.77715979,2132885.54838876
2018-02-26,10312.3657130333,174158955811.752387678494368048,35422.99569026,30189.12854839,2138119.41553063
2018-02-27,10654.1072948568,179951719258.249073671516279392,36067.76050402,37441.67533446,2136745.50070019
2018-02-28,10307.0249663939,174109343264.625801359720361311,40334.74072237,40541.45692958,2136538.78449298
2018-03-01,10923.6308617767,184547764147.899094161462635919,42909.34462228,29774.01580232,2149674.11331294
2018-03-02,11014.0584672706,186096958181.244997269703131476,32097.61647296,27149.84155866,2154621.88822724
2018-03-03,11425.6805654588,193077560983.331599120219336112,20778.23235646,24014.40511557,2151385.71546813
2018-03-04,11462.5831975453,193722368144.781696573198967226,19417.25957929,18502.44618707,2152300.52886035
2018-03-05,11540.6623205728,195063431904.73632942538391136,32857.58549362,31473.08331632,2153685.03103765
2018-03-06,10677.0352308591,180486990776.896668315632195889,31053.77904011,28767.00822381,2155971.80185395
2018-03-07,9903.0850490941,167423398664.396499121324236147,40102.99478897,37637.46778803,2158437.32885489
2018-03-08,9330.47545295149,157761648490.231965004027608186,31946.36752809,46364.56338424,2144019.13299874
2018-03-09,9278.13918439509,156893668418.032840298771159118,48782.77206397,48595.10209891,2144206.8029638
2018-03-10,8786.56042314436,148596430306.95575161040593604,17995.88281158,21869.07044573,2140333.61532965
2018-03-11,9513.53539976622,160909070237.820392626251126738,24777.05804204,21407.32195089,2143703.3514208
2018-03-12,9147.89018059615,154743067340.395358154674071585,26711.58778848,28856.22831245,2141558.71089683
2018-03-13,9160.54293278784,154975189713.203577095228723136,34222.43940776,33646.26743701,2142134.88286758
2018-03-14,8222.12723904149,139114167417.362385568211588971,37711.07145358,32627.97745259,2147217.97686857
2018-03-15,8268.58912244302,139915162067.516635236457124552,44097.9457001,37784.8085949,2153531.11397377
2018-03-16,8376.90449824664,141764332492.758346948848819008,27991.10611925,29606.69180166,2151915.52829136
2018-03-17,7881.66192051432,133397905025.337910360117504704,18951.82469654,19891.85374693,2150975.49924097
2018-03-18,8189.01671917008,138615372062.488773639912577968,41150.45622174,21684.12762149,2170441.82784122
2018-03-19,8537.0156233197,144522485138.70353188457140587,41959.06387883,30746.71484246,2181654.17687759
2018-03-20,8895.54717913501,150606160131.377007419196517371,32443.1832785,32170.35590441,2181927.00425168
2018-03-21,8879.5942565751,150352940228.21164543999127121,32425.80040262,29699.1466248,2184653.6580295
2018-03-22,8710.66493512566,147508129826.538686033660535288,27219.46506199,30896.54178207,2180976.58130942
2018-03-23,8771.74632349503,148557077215.3374530928771097608,28091.74261675,28521.45499697,2180546.8689292
2018-03-24,8610.9885163647,145851296752.913544355548150792,21574.74403318,20939.26369572,2181182.34926666
2018-03-25,8440.61092255991,142979716786.7121193091249919176,15124.25432573,16792.97183983,2179513.63175256
2018-03-26,8171.18435447107,138431086788.2358200129169118245,36559.98690301,36322.50007695,2179751.11857862
2018-03-27,7837.26531940386,132788930471.830731935572307451,25134.34201143,25254.78297824,2179630.67761181
2018-03-28,7933.64272969024,134435267323.918341495041653984,26064.37456997,25086.41063691,2180608.64154487
2018-03-29,7108.5708132671,120467962091.474420454064184985,45794.56212434,32761.03406834,2193642.16960087
2018-03-30,6832.14906633548,115797316246.971359108349207618,52612.8410922,43373.01003143,2202882.00066164
2018-03-31,6922.2812969024,117336032805.59008092337849184,29823.43202673,33926.46398915,2198778.96869922
2018-04-01,6804.52487931035,115353783450.5552911345409613725,25016.97610201,23063.72119088,2200732.22361035
2018-04-02,7033.25960958504,119245126357.496678229400897356,32155.17490959,28795.52522569,2204091.87329425
2018-04-03,7420.80051548802,125830793446.859987280426160503,66182.56571733,57352.43126611,2212922.00774547
2018-04-04,6780.54360140269,114986737237.4465695223816261775,39448.86590584,37496.7581685,2214874.11548281
2018-04-05,6798.42261659848,115303192510.122066649331015884,51092.41505447,48548.78783736,2217417.74269992
2018-04-06,6610.49234979544,112127244520.253051923468047652,24609.65865544,40481.34445725,2201546.05689811
2018-04-07,6886.46947194623,116823866081.9316259834306631465,22484.77871477,23772.28412979,2200258.55148309
2018-04-08,7009.99610432496,118933511741.821965236175744168,16356.15442097,13993.44345773,2202621.26244633
2018-04-09,6736.89282378726,114312345807.450527232824251707,27100.56278607,34316.54416784,2195405.28106456
2018-04-10,6816.71861542957,115680812980.7129840633598644725,28669.43756521,30684.19730496,2193390.52132481
2018-04-11,6944.78585710111,117868111083.2361792760369621175,39711.92813317,33508.61619958,2199593.8332584
2018-04-12,7904.33027527762,134168881347.635740959070830685,58546.31945513,42680.99544377,2215459.15726976
2018-04-13,7919.06469462303,134435317905.1425609992230430775,44027.570068,52269.71704742,2207217.01029034
2018-04-14,8006.41794330801,135931951716.9185088465536374425,26388.69796147,18794.77377517,2214810.93447664
2018-04-15,8342.27110140269,141651021555.8256573571778710325,21055.50656458,18713.01538105,2217153.42566017
2018-04-16,8046.98213354763,136651223943.0263953766011366275,26651.23167462,30776.78921352,2213027.86812127
2018-04-17,7887.73795791935,133962964001.4248769100931612375,70941.83922561,81871.96803357,2202097.73931331
2018-04-18,8162.83486177674,138651452568.161316535967912745,36432.10618592,32182.43172039,2206347.41377884
2018-04-19,8272.96731589714,140540536590.647622696493060445,43294.89995523,46619.3943416,2203022.91939247
2018-04-20,8839.5011320865,150179907414.557016622003318975,64330.3525819,65206.92216107,2202146.3498133
2018-04-21,8863.54082904734,150605949404.933393416354212061,43192.36432643,52916.42066845,2192422.29347128
2018-04-22,8800.95908708358,149560185920.224913976725068257,30300.41213815,31953.72923779,2190768.97637164
2018-04-23,8930.78463354763,151783472514.1825533869668292645,39249.15833272,38736.65168139,2191281.48302297
2018-04-24,9652.21378872005,164063731529.1861288313528792075,92780.28990571,92233.59855002,2191828.17437866
2018-04-25,8855.50893658679,150535337359.1005023041551529785,50583.38608454,65138.96932817,2177272.59113503
2018-04-26,9264.72742694331,157507996556.2087877421389846055,41776.73955304,39222.08105895,2179827.24962912
2018-04-27,8981.33079018118,152705962191.951630466200083261,44785.46100065,39330.46765282,2185282.24297695
2018-04-28,9341.82468468732,158850242092.375394360390317314,60734.02876635,62141.29129974,2183874.98044356
2018-04-29,9396.99762974869,159806972877.0824382633850831255,31340.21411363,27406.3023675,2187808.89218969
2018-04-30,9228.7264836353,156963205214.354626213491805435,35854.41048721,37816.25106776,2185847.05160914
2018-05-01,9072.16875745178,154318371549.3277424427680074122,29858.3613157,32651.51533383,2183053.89759101
2018-05-02,9204.12764056108,156579110734.1754564103305822612,30415.11108728,31471.9785942,2181997.03008409
2018-05-03,9750.70014640561,165895717059.1439553261287371679,47492.67862229,35711.97104286,2193777.73766352
2018-05-04,9696.64290999416,164992728890.0460477213737206024,44981.25797809,40574.3708523,2198184.62478931
2018-05-05,9795.92577206312,166701785625.4536939408426743768,27026.0355547,21217.25607208,2203993.40427193
2018-05-06,9595.08681940386,163300448150.2404609247819477854,29787.94139562,32484.52786302,2201296.81780453
2018-05-07,9339.5108471654,158968267897.191487094057950626,44020.96392996,41293.47914614,2204024.30258835
2018-05-08,9212.36963471654,156820197635.074732959587133169,39167.46126518,38907.70796574,2204284.05588779
2018-05-09,9293.04227352425,158212056793.0222225668558107375,32243.02737301,33802.38897429,2202724.69428651
2018-05-10,9037.53050905903,153879420906.8271539717457675705,40924.0209891,47711.32264697,2195937.39262864
2018-05-11,8419.75858737581,143374163246.1665987958729521035,50916.21589861,46348.8527179,2200504.75580935
2018-05-12,8485.77526680304,144515816886.584117684683803944,29411.71307596,21935.61498419,2207980.85390112
2018-05-13,8695.83309380479,148109264820.5454115814423993065,22153.56923298,23804.3522996,2206330.0708345
2018-05-14,8671.07417475161,147701872957.3638201133350462335,40056.41647369,43500.62501185,2202885.86229634
2018-05-15,8488.463421391,144606798197.35784245553500045,31346.65631343,35222.58541816,2199009.93319161
2018-05-16,8327.75620134424,141887673799.424158511505263164,32243.13189029,39844.57129934,2191408.49378256
2018-05-17,8050.51623933372,137177363863.56127818701333097,32309.20025736,34047.71485455,2189669.97918537
2018-05-18,8233.08645528931,140303513702.6239504711058982095,37656.53219061,36883.67047758,2190442.8408984
2018-05-19,8229.48293571011,140257946353.7265288443123211695,15265.66709291,16820.44365544,2188888.06433587
2018-05-20,8511.44883021625,145078909990.9788929706172831875,18094.7314865,18138.13390484,2188844.66191753
2018-05-21,8398.62312653419,143172261405.3130658584788059465,30795.91072298,27657.9077254,2191982.66491511
2018-05-22,8007.52653214495,136520308521.8327961333803391375,27812.48206285,28406.5500099,2191388.59696806
2018-05-23,7520.86767913501,128238492182.1776319440488111725,49459.03305883,37151.248748,2203696.38127889
2018-05-24,7575.62448597312,129185693215.822097460300151008,45836.81143187,43415.77275016,2206117.4199606
2018-05-25,7425.37567445938,126639864443.704077301459882929,28237.19935272,35121.18867984,2199233.43063348
2018-05-26,7326.30318644068,124965017826.205644751436106594,15878.42686406,17619.56669359,2197492.29080395
2018-05-27,7338.19304441847,125182866858.5230779074695827345,14560.95667744,20030.54266551,2192022.70481588
2018-05-28,7110.82388164816,121318022843.956510826544468648,32295.76417294,33792.239158,2190526.22983082
2018-05-29,7453.63372501461,127179664640.7659630450510308095,42140.5381434,44347.27055339,2188319.49742083
2018-05-30,7374.6690490941,125848348159.245473829408963765,30590.61039466,31047.99788737,2187862.10992812
2018-05-31,7478.74186703682,127640237772.868801294430427267,32088.3615988,38681.16784876,2181269.30367816
2018-06-01,7519.83573728814,128357193539.522490311662835109,31418.71854713,32434.06975265,2180253.95247264
2018-06-02,7637.44825306838,130379250198.589441812902936353,21602.14768616,15420.50001583,2186435.60014297
2018-06-03,7702.15793308007,131499605436.8201221410022941545,20373.73235766,19909.8607639,2186899.47173673
2018-06-04,7486.65319959088,127837400289.081784313706215704,30390.47022725,25016.13274825,2192273.80921573
2018-06-05,7611.14985271771,129979876541.4782886597463851225,26848.43172255,27610.73025862,2191511.51067966
2018-06-06,7650.77580713033,130670649498.8660405050389687044,29806.11033883,29335.24656393,2191982.37445456
2018-06-07,7665.9478962595,130943482538.13354680951491816,25425.38662528,29120.06333964,2188287.6977402
2018-06-08,7622.60233021625,130216857183.816183606770028175,23973.3547276,26406.22434853,2185854.82811927
2018-06-09,7556.17169783752,129095529856.9509804233409640504,18715.7451389,15191.02444935,2189379.54880882
2018-06-10,6744.73580099357,115243033476.8174234240198682339,34035.89711148,25841.85183561,2197573.59408469
2018-06-11,6849.45268731736,117044251204.7885381059280146464,39883.32920572,45435.44784195,2192021.47544846
2018-06-12,6526.69968001169,111540839588.5577845286757968386,36503.81387694,36119.97469462,2192405.31463078
2018-06-13,6306.51316803039,107789140440.1920282953010759576,41282.1594278,36152.48854201,2197534.98551657
2018-06-14,6629.77012419638,113326836396.8716437684904925964,41037.67095556,41198.03167887,2197374.62479326
2018-06-15,6399.67404646406,109405898594.1402096926323049792,30233.62302352,30333.57597536,2197274.67184142
2018-06-16,6495.31530917592,111054415629.1092615036159116544,15171.88370773,17384.74833704,2195061.80721211
2018-06-17,6450.69397282291,110304156582.0677146975835551996,21552.81189464,18848.98497832,2197765.63412843
2018-06-18,6703.81258971362,114646121395.0442496732172011412,26886.71058676,25884.65673774,2198767.68797745
2018-06-19,6732.50880917592,115149917753.7761353238316451584,23862.01949515,27047.10077915,2195582.60669345
2018-06-20,6753.20682583285,115517012013.5964605979774252805,24464.42100862,26974.95149437,2193072.0762077
2018-06-21,6720.37323436587,114969657640.7098152894089467185,29606.84042887,30837.05907036,2191841.85756621
2018-06-22,6059.5758591467,103676418199.365878578777256675,44616.75163393,42567.68179476,2193890.92740538
2018-06-23,6174.22577936879,105650371448.3176757979875811975,17079.65007687,18633.13391338,2192337.44356887
2018-06-24,6146.48719491526,105188860295.9923993898767558278,27095.94251687,23364.77049492,2196068.61559082
2018-06-25,6243.53544097019,106861963419.5341368237132230107,37498.52959253,36263.88999185,2197303.2551915
2018-06-26,6096.12876621859,104350132616.9920292598907962627,26239.56263359,25586.02590242,2197956.79192267
2018-06-27,6139.18968322618,105096510904.9511764971735469814,37051.73389578,33218.19613969,2201790.32967876
2018-06-28,5858.63577819988,100305218848.8381333142344406084,32732.16185454,25043.71222107,2209478.77931223
2018-06-29,6220.9137150789,106519491432.559562320199441007,31593.36626879,26943.25421433,2214128.89136669
2018-06-30,6375.5412314436,109178385108.656889114761482404,23359.90629234,21667.08147657,2215821.71618246
2018-07-01,6361.40253886616,108947955192.7598213119439624992,14382.58081797,15000.26297814,2215204.03402229
2018-07-02,6608.367157218,113189218473.44631679538635416,31078.33091954,31456.18966758,2214826.17527425
2018-07-03,6498.3078591467,111313526945.098786339417162743,27619.96178027,44688.83755208,2197757.29950244
2018-07-04,6579.33337638808,112712483433.1309021822773930232,21889.52420216,23263.41579002,2196383.40791458
2018-07-05,6535.29840268849,111969299124.0987705386173632274,35031.47429821,32521.69306906,2198893.18914373
2018-07-06,6598.45909585038,113064628503.0092311669165459284,32575.17772012,37675.41834274,2193792.94852111
2018-07-07,6737.85608036236,115466335325.7954657034291461448,14480.6367943,13888.76879715,2194384.81651826
2018-07-08,6704.91998012858,114915153080.6485150476860414044,13835.99606149,19066.9922637,2189153.82031605
2018-07-09,6664.02409351257,114225570190.2175733925803924613,21420.56946001,26528.17101294,2184046.21876312
2018-07-10,6309.08400409118,108153424172.7251293975766899568,31355.41006032,27726.57822573,2187675.05059771
2018-07-11,6377.97651139684,109345176286.2497973546448769464,23604.93935115,28588.02939225,2182691.96055661
2018-07-12,6159.46667621274,105609860436.2787508006332784584,23238.42353701,24680.15245995,2181250.23163367
2018-07-13,6208.98557188779,106470007126.7994013115434617594,27512.69419302,33986.49720499,2174776.4286217
2018-07-14,6255.11247866744,107271377986.8074265539308893584,10628.86116906,14351.40860908,2171053.88118168
2018-07-15,6347.60427381648,108868108961.5527701099886632928,13493.99770906,13671.19328561,2170876.68560513
2018-07-16,6710.80743746347,115107492547.9340927349109300332,33056.32052747,23368.07540599,2180564.93072661
2018-07-17,7320.59482787843,125581453880.8043410914989475918,34713.88477595,26225.22472444,2189053.59077812
2018-07-18,7376.03833927528,126548604827.3518232902732322144,35993.26631856,32359.60923524,2192687.24786144
2018-07-19,7467.0342980713,128125757556.500946896217282124,27719.94333863,28826.11388935,2191581.07731072
2018-07-20,7327.25668293396,125741438718.3173983241560978728,34423.63936816,26744.11839116,2199260.59828772
2018-07-21,7410.56562039743,127183775645.9037760505773466174,17676.84569941,16210.2133437,2200727.23064343
2018-07-22,7399.48374693162,127010416903.0318580817515644116,11952.67487321,12387.05231854,2200292.8531981
2018-07-23,7716.15862741087,132462078575.7177875497425969256,35482.96384885,26331.75620898,2209444.06083797
2018-07-24,8397.61652162478,144177249065.0913834980969063196,41470.6364744,33760.8370118,2217153.86030057
2018-07-25,8202.72039538282,140849259157.118602084779493296,33291.693171,32261.01085019,2218184.54262138
2018-07-26,7913.93077819989,135906762897.290902315361299992,24098.7681768,24849.60450721,2217433.70629097
2018-07-27,8173.7746113384,140386151038.546642387304967768,27066.77584957,29492.47916229,2215008.00297825
2018-07-28,8190.36005669199,140685854280.0242862321251209746,12199.21067641,11460.59893165,2215746.61472301
2018-07-29,8229.60583869083,141377467178.6177371663409175517,11648.1486161,11833.23894125,2215561.52439786
2018-07-30,8171.83951928697,140398779908.7897271736553062703,29576.46546732,26708.95183464,2218429.03803054
2018-07-31,7725.13303594389,132738197932.6344122930604456069,33831.93973517,27558.18315631,2224702.7946094
2018-08-01,7596.6980119813,130545588661.312704576538879242,26523.33140024,32488.03948644,2218738.0865232
2018-08-02,7542.69466189363,129631992555.4635811256283777502,23959.56574856,20408.40458311,2222289.24768865
2018-08-03,7411.34425014611,127389926459.2260876817018700264,34731.00600653,26033.55325783,2230986.70043735
2018-08-04,7002.2086528346,120372902126.710833084783225904,17290.60437251,18618.62815512,2229658.67665474
2018-08-05,7031.58775102279,120892012705.7245721304842713096,14425.91059817,11815.35210769,2232269.23514522
2018-08-06,6929.99089421391,119156635794.6150436345215799665,20789.77892032,25975.14376808,2227083.87029746
2018-08-07,6722.57843278784,115603003795.485194150379831264,29143.65196802,24690.04726109,2231537.47500439
2018-08-08,6267.3886735827,107787755829.105427050336367815,39291.92489438,33409.57256091,2237419.82733786
2018-08-09,6558.09690794857,112799626411.7474506654936916243,36778.66997976,32451.65289083,2241746.84442679
2018-08-10,6135.75185856224,105548767057.1032129677008978624,26877.99196134,32223.74373409,2236401.09265404
2018-08-11,6313.74931180596,108624141324.5420192741975802696,20409.22953398,19801.24508084,2237009.07710718
2018-08-12,6314.69165575687,108652588482.8842489400602965424,14778.4395128,14634.31878946,2237153.19783052
2018-08-13,6265.84804383402,107823918261.5745203305629744552,31483.44532168,30243.623308,2238393.0198442
2018-08-14,6184.82908562244,106440242655.5744469458038262544,43637.75864814,40692.91652499,2241337.86196735
2018-08-15,6270.21479865576,107922340390.8485247732601137816,32030.45762299,41927.1368672,2231441.18272314
2018-08-16,6290.7504552893,108288222390.637455341515302963,22981.3821227,22507.78229541,2231914.78255043
2018-08-17,6563.07828872005,112988510838.9441771481908052225,29174.11599326,19805.51542786,2241283.38311583
2018-08-18,6399.28744681473,110181522339.7500430487688868485,14730.11916039,13082.7515958,2242930.75068042
2018-08-19,6490.71612711865,111767485648.8838858678669668985,9387.92764342,10261.88451796,2242056.79380588
2018-08-20,6272.95272881356,108029450488.8154500360759871884,23028.73710278,23317.81329379,2241767.71761487
2018-08-21,6473.07603945061,111487842735.8121440335141568481,28597.52040621,22349.45491955,2248015.78310153
2018-08-22,6365.00983167738,109639314166.2187866548210089398,35311.32887996,31102.8931782,2252224.21880329
2018-08-23,6516.40902542373,112259350133.7996602927574266964,27625.72448003,32529.31879345,2247320.62448987
2018-08-24,6697.73187872589,115395254895.6150080074311708882,30691.33491785,27538.21184664,2250473.74756108
2018-08-25,6745.43893921683,116228582999.4983158461923897454,17100.81950906,13706.2419179,2253868.32515224
2018-08-26,6689.86933313852,115285547056.6240958254616982196,16834.8767041,13135.99545555,2257567.20640079
2018-08-27,6839.15895236704,117874048946.5724500674737317472,29206.03910657,27011.4088356,2259761.83667176
2018-08-28,7092.97380829924,122262155771.8433565093491764412,36266.08819212,25022.76580578,2271005.1590581
2018-08-29,7033.42806808884,121247981675.3254147274414953572,31258.50888139,25243.66252464,2277020.00541485
2018-08-30,6966.96374371713,120115626733.4755477035285590151,29657.07352228,23164.17860004,2283512.90033709
2018-08-31,7025.14078024547,121132253239.8893672894999944227,31919.13865929,29941.90377459,2285490.13522179
2018-09-01,7192.35254734074,124029007769.2842331182103424634,21823.80388299,15992.63434473,2291321.30476005
2018-09-02,7286.66779105786,125668549341.9008005135878028104,16888.35012212,15146.69781644,2293062.95706573
2018-09-03,7257.47021391,125178060647.4215982023870178,24943.49615733,20823.39103468,2297183.06218838
2018-09-04,7358.81147895967,126937601872.3862110709382517676,33887.399917,26074.80560631,2304995.65649907
2018-09-05,6790.89732846289,117152434088.974128010078587232,39157.83514748,30079.30348718,2314074.18815937
2018-09-06,6488.07593687902,111940508598.9137748370833921042,48853.51249204,34150.10717132,2328777.59348009
2018-09-07,6408.65362244301,110582390617.6578362880197443641,26849.20088208,31277.55267881,2324349.24168336
2018-09-08,6187.79050233781,106782962630.3261339809752616321,15427.41710174,13694.82214147,2326081.83664363
2018-09-09,6249.24631034483,107856240949.9079068625247629703,18028.36273473,18049.00285341,2326061.19652495
2018-09-10,6295.3886025716,108663237923.101124215064056476,23806.74423093,24482.55972407,2325385.38103181
2018-09-11,6278.42463968439,108381492630.1318097123948642229,24865.73586454,25751.60968088,2324499.50721547
2018-09-12,6327.53636323787,109242573049.282806701165167515,29097.25713209,28166.37111925,2325430.39322831
2018-09-13,6490.91231648159,112075206592.993967741339606583,65268.7491787,64383.87793923,2326315.26446778
2018-09-14,6494.69547895967,112151244738.979589588709342888,23295.12388595,19872.81654567,2329737.57180806
2018-09-15,6524.16566744594,112671557069.802131181895636016,15388.3807814,12190.79285655,2332935.15973291
2018-09-16,6497.40470134424,112220687641.7463867045040266288,8555.98354628,10197.69178052,2331293.45149867
2018-09-17,6258.59487492694,108106617083.933166508761169218,20308.08490501,17762.58944676,2333838.94695692
2018-09-18,6340.34779018118,109530014226.912576706890223932,23799.93805516,21106.13149726,2336532.75351482
2018-09-19,6383.95187580362,110295726992.948705769848976762,23541.04647284,21249.11191129,2338824.68807637
2018-09-20,6498.60711104617,112289138730.936496925510801576,25501.66744286,23719.47644723,2340606.879072
2018-09-21,6741.14289888954,116492037710.8163581069282295058,39707.23648277,35000.83517797,2345313.2803768
2018-09-22,6705.47605113969,115888679519.13030619396460916,15768.62358811,22270.93396695,2338810.96999796
2018-09-23,6703.13684950321,115860820198.54162473944782644,11979.26537679,11050.15761696,2339740.07775779
2018-09-24,6576.5450032145,113684901515.99105220922442215,19403.28233559,16392.91276504,2342750.44732834
2018-09-25,6416.44402162478,110930883871.087133073153150932,24208.83556655,29261.87182587,2337697.41106902
2018-09-26,6463.25040356517,111751327298.902807235028800457,28060.02190654,25080.19913157,2340677.23384399
2018-09-27,6677.90048860316,115474621398.5755149990333671364,26991.09477853,26651.03865026,2341017.28997226
2018-09-28,6623.12615984804,114540210219.8082730551750206196,30120.54146886,31832.80656095,2339305.02488017
2018-09-29,6584.49914757452,113884705996.9722718226439523548,13380.78122776,17028.56939735,2335657.23671058
2018-09-30,6604.485028346,114243836027.33710282790847154,13596.09888816,11436.71296673,2337816.62263201
2018-10-01,6561.81383226184,113518672787.2420502823796193496,24651.52609178,25759.21739758,2336708.93132621
2018-10-02,6508.72093863238,112611317628.3971447214311333782,20875.97612196,22232.69339066,2335352.21405751
2018-10-03,6464.45684365868,111857194576.8611056094414104212,26979.65101992,24999.34905485,2337332.51602258
2018-10-04,6545.28566773816,113268081862.6405762643376253464,24081.3708661,27696.62103216,2333717.26585652
2018-10-05,6585.14957977791,113968639381.9673465832299723739,17381.16331703,20193.84981305,2330904.5793605
2018-10-06,6550.47831589714,113378821806.6297477625404162906,11032.7550782,13162.9463294,2328774.3881093
2018-10-07,6564.56826008182,113634349430.0111606842723480138,10381.94095186,13250.56169382,2325905.76736734
2018-10-08,6604.68527410871,114339930572.2296564408084786089,20964.15161195,19628.71317334,2327241.20580595
2018-10-09,6590.42862215079,114103829682.0483704362254894291,21788.26695544,20649.56157848,2328379.91118291
2018-10-10,6529.10243600234,113053807013.2267443442753555966,28839.39626688,24295.49332134,2332923.81412845
2018-10-11,6159.25164260666,106661946180.8367030887886334954,42121.39707903,45139.94817496,2329905.26303252
2018-10-12,6191.67722326125,107233687733.8427724234601243875,36004.70327501,36189.55485018,2329720.41145735
2018-10-13,6197.68569637639,107348671929.7830987403096726121,12044.47204957,15409.46365679,2326355.41985013
2018-10-14,6182.87934424313,107101025152.5462730759454547607,15071.46309771,14844.68892516,2326582.19402268
2018-10-15,6442.71541408533,111615002027.0938351744855073097,57371.17473113,81701.74591069,2302251.62284312
2018-10-16,6461.93715926359,111958908236.7981840750089602061,28536.8728718,31953.36443301,2298835.13128191
2018-10-17,6442.73070017534,111637252664.8018651915749689566,25841.69818072,28215.03438885,2296461.79507378
2018-10-18,6396.47981209819,110846868324.4093826316335701661,31350.89685262,29401.6971242,2298410.9948022
2018-10-19,6383.07784015196,110625950760.1284385700239032044,39357.47497564,26448.07041247,2311320.39936537
2018-10-20,6408.25274634717,111073715079.6297675886078281513,17895.77734561,16341.98383335,2312874.19287763
2018-10-21,6415.34050292227,111207633040.7658590340707150903,10725.9937455,11168.13289816,2312432.05372497
2018-10-22,6408.03363559322,111093386674.0609463478348882798,25002.1316956,35921.46804158,2301512.71737899
2018-10-23,6395.98766686149,110896863051.5977309391983456701,28052.71119737,26401.41547898,2303164.01309738
2018-10-24,6413.80364114553,111214824905.2326557703357177207,24085.01358671,23088.7223044,2304160.30437969
2018-10-25,6402.3248591467,111026747755.475875781879970263,35209.73425032,34923.54975783,2304446.48887218
2018-10-26,6404.10855230859,111069127245.8811875538731578281,23356.11963338,23073.08260754,2304729.52589802
2018-10-27,6409.40532758621,111171887419.0782384335763673039,14090.37252229,12793.1429567,2306026.75546361
2018-10-28,6406.63325306838,111135017069.5133277680000586642,9632.3771982,8598.26311011,2307060.8695517
2018-10-29,6263.0417346581,108655584101.008598427863540549,34104.95699771,27138.03303807,2314027.79351134
2018-10-30,6272.16772822911,108825982078.5493146741244975119,24387.28490181,22089.98296596,2316325.09544719
2018-10-31,6306.31693132671,109431340954.1764225368572278329,29328.41752309,25119.08752649,2320534.42544379
2018-11-01,6342.97750058445,110079709390.0442890265236686555,25524.04100227,27807.86229655,2318250.60414951
2018-11-02,6348.16858270018,110181145790.3643243916404667982,51352.81709765,28494.26043545,2341109.16081171
2018-11-03,6332.43413296318,109920796924.690716380611401415,10345.02815858,18259.94351513,2333194.24545516
2018-11-04,6420.42200029223,111457995144.9934843446732651275,13913.84610654,12717.33264289,2334390.75891881
2018-11-05,6402.94683898305,111166153093.6581979161272632125,29674.22458794,30602.83581508,2333462.14769167
2018-11-06,6441.14521887785,111839648400.0074662556130448075,36208.19584526,27991.89257829,2341678.45095864
2018-11-07,6500.86980508475,112887229255.9348775401002938725,32065.36463246,28306.10820786,2345437.70738324
2018-11-08,6406.75293746347,111262585491.1149231695015739367,30725.75168061,26138.2147059,2350025.24435795
2018-11-09,6331.37876709527,109963654429.7375267144631152637,29330.63096155,28031.16413265,2351324.71118685
2018-11-10,6353.11273407364,110351534110.3034958810431411884,11586.28589551,10729.94184023,2352181.05524213
2018-11-11,6335.41420397428,110055678439.9506488371896617468,12217.46317054,10226.6111284,2354171.90728427
2018-11-12,6320.65605376972,109810368310.3221532971637815372,26922.36476887,21567.18455588,2359527.08749726
2018-11-13,6267.9379912332,108903885882.585428470957476372,31523.53036686,23595.96797019,2367454.64989393
2018-11-14,5574.25834891876,96860778728.2976694067559497596,55235.02120401,40232.91805574,2382456.7530422
2018-11-15,5538.56060783168,96249271453.672309430306040192,68039.72903225,65639.19622444,2384857.28585001
2018-11-16,5496.01623115137,95518590232.071634513035367077,42487.02669648,43740.22475324,2383604.08779325
2018-11-17,5501.09234044418,95616781735.517364877581221578,16694.44821471,19567.49408001,2380731.04192795
2018-11-18,5555.3763383986,96568855949.37880850129381306,16009.56528669,18590.80696336,2378149.80025128
2018-11-19,4792.20002367037,83310144258.678041891657495876,78107.68704986,44497.46819978,2411760.01910136
2018-11-20,4317.53067007598,75065364647.62799192044058785,103368.053837,84591.16669709,2430536.90624127
2018-11-21,4549.32200993571,79101301550.272875033365433942,48233.35263602,50753.23221132,2428017.02666597
2018-11-22,4303.61554850964,74835645350.615631346067719956,34861.57345419,39053.18585424,2423825.41426592
2018-11-23,4289.89285330216,74603724123.317620995175175296,40265.46525368,33458.18203412,2430632.69748548
2018-11-24,3806.31692489772,66200862128.508293707867261632,40139.85697407,26460.56244723,2444311.99201232
2018-11-25,3946.85087434249,68651345825.213465517767377744,64704.87488821,38055.86297572,2470961.00392481
2018-11-26,3700.28599269433,64367741558.115172921106989639,61299.05636055,48342.38297225,2483917.67731311
2018-11-27,3776.55590531853,65700666907.910880084892328499,58436.54859404,53950.05414265,2488404.1717645
2018-11-28,4208.47526914085,73220966864.7583333250718743385,70246.80203137,71444.81555075,2487206.15824512
2018-11-29,4239.03948831093,73758300790.5536991811588009143,46869.27054843,47262.25220276,2486813.17659079
2018-11-30,3973.33405230859,69140104360.4770945201180402939,136785.57272119,118410.89013278,2505187.8591792
2018-12-01,4148.07372559906,72187184141.7987013056657394626,49309.91680642,43882.2587726,2510615.51721302
2018-12-02,4098.74676388077,71334608466.9663693711925864317,20994.76844669,23883.69092305,2507726.59473666
2018-12-03,3843.9766659848,66906066119.821583663460224568,60855.29665481,53468.90489505,2515112.98649642
2018-12-04,3892.95164699006,67765212056.5153642603477752966,59574.34175035,63345.15702428,2511342.17122249
2018-12-05,3709.52085827002,64578231888.3631930378584502862,62626.97097549,53843.44959739,2520125.69260059
2018-12-06,3511.96898158971,61145021210.2217447173299333171,66390.13816375,63389.34839842,2523126.48236592
2018-12-07,3372.99569257744,58730237821.2062718822995485424,66476.81869587,50396.62601854,2539206.67504325
2018-12-08,3407.95119462303,59344289381.6088576446022175713,30375.38580774,27420.54478337,2542161.51606762
2018-12-09,3540.43957597896,61657037841.0864340163465801016,24715.82455582,26027.47847129,2540849.86215215
2018-12-10,3413.59258416131,59453278421.0812327587213747071,45258.43752663,46547.70158261,2539560.59809617
2018-12-11,3352.56420017534,58395608029.6806327743703090756,49045.60299958,43177.81182496,2545428.38927079
2018-12-12,3423.01291788428,59627831863.2595352496121971312,49265.26902611,44993.31025871,2549700.34803819
2018-12-13,3260.34158240795,56799486057.979277280414510683,39845.92902099,33810.49651298,2555735.7805462
2018-12-14,3198.94747369959,55735757119.7476041340559966496,40199.14622747,44505.25332134,2551429.67345233
2018-12-15,3185.07404383402,55499970403.6160496105660977088,21555.1679235,21032.86216939,2551951.97920644
2018-12-16,3195.41455523086,55684747402.3057634004475793984,20132.28202707,17320.72860793,2554763.53262558
2018-12-17,3499.15648188194,60984890679.2186105729798268716,51251.65970684,44104.82587685,2561910.36645557
2018-12-18,3659.52737931035,63785762864.4199082910429012905,48972.85619324,44720.50887292,2566162.71377589
2018-12-19,3697.72530333139,64458441787.6828375927420838311,60897.68211808,61099.38729193,2565961.00860204
2018-12-20,4067.73770777323,70915331739.3538363292499523537,60653.06994062,54104.8639988,2572509.21454386
2018-12-21,3839.08510841613,66935811078.2099498601140653557,52743.73843364,44112.3372394,2581140.6157381
2018-12-22,3964.94611630625,69138915729.3505011298403875625,22714.83944006,22857.51425342,2580997.94092474
2018-12-23,3942.66699590883,68759096491.7920008556281838587,28436.0673727,23740.12539069,2585693.88290675
2018-12-24,4040.04578959673,70465033648.7617875142858253607,44254.09890436,38863.31309871,2591084.6687124
2018-12-25,3761.58401081239,65615679049.5547452768371697801,28224.17278166,26216.24047289,2593092.60102117
2018-12-26,3807.65745353594,66426839657.0542223761524658246,31932.54769301,27138.45326388,2597886.6954503
2018-12-27,3585.46053594389,62558281192.8898682298684286681,38467.96967784,36148.69985316,2600205.96527498
2018-12-28,3881.05488486265,67723844318.077258529402255775,44982.07988429,46518.88608054,2598669.15907873
2018-12-29,3823.13832612507,66719803689.5948120535549635628,29615.56474683,35579.4499035,2592705.27392206
2018-12-30,3825.4074628872,66767819607.356781797670893088,14908.95153198,16333.24690378,2591280.97855026
2018-12-31,3687.19994009351,64362719883.8075090124389729974,24108.57177965,32832.19288575,2582557.35744416
2019-01-01,3808.11783167738,66480521038.5799134434461056612,13077.49756112,14814.4780841,2580820.37692118
2019-01-02,3898.1974880187,68060451677.633745535180229328,29067.28603316,30912.41938277,2578975.24357157
2019-01-03,3784.38863471654,66080741974.7175718420650323556,34228.84860088,41097.63097235,2572106.4612001
2019-01-04,3827.52459438925,66841085193.63053449482203347,32180.7387003,35139.12770704,2569148.07219336
2019-01-05,3798.61395499708,66343950645.2552398892164873872,21272.52408646,16238.97004975,2574181.62623007
2019-01-06,4045.99377498539,70671645673.5018003510691639476,17795.65563719,14072.62008576,2577904.6617815
2019-01-07,4001.01827819988,69893107437.6766841150831554152,34477.45050467,28471.60790209,2583910.50438408
2019-01-08,3992.6227893045,69754882486.37995013163123108,32599.43886448,28533.78989214,2587976.15335642
2019-01-09,4004.25903565167,69966387406.0906506769834900731,30291.1458428,32566.66978765,2585700.62941157
2019-01-10,3627.90345002922,63397403557.8366262615236887886,42597.60536361,40808.48428414,2587489.75049104
2019-01-11,3624.16142109877,63338716516.6204679544137656341,37860.51727564,42688.12713624,2582662.14063044
2019-01-12,3617.02207831677,63220183068.5521964128637835741,15134.28797924,16285.41853691,2581511.01007277
2019-01-13,3508.6701081239,61332359877.665187509135813687,14436.1089319,13790.98722924,2582156.13177543
2019-01-14,3666.94519374635,64105874435.5810718768305561405,36942.11165841,32251.72587578,2586846.51755806
2019-01-15,3581.29301548802,62614404280.6273616018261841946,40764.35470807,40737.24395996,2586873.62830617
2019-01-16,3606.98657568673,63069620481.6909896463713263939,34903.3413613,29913.590406,2591863.37926147
2019-01-17,3640.12913062536,63654910176.6918498010165917768,30967.62687125,31562.69642137,2591268.30971135
2019-01-18,3609.42673611923,63124243900.5625716641309774109,25521.64602569,26727.87848655,2590062.07725049
2019-01-19,3687.30196113384,64492311837.1312231730904286872,16810.72410315,16329.42534,2590543.37601364
2019-01-20,3538.31372296903,61893394902.5521270853674097449,15995.42104144,14733.0262866,2591805.77076848
2019-01-21,3535.623393045,61852964024.41033920902690235,28204.78385552,32830.72692736,2587179.82769664
2019-01-22,3577.30834979544,62588022843.1382097347661418152,33581.47593053,34650.73691571,2586110.56671146
2019-01-23,3551.89382115722,62149856463.4920962033398587926,31034.9653434,29551.93002312,2587593.60203174
2019-01-24,3567.58893366452,62431708688.3927691737003543808,27952.66366433,30163.81096474,2585382.45473133
2019-01-25,3561.35049795441,62328681312.4729519415513043264,26540.71535422,28142.5563084,2583780.61377715
2019-01-26,3557.03991525424,62259909455.5557671265419037696,13817.98195732,14995.21412554,2582603.38160893
2019-01-27,3537.61413062536,61925952432.7135410451373254144,15185.08469204,13950.4449908,2583838.02131017
2019-01-28,3435.05251402689,60136836871.7725315857339944256,45007.55439071,48199.94090582,2580645.63479506
2019-01-29,3395.82376329632,59456263677.0655341094706902528,32845.28485478,34729.26731124,2578761.6523386
2019-01-30,3437.89586616014,60198733501.0251744387496257056,43648.51445594,40635.36818103,2581774.79861351
2019-01-31,3410.13161601403,59719179106.5204934651573804112,37253.91203236,40028.66948413,2579000.04116174
2019-02-01,3445.04989129164,60337481687.7933436872854734656,47881.99058723,57262.89661179,2569619.13513718
2019-02-02,3461.93511747516,60639445325.1944171724146432064,15149.76417095,20277.79124026,2564491.10806787
2019-02-03,3413.02161630625,59788561219.227631916801871,14669.0548035,13120.15536405,2566040.00750732
2019-02-04,3411.38796171829,59766211643.2220456925207072816,23454.280416,23381.35037671,2566112.93754661
2019-02-05,3426.46501139684,60036651913.4687769640901516736,23178.91100098,22418.65593081,2566873.19261678
2019-02-06,3367.50636499123,59010514041.8603398860968534992,30261.32354049,29737.01678797,2567397.4993693
2019-02-07,3358.87359906487,58866543276.5574182103261282448,33652.88284629,25511.340992,2575539.04122359
2019-02-08,3612.47961922852,63318521615.3484503389336788216,41957.17806028,35743.86086235,2581752.35842152
2019-02-09,3621.26812098188,63479353867.5359377402141288104,19325.69782325,17123.83344889,2583954.22279588
2019-02-10,3642.0223591467,63849540740.750987439388591386,16257.16683086,15330.69980906,2584880.68981768
2019-02-11,3590.6184836353,62954869798.228266457993620174,28266.82561418,33533.85164671,2579613.66378515
2019-02-12,3587.90246580947,62912990081.1008306536546356164,31631.30613971,27989.3745333,2583255.59539156
2019-02-13,3576.08537258913,62712619511.9701038045044579658,35154.64989879,31792.78508858,2586617.46020177
2019-02-14,3561.91638340152,62470420539.833726726061879264,26444.80961738,25176.04627461,2587886.22354454
2019-02-15,3565.00692372881,62530283212.9632877257313785894,26306.24806101,33908.42852135,2580284.0430842
2019-02-16,3584.73600263004,62883052978.7409069122582349096,17622.44088561,14020.80735835,2583885.67661146
2019-02-17,3622.7574289889,63557220976.435877562261118086,12806.43683396,14741.86357766,2581950.24986776
2019-02-18,3866.12921712449,67834397006.0979913639682942372,37876.01051536,34997.70988865,2584828.55049447
2019-02-19,3895.43521098773,68356190719.6476349994872598186,44778.79193246,39832.25631516,2589775.08611177
2019-02-20,3931.61382904734,68997433564.0192446191153173824,33171.50494251,38453.72756864,2584492.86348564
2019-02-21,3892.26179427236,68312619006.287015904611585324,34881.68818091,34509.84078629,2584864.71088026
2019-02-22,3948.30051052016,69304143089.3207199664057392704,33331.67687807,32153.31837057,2586043.06938776
2019-02-23,4110.15112127411,72152438351.1962646799708840084,18690.82171904,18889.69475423,2585844.19635257
2019-02-24,3754.18378988895,65909970410.027916387435864138,29456.3699469,26898.77569454,2588401.79060493
2019-02-25,3822.01869666861,67107739353.2488209080980769778,41804.69976505,41511.47933698,2588695.011033
2019-02-26,3796.17506838106,66661611759.6545904685571228912,31875.17702437,36514.5754992,2584055.61255817
2019-02-27,3799.3819924021,66724622413.066467841189382951,32036.19365588,30409.00334561,2585682.80286844
2019-02-28,3792.94772296902,66618735760.469952930267635007,101724.50315696,97276.14288715,2590131.16313825
2019-03-01,3810.63269257744,66937068309.4102391831061704816,27771.60871168,35364.61337334,2582538.15847659
2019-03-02,3809.64339099942,66925976280.7395838394648808138,16331.85363572,13716.60582899,2585153.40628332
2019-03-03,3782.38187025132,66453961889.5525641279689218548,21581.39273016,18371.33002482,2588363.46898866
2019-03-04,3698.16185505552,64980604713.9563811251450227536,39661.18689493,35618.86412794,2592405.79175565
2019-03-05,3840.1280490941,67482252731.446048726793458327,33555.6502254,37249.69992165,2588711.7420594
2019-03-06,3851.99842548218,67697013071.8337533348701008046,37687.29737428,45262.89110181,2581136.14833187
2019-03-07,3855.92316832262,67772832796.4894179162628707462,32796.40451631,29191.37652779,2584741.17632039
2019-03-08,3839.23355289304,67486497838.1096755045387327704,29703.92022161,38031.30760497,2576413.78893703
2019-03-09,3910.36116656926,68743532749.4193335794786100142,22082.6564472,24005.81866659,2574490.62671764
2019-03-10,3903.9119509059,68636793205.241997603246810603,16787.89563238,16955.16344225,2574323.35890777
2019-03-11,3851.56892168323,67723358556.2617715805984187333,35854.49113971,34975.59650528,2575202.2535422
2019-03-12,3858.91482378726,67859421694.2565633198889906346,34760.82207844,31250.66787637,2578712.40774427
2019-03-13,3851.95746639392,67743576013.38019743192247144,38664.43902332,32850.64025229,2584526.2065153
2019-03-14,3853.78326504968,67783152660.2225871538868676832,39700.51928538,51330.33337907,2572896.39242161
2019-03-15,3901.91420689655,68637177203.578746016525643359,30463.01588913,31939.46069598,2571419.94761476
2019-03-16,3989.79607685564,70191204954.5505918446627370392,20169.35315483,18207.13946061,2573382.16130898
2019-03-17,3967.14349444769,69799925361.8735193952525933882,12828.86813149,14465.28634246,2571745.74309801
2019-03-18,3969.44014582116,69848322303.8192418295493224932,33300.60375524,30704.66020597,2574341.68664728
2019-03-19,3996.16790356517,70327329421.2378851709302680027,35966.88624612,30545.30150467,2579763.27138873
2019-03-20,4030.65527586207,70942373769.1728893164032691395,38952.35071094,39777.7305268,2578937.89157287
2019-03-21,3976.27385008767,69992329935.5405673707446326213,34300.40779386,35330.19894141,2577908.10042532
2019-03-22,3983.88764582116,70134369289.9228548333530772252,31888.31680209,32875.67081001,2576920.7464174
2019-03-23,3981.77603302163,70104412361.2612412678762142061,17671.44023476,17567.70291716,2577024.483735
2019-03-24,3970.6669880187,69916267990.345505725497808389,13122.73854539,13996.55827281,2576150.66400758
2019-03-25,3908.23883869082,68824251372.2099576136353533682,32771.59836935,36915.92475059,2572006.33762634
2019-03-26,3917.76340210403,68998541590.7156948783859581227,36838.88478484,31140.60481111,2577704.61760007
2019-03-27,4027.00791788428,70930025424.3538832571921631764,42351.11604538,44848.46711916,2575207.26652629
2019-03-28,4010.93746201052,70654287127.7362171925270155084,36641.93019066,36436.32655378,2575412.87016317
2019-03-29,4089.46104003507,72045026127.6744216165338650497,42532.66073289,44253.86201213,2573691.66888393
2019-03-30,4091.89103834015,72094945657.3474703381805182565,24637.81343543,26840.90725784,2571488.57506152
2019-03-31,4094.31781472823,72144816858.7714185488649443403,22834.75851278,19831.66377891,2574491.66979539
2019-04-01,4138.41780771479,72928925679.5451215042524480285,42794.754283,47366.22294043,2569920.20113796
2019-04-02,4903.71946206897,86425014362.7593650745177055993,100182.77269765,74943.93826696,2595159.03556865
2019-04-03,4960.22760274693,87429739701.3323748630578838339,62519.86317665,59920.45941548,2597758.43932982
2019-04-04,4911.26970245471,86575394892.7743734206035824633,57872.1961537,59925.07503755,2595705.56044597
2019-04-05,5033.22548369375,88735160417.7885955106264888125,38597.87168557,36223.92653191,2598079.50559963
2019-04-06,5044.35684593805,88940169566.4819670272203176455,21035.93514812,20656.31597875,2598459.124769
2019-04-07,5189.11195558153,91501582075.6100499015138142843,25164.04543029,25569.04912247,2598054.12107682
2019-04-08,5283.42302483928,93174379314.253471890113193468,53930.68342981,51045.42964139,2600939.37486524
2019-04-09,5195.57790882525,91633783207.7218655725390433475,33319.59180706,36859.40306943,2597399.56360287
2019-04-10,5311.74160327294,93692375038.2239676718173678342,42462.39011826,54119.26701149,2585742.68670964
2019-04-11,5050.66600859147,89097245091.8547829690122426409,62221.09290745,52506.06734045,2595457.71227664
2019-04-12,5082.86143202805,89674788551.8847614055740697805,34754.22728352,39250.64511132,2590961.29444884
2019-04-13,5074.79069257744,89540963596.1776311880981753744,22383.09601704,27148.31309312,2586196.07737276
2019-04-14,5156.80404061952,90995893159.3786761725704029952,27019.43710233,28055.36681363,2585160.14766146
2019-04-15,5042.89773845704,88995066459.080975293776022732,45370.57494202,36419.67346669,2594111.04913679
2019-04-16,5205.96295745178,91882212812.3664419156674712802,35140.55843819,44420.16422792,2584831.44334706
2019-04-17,5226.35221519579,92251086788.7686827431003633332,50602.11306518,39310.1032474,2596123.45316484
2019-04-18,5278.5023395675,93181427266.9053676943793429,46059.09053552,45216.47645088,2596966.06724948
2019-04-19,5289.95121911163,93393585300.0212795924952634206,27326.34983094,26108.9665134,2598183.45056702
2019-04-20,5313.97326212741,93826393814.3732784485496004642,18524.2609819,19355.44025947,2597352.27128945
2019-04-21,5295.73382817066,93515072337.7418118070600700292,21263.88828591,20601.88605492,2598014.27352044
2019-04-22,5383.79997533606,95079212191.4359954774036943772,29264.16446874,26237.34943766,2601041.08855152
2019-04-23,5544.86271186441,97931659198.8865738478905367256,35079.33687076,36141.77504461,2599978.65037767
2019-04-24,5431.94791963764,95948460473.542102347837634188,49185.62660835,47546.82586509,2601617.45112093
2019-04-25,5127.67316738749,90582999173.148232068161375683,44258.96927248,45102.41090524,2600774.00948817
2019-04-26,5150.16466066628,90990043973.0887350936804001872,53150.1414715,63596.59834872,2590327.55261095
2019-04-27,5181.80776364699,91557969329.1491481410875267676,21156.7963309,26047.42668417,2585436.92225768
2019-04-28,5148.66961542957,90982937914.7186233765550761668,23258.72215143,28336.82107091,2580358.8233382
2019-04-29,5148.80049327878,90995741358.4320606213064125484,48504.0586403,57606.33922762,2571256.54275088
2019-04-30,5266.61820251315,93087172974.794137248742505208,44938.97844208,40872.06804433,2575323.45314863
2019-05-01,5315.17532904734,93956778572.9971905886590187488,27191.20782094,27312.38211775,2575202.27885182
2019-05-02,5393.12937638808,95347182688.0216927243528484688,33271.49854573,34304.26067611,2574169.51672144
2019-05-03,5658.43038836938,100048291063.757148558271237972,48041.66320039,41692.6342795,2580518.54564233
2019-05-04,5774.71242869667,102113834632.845733785081463398,26699.76139487,25040.70998683,2582177.59705037
2019-05-05,5728.35170222092,101303278127.085775242129533848,25448.52505852,29704.97089343,2577921.15121546
2019-05-06,5691.68837405026,100665647010.0726036245086046244,30193.40615048,35794.4371821,2572320.12018384
2019-05-07,5825.744893045,103045876595.7641873854910216,34465.98683263,45232.35442324,2561553.75259323
2019-05-08,5931.8005949737,104933062109.929397230165100574,34369.93145593,40793.22964544,2555130.45440372
2019-05-09,6150.14044476914,108807007514.7336668393037792984,42853.38059876,39004.42468519,2558979.41031729
2019-05-10,6357.46349357101,112484857374.9059959565563307356,37728.86003077,35128.92686242,2561579.34348564
2019-05-11,7325.08286031561,129617193425.3250891641997139116,47877.90559732,49217.90675525,2560239.34232771
2019-05-12,6942.62317451783,122863288682.215542465335650445,34475.92680135,28715.23819663,2566000.03093243
2019-05-13,7798.90573600234,138033162705.4024757933645033336,56252.99763318,43750.89066686,2578502.13789875
2019-05-14,7955.5576823495,140820867693.55133845298657271,53349.24736785,48177.96620538,2583673.41906122
2019-05-15,8215.2068383986,145432203252.087067933404139188,60537.42096845,44678.27012399,2599532.56990568
2019-05-16,7862.07160233782,139195067372.1657833055614075356,49003.63070961,47524.48222367,2601011.71839162
2019-05-17,7326.92068188194,129734247988.1042103137710005312,50385.11090985,52885.88763315,2598510.94166832
2019-05-18,7277.98756341321,128881732029.3762422968499206932,18756.23491401,21852.50100436,2595414.67557797
2019-05-19,8219.74278696669,145575486043.3400022871271114148,27720.94848536,19349.4110784,2603786.21298493
2019-05-20,7981.13937895967,141365770225.3029586257106237112,36112.9572185,34098.70004438,2605800.47015905
2019-05-21,7983.80847738165,141428315610.964527877660286244,31009.52354132,27101.13661885,2609708.85708152
2019-05-22,7667.90211484512,135848233112.8089821989039648128,29071.07089549,38747.13648978,2600032.79148723
2019-05-23,7897.4712936879,139930988343.833541922675554942,36061.11559367,31895.85924027,2604198.04784063
2019-05-24,7987.10036762127,141534352370.6800176351372237504,38877.93448751,39946.20390388,2603129.77842426
2019-05-25,8061.59176072472,142868475004.5567874757363346944,14194.53126355,14025.85909828,2603298.45058953
2019-05-26,8731.52495587376,154759118458.6845668356834890752,22581.51294383,15612.82920001,2610267.13433335
2019-05-27,8816.78670835769,156288718134.0543080125823914414,39843.93818529,30717.16883215,2619393.90368649
2019-05-28,8719.12584833431,154575429830.096202277135768746,35630.95555962,28440.01109814,2626584.84814797
2019-05-29,8655.48850613676,153466072521.3933629893017530304,35355.26985128,32182.77637248,2629757.34162677
2019-05-30,8271.62196317942,146676472971.8471135194629951968,40328.78092711,34390.72024452,2635695.40230936
2019-05-31,8556.222185564,151735657705.73097275304510656,46869.32696452,54053.66772895,2628511.06154493
2019-06-01,8554.80732963179,151726713913.3333391075285150092,21613.21618799,17630.21800765,2632494.05972527
2019-06-02,8744.35374547049,155102798137.0000158480192262098,16431.48086226,13949.45516766,2634976.08541987
2019-06-03,8173.40127054354,144987698066.7267743137592493168,37437.61217966,35037.62488108,2637376.07271845
2019-06-04,7649.93933196961,135716749976.0527104413573576312,42610.33836109,44946.68104598,2635039.73003356
2019-06-05,7798.54446639392,138368734753.6056894211723120832,35449.52413416,37111.29643497,2633377.95773275
2019-06-06,7776.71332612507,137996648982.4002212180383570052,28617.21305198,30709.42701889,2631285.74376584
2019-06-07,8023.950093045,142399676820.0609899253296262,28161.78992355,31679.06198376,2627768.47170563
2019-06-08,7939.80515488019,140918677619.8627164817746965284,14807.46373923,13916.63437526,2628659.3010696
2019-06-09,7634.06575073057,135506326143.5726741797943419852,12385.94468101,14025.00680342,2627020.23894719
2019-06-10,7993.30253857393,141898544054.9128764644144206348,32110.89413174,29730.83490873,2629400.2981702
2019-06-11,7922.48362711864,140655515443.2798467843403756704,31161.37528254,31662.74557596,2628898.92787678
2019-06-12,8146.75612507306,144650582356.8597857439194071416,30375.95182995,26686.9459914,2632587.93371533
2019-06-13,8232.77734137931,146193480447.3322807824524398916,31708.00818477,27245.09606924,2637050.84583086
2019-06-14,8698.00481502046,154473128274.7468938683488718056,29982.80765871,36259.55169691,2630774.10179266
2019-06-15,8850.58481601403,157199041113.7754150871928904708,21379.46543142,17781.00313229,2634372.56409179
2019-06-16,9019.51700672121,160214175079.2246050798499195756,32102.6141533,21767.78389752,2644707.39434757
2019-06-17,9340.57218877849,165932624581.0021419748251661164,41061.68103642,32282.31578708,2653486.75959691
2019-06-18,9047.13274447691,160738189334.1466520353931537366,36773.19890433,28094.61906616,2662165.33943508
2019-06-19,9285.05567656341,164985850921.2929379953640008856,49585.27118036,27284.34900613,2684466.26160931
2019-06-20,9546.71977819988,169652535888.8181525302403943008,31330.1205209,27585.27357554,2688211.10855467
2019-06-21,10083.4863136762,179208052894.242544019293314992,38274.16080294,39702.9795285,2686782.28982911
2019-06-22,10685.2952327878,189922492509.647600231179815248,42885.03561774,28296.5153698,2701370.81007705
2019-06-23,10794.4276963764,191886656298.959561062077572184,23845.58210137,18916.38250365,2706300.00967477
2019-06-24,11004.2069094681,195640133811.351516912351951486,36559.23493635,34312.42290565,2708546.82170547
2019-06-25,11726.2638308007,208498744036.433431542528067842,34478.58594663,36472.80080492,2706552.60684718
2019-06-26,12863.4606849795,228745194861.05645052883266177,77449.44506552,49656.06274302,2734345.98916968
2019-06-27,11109.7978418469,197580309100.857802022156037414,61065.07399371,50937.6966238,2744473.36653959
2019-06-28,12358.2079582116,219807626215.012778509114335096,42415.37754872,46597.58878625,2740291.15530206
2019-06-29,11944.3515473407,212472603036.356174644744620242,23037.51528148,18034.21318731,2745294.45739623
2019-06-30,10842.6167109877,192894947241.469401865996498292,38534.64167599,18878.28103412,2764950.8180381
2019-07-01,10569.5517282291,188055893488.625895230100385326,42650.84573816,35971.45649304,2771630.20728322
2019-07-02,10766.0833162186,191573891684.421972468154769796,37212.24794596,32409.08590425,2776433.36932493
2019-07-03,11952.0248935126,212702475873.982307847860264636,30364.2596503,35876.04561726,2770921.58335797
2019-07-04,11177.0103787551,198933374582.882120338084823742,41120.47578961,28779.93007053,2783262.12907705
2019-07-05,10998.3991004676,195780355764.330089354965496784,24402.7679517,36340.11751406,2771324.77951469
2019-07-06,11208.225600526,199540374640.74243202094948184,13410.74389443,13037.38934169,2771698.13406743
2019-07-07,11456.1836039158,203976688321.280599328225741004,13273.9013462,12405.0127046,2772567.02270903
2019-07-08,12319.6228758036,219377585918.448644418912331368,38185.25199533,22687.43010979,2788064.84459457
2019-07-09,12579.107616014,224022488886.53968679023902872,33916.47142771,26482.64250001,2795498.67352227
2019-07-10,12106.7829313267,215630337157.472005833230438134,41825.66262883,29589.71036301,2807734.62578809
2019-07-11,11294.678028346,201184389109.26906074824350196,45757.7951085,38283.41469477,2815209.00620182
2019-07-12,11813.3237158971,210446887987.891956917768976948,26531.53615704,38429.60515449,2803310.93720437
2019-07-13,11346.837148159,202156723717.65469834025199956,15044.90974235,18211.61702652,2800144.2299202
2019-07-14,10283.0757891292,183223251318.830273218624293328,20418.48669589,16613.91116823,2803948.80544786
2019-07-15,10926.3802741087,194705554172.640805224850049108,28074.15722133,34048.22425439,2797974.7384148
2019-07-16,9471.14086475745,168792705558.271655898486450813,40127.02636481,37848.12582748,2800253.63895213
2019-07-17,9674.88246113384,172439830467.3199804893869068416,42511.12910562,40346.26543868,2802418.50261907
2019-07-18,10679.8906896552,190368702559.675340552367539712,44971.6544413,33681.22723855,2813708.92982182
2019-07-19,10532.2027291058,187751704487.2281826593308261,31615.10251265,34189.49694968,2811134.53538479
2019-07-20,10862.6485479252,193666411427.28402141383177088,15838.30054361,14486.58104109,2812486.25488731
2019-07-21,10589.7064907656,188819945031.77559166373956864,10857.79795095,12516.73058969,2810827.32224857
2019-07-22,10318.5609251899,184005658485.48171096650601056,25770.47709276,23290.76312702,2813307.03621431
2019-07-23,9866.64894038574,175964578119.5781728120892217332,27183.75547006,33586.8000542,2806903.99163017
2019-07-24,9792.78753652835,174664328143.399862775160235853,23403.25131906,25278.43970685,2805028.80324238
2019-07-25,9897.18678603156,176544952190.2055085402752955288,19335.14096207,24405.12270157,2799958.82150288
2019-07-26,9836.69678813559,175486349266.789795280694214005,17891.06524327,28406.34492605,2789443.5418201
2019-07-27,9446.67205207481,168546269397.1949280620080472988,15012.91243632,15973.83165503,2788482.62260139
2019-07-28,9529.78879193454,170050073655.0765122729533048392,10704.3539995,11033.93630385,2788153.04029704
2019-07-29,9504.15891595558,169612691475.5826271174605704288,23796.49512271,20366.07493659,2791583.46048316
2019-07-30,9589.10920601987,171145748173.1608409530891702832,24769.41139053,28444.45383796,2787908.41803573
2019-07-31,10059.0040189947,179553898940.370627615716473392,25107.63955611,22964.99774581,2790051.05984603
2019-08-01,10400.3070143776,185664640930.413122285237838336,24791.19111059,23178.54622549,2791663.70473113
2019-08-02,10529.6944544126,187996689088.016484952077715936,31521.01291856,27825.98065123,2795358.73699846
2019-08-03,10810.4216686148,193032157623.26468739737444952,14596.57808185,11247.43165172,2798707.88342859
2019-08-04,10986.5089291058,196199326743.02443557107233292,12773.25032617,9684.87591214,2801796.25784262
2019-08-05,11790.0239375804,210569737010.31191538801219496,40558.46618467,32805.61036711,2809549.11366018
2019-08-06,11423.4970017534,204046558538.073815649052807626,42509.60983366,65560.18347502,2786498.54001882
2019-08-07,11967.2735473407,213782385228.515811077625772773,30270.81540492,46639.74361366,2770129.61181008
2019-08-08,11938.2346108708,213284826434.711008805925035212,26317.47394603,23541.69579488,2772905.38996123
2019-08-09,11858.3410984804,211879263223.908325453014447516,27290.26477972,23893.10056657,2776302.55417438
2019-08-10,11303.7305618936,201991078712.939531856457127944,14930.94321542,15609.84317613,2775623.65421367
2019-08-11,11530.195242256,206059922092.75043098505254576,9530.19998312,8949.48742673,2776204.36677006
2019-08-12,11384.6962465809,203478588609.637626914426796735,16630.44531551,14129.23135541,2778705.58073016
2019-08-13,10867.05475827,194248112858.1886020191767935,19430.05373301,20574.00322932,2777561.63123385
2019-08-14,10024.3795917008,179204378646.90860137812242024,26856.54819027,29944.80380342,2774473.3756207
2019-08-15,10310.0858696669,184332141843.517208307434076945,29275.38203253,34164.57112095,2769584.18653228
2019-08-16,10373.3219028054,185481788307.19919661886007787,37660.28100646,27822.09142185,2779422.37611689
2019-08-17,10207.1555616598,182526956765.83365846954336403,12508.55902338,10413.14358427,2781517.791556
2019-08-18,10331.3099760374,184763389454.27632965042266339,11779.24952036,8026.92616424,2785270.11491212
2019-08-19,10884.6297744009,194681043998.758470694788031365,22274.40902337,26203.33063458,2781341.19330091
2019-08-20,10771.3923793688,192676295263.20172971252212268,17730.13265136,21443.19652685,2777628.12942542
2019-08-21,10096.8302238457,180627040560.038000014304702645,23671.89797948,27589.73107987,2773710.29632503
2019-08-22,10119.7145248393,181054264797.708308628675347027,20590.17838171,18461.06321517,2775839.41149157
2019-08-23,10414.1441725891,186341894023.237584255908233649,19623.0958308,19708.58819172,2775753.91913065
2019-08-24,10147.0871548802,181583695633.265729615758409078,9819.88602442,12755.20477467,2772818.6003804
2019-08-25,10100.3567783752,180767017751.046404074443407128,10349.18999691,8497.92199401,2774669.8683833
2019-08-26,10362.6434723553,185478932955.073218470615712267,27108.77416951,19374.92548439,2782403.71706842
2019-08-27,10168.221571654,182016172175.13651034407511106,21491.48659479,20772.92681511,2783122.2768481
2019-08-28,9724.79997808299,174097062903.8222142822085360761,22497.31164121,25374.6663606,2780244.92212871
2019-08-29,9482.31173495032,169775503540.7651346378183259048,24614.3537381,32012.90086091,2772846.3750059
2019-08-30,9577.67882349503,171502153433.9335727916275905017,21682.23702518,31712.30269981,2762816.30933127
2019-08-31,9605.02446142607,172011746947.5962965413236844475,11065.04033466,10055.95166517,2763825.39800076
2019-09-01,9762.93655689655,174857169693.8096219291257375875,9113.66367286,9191.41024336,2763747.65143026
2019-09-02,10377.3383845704,185880621503.5058725615944522,26216.14573697,20039.71083264,2769924.08633459
2019-09-03,10618.7815058445,190227159592.648578353468516625,31746.28637774,21644.31855534,2780026.05415699
2019-09-04,10577.2410839275,189500976756.556516591809310225,23030.98331776,20976.4008218,2782080.63665295
2019-09-05,10580.1846995909,189575535962.122140613914455255,27850.23755236,17712.52320049,2792218.35100482
2019-09-06,10330.8497312098,185128360457.92684901493712511,26805.12530927,25661.32604289,2793362.1502712
2019-09-07,10494.5069649328,188080767892.951993714496195696,13055.08624549,11195.2711051,2795221.96541159
2019-09-08,10407.2656573933,186540270101.033719717563275681,11083.31695208,9692.82941993,2796612.45294374
2019-09-09,10332.4644424313,185218386705.913612393287637341,38211.1432891,22832.79166363,2811990.80456921
2019-09-10,10085.9519243133,180822381553.507686058348020081,21953.65590658,25402.12491265,2808542.33556314
2019-09-11,10142.1480603741,181853200818.792680363393893737,21518.11035176,21619.09855868,2808441.34735622
2019-09-12,10403.3599707773,186557392548.066551036505559561,24078.24320132,18268.05700914,2814251.5335484
2019-09-13,10345.3387469316,185536329258.676652350688769012,21033.55454457,22508.31735022,2812776.77074275
2019-09-14,10363.4528963179,185881272898.923461694678080703,10306.1734939,9407.27529291,2813675.66894374
2019-09-15,10306.1696674459,184872765327.686928324672063663,9640.90215694,8529.37029156,2814787.20080912
2019-09-16,10257.822761543,184026415588.66184880928209451,24831.46007634,21879.63792293,2817739.02296253
2019-09-17,10195.6111811806,182929195196.496732495250435942,26462.94975152,21398.70964353,2822803.26307052
2019-09-18,10161.3188664524,182336024903.432476616204179868,23934.88766362,23745.31952658,2822992.83120756
2019-09-19,10268.3926291642,184276366928.335612208341622594,28296.15091817,33373.56397512,2817915.41815061
2019-09-20,10170.1251161309,182532056233.318136275530280685,28178.93388101,26728.42767235,2819365.92435927
2019-09-21,9986.4061081239,179255413645.737849906748488135,12373.72048658,8771.81951604,2822967.82532981
2019-09-22,10047.0134748685,180364159936.057203362804618525,11771.37655288,12042.04284188,2822697.15904081
2019-09-23,9692.74104792519,174018067346.8272269655980473335,21659.05924129,22217.77325028,2822138.44503182
2019-09-24,8613.67124850965,154661954271.2480159046849164945,83240.74143673,51642.56403637,2853736.62243218
2019-09-25,8424.15764640561,151275587933.5910648446209056253,59013.27820421,48954.89567158,2863795.00496481
2019-09-26,8091.69529924021,145322739599.2204639667467491367,35112.762739,31498.29343506,2867409.47426875
2019-09-27,8186.77963927528,147043914260.4340364623734833656,32051.84883148,35996.76048632,2863464.56261391
2019-09-28,8201.97901344243,147333213816.3458023203951746961,15214.27807107,16560.61973454,2862118.22095044
2019-09-29,8064.50806236119,144877514939.0163058128255784413,11704.12025001,14390.27280416,2859432.06839629
2019-09-30,8282.3654541204,148804744751.313117438121599708,35775.59158509,33072.82115904,2862134.83882234
2019-10-01,8314.55139012273,149397874177.0148043835827387771,24221.50556671,30277.96188485,2856078.3825042
2019-10-02,8362.53073232028,150275449305.6610098625514165556,21073.4431072,24071.07207956,2853080.75353184
2019-10-03,8254.33991028638,148346417594.8999821909704470026,22593.34241542,24012.4538332,2851661.64211406
2019-10-04,8165.68615125658,146768142907.4150516317989752298,22064.15437118,23897.2111,2849828.58538524
2019-10-05,8141.63371379311,146351909719.4592329936460753385,10371.75158206,9877.94564432,2850322.39132298
2019-10-06,7854.60981297487,141207071248.8646554355820529545,13793.58093612,11815.11157841,2852300.86068069
2019-10-07,8226.02342928112,147900136388.732000769492916392,25740.04270981,25768.68614401,2852272.21724649
2019-10-08,8190.1151207481,147271106418.690866457662025831,26429.61014815,21763.42041246,2856938.40698218
2019-10-09,8598.3319207481,154626316412.426999371130025831,31711.825267,27017.78588082,2861632.44636836
2019-10-10,8578.09037931034,154279677488.7219175129408592934,29387.16688408,27682.9151795,2863336.69807294
2019-10-11,8289.85402893045,149111820478.6240354744025651085,28375.82986721,34931.54515953,2856780.98278062
2019-10-12,8323.7501440678,149735357197.118231090857786286,10502.083129,10860.51626523,2856422.54964439
2019-10-13,8291.25065143191,149165443074.7483746744451819467,13512.86979518,10472.84518107,2859462.5742585
2019-10-14,8346.36843658679,150171135374.6008883192011608989,135548.02779528,134130.97663952,2860879.62541426
2019-10-15,8160.71262752776,146846350584.017573407772025172,25467.24882588,20063.94567673,2866282.92856341
2019-10-16,8003.85592314436,144038130124.3957197950135810184,30849.51300036,30389.68591505,2866742.75564872
2019-10-17,8072.48938229106,145288400109.1214088896490276288,49564.83767007,35025.60384547,2881281.98947332
2019-10-18,7959.33199357101,143267715788.6464220376444076902,23491.74533728,30319.36437387,2874454.37043673
2019-10-19,7948.47733722969,143086440876.4854173470957849269,9548.4252678,9254.22668649,2874748.56901804
2019-10-20,8213.70903927528,147876063651.31284481053306456,9858.85603074,9443.94113082,2875163.48391796
2019-10-21,8211.65455873758,147855396336.0314293849322094732,47948.65048254,24575.06892336,2898537.06547714
2019-10-22,8029.20537288136,144587259213.9694832333460551408,25832.55541957,31516.8433535,2892852.77754321
2019-10-23,7458.03585680889,134317490459.4315355730982952542,35610.5394205,36152.76002747,2892310.55693624
2019-10-24,7454.37113816482,134263882621.1246409427890692164,29531.80876728,29456.51284782,2892385.8528557
2019-10-25,8656.65517755699,155933669952.4719833622243575874,42087.63214868,33207.09557354,2901266.38943084
2019-10-26,9249.64676095851,166631506034.1533605724034129426,44738.62841244,27879.91738878,2918125.1004545
2019-10-27,9558.15604400935,172203011254.276438469492487481,18634.59517655,13781.14896283,2922978.54666822
2019-10-28,9319.17814167154,167913113181.6503385238051932966,31374.4261596,29940.92969574,2924412.04313208
2019-10-29,9431.20712390415,169947332705.5965269503965833745,27464.25647539,26211.43327899,2925664.86632848
2019-10-30,9182.85506516657,165487489406.2506852100342072749,23854.41338448,25550.25277305,2923969.02693991
2019-10-31,9155.27729877265,165005606900.3669672697108195915,23464.74430743,21266.04301736,2926167.72822998
2019-11-01,9251.38129345412,166752723154.5037564074537476332,25154.75295813,27907.17192755,2923415.30926056
2019-11-02,9300.19083752192,167648074937.7477830100351942912,9930.07647213,9568.19552911,2923777.19020358
2019-11-03,9209.63869608416,166031641060.6779694298002274976,10158.2565259,10079.92870739,2923855.51802209
2019-11-04,9418.36013062537,169810017601.1923965127577069505,26413.4831006,25138.30040247,2925130.70072022
2019-11-05,9330.78722296902,168247901531.6903291031967117278,31998.84143446,26437.87535536,2930691.66679932
2019-11-06,9354.93338229106,168698728156.0519430291447518178,25212.85401395,20098.47369732,2935806.04711595
2019-11-07,9210.74822238457,166114161586.6730507070003215519,25536.98177544,22270.04286067,2939072.98603072
2019-11-08,8791.33393495032,158564167664.9426615069056746072,24269.87707931,37403.97607624,2925938.88703379
2019-11-09,8810.78456195208,158930846702.9261045183674876968,10195.17841921,12272.30595746,2923861.75949554
2019-11-10,9042.89072320281,163136392079.5165113416661709101,9563.75433207,9822.33418039,2923603.17964722
2019-11-11,8713.20792957335,157205264288.9350158964133811125,20275.42433573,19529.55510222,2924349.04888073
2019-11-12,8788.95814295734,158586794627.1568436534423993686,41612.03271477,35369.84027504,2930591.24132046
2019-11-13,8766.72943050848,158200496544.8643699077924564384,25632.85825742,20196.60340812,2936027.49616976
2019-11-14,8645.43580362361,156029949234.4839316646514972357,23672.41394923,24063.72149125,2935636.18862774
2019-11-15,8465.87788854471,152806067826.9544480257732789261,26805.76501877,28333.40732062,2934108.54632589
2019-11-16,8477.69024284044,153034960323.9181751027714681604,10386.50855003,10292.11054014,2934202.94433578
2019-11-17,8505.16122326125,153547224951.4072623826046627375,9879.76774006,9431.01931979,2934651.69275605
2019-11-18,8183.53341350088,147755065062.985629222005617716,33833.20410798,26961.52849671,2941523.36836732
2019-11-19,8116.82067258913,146565470021.2803661004105125287,31342.3882606,31426.49648684,2941439.26014108
2019-11-20,8076.55466008182,145852722323.8095401138994930618,21952.09825789,23898.0610134,2939493.29738557
2019-11-21,7612.2774880187,137481479122.467445623947093511,34637.2997116,33916.36169948,2940214.23539769
2019-11-22,7277.52427323203,131447679172.1834235646643109321,48553.46506353,53946.07167465,2934821.62878657
2019-11-23,7324.83617855056,132318073497.7899834780192574192,19040.32406926,19303.08299126,2934558.86986457
2019-11-24,6943.38065604909,125438714449.2562118699023965063,19122.2753246,18144.58896327,2935536.5562259
2019-11-25,7139.04468597312,128984724285.6019012489007918784,53157.00821044,46308.37337978,2942385.19105656
2019-11-26,7165.43773027469,129472508033.3164974181327410983,39475.15510614,36889.2894032,2944971.0567595
2019-11-27,7526.86381654004,136016204690.156663805327825486,32101.78876552,33757.66244254,2943315.18308248
2019-11-28,7436.3363817066,134395456014.396287606936177154,22687.99631014,24256.93430568,2941746.24508694
2019-11-29,7747.73804208066,140036528598.1324652336117756154,24995.94614348,31651.3062001,2935090.88503032
2019-11-30,7556.19372121567,136586360852.2176636827821926756,15437.8861638,19631.24799183,2930897.52320229
2019-12-01,7417.72720601987,134096317371.9391280975164047316,10277.88512521,14752.11861457,2926423.28971293
2019-12-02,7318.31252180012,132312381312.9350780077351881464,45899.55504149,24656.6631643,2947666.18159012
2019-12-03,7306.44623331385,132112273441.057782570463802897,26875.42019962,30284.12709482,2944257.47469492
2019-12-04,7215.02034482759,130474208009.9158818725708750184,29769.39496582,34273.39923026,2939753.47043048
2019-12-05,7404.0867949737,133906647429.96992235328067511,26328.83896514,27488.13725372,2938594.1721419
2019-12-06,7534.2083559322,136273617300.681720576519587848,26818.07052804,28901.9154521,2936510.32721784
2019-12-07,7512.06140263004,135887592947.5668271401369925936,12452.89125808,10360.45173706,2938602.76673886
2019-12-08,7528.94026943308,136206847609.7650579520539225072,9999.01877237,10284.49551524,2938317.28999599
2019-12-09,7340.22745908825,132806403797.400114087199800285,35398.4158072,32520.85496002,2941194.85084317
2019-12-10,7232.09178375219,130863289278.4673358710033251404,40651.56693914,34756.5768748,2947089.84090751
2019-12-11,7200.46444599649,130302879541.049564413298609693,25601.00148524,29278.24982705,2943412.5925657
2019-12-12,7192.84902425482,130177025517.0180432263580957568,25469.57395358,25714.03321884,2943168.13330044
2019-12-13,7244.90372004676,131132882825.6256715041360987128,27878.70068823,27773.33251991,2943273.50146876
2019-12-14,7071.10709029807,128000507531.3139801679391104746,12107.45039871,12677.07303025,2942703.87883722
2019-12-15,7111.28666995909,128738856951.9468818183372940502,8443.93178041,9851.24850997,2941296.56210766
2019-12-16,6882.39579532437,124608648045.6669935322146722284,31212.65424054,27284.04006444,2945225.17628376
2019-12-17,6608.96197983635,119669663001.916329846865148811,35878.02125446,31394.77516807,2949708.42237015
2019-12-18,7284.6254836353,131916225311.62929256797066252,43347.31262252,36271.73626204,2956783.99873063
2019-12-19,7146.16763763881,129422936633.5410118304909683014,40212.95129288,36775.73402171,2960221.2160018
2019-12-20,7184.21917206312,130126090249.6458239052544313376,30490.82613274,29773.82613315,2960938.21600139
2019-12-21,7140.29801127995,129346265139.518515246263103526,11756.52140399,11230.37311376,2961464.36429162
2019-12-22,7479.40240789012,135504930440.2474051545144872976,11474.59153832,9634.80713483,2963304.14869511
2019-12-23,7321.7487238457,132661793688.078014085568605314,34397.42713975,27993.26921894,2969708.30661592
2019-12-24,7235.62908381064,131112709026.9189467334094937984,18638.47355287,27267.68149056,2961079.09867823
2019-12-25,7191.17416569258,130318672681.6093736472321553248,13433.10310761,11731.0277789,2962781.17400694
2019-12-26,7194.63975832846,130396495065.2011486334016786976,21123.35737319,18735.65098204,2965168.88039809
2019-12-27,7237.15044728229,131180081114.360369760575016519,31139.97131631,31427.00999358,2964881.84172082
2019-12-28,7306.64330829924,132453312459.403693073094865164,13632.23552896,10388.76982079,2968125.30742899
2019-12-29,7391.578521391,134007321546.4902612459409301,11603.91008147,9791.92843023,2969937.28908023
2019-12-30,7229.3971006429,131082017205.220595088319256956,29127.15152819,29782.20002361,2969282.24058481
2019-12-31,7167.39505464641,129970799112.1824561088895462538,19784.09035202,26200.12185159,2962866.20908524
2020-01-01,7170.63186879018,130045090385.5206631467723324324,11253.33519748,8431.83156576,2965687.71271696
2020-01-02,6946.82526914085,125998424153.414424305007492312,40183.30546337,23507.28381431,2982363.73436602
2020-01-03,7315.3093603156,132697278148.877248513691426456,29618.16510002,28117.66238858,2983864.23707746
2020-01-04,7343.16419438925,133217976217.072860730231639455,17784.51070827,11461.55456219,2990187.19322354
2020-01-05,7345.53069181765,133275875181.570043372314882439,10007.18079718,9980.34842919,2990214.02559153
2020-01-06,7765.7977346581,140914223163.34763037162555478,28979.7927332,27430.93701735,2991762.88130738
2020-01-07,8136.08684190532,147651200706.5870803951379659688,32696.6700381,26719.21028296,2997740.34106252
2020-01-08,8059.69952887201,146279253219.0685602251837658634,33740.46813097,29487.87913213,3001992.93006136
2020-01-09,7817.13609322034,141892197199.8546020994013437228,29092.38391658,25942.83781866,3005142.47615928
2020-01-10,8129.81791992987,147582961219.6085781070288909452,34374.81352047,37710.70639726,3001806.58328249
2020-01-11,8032.00549503215,145823708888.979044737925701014,13358.94241367,15230.63856097,2999934.88713519
2020-01-12,8164.54999316189,148245508556.6381591808950921044,8844.32850436,10591.14474915,2998188.0708904
2020-01-13,8121.92566762127,147486087356.7532207200900140892,29422.25560887,27093.84274985,3000516.48374942
2020-01-14,8830.16787346581,160363065666.570366681246938865,59035.20198288,42170.74120516,3017380.94452714
2020-01-15,8811.44820251315,160039732750.469976162620118377,50396.84179778,44469.11932627,3023308.66699865
2020-01-16,8718.68699801286,158372266764.6233926430916795432,28694.71834376,32291.04565276,3019712.33968965
2020-01-17,8912.54190414962,161911295166.5579874162947470292,29540.35310183,31405.90927559,3017846.78351589
2020-01-18,8928.1807565751,162210132689.592508897789518966,14604.27996342,12663.0012258,3019788.06225351
2020-01-19,8687.35483664524,157851016737.1088232908679264184,15432.86303171,15879.60067599,3019341.32460923
2020-01-20,8636.2587862069,156938999926.55889665871179748,24111.23339195,25946.05760256,3017506.50039862
2020-01-21,8730.86756019871,158674938268.758715289061402732,28118.16387788,28578.09000562,3017046.57427088
2020-01-22,8647.90047399182,157183956412.8165280123248226068,29562.83062933,35280.7414092,3011328.66349101
2020-01-23,8366.38461396844,152083761530.0343781179372763656,26458.93306616,26733.2741686,3011054.32238857
2020-01-24,8423.39095815313,153136024721.9235831034115204164,26982.84355419,28391.54156877,3009645.62437399
2020-01-25,8344.77456896552,151723896967.7876734464443345056,8443.74618017,9223.90732425,3008865.46322991
2020-01-26,8573.87480958504,155904701538.4812894302974641312,13874.26199679,9009.07434247,3013730.65088423
2020-01-27,8901.95928486265,161884843101.657659411929975242,26180.50750689,24029.76038613,3015881.39800499
2020-01-28,9297.3883176505,169092343462.29311239502889941,40831.73828582,22140.25676799,3034572.87952282
2020-01-29,9311.94754354179,169375757160.8007379371778253478,31850.54326582,22465.34827516,3043958.07451348
2020-01-30,9508.92096493279,172977064840.9766048406163649344,29199.368106,30954.95282092,3042202.48979856
2020-01-31,9357.28478240795,170235489635.295466911253380512,25421.35874389,33216.13213479,3034407.71640766
2020-02-01,9381.88602863822,170700764231.181201706936205418,12504.76836905,10947.04992377,3035965.43485294
2020-02-02,9339.38706312098,169944201721.525141606813545062,13765.48606891,13636.52278884,3036094.39813301
2020-02-03,9279.81252051432,168877320922.922723420249134008,29763.78404115,25421.24338677,3040436.93878739
2020-02-04,9161.62719772063,166741659168.927222203088129767,25891.74399956,21810.65625669,3044518.02653026
2020-02-05,9628.13677586207,175251271661.809670341193780563,34594.22827384,26792.01341518,3052320.24138892
2020-02-06,9739.2804364699,177290742754.48120534793940191,35193.73866693,30843.65630493,3056670.32375092
2020-02-07,9800.27939982466,178418176338.2741304495648825474,28697.74711646,28457.59510409,3056910.47576329
2020-02-08,9911.29340841613,180456453565.4794559705636076557,17497.21756947,24515.58085877,3049892.11247399
2020-02-09,10151.0832026885,184841757420.967946629123477765,21880.58380064,16827.46492015,3054945.23135448
2020-02-10,9872.36187305669,179781557317.7013181070864153541,42377.94316775,37598.90250263,3059724.2720196
2020-02-11,10272.2225558738,187082260809.493091269898025682,37468.76659059,27077.76619269,3070115.2724175
2020-02-12,10360.1352229106,188701754427.225295471662216434,43223.57391009,35218.01105105,3078120.83527654
2020-02-13,10235.4973226184,186449612688.874865313673394376,37405.59003105,32863.28210285,3082663.14320474
2020-02-14,10361.6156901812,188764467553.960068941467513268,32976.85876569,32124.70695824,3083515.29501219
2020-02-15,9911.72432700175,180586089679.5512105343831490575,22291.57466388,23049.0616323,3082757.80804377
2020-02-16,9952.04661157218,181338404100.2771523676442370402,17650.88018787,16489.25407946,3083919.43415218
2020-02-17,9683.0796277031,176456501278.737389161831406759,32732.57804163,26818.06155055,3089833.95064326
2020-02-18,10195.3037904734,185809970500.276900158634335326,34737.55955785,37266.06826241,3087305.4419387
2020-02-19,9636.00229865576,175633653604.3667579091824732264,32302.90645528,35531.59858064,3084076.74981334
2020-02-20,9614.03012244302,175248312859.8305383405714284878,35335.65210187,41648.21997356,3077764.18194165
2020-02-21,9701.79750268849,176866847060.1425353896772656561,25784.31446031,36212.73934156,3067335.7570604
2020-02-22,9675.24905756868,176400759691.9530577854957466212,13789.56560208,13457.15992549,3067668.16273699
2020-02-23,9972.84242308591,181844233521.0456105476170570119,19831.62910695,19080.10678645,3068419.68505749
2020-02-24,9648.00788310929,175938223869.0697380832833021561,32013.94380841,32571.94990445,3067861.67896145
2020-02-25,9344.28714009351,170416481768.1571239190088579313,28078.56980791,31763.82091258,3064176.42785678
2020-02-26,8798.88894856809,160484737731.9496470424102420767,44185.21961643,40748.41105121,3067613.236422
2020-02-27,8779.02948188194,160138648318.0940650094964775022,35783.509502,40588.31224462,3062808.43367938
2020-02-28,8750.59344599649,159637227806.1161779251655587687,34964.20932212,39967.71552786,3057804.92747364
2020-02-29,8582.09029964933,156578133370.523179621628884258,13279.06439362,15545.93760635,3055538.05426091
2020-03-01,8541.77389392169,155861469107.4843258590584615603,13145.37097413,13033.61864058,3055649.80659446
2020-03-02,8906.21475645821,162527997441.3909649657450578931,34628.74406796,33124.17156441,3057154.37909801
2020-03-03,8768.81061420222,160037302982.889476063166813303,29669.16808306,31066.79735773,3055756.74982334
2020-03-04,8756.36957218001,159828523652.1694686107013657819,25055.02873783,34352.1400211,3046459.63854007
2020-03-05,9062.61580274693,165436849061.7272478016280686189,31530.1849876,34757.37350519,3043232.45002248
2020-03-06,9147.08505897136,166996546604.0724857655612721872,26448.70398838,41915.75923909,3027765.39477177
2020-03-07,8898.30695675044,162472116275.4523478898918772988,13194.15008951,11482.94959526,3029476.59526602
2020-03-08,8109.61454114553,148087581459.6874784244496322031,24978.33354438,24483.04462279,3029971.88418761
2020-03-09,7896.38531987142,144208663316.8568152274806434702,75673.13053664,63847.99249309,3041797.02223116
2020-03-10,7909.92787545295,144469037207.9866817938013443395,46170.53087175,41405.6282248,3046561.92487811
2020-03-11,7939.34133477499,145018062262.1185462973679816319,36341.84801375,31879.54726183,3051024.22563003
2020-03-12,4959.31341437756,90594963612.1410257615783149836,164266.85600873,120730.10999664,3094560.97164212
2020-03-13,5627.69238836938,102813464913.3321137107245603778,191723.26409498,165154.5928113,3121129.6429258
2020-03-14,5145.17250642899,94006442635.7461698727940016595,69175.62240224,56897.54334433,3133407.72198371
2020-03-15,5358.61066335476,97914100475.669495419736153778,37900.21781402,33783.29036109,3137524.64943664
2020-03-16,5012.92738778492,91605131343.438584894103717926,95531.60202559,107127.52593195,3125928.72553028
2020-03-17,5416.7547106955,98992911188.380434085915581845,73798.06244959,74434.65650412,3125292.13147575
2020-03-18,5392.48783594389,98556166961.5371677083874841651,45613.45406956,65880.89057703,3105024.69496828
2020-03-19,6203.5516320865,113387926283.638926670836765955,58137.63323933,70666.5783724,3092495.74983521
2020-03-20,6174.14947603741,112858928752.3330563691649308917,73302.91036756,64183.94835878,3101614.71184399
2020-03-21,6175.83102220924,112899238722.3712544534540411684,23398.46619613,31928.72763576,3093084.45040436
2020-03-22,5830.56097960257,106596676162.6199836815018057687,23343.27494993,20841.66319526,3095586.06215903
2020-03-23,6486.40865733489,118596229879.9552150167255298599,44978.31324613,49524.79956835,3091039.57583681
2020-03-24,6775.05761893629,123885010000.7307551171683857339,40226.89078398,52900.72073872,3078365.74588207
2020-03-25,6689.96901285798,122336819602.8687459591104227818,35073.87983651,45694.40755716,3067745.21816142
2020-03-26,6754.46033606078,123529655865.112577234980783377,36213.64131345,31870.26002759,3072088.59944728
2020-03-27,6490.79541502046,118720168235.1358203385382261774,42202.1017032,46540.70614669,3067749.99500379
2020-03-28,6231.81989023963,113993881635.1035657020111497747,27227.96625425,32991.64814426,3061986.31311378
2020-03-29,5904.85758679135,108024157456.3316817538233733815,32252.41288291,26326.98981927,3067911.73617742
2020-03-30,6436.90570017534,117769335877.1636490558174653682,43887.85639501,42833.79247639,3068965.80009604
2020-03-31,6432.3832421391,117699377550.735958169330194677,29135.14893584,36474.20195564,3061626.74707624
2020-04-01,6643.11000870836,121567948718.7866365200371092092,36104.59623504,40325.92754966,3057405.41576162
2020-04-02,6792.74222209234,124319187619.5612220315012923378,43483.00954632,40167.75213367,3060720.67317427
2020-04-03,6751.90255178258,123582890115.2634587681838618318,40529.31128454,44330.4016813,3056919.58277751
2020-04-04,6859.98916867329,125574707299.7608798914367861359,17009.9704997,19966.75184468,3053962.80143253
2020-04-05,6790.81247264758,124323256506.5398740625975259818,14266.5000843,17820.16239614,3050409.13912069
2020-04-06,7298.17374517826,133623484237.360513874382254665,54872.79139261,53656.15806113,3051625.77245217
2020-04-07,7187.59333664524,131613942980.8883743297798361236,42503.78081825,41849.52199072,3052280.0312797
2020-04-08,7372.19476399766,135007499015.4843928139437381838,34509.53352365,37077.39037602,3049712.17442733
2020-04-09,7299.57918790181,133691736771.8357196657088799433,42462.05450512,59384.88979506,3032789.33913739
2020-04-10,6859.82267475161,125651576499.1471910809375810573,38958.69346919,44659.27705096,3027088.75555562
2020-04-11,6883.18222895967,126093134474.8579738366572133131,17680.16719185,23334.84750911,3021434.07523836
2020-04-12,6978.66628661601,127855655280.2023663365418973493,18018.36274008,17004.35336043,3022448.08461801
2020-04-13,6863.57553319696,125761756556.4857609256777013328,31428.13850403,41046.01313766,3012830.20998438
2020-04-14,6875.53850344828,125995393496.6152277909350517804,29076.58321846,30553.95878092,3011352.83442192
2020-04-15,6625.47577510228,121426948476.3613133895366817564,53495.55407754,49712.97411246,3015135.414387
2020-04-16,7127.79228223261,130646764661.2940610627145959595,61806.63926856,50924.19563792,3026017.85801764
2020-04-17,7081.39519842197,129807584723.9176323930180723315,34887.27221229,51564.01943416,3009341.11079577
2020-04-18,7262.79234360023,133147082134.6483714782750083585,19873.70614498,18347.89326972,3010866.92367103
2020-04-19,7150.2442154588,131097348953.04719166666598426,17040.75253305,15232.09114647,3012675.58505761
2020-04-20,6853.27341478667,125666280331.4737096570389433965,36455.27442704,41977.12734372,3007153.73214093
2020-04-21,6870.42369865576,125993555759.756115359777334652,39284.56951222,40794.94974079,3005643.35191236
2020-04-22,7123.65691992987,130649148893.3350764237999670365,32592.84314627,38851.03832764,2999385.15673099
2020-04-23,7488.60516528346,137355657612.580649013386089567,44940.76234778,32269.49262252,3012056.42645625
2020-04-24,7506.44331648159,137696355773.9133537577963981305,47214.83443748,56374.89488359,3002896.36601014
2020-04-25,7537.73820911748,138283235766.525472118610360246,19149.54523064,17728.48508293,3004317.42615785
2020-04-26,7684.06852168322,140980890871.959953292202873019,21333.56998569,21149.39761465,3004501.59852889
2020-04-27,7777.49151858562,142708646056.542143720334093499,40810.08077932,38999.65717558,3006312.02213263
2020-04-28,7769.89969842197,142584301338.0665139264180723315,38828.24510912,42517.83323512,3002622.43400663
2020-04-29,8761.83716954997,160803082691.9365400759833479315,65760.58052366,64358.13906287,3004024.87546742
2020-04-30,8652.4109912332,158809421388.64795414529442914,64139.69280125,63715.26565983,3004449.30260884
2020-05-01,8855.53525827002,162553244139.453227958506632879,48607.02576907,44224.03273525,3008832.29564266
2020-05-02,8977.28170537697,164804644177.0962283932388695815,18563.29473337,16133.7202651,3011261.87011093
2020-05-03,8896.7956383986,163345766860.56670378181853347,25334.10753772,20478.90563776,3016117.07201089
2020-05-04,8881.95430450029,163090820830.5718905574304545785,35559.22713796,42521.29862315,3009155.0005257
2020-05-05,8985.8795993571,165016848605.142116849803048215,34535.3687568,29457.59822761,3014232.77105489
2020-05-06,9266.8130730567,170193754397.317370858829336555,37398.16469718,36885.36061895,3014745.57513312
2020-05-07,9993.75317685564,183563057935.821470147642567406,64642.24836214,52119.13544408,3027268.68805118
2020-05-08,9859.32360461718,181110769243.215138081652790547,54708.31012968,51194.35232423,3030782.64585663
2020-05-09,9577.33892238457,175947135264.4346154391842991405,34694.06092321,33491.1168191,3031985.58996074
2020-05-10,8715.03329322034,160124072157.514017271934478761,34879.42461977,37697.2810012,3029167.73357931
2020-05-11,8591.65288433665,157872468635.626332374103399106,52663.39527286,61730.64934869,3020100.47950348
2020-05-12,8817.25068112215,162025896130.157584244592817326,36553.24939746,50911.93457839,3005741.79432255
2020-05-13,9322.99720204559,171326433776.8250374252507149676,46649.59156079,51004.36720581,3001387.01867753
2020-05-14,9801.26948772647,180122509712.8674078063469180108,45000.99863813,38771.12180323,3007616.89551243
2020-05-15,9326.87585891292,171411642923.9241529908850947888,47192.90655193,65513.20677731,2989296.59528705
2020-05-16,9395.4753893045,172679781082.16857709661096938,19591.94090896,14146.18570562,2994742.35049039
2020-05-17,9682.5324811806,177961786342.589850905332004184,18535.34101883,16016.42216608,2997261.26934314
2020-05-18,9726.85002209235,178784109758.025250325457764454,46570.39110508,45003.56191174,2998828.09853648
2020-05-19,9754.20146201052,179293853008.8648160139723028528,36934.71279971,41241.73151631,2994521.07981988
2020-05-20,9515.702550263,174916798054.94452485279757132,30809.5851845,36092.14802085,2989238.51698353
2020-05-21,9068.80122933957,166709322797.2721944831661874426,49112.858126,43525.17380626,2994826.20130327
2020-05-22,9161.81503389831,168425526445.2076435019424665001,32917.10740346,35234.04179553,2992509.2669112
2020-05-23,9183.66212507305,168833981124.7175158639381515125,14998.99318551,13171.69499552,2994336.56510119
2020-05-24,8806.23065715956,161901602383.70031566897055329,15488.91026233,16652.88986223,2993172.58550129
2020-05-25,8909.19258153127,163801506583.1173005905507043675,30086.47774496,43054.42204847,2980204.64119778
2020-05-26,8835.13725336061,162446796724.5670042119619068025,30278.33797781,31638.34794439,2978844.6312312
2020-05-27,9169.05743921683,168594311360.4418852411777797795,33974.28263271,33339.68706932,2979479.22679459
2020-05-28,9568.26185300994,175942441112.0105184881454262152,36565.75187658,31261.89812082,2984783.08055035
2020-05-29,9432.41333343074,173451927876.1158414483475142792,38132.99099865,34361.38563843,2988554.68591057
2020-05-30,9691.68049117475,178229021212.6991439241537898725,21743.61567048,17086.23932208,2993212.06225897
2020-05-31,9433.94384663939,173498114784.0878698211323165189,20896.7835626,15932.08176823,2998176.76405334
2020-06-01,10199.1350542373,187579162621.120194625030872833,37705.4550428,49643.93500536,2986238.28409078
2020-06-02,9512.34653302163,174955641656.2030570297238918423,74673.05040361,64992.85326395,2995918.48123044
2020-06-03,9642.27340035067,177353695666.6833650718649961088,40943.87008667,43031.17145528,2993831.17986183
2020-06-04,9813.36067913501,180509824980.4644042057608162918,35690.27580592,31166.30283563,2998355.15283212
2020-06-05,9641.8916225599,177366559896.120063982754430882,42643.41389528,56158.8118542,2984839.7548732
2020-06-06,9668.67053857393,177871013185.5300461845339930618,13738.68533347,15825.68822696,2982752.75197971
2020-06-07,9747.58011104617,179332370530.2646891389864765232,13999.78833865,13468.99289412,2983283.54742424
2020-06-08,9769.34236148451,179742635817.0347882377100017296,61414.01603171,64241.08307384,2980456.48038211
2020-06-09,9779.42216566335,179937869950.949232407588847816,27500.63829216,31686.29686848,2976270.82180579
2020-06-10,9888.44417469316,181953971577.1867117752672677656,31716.67695075,28309.40064889,2979678.09810765
2020-06-11,9277.45116931619,170722019602.6722012156248649684,43872.77685617,49025.9453588,2974524.92960502
2020-06-12,9456.16153331385,174020249655.499893519612717981,33242.77879732,32922.89465171,2974844.81375063
2020-06-13,9461.33379865576,174124777106.1534317522128043856,15693.79598842,17146.47138319,2973392.13835586
2020-06-14,9342.955635301,171956092423.66222767849739706,12499.38000297,13421.79504541,2972469.72331342
2020-06-15,9441.38321127995,173775784553.950145444182767847,34234.49662497,34320.28050223,2972383.93943616
2020-06-16,9520.09194827586,175233403355.5358139469638194916,34653.11789711,35946.51018681,2971090.54714646
2020-06-17,9448.69356060783,173927344699.7409837394461700398,29749.7252125,30148.50306863,2970691.76929033
2020-06-18,9389.99076639392,172853988352.5289294938824633152,25555.76065238,40705.93008204,2955541.59986067
2020-06-19,9285.99158293396,170947837087.2992191342009388776,40686.99411979,38189.16048264,2958039.43349782
2020-06-20,9357.29246446522,172268442692.2297446807086302932,15159.74633371,14607.43436168,2958591.74546985
2020-06-21,9284.76937182934,170941759573.1369831874347330312,14100.21245954,12984.63183967,2959707.32608972
2020-06-22,9684.62018474576,178312062949.3344724601159442368,35140.96131758,33373.524885,2961474.7625223
2020-06-23,9611.72599824664,176979435527.3182609404982193952,55227.90453873,64443.51482014,2952259.15224089
2020-06-24,9292.94354354179,171117809729.4180275484453943972,36088.34966368,36129.42516966,2952218.07673491
2020-06-25,9247.12143249561,170282202496.1800410176018298348,43061.39474317,40316.46837726,2954963.00310082
2020-06-26,9159.43777206312,168676929867.5158861776455531856,31948.51241849,33958.31237999,2952953.20313932
2020-06-27,9002.16561718293,165788426484.1072845948499970634,16428.4534076,15591.81056765,2953789.84597927
2020-06-28,9108.06567457627,167747274213.1566193666010434326,15484.13137511,13626.8088808,2955647.16847358
2020-06-29,9184.24736627703,169158669350.1117722368308335511,34096.65939411,33805.47176416,2955938.35610353
2020-06-30,9143.96758530099,168425183323.9692433967893910163,27227.02537099,30414.55766688,2952750.82380764
2020-07-01,9241.33961239041,170228061576.5769387013933956087,37679.36652977,30674.63050758,2959755.55982983
2020-07-02,9094.38728679135,167530480365.4885266651776773395,34044.18104948,32764.35873364,2961035.38214567
2020-07-03,9066.69069661017,167029509726.4202467789161714309,24658.61135423,34601.31129713,2951092.68220277
2020-07-04,9126.21955493863,168135124719.2667294586244451451,17725.53362613,15954.34725283,2952863.86857607
2020-07-05,9079.61401808884,167285746564.34164560515500983,12320.27341018,10731.34277975,2954452.7992065
2020-07-06,9338.94259117475,172072688838.1915227614397610625,35539.65365738,29567.71168388,2960424.74118
2020-07-07,9252.15873261251,170482981402.3037011395462783549,33507.11829915,36928.10875201,2957003.75072714
2020-07-08,9434.56795645821,173853010956.3395088584484134979,60723.87273465,52658.24274952,2965069.38071227
2020-07-09,9231.50234751607,170120535332.4796247170586241993,37651.43656093,32804.05650242,2969916.76077078
2020-07-10,9285.22101542957,171119820222.7930763253546930643,35386.2840169,35489.99466202,2969813.05012566
2020-07-11,9237.17100818235,170243300036.2175734870076109765,16813.60640733,13970.21497455,2972656.44155844
2020-07-12,9289.09797691408,171209151295.9877515985433386992,11796.08801059,12293.59077345,2972158.93879558
2020-07-13,9236.62250116891,170250451857.3444684651323599909,34108.36718058,41438.41662418,2964828.88935198
2020-07-14,9260.3569868498,170696262854.649947408083842362,31610.91629046,29687.77927456,2966752.02636788
2020-07-15,9196.72555897136,169531276215.8341717232548941872,37012.76279984,38491.33274461,2965273.45642311
2020-07-16,9132.59231209818,168356814754.7793773518310712186,34543.80981544,34314.87113372,2965502.39510483
2020-07-17,9156.46870976037,168803722440.9125104320626570937,35053.80035619,37116.00676069,2963440.18870033
2020-07-18,9175.90530859147,169169500525.0169199058550606785,16360.36259707,14282.66132591,2965517.88997149
2020-07-19,9218.84231081239,169968646771.3954294904271435045,17156.0418575,19936.20661459,2962737.7252144
2020-07-20,9167.19056750439,169024417398.2053133343285561045,33079.34715621,27835.48192797,2967981.59044264
2020-07-21,9388.57434979544,173113620548.5535752658376464248,32192.99395823,31598.42262276,2968576.16177811
2020-07-22,9531.2574301578,175753097015.69102217308451471,45241.9852571,35275.4414435,2978542.70559171
2020-07-23,9609.16671537113,177197885133.9780501940175532837,46436.24896625,48067.82448389,2976911.13007407
2020-07-24,9548.1007270602,176081404997.345388603445034778,44548.69800594,44699.5799291,2976760.24815091
2020-07-25,9702.45279047341,178936500441.5233335183967728349,26791.05024626,24707.48449938,2978843.81389779
2020-07-26,9933.90655423729,183214872171.0232394028815774681,31237.65850291,24063.81132054,2986017.66108016
2020-07-27,11046.5083295149,203745302795.425003990596269061,74157.2750553,54559.44816833,3005615.48796713
2020-07-28,10944.6129789012,201875831190.268509177094572468,62102.23719165,51644.85440057,3016072.87075821
2020-07-29,11115.7712819988,205043166412.049884331332434396,46313.39200427,44671.17320871,3017715.08955377
2020-07-30,11135.3907261835,205414465076.514773302816901945,48444.27120195,50910.15103344,3015249.20972228
2020-07-31,11338.1973407949,209166479251.117786072849887183,47308.72796588,53593.21691434,3008964.72077382
2020-08-01,11797.5821265342,217651287744.117511863709164714,36433.62450938,30439.13797078,3014959.20731242
2020-08-02,11094.0206841321,204681196754.412141733465728375,31118.38470956,26394.55290355,3019683.03911843
2020-08-03,11236.0956805377,207313812355.998949420517392149,42092.88474564,45275.8795361,3016500.04432797
2020-08-04,11202.651909059,206706903819.03015679372113369,31733.15270867,41048.7153656,3007184.48167104
2020-08-05,11721.4384715956,216288798767.411231280778827996,34967.30674338,35826.24090742,3006325.547507
2020-08-06,11769.3091081239,217183602498.037270872340561749,44665.18503877,41081.85082709,3009908.88171868
2020-08-07,11598.9690585038,214051270852.34105006165790571,38535.60911956,49289.72281973,2999154.76801851
2020-08-08,11743.0086350088,216719847497.15438043729335796,23543.77592353,18234.30592301,3004464.23801903
2020-08-09,11680.5173661601,215577945675.764890684275442545,19498.64756016,23724.3241629,3000238.56141629
2020-08-10,11870.3695447107,219092059149.646830551435763315,44614.2438469,49860.7979613,2994992.00730189
2020-08-11,11392.6440884278,210285619725.44521976353979151,39129.66083468,40628.08768626,2993493.58045031
2020-08-12,11575.5124736996,213672365984.70562933382018282,34418.62260776,37999.28409893,2989912.91895914
2020-08-13,11773.4481155465,217336876532.05075837322396208,32931.48805822,45317.3381348,2977527.06888256
2020-08-14,11774.4082518995,217366890107.603019162353436615,50305.55345689,54699.74332808,2973132.87901137
2020-08-15,11866.9103613092,219086138168.210625608029406484,17688.0323494,27049.44310827,2963771.4682525
2020-08-16,11899.6427535944,219701746156.350811300147016488,19084.16628895,24289.01523435,2958566.6193071
2020-08-17,12315.7624166569,227394137696.725204417104324613,59308.11564378,61519.36312353,2956355.37182735
2020-08-18,11992.6959962595,221439640459.058940335694313815,45562.4261095,45718.74409875,2956199.0538381
2020-08-19,11736.8490645237,216725667041.470364384178939237,49530.05506574,60167.44137691,2945561.66752693
2020-08-20,11867.5203439509,219149394201.682140488390225595,38945.82487139,35938.23712156,2948569.25527676
2020-08-21,11524.6989491525,212829910158.464508207497687675,31164.50210282,37753.26602262,2941980.49135696
2020-08-22,11682.2891503799,215750103401.777595979239808962,18015.82642432,17969.44859382,2942026.86918746
2020-08-23,11665.6092735243,215453504048.670466523266801434,12358.54554421,13527.16286831,2940858.25186336
2020-08-24,11771.4080537405,217418476236.22742016676823526,29154.69293998,31624.27148056,2938388.67332278
2020-08-25,11358.4543202805,209800287564.57504867551737206,31760.82502055,41444.01859118,2928705.47975215
2020-08-26,11472.0491204559,211908661338.800828949980852628,37178.45513485,38838.78802176,2927045.14686524
2020-08-27,11314.6737410286,209010787351.937026262786219112,36313.09507968,32506.31479654,2930851.92714838
2020-08-28,11527.8830322326,212961048996.425346703495968812,40047.72559529,55649.28781987,2915250.3649238
2020-08-29,11490.7623477499,212285783092.424117207995502838,19184.4538429,21603.27800539,2912831.54076131
2020-08-30,11698.9758329632,216141703644.113847567679864384,21571.88311481,16579.13984497,2917824.28403115
2020-08-31,11678.3482268849,215771551563.058043405424901538,40145.02710785,74724.62732971,2883244.68380929
2020-09-01,11970.364856166,221178432036.76084502752130892,46298.71269825,40920.66758325,2888622.72892429
2020-09-02,11414.5209336645,210918284052.16790843997407649,53089.61083376,61116.43471228,2880595.90504577
2020-09-03,10261.4944095266,189620855868.049519036752065092,60312.44652712,56892.14384762,2884016.20772527
2020-09-04,10471.9664133255,193518977097.63435690968284731,61956.12363519,61814.60156548,2884157.72979498
2020-09-05,10128.64358609,187183394233.4417484594960088,38036.81623106,31419.64366813,2890774.90235791
2020-09-06,10253.2998980129,189496729938.087563462411936728,22010.30177789,21952.93491926,2890832.26921654
2020-09-07,10367.8783543542,191625655656.811869354361968144,37084.94936066,36827.75653632,2891089.46204088
2020-09-08,10108.6354501461,186843957815.110654498742020152,37372.37717647,43120.45414483,2885341.38507252
2020-09-09,10223.1114091175,188969405737.1191101384573995,37422.52541819,40554.51265018,2882209.39784053
2020-09-10,10334.6307302162,191040993379.849618570486150176,36044.900217,46706.41525472,2871547.88280281
2020-09-11,10387.0207419638,192018408644.760696593629456224,36913.29558934,36322.33608748,2872138.84230467
2020-09-12,10436.9778322618,192953023670.090182131297455264,19648.93908663,21027.43862431,2870760.34276699
2020-09-13,10322.5236148451,190847509504.399364555664812848,16393.3466926,17032.9249095,2870120.76455009
2020-09-14,10662.719912332,197148942307.16380677667462336,38752.82737615,39269.71832433,2869603.87360191
2020-09-15,10779.3810249562,199316464218.546665448964905376,36824.09407851,40998.94882427,2865429.01885615
2020-09-16,10968.3205465809,202820681601.607210857444411918,43607.86160191,45514.75465938,2863522.12579868
2020-09-17,10936.2927505552,202240606289.017099499829889504,38453.50024069,44912.08622205,2857063.53981732
2020-09-18,10920.1128439509,201952658938.450765952090229417,41096.40627865,47809.48599908,2850350.46009689
2020-09-19,11073.7795478083,204804828423.611937824541916407,19795.73422666,38968.4852681,2831177.70905545
2020-09-20,10921.2180998247,201992962103.483567482028573757,20320.87136765,18189.20057329,2833309.37984981
2020-09-21,10455.3799623027,193386546243.581092005512163195,40006.19476053,39747.34769039,2833568.22691995
2020-09-22,10519.8391641146,194587288925.38616335737532561,42791.54173321,42374.89576152,2833984.87289164
2020-09-23,10233.2995687317,189296198403.346136331988120845,65213.78045442,73857.94410321,2825340.70924285
2020-09-24,10739.0427094097,198660661113.466509469822623145,37712.97891276,35146.96573526,2827906.72242035
2020-09-25,10683.6305806546,197646881316.525807518016750606,40413.79734911,49951.53434322,2818368.98542624
2020-09-26,10742.0304202221,198737347444.741263865727166201,14827.68105929,18305.7735818,2814890.89290373
2020-09-27,10758.8242899474,199058270210.584330710425019594,19464.8384318,23089.43404223,2811266.2972933
2020-09-28,10727.3750541204,198485049767.550554751986798724,49026.35225973,42877.87830063,2817414.7712524
2020-09-29,10841.1427444769,200599609229.011602090609306989,47918.30566421,50428.72612267,2814904.35079394
2020-09-30,10772.351766803,199337235088.72715559538433913,37471.18129298,33928.26963393,2818447.26245299
2020-10-01,10606.6173325541,196278618504.309497878722425711,41915.79303241,49021.24924571,2811341.80623969
2020-10-02,10570.1056777908,195611944028.4631478417000661,35882.90437892,55783.18871573,2791441.52190288
2020-10-03,10555.7054339567,195355412926.414835827413125775,20319.62078335,17595.24306899,2794165.89961724
2020-10-04,10665.618622443,197400118730.03761912495022475,15412.50808376,15399.67402381,2794178.73367719
2020-10-05,10772.6355995909,199390223520.627737949999565925,32240.72479348,36846.15324279,2789573.30522788
2020-10-06,10596.3735493863,196136406784.526116335755523975,33030.33950457,29438.66559514,2793164.97913731
2020-10-07,10667.1943941555,197457351293.615374292105977875,37684.43877966,57962.52583093,2772886.89208604
2020-10-08,10902.5293637054,201824607685.06384441289661555,41926.37738556,33529.82172259,2781283.44774901
2020-10-09,11074.1036797779,205010561255.288898302990838675,45440.76109345,46263.55818329,2780460.65065917
2020-10-10,11302.8542864407,209255428096.905493149982728775,27575.47616781,23658.17818704,2784377.94863994
2020-10-11,11378.2625284629,210661427269.156554037067204925,14844.51561008,13663.68834937,2785558.77590065
2020-10-12,11548.401556692,213822180181.5250616331122256,35768.54393413,31382.00137335,2789945.31846143
2020-10-13,11434.9687849211,211733795569.959986728601561776,31180.06093613,33086.98707397,2788038.39232359
2020-10-14,11417.10811391,211413713271.8805062426519596,35862.90535263,40150.92021111,2783750.37746511
2020-10-15,11502.5812390415,213007298065.68052080461834079,27535.30620269,42396.4366876,2768889.2469802
2020-10-16,11338.9871765634,209988812323.350217439952230484,39428.84165965,57919.94785794,2750398.14078191
2020-10-17,11362.8022174167,210440997243.658660178045790342,12602.48459634,23285.40076695,2739715.2246113
2020-10-18,11489.6225650497,212798348506.640979548991554922,10453.39166414,11761.10138769,2738407.51488775
2020-10-19,11745.8119675628,217552387640.840738365071174328,32940.72961995,36580.77255854,2734767.47194916
2020-10-20,11929.4572507306,220964546714.081653591809705956,32487.40688899,32642.85954858,2734612.01928957
2020-10-21,12848.4906177674,237997872158.087210931590383524,55923.91675776,49202.77546621,2741333.16058112
2020-10-22,12997.4993417884,240769151101.226158472533688984,53506.95943355,55926.84711509,2738913.27289958
2020-10-23,12953.4296969608,239963373092.948955471738697808,32149.255125,38957.68119003,2732104.84683455
2020-10-24,13113.8669231444,242947944356.677340314315801544,18542.4022287,17258.86691742,2733388.38214583
2020-10-25,13041.6410374635,241619421843.61387065016485051,13485.66905496,14539.53861874,2732334.51258205
2020-10-26,13080.6561698422,242351238993.112882864454250972,32715.08581525,36752.085304,2728297.5130933
2020-10-27,13675.5239275278,253381084990.529639648789265228,31283.82409661,40465.96296025,2719115.37422966
2020-10-28,13290.3288497954,246252469508.292574644675590804,45754.17662098,41637.26732544,2723232.2835252
2020-10-29,13475.2173007013,249687307271.286398360337000338,41817.78658939,39092.02512662,2725958.04498797
2020-10-30,13603.2960908825,252069964041.18876957856007945,39739.02833495,49177.63177003,2716519.44155289
2020-10-31,13807.2336110462,255858690808.36390879652899176,25467.47125927,22692.08597332,2719294.82683884
2020-11-01,13736.89941128,254566075299.3919343619349224,17077.7000394,15449.50193994,2720923.0249383
2020-11-02,13595.5647603741,251954997135.144791812663984953,29998.21843156,53232.88921127,2697688.35415859
2020-11-03,13996.915398597312,259405133239.19439807104133946944,41174.2379898,52869.81371599,2685992.7784324
2020-11-04,14129.148195499705,261869847340.33322763892520586325,36062.42607753,41613.97842372,2680441.22608621
2020-11-05,15606.46683372297,289264831869.5576593187069913843,70514.5861017,65670.92549097,2685284.88669694
2020-11-06,15618.972471361778,289511558679.55213543302907928582,56291.92829785,55575.67697964,2686001.13801515
2020-11-07,14866.356304500296,275574713602.15551786219241699224,25975.27847768,19946.42394576,2692029.99254707
2020-11-08,15500.000707188785,287333823623.85487061133362967915,15536.24629897,18134.50752289,2689431.73132315
2020-11-09,15319.819972530682,284011407032.11324528253888664158,46589.09650798,57975.54799244,2678045.27983869
2020-11-10,15319.275676212741,284015391004.38957714010537172679,48329.21009925,51523.20196617,2674851.28797177
2020-11-11,15731.241105786092,291667576115.54710408171326622948,42837.6578149,44299.37242811,2673389.57335856
2020-11-12,16289.814897720635,302040192101.93146357893626816355,44640.02030738,52987.08131945,2665042.51234649
2020-11-13,16330.06276797195,302800641127.1344424811316359825,45419.94649331,41484.62857238,2668977.83026742
2020-11-14,16102.010016949156,298586257209.3901050469076214686,22946.82069345,15658.00554541,2676266.64541546
2020-11-15,15986.7549905903,296464022985.174889035336999805,11548.11751998,19128.9800668,2668685.78286864
2020-11-16,16743.05393980129,310505840495.7209433443259632115,39999.80303566,47322.70328802,2661362.88261628
2020-11-17,17682.16918702513,327939414604.2494015594615504665,52843.59802321,40891.17564701,2673315.30499248
2020-11-18,17804.690023962594,330230533165.0788869528968358277,61354.19207056,62987.80745325,2671681.68960979
2020-11-19,17818.668662185857,330505057657.63433513290711966185,33883.10593994,32822.33841959,2672742.45713014
2020-11-20,18663.78185312683,346200022367.5809682218390644515,61605.29390109,52683.08674163,2681664.6642896
2020-11-21,18706.58933541788,347013829881.622322956104746854,26585.77300501,18537.00151171,2689713.4357829
2020-11-22,18482.692631735823,342880566989.43979375393508698215,22202.52358915,23406.56154736,2688509.39782469
2020-11-23,18373.257759789598,340867272937.9125191621847638459,46073.91573446,38888.27588954,2695695.03766961
2020-11-24,19150.251048509646,355298609040.93659386652990919714,53350.87914326,52056.38213179,2696989.53468108
2020-11-25,18748.393713033314,347861028434.87370962094786929266,52718.8858523,45908.52182823,2703799.89870515
2020-11-26,17113.716871420223,317546987940.75907459088044754095,78755.02531838,59973.15693119,2722581.76709234
2020-11-27,17101.603018059614,317338674284.26335357043962347022,61023.3779963,53734.22139948,2729870.92368916
2020-11-28,17745.377312448858,329301680033.60703013936886141034,18872.7459909,23612.57700081,2725131.09267925
2020-11-29,18190.866880420806,337585701789.79001241273102419562,20267.26636053,23956.7160271,2721441.64301268
2020-11-30,19664.407606662764,364945525705.52278741407083427828,56874.33774245,47535.12016794,2730780.86058719
2020-12-01,18820.60778959673,349303591166.3211135444707978155,59785.52348648,53488.594787,2737077.78928667
2020-12-02,19214.872229047338,356636727016.0429376364860635443,37418.69251372,34484.88346957,2740011.59833082
2020-12-03,19470.31120806546,361396895344.488389268090457773,36111.55389878,37037.50819813,2739085.64403147
2020-12-04,18732.967090999413,347727590891.83583267400367742577,39245.67535532,51370.84563582,2726960.47375097
2020-12-05,19114.633130917588,354829406548.38508944617728549172,17637.90642902,16350.09916733,2728248.28101266
2020-12-06,19356.313676797196,359332231927.70292012886175351724,12138.09043875,15100.03924735,2725286.33220406
2020-12-07,19182.176832846293,356117524229.76866787946003438317,29686.33284979,28029.05103631,2726943.61401754
2020-12-08,18340.97813769725,340517159295.9260553262582204575,32214.5060957,38467.01040505,2720691.10970819
2020-12-09,18574.69673524255,344872497185.5555895740909814485,46196.53481265,50259.08782481,2716628.55669603
2020-12-10,18294.84695149036,339691449525.136358753542577722,48545.20154483,54209.19718595,2710964.56105491
2020-12-11,18061.760025716,335379162360.36856625151246164,43224.05543764,36332.97399869,2717855.64249386
2020-12-12,18813.2837685564,349349325775.850478449995977252,36664.28591174,28376.45601413,2726143.47239147
2020-12-13,19156.0825055523,355733532179.795446935653418177,21437.75259873,18232.76275405,2729348.46223615
2020-12-14,19286.7512992402,358177564948.92308207670968543,38900.27219349,32342.08922894,2735906.6452007
2020-12-15,19432.5884640561,360902935454.327507094707300115,45597.28313275,41079.206917,2740424.72141645
2020-12-16,21370.7203186441,396917110350.897577471945524315,56988.58330887,49759.98163058,2747653.32309474
2020-12-17,22789.2674160725,423282074598.671741526552693375,74023.52745644,53184.6269938,2768492.22355738
2020-12-18,23048.7645610754,428124525372.75902743762297511,68076.54344726,51947.18585096,2784621.58115368
2020-12-19,23856.7735192285,443156630306.570417992474385505,31184.35495969,19692.45308082,2796113.48303255
2020-12-20,23528.5506135593,437081860159.927508382247063103,16804.03202759,21628.09781361,2791289.41724653
2020-12-21,22937.4183435418,426120094395.110645643974035994,51993.77004461,43642.87472211,2799640.31256903
2020-12-22,23756.8887685564,441365046263.014673201122213324,51934.98727616,70368.09780923,2781207.20203596
2020-12-23,23307.2709018118,433034297725.00938949140466781,54356.80330499,83109.71815197,2752454.28718898
2020-12-24,23707.6330440678,440491441936.25262834437048301,51330.29602977,36734.21160763,2767050.37161112
2020-12-25,24669.1643220339,458379042147.355671241195241505,26252.56400026,19689.86173313,2773613.07387825
2020-12-26,26478.0681052016,492013050503.561440580931519248,28579.26095333,24081.57269687,2778110.76213471
2020-12-27,26430.8565971946,491160219103.090746381672940038,54412.76844113,33152.70941815,2799370.82115769
2020-12-28,27039.3490199883,502494772100.141586645883618749,43609.2438707,43932.21330854,2799047.85171985
2020-12-29,27231.2034552893,506086032710.185598588697254779,40180.40243692,52433.98439751,2786794.26975926
2020-12-30,28844.6136781999,536101921073.266867941417498297,50931.66370866,61594.76863478,2776131.16483314
2020-12-31,29022.6714126242,539441388030.484541807060522126,48579.78808553,57792.67807213,2766918.27484654
2021-01-01,29380.6937327878,546123272590.499389531109364234,37815.71973097,49481.89669741,2755252.0978801
2021-01-02,32022.6810578609,595262299159.914827073449185127,68415.56231941,92642.37432235,2731025.28587716
2021-01-03,33277.8353050848,618626936448.977984643866202144,53567.55610567,29840.24538839,2754752.59659444
2021-01-04,31802.1467136178,591228627330.577088013414699134,70084.19947119,67369.23016421,2757467.56590142
2021-01-05,34013.1741724138,632366860903.160253040389602838,49368.93202182,47466.93270452,2759369.56521872
2021-01-06,36643.2777223846,681305813105.250392829881686746,50384.37968463,58854.5495731,2750899.39533025
2021-01-07,39215.6511490356,729174942657.489159041806167876,72784.1708115,68189.75188404,2755493.81425771
2021-01-08,40775.4045634132,758214680099.267515575643385572,67584.25312259,60907.06704736,2762171.00033294
2021-01-09,40370.6823495032,750723981944.455889313117024472,32668.06475202,31118.0960485,2763720.96903646
2021-01-10,38329.3401665693,712801739056.709956081203190753,39827.04920197,28313.27248286,2775234.74575557
2021-01-11,35269.5137177089,655932811964.759580190339736469,77546.25305976,65955.40665968,2786825.59215565
2021-01-12,33712.4685452952,627006493875.76814248492239804,54596.79192224,59317.44078339,2782104.9432945
2021-01-13,37296.5475277615,693700965812.766611762589779175,40871.82892207,41101.87126327,2781874.9009533
2021-01-14,39045.518340152,726267001112.6581303091442708,47283.73958883,54584.09412844,2774574.54641369
2021-01-15,36710.3174248977,682866609536.340912546638989455,83440.49108036,55997.50475859,2802017.53273546
2021-01-16,36177.2610970193,672984205338.407192286461603071,21748.46480925,20693.96514383,2803072.03240088
2021-01-17,36069.939466803,671017747596.71646142108685043,20440.20145237,21951.05328618,2801561.18056707
2021-01-18,36594.2964018118,680805649185.920438214940111558,31150.90430476,26348.24392919,2806363.84094264
2021-01-19,36250.1461893629,674436786184.258799701307765949,68778.12351776,47964.51450631,2827177.44995409
2021-01-20,35515.480012858,660799562908.80027340529503158,50916.03460752,41004.86345279,2837088.62110882
2021-01-21,31022.9510280538,577236765327.89123862620068509,51852.10497482,56794.3883276,2832146.33775604
2021-01-22,32986.4357568673,613799933930.625172270830423765,51595.61880585,48348.61327386,2835393.34328803
2021-01-23,32036.2822723553,596151049200.836521649351622165,20058.45195119,15987.3675746,2839464.42766462
2021-01-24,32216.1042904734,599525276803.45378800281334687,14463.9871766,16189.20266102,2837739.2121802
2021-01-25,32419.7059462303,603342567061.947712633318815915,41305.98503829,36089.89647139,2842955.3007471
2021-01-26,32640.6391426067,607487059172.229329177923036771,37525.13977799,37505.87219265,2842974.56833244
2021-01-27,30358.9347235535,565048354264.000688274905791455,56280.57459181,59337.23190717,2839917.91101708
2021-01-28,33511.287595149,623751131789.61738516444138237,61424.94775886,55312.74507318,2846030.11370276
2021-01-29,34166.1494259497,635972641065.897562551558802864,87853.71084723,71681.52585095,2862202.29869904
2021-01-30,34349.9170952659,639422511060.560586859496120208,29326.22857761,36431.7818951,2855096.74538155
2021-01-31,33157.8325745178,617261741250.781561662324800736,25470.11613936,36503.58116329,2844063.28035762
2021-02-01,33570.2718468732,624964623033.414994006254094824,38654.07710955,43821.77539446,2838895.58207271
2021-02-02,35596.1489094097,662713622887.431916741702576292,37594.83947186,31792.27575793,2844698.14578664
2021-02-03,37578.3732068966,699653042694.95929938564890021,39632.62594499,39787.80953466,2844542.96219697
2021-02-04,37129.2029376972,691327294031.86423424479278282,47491.85167632,61956.72584352,2830078.08802977
2021-02-05,38045.4136084161,708426864829.885129197172288335,51033.15220028,49580.79236112,2831530.44786893
2021-02-06,39341.727081239,732604037089.14535959661580765,32742.60202013,21806.90129693,2842466.14859213
2021-02-07,39003.0121817651,726334667736.004871656518154385,22123.87260119,31658.40351284,2832931.61768048
2021-02-08,46121.9340724722,858953685019.99656099214141047,68506.29063081,53309.30372105,2848128.60459024
2021-02-09,46548.1619912332,866933160142.66178936977560282,54950.45570164,55903.5641811,2847175.49611078
2021-02-10,45078.128350263,839594904533.26783829390515005,48221.74951478,39044.50032333,2856352.74530223
2021-02-11,47892.8409181765,892058461589.619939832596610775,36653.77776049,37572.59082351,2855433.93223921
2021-02-12,47525.2091431911,885253081022.207798222060578269,38303.23123438,38462.09040119,2855275.0730724
2021-02-13,47208.6250270602,879402263106.596110837195878066,17586.61871562,20477.05828074,2852384.63350728
2021-02-14,48829.8275096435,909647017116.413192745269370735,22553.97615651,20006.39809919,2854932.2115646
2021-02-15,48110.2417334892,896287524856.943555510949473532,28187.68343165,31798.65804893,2851321.23694732
2021-02-16,49140.3826578024,915516034419.288180802741996104,40593.48078562,32352.37828747,2859562.33944547
2021-02-17,52224.9391139684,973028220227.984777101693554964,51980.70751004,44612.69424572,2866930.35270979
2021-02-18,51650.0699485681,962361657680.049826146167603701,33062.43731953,42738.90656628,2857253.88346304
2021-02-19,55820.5044038574,1040119985987.258656502765418732,51096.22466064,42275.71674327,2866074.39138041
2021-02-20,55861.8205670953,1040940814716.290835279447584954,36818.6719355,39661.49802209,2863231.56529382
2021-02-21,57500.7161102864,1071530978098.872675169994835088,55630.99461866,19984.23009454,2898878.32981794
2021-02-22,53952.1533386324,1005448041778.173961776745249908,59708.8920543,49056.28814932,2909530.93372292
2021-02-23,48560.4890350672,905007959206.944738725834428624,77943.61710951,63770.7411081,2923703.80972433
2021-02-24,49567.3456890707,923821685553.804996518770050219,47751.59826899,61384.00751935,2910071.40047397
2021-02-25,47568.131170076,886607289246.58861897212848892,74258.33852849,65815.20229729,2918514.53670517
2021-02-26,46231.7675784921,861739395614.150721111558513927,44023.60949688,42863.3641951,2919674.78200695
2021-02-27,45834.5133611923,854379730435.379361892695082701,21253.27194018,17983.83084556,2922944.22310157
2021-02-28,45359.4641642314,845561698558.569668246983135378,26363.33806541,20471.81181362,2928835.74935336
2021-03-01,49634.4471092928,925293484700.919265521848849856,32426.03757615,41138.99376608,2920122.79316343
2021-03-02,48304.7054879018,900547396139.725208966324060786,38240.91340419,44414.56179973,2913949.14476789
2021-03-03,50690.4671835184,945073444270.171561409508112368,31777.68377881,36524.72279846,2909202.10574824
2021-03-04,48472.7954751607,903765934807.971176738575735229,32154.87521981,27369.13995609,2913987.84101196
2021-03-05,48800.8173594389,909927285417.952287271386098183,57180.628712,43067.24726465,2928101.22245931
2021-03-06,48970.5244868498,913138122157.578673562849155206,23602.90847694,17883.08389364,2933821.04704261
2021-03-07,51086.4681794272,952640081754.046847353519661984,21275.2315991,21329.86084203,2933766.41779968
2021-03-08,52088.475131502,971375568436.17999967740844794,41500.55952305,44352.37589691,2930914.60142582
2021-03-09,54739.1352542373,1020854485706.376643108156204173,35582.31678016,34658.86034702,2931838.05785896
2021-03-10,56116.040912332,1046585269945.16437529578303532,32776.8641162,32821.46285248,2931793.45912268
2021-03-11,57847.2549357101,1078920786628.132791770719223701,30681.23987801,31267.85799965,2931206.84100104
2021-03-12,57334.641534775,1069413682211.76392554596049775,29989.59448665,33118.9465554,2928077.48893229
2021-03-13,61288.7941276447,1143221861398.156115535751826647,27053.29478143,23048.67172611,2932082.11198761
2021-03-14,59905.6184704851,1117480223465.9625789309650166,48862.08039007,19813.40078565,2961130.79159203
2021-03-15,56121.121924021,1046936085343.063271878215386,35119.67398267,39633.52249255,2956616.94308215
2021-03-16,56500.4460257159,1054064969221.139501249488840586,35350.82725375,35927.57460353,2956040.19573237
2021-03-17,58683.0659824664,1094833523737.985289126610515856,35815.03209865,39337.48995515,2952517.73787587
2021-03-18,57731.4798410871,1077134892562.373035916127413034,38365.64635944,32863.84491521,2958019.5393201
2021-03-19,58168.1219222677,1085335421881.561363310550086558,28374.99148896,27212.14920847,2959182.38160059
2021-03-20,58247.8847066043,1086879746950.033727744871824322,20046.27636284,17910.04229339,2961318.61567004
2021-03-21,57447.9330198714,1072009014284.545675286666516712,11172.939589,37318.44405567,2935173.11120337
2021-03-22,54453.1373508475,1016175922879.4513353254596803,30717.33122645,43136.75599077,2922753.68643905
2021-03-23,54563.6119458211,1018292446531.049157128193826188,57443.21898434,57183.70343051,2923013.20199288
2021-03-24,52595.4113237873,981610902742.687514308488204484,35329.95063542,36092.89408149,2922250.25854681
2021-03-25,51547.1248953828,962095893978.609489172477511736,51682.61911443,51187.66791405,2922745.20974719
2021-03-26,54817.8571122151,1023188726799.009724946483898162,42135.7091008,45459.46513056,2919421.45371743
2021-03-27,56019.8373055523,1045679651161.939140235144952826,19252.66330786,19061.89225779,2919612.2247675
2021-03-28,55713.0381396844,1040008229552.000362575223455528,11879.65116217,12042.29597818,2919449.57995149
2021-03-29,57571.2333477498,1074749924159.921918937641595276,37817.46461752,37764.77000884,2919502.27456017
2021-03-30,58684.5483921683,1095587035147.446815685034983828,33687.51606806,27317.15807153,2925872.6325567
2021-03-31,58792.1948275862,1097654385790.028824321828418436,34181.002169,35903.50377551,2924150.13095019
2021-04-01,58818.9770985973,1098207717359.328733020131325694,41122.94996954,41479.52350345,2923793.55741628
2021-04-02,59031.5340192285,1102228015142.82390012077998923,35219.22389733,34332.91363977,2924679.86767384
2021-04-03,57282.3896247808,1069615151362.505295419109069824,19308.95496324,18493.32574733,2925495.49688975
2021-04-04,58202.199391993,1086843565004.38431320866247254,18129.55287334,22746.17890407,2920878.87085902
2021-04-05,58755.8525295149,1097239539433.688528575041979022,29733.91334037,31735.71977919,2918877.0644202
2021-04-06,58084.0664231444,1084746506903.418932588282727032,45030.1473613,53497.25139718,2910409.96038432
2021-04-07,56266.8346762127,1050864084696.762453935881086106,38494.70994865,42521.07909879,2906383.59123418
2021-04-08,57963.3445994155,1082597392462.60544725079649709,28864.05817534,34694.32795166,2900553.32145786
2021-04-09,58051.7625563998,1084303948234.420735498554526644,27133.72655607,23979.59622291,2903707.45179102
2021-04-10,59651.5589877265,1114243840831.56184816777977898,33234.69654409,33694.61656732,2903247.53176779
2021-04-11,59932.9306469901,1119553954624.009204113563758932,25776.53520741,16521.17143407,2912502.89554113
2021-04-12,59905.9363744594,1119103609635.149886800648290414,37391.71367266,35586.80569491,2914307.80351888
2021-04-13,63445.638314436,1185285134032.00289953625619516,45806.59787829,37877.71545459,2922236.68594258
2021-04-14,62869.4955873758,1174574736641.018292684504526698,42836.36513994,34147.51583202,2930925.5352505
2021-04-15,63231.162987142,1181399636375.83433905556271202,32002.763112,36005.79349037,2926922.50487213
2021-04-16,61571.1100905903,1150423144089.168674790570948693,39936.84903947,41373.45010452,2925485.90380708
2021-04-17,60280.8761758036,1126350100665.636734401074567516,18830.52377199,40858.78342909,2903457.64414998
2021-04-18,56389.5579812975,1053684397565.066145844255104725,47177.18611814,61054.1789189,2889580.65134922
2021-04-19,55798.1370771479,1042667048311.700006720948175949,34551.52172997,34950.53440347,2889181.63867572
2021-04-20,56474.3737586207,1055348665899.248622593967815717,57947.17042327,57984.71396958,2889144.09512941
2021-04-21,54025.7995745178,1009625741734.939944731731838718,50365.41340472,43865.00997329,2895644.49856084
2021-04-22,51882.0598106371,969610235958.194499172522452401,70214.38540417,52079.31629773,2913779.56766728
2021-04-23,50954.9100607832,952325970164.59033146104944732,69973.97787906,59524.83467462,2924228.71087172
2021-04-24,50279.9484464056,939756772128.293333063199502984,21363.15426367,20875.66389661,2924716.20123878
2021-04-25,48946.9407428404,914885342157.612695010848870956,27969.38649046,22153.1468182,2930532.44091104
2021-04-26,53943.3499783752,1008313501251.238242850107287928,38300.67556144,41590.45744474,2927242.65902774
2021-04-27,55027.0309848042,1028618591575.489820567593127238,37909.37802028,28970.29348806,2936181.74355996
2021-04-28,54787.3787071888,1024187402746.427960227004994032,31255.67381268,25731.09074449,2941706.32662815
2021-04-29,53567.0811938048,1001416180883.339668690225302272,34296.67527297,33613.03264241,2942389.96925871
2021-04-30,57741.44441654,1079506639631.2823239476046052,47825.93246574,41060.38521662,2949155.51650783
2021-05-01,57863.5903927528,1081840491823.922690780583348464,14740.00985664,12915.74171353,2950979.78465094
2021-05-02,56572.5968410286,1057768979625.265034407527279668,12264.03444476,11296.636144,2951947.1829517
2021-05-03,57243.0416054939,1070367974740.327080585904216925,37174.75693048,43149.48270181,2945972.45718037
2021-05-04,53724.10892519,1004629436534.2390828331765425,39736.39992916,29211.79550612,2956497.06160341
2021-05-05,57342.0256616014,1072339978638.41295808470931005,42681.1776081,38790.86282789,2960387.37638362
2021-05-06,56527.3529789597,1057165033263.208415251717439275,38312.8264103,51079.01256299,2947621.19023093
2021-05-07,57341.0684549386,1072444644671.50322122972299495,53686.97591801,43856.86129782,2957451.30485112
2021-05-08,58736.1258950906,1098599047838.21892578323922895,25886.66352756,20211.08443305,2963126.88394563
2021-05-09,58288.4256303916,1090293033441.2048633549441397,26962.13687553,23872.36949388,2966216.65132728
2021-05-10,55902.9277399182,1045734857476.92228111583385565,48110.00985384,47448.57939671,2966878.08178441
2021-05-11,56612.1026487434,1059061727701.45599642785143655,36150.28476096,41880.17029816,2961148.19624721
2021-05-12,50972.355081239,953611860142.77706348275239425,73373.52357555,44648.55499844,2989873.16482432
2021-05-13,49368.6144739918,923658096009.89875003585242685,83886.9772487,65603.26500672,3008156.8770663
2021-05-14,49997.3959011105,935464104038.488760409907650375,44053.11956939,47401.21257183,3004808.78406386
2021-05-15,47047.9633331385,880315632142.708043593618851375,33611.86707218,24022.80885382,3014397.84228222
2021-05-16,46022.5037090006,861166199739.01203652887551145,48192.03735224,40451.01808874,3022138.86154572
2021-05-17,43492.3954833431,813856084507.017331580814005825,93470.99216722,57181.83771322,3058428.01599972
2021-05-18,42789.8093921683,800735611047.681290432081586725,39560.0191934,49651.65048145,3048336.38471167
2021-05-19,37642.5200017534,704442601059.36557812990054405,144181.96518269,113275.09064838,3079243.32640937
2021-05-20,40799.4021475745,763549093519.339818220469338375,70968.63241811,69149.40462951,3081062.55419797
2021-05-21,37174.3311014027,695732487370.754309024739476525,55957.8804112,67618.04013592,3069402.39447325
2021-05-22,37643.4197983635,704538961588.966571627778145125,47902.54890939,34571.35650745,3082733.58687519
2021-05-23,34774.207221917,650864282818.40212171100783275,49698.98614132,50139.21032343,3082293.36269308
2021-05-24,38630.4091186441,723070720338.271318206448416575,59639.64326548,61782.63225387,3080150.37370469
2021-05-25,38269.7710747516,716349841273.0485416527660097,54594.31822693,47440.6384454,3087304.05348622
2021-05-26,39194.8588980129,733695914430.807515449107371175,43981.12368416,43400.48401193,3087884.69315845
2021-05-27,38510.8570417884,720920116468.6367329244662953,36927.04980572,34744.88558875,3090066.85737542
2021-05-28,35596.7179510228,666394144397.1611513706271851,65987.4035974,57917.7066258,3098136.55434702
2021-05-29,34681.8183670368,649291762343.0030425125002856,28836.23069188,20882.53136326,3106090.25367564
2021-05-30,35652.1687703098,667490155247.01414494732899535,21693.62589335,25061.41177955,3102722.46778944
2021-05-31,37312.9748970193,698617127163.466787841571409975,31817.04211434,27620.02576439,3106919.48413939
2021-06-01,36661.3781184687,686449707666.810868214417486025,25394.62145817,25925.14421719,3106388.96138037
2021-06-02,37639.4556732905,704802337797.412242408857585375,26199.44647924,26918.53532416,3105669.87253545
2021-06-03,39160.1504132086,733313467820.99483681142114745,28162.10461327,29030.72860461,3104801.24854411
2021-06-04,36884.3735551724,690727440913.3343413289933733,28621.35039057,29801.57375634,3103621.02517834
2021-06-05,35409.5672366452,663137983379.54077464330973928,21953.35485612,17756.34168528,3107818.03834918
2021-06-06,35720.6043546464,668996465742.41168775106645696,15261.22009947,18857.87155642,3104221.38689223
2021-06-07,33724.9077517826,631647921036.11487901862951364,42534.82165547,77273.03219611,3069483.17635159
2021-06-08,33475.0489234366,626999384040.22143616162604924,74685.39679701,61440.7987334,3082727.7744152
2021-06-09,37372.9888953828,700038595389.86307739823713992,54077.64501261,52530.60480332,3084274.81462449
2021-06-10,36826.0022185856,689820071889.25996764698582784,39868.28794542,31238.4203779,3092904.68219201
2021-06-11,37185.3931268264,696576540388.23173781003490896,46081.07238356,33288.25661169,3105697.49796388
2021-06-12,35669.1712817066,668203294293.80630573970872724,19163.65486527,15931.76158594,3108929.39124321
2021-06-13,38925.4194289889,729235864486.07230851181906146,27224.38078353,20708.89768491,3115444.87434183
2021-06-14,40455.5959833431,757936603874.64793547679596334,55103.46665326,44492.57226272,3126055.76873237
2021-06-15,40254.6514679135,754204861841.7240185452066339,53791.3497196,83869.88205967,3095977.2363923
2021-06-16,38265.5437726476,716966667412.67954617604317464,66853.34384725,53978.98113787,3108851.59910168
2021-06-17,38018.6432346581,712371477843.35712955690075434,45218.67070256,46893.38887896,3107176.88092528
2021-06-18,35714.3120787259,669221924126.84707695661310326,65592.65542361,48764.07374943,3124005.46259946
2021-06-19,35555.9763966686,666277887602.32876100718833404,26203.72235963,27671.79975404,3122537.38520505
2021-06-20,35599.9418784337,667125112359.26366590978854818,27658.50416809,25529.58278939,3124666.30658375
2021-06-21,31715.1598624196,594347052677.04802117998081544,61089.31834347,59789.02240073,3125966.60252649
2021-06-22,32394.5555949737,607097459293.35711800255390418,62039.83733309,54733.45748379,3133272.98237579
2021-06-23,33610.4968129749,629906295954.39790608467562186,48695.94523267,50870.12533528,3131098.80227318
2021-06-24,34658.972875979,649578904366.7175958653048406,32821.66252367,29620.7196845,3134299.74511235
2021-06-25,31683.5032004676,593834396795.62123582055472264,42106.80892022,46749.09230195,3129657.46173062
2021-06-26,31890.6764465225,597735121992.1220256868610565,30431.18614311,25934.48635358,3134154.16152015
2021-06-27,34506.4911975453,646776516888.43201525267129242,22489.88065867,20669.89662314,3135974.14555568
2021-06-28,34376.188538983,644353080432.3312060237447662,31258.35740506,30151.79502154,3137080.7079392
2021-06-29,35933.7782178843,673569017034.03255327765303702,28425.53339117,31368.07398916,3134138.16734121
2021-06-30,35065.4661533606,657312026712.50963328513526284,27178.63988462,34394.73014156,3126922.07708427
2021-07-01,33505.0804935126,628082261641.49860767793683564,18964.15230308,29525.840185,3116360.38920235
2021-07-02,33782.9459464641,633310097345.02892765040386274,23156.69020599,22598.78805673,3116918.29135161
2021-07-03,34588.2242916423,648433656983.60835550046223822,15725.98445051,9723.07704555,3122921.19875657
2021-07-04,35355.6078883694,662845391401.17013953749205916,10486.75079572,13856.06686757,3119551.88268472
2021-07-05,33911.7538404442,635804056014.21477745689612788,24201.19126543,18888.78620973,3124864.28774042
2021-07-06,34123.9815680888,639813352297.76087287724750832,21127.06852952,22140.3269488,3123851.02932114
2021-07-07,33931.6186382233,636232696006.57299009876978162,19934.78210327,27909.42042531,3115876.3909991
2021-07-08,32819.6595312098,615411488299.44032399943040772,26634.23923936,38728.09312233,3103782.53711613
2021-07-09,33914.8810742256,635976090720.02605475000892384,27079.91871883,23876.58680095,3106985.86903401
2021-07-10,33610.9458386908,630310480192.57486074667021112,11277.16650672,10968.89114692,3107294.14439381
2021-07-11,34258.4413898305,642479813682.0224375146191277,14203.64245324,15252.70191846,3106245.08492859
2021-07-12,33135.2359117475,621441410376.519676400231659525,30574.83735578,28760.26800932,3108059.65427505
2021-07-13,32641.9759610169,612218213636.944106800927093311,29957.12267523,30790.09503132,3107226.68191896
2021-07-14,32798.2845189947,615184714795.536265243732085293,31123.0964304,28194.60994477,3110155.16840459
2021-07-15,31707.6900368206,594754222803.968998595477796902,31329.81997849,33044.39094128,3108440.5974418
2021-07-16,31455.7175818819,590057361252.462186409597005023,24589.51099513,26293.91640467,3106736.19203226
2021-07-17,31547.9511990064,591815707709.593175583849576688,91983.62090842,62656.93197827,3136062.88096241
2021-07-18,31707.7038527177,594841083620.598289172348105309,29326.3446856,11879.78039125,3153509.44525676
2021-07-19,30883.4697462303,579411146950.463541225152407851,33116.27345812,24955.27383595,3161670.44487893
2021-07-20,29766.6577182934,558481103180.424983651679478478,34438.51735132,37693.49723142,3158415.46499883
2021-07-21,32119.6572258328,602657114950.017822689504662776,28995.11143843,31747.97638485,3155662.60005241
2021-07-22,32306.9614285798,606202373832.864937700295047058,27815.58479151,23534.29508894,3159943.88975498
2021-07-23,33439.5957028638,627483146930.439544154359011654,21996.31001368,21375.92099973,3160564.27876893
2021-07-24,34166.914654588,641163936367.44720201624333004,16433.81807349,12820.93923836,3164177.15760406
2021-07-25,35119.9374360023,659081599893.774533311529566859,11055.48593859,15963.22644089,3159269.41710176
2021-07-26,37444.7825102279,702746127516.197852278934347505,50923.34811469,39952.27981904,3170240.48539741
2021-07-27,39126.5402881356,734350141187.490457204123849812,43029.21212046,37727.44197702,3175542.25554085
2021-07-28,39939.1940432495,749641699745.610164716003003865,73667.00064946,105487.0267144,3143722.22947591
2021-07-29,40086.1643950906,752440356957.741577738236417986,28512.34370203,54506.56089655,3117728.01228139
2021-07-30,41789.6670981882,784459439060.848805509261885926,26942.45274836,27890.84987053,3116779.61515922
2021-07-31,41793.3137481005,784569163457.408078687315595715,13808.55846552,14251.57941618,3116336.59420856
2021-08-01,39968.9689544126,750359938437.912479327180448292,18182.39766851,12852.52930957,3121666.4625675
2021-08-02,39304.1862835769,737914727506.082887913044844798,27723.68194693,23573.68476319,3125816.45975124
2021-08-03,38288.8253975453,718892321501.24616444945324685,34408.67142354,31385.3208325,3128839.81034228
2021-08-04,39773.9113489188,746809379233.0634993132839626,23768.07054274,38947.94966243,3113659.93122259
2021-08-05,40941.650434249,768776213304.40155654554081188,30220.67679549,23337.1795562,3120543.42846188
2021-08-06,42790.3573284629,803532575810.021448894559609748,55404.27185976,46353.04968631,3129594.65063533
2021-08-07,44484.9005862069,835399743972.483971336553251028,16754.20104851,14761.01182492,3131587.83985892
2021-08-08,43972.3010181181,825816854268.834254413290617972,26839.74147532,21944.75940126,3136482.82193298
2021-08-09,46265.6424564582,868930647608.395195347656033268,39024.26417221,45283.17927755,3130223.90682764
2021-08-10,45488.7912624196,854387253428.632585130607098104,27808.62534157,20456.68659527,3137575.84557394
2021-08-11,45676.3263611923,857951571939.967139483992958644,27036.93439183,37954.87699905,3126657.90296672
2021-08-12,44405.7483483343,834127847703.929768464760550404,27002.78597649,19398.94665311,3134261.7422901
2021-08-13,47717.4853559322,896378630903.748908430005448216,25731.34797719,22908.44753571,3137084.64273158
2021-08-14,47124.2050736411,885282092633.699231515617313108,17713.03912691,13855.8222339,3140941.85962459
2021-08-15,47074.370710111,884399444211.28403803825696708,17795.63565336,16040.09363337,3142697.40164458
2021-08-16,45984.7199070719,863974140187.844318267038961958,22855.408904,20743.13184843,3144809.67870015
2021-08-17,44714.0967982466,840149375514.803317412881644212,19110.41411244,19267.95696724,3144652.13584535
2021-08-18,44954.3637469316,844701768564.857117850978769376,30732.9515883,26250.81868955,3149134.2687441
2021-08-19,46646.8615049679,876549048192.091213635584782476,20978.93286961,22419.51215449,3147693.68945922
2021-08-20,49240.8356049094,925342094183.730124681212647736,34871.95015479,42486.76709716,3140078.87251685
2021-08-21,49070.2409701929,922188388144.030200153779131476,30427.31964326,23122.39003046,3147383.80212965
2021-08-22,49363.3160952659,927746814154.677672682955205596,12210.83061209,12744.70315004,3146849.9295917
2021-08-23,49590.8763676213,932084698996.074769117437310822,43235.99786013,27064.05204363,3163021.8754082
2021-08-24,47925.8622127411,900836074831.827885500227949828,22217.40004801,22258.71963072,3162980.55582549
2021-08-25,49002.3166049094,921118598353.727928677200182588,30434.18723523,57051.93850288,3136362.80455784
2021-08-26,47190.3449929866,887101213688.728016785799843988,46536.40139646,20448.01114431,3162451.19480999
2021-08-27,49048.4755891292,922075783019.961314701433189192,21470.60419011,22428.37206208,3161493.42693802
2021-08-28,48852.4687995324,918434048710.244952157871391624,12503.4952525,11359.04130916,3162637.88088136
2021-08-29,48948.3479579193,920284316512.379947350250803918,12448.87160314,11504.57692295,3163582.17556155
2021-08-30,47125.7685189947,886057523557.165485761856195722,24718.66908314,20799.36117842,3167501.48346627
2021-08-31,47219.2443424898,887857550977.514449458197098748,30002.39745116,32442.87519347,3165061.00572396
2021-09-01,48688.5375572764,915526177256.09460734927586792,33629.86235778,33162.37784131,3165528.49024043
2021-09-02,49369.5862746932,928378409762.77998339437906296,35231.26231443,47227.60935134,3153532.14320352
2021-09-03,49860.5341635301,937656640132.182822766804318434,22238.54291708,37341.14931258,3138429.53680802
2021-09-04,49919.577563647,938815345552.65768511533819398,12986.35515863,19540.29228396,3131875.59968269
2021-09-05,51747.6438565167,973248018531.036942128980335078,14240.92142435,12255.50163411,3133861.01947293
2021-09-06,52640.5883740503,990098733766.817944853232051702,21977.80414202,29559.90087744,3126278.92273751
2021-09-07,46854.4006028638,881313121254.804485244851305292,40599.68077196,44482.13377013,3122396.46973934
2021-09-08,46187.9757306254,868818919447.721173173239195436,29901.1470325,34577.69387647,3117719.92289537
2021-09-09,46448.7748290473,873764452663.139130754559004682,25959.45129924,26141.92281182,3117537.45138279
2021-09-10,44765.2755762712,842133598885.111605117476170608,29211.02950607,76630.4648807,3070118.01600816
2021-09-11,45098.5916447691,848445725719.525614357569387964,11441.52324087,13005.67855551,3068553.86069352
2021-09-12,46180.6124563998,868844353747.637088911838557592,9597.00647529,10325.02583444,3067825.84133437
2021-09-13,44991.5221277031,846517459123.608471421870233324,29787.18535783,32004.76627129,3065608.26042091
2021-09-14,47022.6177597896,884781986136.446305135721623568,22331.40869317,23203.52537827,3064736.14373581
2021-09-15,48167.1893676213,906361101242.188503643216772154,19300.35804029,33834.19752795,3050202.30424815
2021-09-16,47797.3283237873,899442060628.619785907980024434,21374.58638346,26259.71217045,3045317.17846116
2021-09-17,47213.7941294565,888504590279.66215075968394377,19455.46411489,21877.66174399,3042894.98083206
2021-09-18,48204.0136519579,907185981599.031747185626474982,11495.60221158,11553.74358687,3042836.83945677
2021-09-19,47218.4739964933,888685620898.340358489307309914,10116.21138089,10987.90965096,3041965.1411867
2021-09-20,42855.5103448276,806615435806.135311660879896216,36259.46063202,30202.86378228,3048021.73803644
2021-09-21,40526.4893760958,762810354584.069780430157328228,26618.36872705,20936.65193966,3053703.45482383
2021-09-22,43577.5724821742,820275900833.319879948187379972,19793.27831193,19710.46171568,3053786.27142008
2021-09-23,44861.2980329047,844486179446.786360121203849602,19073.95752792,20276.4015513,3052583.8273967
2021-09-24,42803.307701052,805785377803.38609196026639432,31189.475044,31457.30476605,3052315.99767465
2021-09-25,42735.2658240795,804542930367.90550455009565497,10340.41327464,12186.22160814,3050470.18934115
2021-09-26,43131.2941773816,812036112156.656873658440531856,24760.56625138,17605.66744854,3057625.08814399
2021-09-27,42496.7852250146,800131333256.007483499493644636,20190.84497193,24180.7422848,3053635.19083112
2021-09-28,41223.7862743425,776202415861.93000280375888505,19173.57008131,22463.27424198,3050345.48667045
2021-09-29,41453.9470131502,780569792316.159936347930794092,19013.82610576,17045.02336,3052314.28941621
2021-09-30,43781.546015488,824444822183.80485127777536,25246.85222364,23027.81585547,3054533.32578438
2021-10-01,48078.1315543542,905395355940.325446365136100068,25049.53737563,26113.07414422,3053469.78901579
2021-10-02,47792.4391943308,900071424943.376327455228029832,14220.16016237,13656.19251576,3054033.7566624
2021-10-03,48202.6229177089,907841574218.380446620216292406,13465.6438222,14013.96586231,3053485.43462229
2021-10-04,49288.5013106371,928340914897.400335416851558434,22860.60950177,22811.49894427,3053534.54517979
2021-10-05,51558.0493319112,971140330173.485073586916428848,29565.36881748,30492.47787316,3052607.43612411
2021-10-06,55419.800411163,1043925117637.07270414559766002,37354.21332297,34311.59945209,3055650.04999499
2021-10-07,53805.1569125658,1013558008447.576530782426916732,27940.59019713,26941.5843593,3056649.05583282
2021-10-08,53933.5275908825,1016016649274.3846484447373381,24034.41766785,20434.5428346,3060248.93066607
2021-10-09,55010.9224751607,1036364523575.884375721646174156,12392.92832427,12365.69321452,3060276.16577582
2021-10-10,54701.2797022209,1030585445349.335183323348370772,11138.2408634,11866.9134576,3059547.49318162
2021-10-11,57289.1864570426,1079394515904.969690420738316808,21964.38405164,21274.97958452,3060236.89764874
2021-10-12,56196.1812597896,1058848098456.307954895311079904,31808.13889664,23385.86951063,3068659.16703475
2021-10-13,57348.8928769725,1080628058359.8535835938961259,24637.17777531,27172.18302939,3066124.16178067
2021-10-14,57384.0369146698,1081339414302.172399224373763844,23695.3970207,25054.57103613,3064764.98776524
2021-10-15,61446.0840073057,1157938398432.828435506351523546,35644.7187354,37661.07906344,3062748.6274372
2021-10-16,60932.0632119228,1148302435528.984629145444700184,22572.77845855,14916.16998462,3070405.23591113
2021-10-17,61462.2223722969,1158355075187.089280787722718282,13052.93540338,15268.95083871,3068189.2204758
2021-10-18,61977.0575514319,1168115306326.819408927114844833,30899.42974691,28466.69040715,3070621.95981556
2021-10-19,64290.8977574518,1211787792745.676676250052702826,39286.32579853,42647.9540997,3067260.33151439
2021-10-20,66061.7965639977,1245228121159.928123592573454197,28123.72723961,28117.17277013,3067266.88598387
2021-10-21,62373.8856206897,1175770746966.760741511726212317,52574.79447369,52355.09523262,3067486.58522494
2021-10-22,60750.9673718293,1145238131036.059450230195356273,24200.40086856,27777.0757754,3063909.9103181
2021-10-23,61250.082628872,1154702638464.94089122818482792,17821.02771553,16201.49328049,3065529.44475314
2021-10-24,60865.4470523086,1147509590176.153043764301189046,11913.32617814,21918.19922096,3055524.5040885
2021-10-25,63031.6729015196,1188421618593.067971943643515756,18801.82000881,33245.71014138,3041080.61395593
2021-10-26,60393.9802738165,1138746241356.948176482328490065,22701.17479714,24830.33012639,3038951.45862668
2021-10-27,58563.3359899766,1104286370829.156956182681070526,28198.10650865,28019.72384727,3039129.84128806
2021-10-28,60564.5721122151,1142080144447.011700407925714011,39602.05996302,31850.20536241,3046881.69588867
2021-10-29,62230.8055689655,1173567203301.588668121465302955,33461.13595654,32955.46408637,3047387.36775884
2021-10-30,61742.9165321449,1164426258908.204808846803425589,13532.54003848,14761.043788,3046158.86400932
2021-10-31,61432.9700628287,1158634265024.848448883684409107,13870.50449184,35012.39179077,3025016.97671039
2021-11-01,61092.0950592051,1152261825759.661266768690097911,23875.58360794,19453.23878776,3029439.32153057
2021-11-02,63024.7472296902,1188775936157.830457467105916622,33291.67531029,35021.70480432,3027709.29203654
2021-11-03,62955.9817630041,1187542227940.655304670238387301,35664.22257628,36211.07054526,3027162.44406756
2021-11-04,61393.8899780246,1158131273454.473724873394266542,21003.47422665,24401.30464471,3023764.6136495
2021-11-05,61005.840833723,1150870233190.34422400759737713,21792.07011415,22693.82117141,3022862.86259224
2021-11-06,61455.0536268849,1159403746542.631566125493187665,12059.12887728,17700.79871814,3017221.19275138
2021-11-07,63043.8290590298,1189437680906.601425856443940914,10566.00842174,9851.98388565,3017935.21728747
2021-11-08,67541.7555081824,1274356316854.725979426052071712,38913.37418775,32437.92135746,3024410.67011776
2021-11-09,67095.5856706605,1266001867364.486910911764314615,23881.80706335,28281.72714461,3020010.7500365
2021-11-10,64756.0779689071,1221918863231.726002816158213407,31396.49766969,30929.96468359,3020477.2830226
2021-11-11,64962.9312939801,1225886245880.287656603025370817,20479.87416509,24809.92405419,3016147.2331335
2021-11-12,64078.968037405,1209262243095.62867775186886885,23723.21690431,22682.7879086,3017187.66212921
2021-11-13,64397.7912063121,1215340475002.551659471547011257,10481.37616288,10438.98250388,3017230.05578821
2021-11-14,65032.2256548217,1227377584620.375411879225307089,14887.57738278,12270.06161292,3019847.57155807
2021-11-15,63753.5031592636,1203303942753.519329838143257732,20540.51821025,16415.28200829,3023972.80776003
2021-11-16,60322.4978530099,1138602607166.968901055207829213,31932.46886222,37408.88476217,3018496.39186008
2021-11-17,60154.3083661601,1135484006196.675354905403828687,32772.81164308,37260.40173891,3014008.80176425
2021-11-18,56794.1556271186,1072108247663.836614086249661582,63512.35977615,49771.54859142,3027749.61294898
2021-11-19,58014.0729888954,1095186409046.459411069592386598,35976.72418297,33761.50193438,3029964.83519757
2021-11-20,59749.4738229106,1128001356408.752008718406848622,14095.91804288,12163.30582708,3031897.44741337
2021-11-21,59032.6241017534,1114516759935.048284287526825058,14647.25846979,15010.85167152,3031533.85421164
2021-11-22,56383.5658760958,1064553089483.942871154657968546,42621.89132137,37012.713046,3037143.03248701
2021-11-23,57642.2657980713,1088365599085.191868417996884231,32120.51229409,31002.04582409,3038261.49895701
2021-11-24,57141.8303784337,1078972757535.903593034154145119,28832.6314779,24736.16833055,3042357.96210436
2021-11-25,59008.6554792519,1114270770425.185909152246807753,30387.13084854,37964.61286417,3034780.48008873
2021-11-26,53800.6178389831,1015970869546.846997819471146697,62737.3514989,42255.25399029,3055262.57759734
2021-11-27,54635.8824628872,1031792837559.930636338093948664,12291.41597146,13388.22911445,3054165.76445435
2021-11-28,57248.5696963764,1081182893171.782613999179309068,12337.79510268,11087.2793953,3055416.28016173
2021-11-29,57920.7107299825,1093928555762.298729567254235325,27076.20762516,29574.6053492,3052917.88243769
2021-11-30,57097.0127942724,1078419474710.088974629731175284,31813.9274799,26068.18830204,3058663.62161555
2021-12-01,57180.6098439509,1080047374364.124235755875629969,29227.67530157,28349.46610085,3059541.83081627
2021-12-02,56582.8937691408,1068812318595.546678419640638928,28010.17884049,29180.27553518,3058371.73412158
2021-12-03,53671.6160680888,1013876621204.363517010995179608,30694.8544769,29734.94652911,3059331.64206937
2021-12-04,49159.7357983635,928693162456.653048849921380535,49571.97452384,52402.64236183,3056500.97423138
2021-12-05,49327.0935999416,931905952036.210370656306298456,26334.39885919,30151.98311417,3052683.3899764
2021-12-06,50535.4252232612,954788531821.537635930834423892,49893.36519714,41951.57648125,3060625.17869229
2021-12-07,50574.4728344828,955574953843.25072796462899106,24980.86976575,42032.21409809,3043573.83435995
2021-12-08,50500.6543513735,954233222626.906543693685405325,27102.75115313,25475.96022729,3045200.62528579
2021-12-09,47937.8228458212,905856172565.325495603758031528,25184.60476606,23987.31524744,3046397.91480441
2021-12-10,47437.2289725307,896442961101.740223851473241714,35363.69911572,25801.65387382,3055959.96004631
2021-12-11,49321.7693252484,932102527466.729265153938238168,12110.69075657,14048.48856506,3054022.16223782
2021-12-12,50136.5722568673,947544868724.234462373689400246,9472.471135,11735.45470796,3051759.17866486
2021-12-13,46785.3278410286,884250008347.667622870376792216,28650.99803394,28797.72314003,3051612.45355877
2021-12-14,48292.6822501461,912783912997.853227464508020516,26514.88079683,26666.3910003,3051460.9433553
2021-12-15,48830.6223860316,922994595222.199652883711694896,26746.02971821,28959.85524534,3049247.11782817
2021-12-16,47663.4691077148,900967365793.608892250581411888,24677.73011987,25716.82662603,3048208.02132201
2021-12-17,46334.4837489772,875889128104.223693439634699632,27363.1584301,32830.27308557,3042740.90666654
2021-12-18,46904.8736753361,886709082168.665861333203856916,17191.31833291,11988.81692842,3047943.40807103
2021-12-19,46876.426924021,886214966718.6548806776032041,10342.28611014,12662.86290622,3045622.83127495
2021-12-20,46954.7634783168,887738205495.681089664967453824,31821.76523198,27532.86841191,3049911.72809502
2021-12-21,49082.0624666277,928006827611.564193147091555686,29337.04856124,28115.34685327,3051133.42980299
2021-12-22,48692.0987391584,920678726099.70296263119631232,25556.8625256,26993.88868917,3049696.40363942
2021-12-23,50712.9707682642,958937905483.976210629515726564,33864.67401225,26044.37148946,3057516.70616221
2021-12-24,50783.8344210988,960325802399.227486040319241552,26126.99549127,20952.18501968,3062691.5166338
2021-12-25,50590.4508976622,956715386644.660560195312530888,28822.156115,14502.38226828,3077011.29048052
2021-12-26,50798.3065859147,960688686557.399623188395315988,12420.24872265,11682.93744296,3077748.60176021
2021-12-27,50796.3776735827,960699193954.204507489136158708,31227.10955114,20480.80624041,3088494.90507094
2021-12-28,47673.0440452367,901668291917.644800805016386194,26182.34311543,23833.33662466,3090843.91156171
2021-12-29,46470.3215751023,878962608918.077290357982897438,28627.64041494,34278.40652407,3085193.14545258
2021-12-30,47102.4630037989,890954276503.324566596922453834,27772.63547802,38180.49137544,3074785.28955516
2021-12-31,46355.1173302747,876861223766.067356473275912182,23687.27612992,32636.95864621,3065835.60703887
2022-01-01,47560.0093816482,899704292195.387378440379473092,15262.18634378,17038.35705531,3064059.43632734
2022-01-02,47352.5577565751,895826639879.735611358003362606,10951.30257108,9472.13857127,3065538.60032715
2022-01-03,46453.432351841,878857424265.77493360003347774,23410.19086715,16811.81159831,3072136.97959599
2022-01-04,45905.9611221508,868541933980.800586640862407008,27537.83883403,28242.35665408,3071432.46177594
2022-01-05,43530.9440388662,823647361549.9045985494335602,26123.91807792,27766.00135772,3069790.37849614
2022-01-06,43144.9652928112,816383641933.448855065899660288,31196.02335878,27991.92398956,3072994.47786536
2022-01-07,41512.7845808299,785536046142.05780308040048036,33985.79444225,28246.67386344,3078733.59844417
2022-01-08,41799.8128848627,791005030825.64982193114125828,16385.79109848,15388.41209423,3079730.97744842
2022-01-09,41886.4985569842,792682352625.32672763603200088,13689.69288183,11610.22591123,3081810.44441902
2022-01-10,41816.9510561075,791403311312.3584180246522191,26663.61061751,26972.94662732,3081501.10840921
2022-01-11,42768.1786116306,809447924741.674285534288000308,24452.99252202,36959.58541657,3068994.51551466
2022-01-12,43961.0265441262,832062440495.927198343702722952,24765.05354909,21593.77328452,3072165.79577923
2022-01-13,42626.8653924605,806858094234.20536366224465292,31033.03702096,26996.88508734,3076201.94771285
2022-01-14,43102.6476180596,815906720814.34158742190554912,25254.96343621,20887.46170772,3080569.44944134
2022-01-15,43206.6744812975,817920712548.042303123222342,11394.45644649,10623.73997652,3081340.16591131
2022-01-16,43168.8596671537,817252077983.471162784428287438,8431.53057591,10962.12789276,3078809.56859446
2022-01-17,42211.270399474,799165933857.82691223691824456,21879.51990679,29537.71773356,3071151.37076769
2022-01-18,42431.2319670368,803366428290.745913426298678464,19987.31325306,23868.81295752,3067269.87106323
2022-01-19,41787.722012858,791227795959.06698640664992612,24234.04869097,29943.12654295,3061560.79321125
2022-01-20,40756.1261630625,771738138088.13239387619391,33934.31061335,26870.66102368,3068624.44280092
2022-01-21,36492.2872241379,691030724675.999572242134242266,57541.2042352,43760.21109475,3082405.43594137
2022-01-22,34996.390965225,662733218969.321356077324543,38182.29496902,38519.96297905,3082067.76793134
2022-01-23,36271.0502650497,686903645043.729694319448388152,25204.49927767,22016.7172351,3085255.54997391
2022-01-24,36659.7252206312,694298766581.290256712952928432,57850.3176155,51837.1196652,3091268.74792421
2022-01-25,36952.586773232,699880378324.82598070561056192,27861.61707436,27539.14495103,3091591.22004754
2022-01-26,36825.8245993571,697509429274.165537869697198778,29294.43354402,35515.9032098,3085369.75038176
2022-01-27,37021.9371332554,701254263145.766596790251236552,27527.59095893,39301.99077094,3073595.35056975
2022-01-28,37768.8474836353,715438283447.208156019309041736,33418.21249514,30989.36143393,3076024.20163096
2022-01-29,38088.2912279953,721524832280.593326440745401922,24889.37317986,38680.56578999,3062233.00902083
2022-01-30,37983.5063845704,719574502508.970414288716454912,38212.81703791,31243.60202049,3069202.22403825
2022-01-31,38462.6724029807,728686388266.209297831351939074,24010.73903999,25918.18718199,3067294.77589625
2022-02-01,38787.9640824079,734886466082.204599089047751242,26950.57627256,23788.62672158,3070456.72544723
2022-02-02,36942.3307493279,699953961572.849345846215211506,18229.08427724,19520.59718586,3069165.21253861
2022-02-03,37057.6521879018,702173027375.597202955157910828,25725.99589796,23264.2083367,3071627.00009987
2022-02-04,41079.9060881356,778420574646.178750337772073248,25031.15124995,24219.50955394,3072438.64179588
2022-02-05,41508.5816925774,786574393907.420072168172163188,13264.00890583,15240.13149329,3070462.51920842
2022-02-06,42358.2251732905,802716166347.28207961013825911,17488.61240921,12405.84394232,3075545.28767531
2022-02-07,43888.980119813,831762282836.8923727641467001,26721.61881544,31787.92393645,3070478.9825543
2022-02-08,44167.4447945646,837082119037.341930906355889988,32531.73118705,34364.93121956,3068645.78252179
2022-02-09,44405.0732042665,841624618494.10303524486395151,19296.11425154,22195.88461484,3065746.01215849
2022-02-10,43614.3426960842,826677702003.799434309729186216,21236.19609355,31128.87243459,3055853.33581745
2022-02-11,42357.3217416715,802889388936.98955546067937665,20654.08900888,19980.71083295,3056526.71399338
2022-02-12,42173.4593962595,799453385155.54819147825401998,13134.70990443,10933.71435532,3058727.70954249
2022-02-13,42195.5947451782,799914657954.301452345853956888,8811.26111417,7857.70256488,3059681.26809178
2022-02-14,42646.1618590883,808496975465.701445660093094618,17033.2839657,19963.89755953,3056750.65449795
2022-02-15,44511.9084880187,843916967903.389707504833724092,36424.5767452,37179.43264649,3055995.79859666
2022-02-16,44065.7092673875,835500283615.3702795255608265,22561.66162147,23380.26127549,3055177.19894264
2022-02-17,40610.024261543,770019212409.18997145477792764,20756.98348223,24405.56310836,3051528.61931651
2022-02-18,40044.2204856809,759324202407.710240822012838845,27193.11499044,30195.16698648,3048526.56732047
2022-02-19,40095.887329398,760341255738.99494174756269974,12374.61689961,11328.53020772,3049572.65401236
2022-02-20,38551.6224967855,731091944780.324901337028847615,12792.87889424,12570.383324,3049795.1495826
2022-02-21,37098.0360081824,703554688344.667495292117594208,25959.97580783,24114.7463931,3051640.37899733
2022-02-22,38202.5940818235,724538639899.382451623431282695,23398.90392478,23376.67133658,3051662.61158553
2022-02-23,37308.2687344243,707612117150.804536494711230645,20537.30480399,22551.86246593,3049648.05392359
2022-02-24,38283.790402104,726146059494.24384036455777136,45903.3013395,39506.36989058,3056044.98537251
2022-02-25,39323.7702158387,745904763136.940193551664989155,30156.10161493,30095.22309841,3056105.86388903
2022-02-26,39056.5781523086,740867098958.119605136190512766,13174.97004348,11651.38659802,3057629.44733449
2022-02-27,37664.7792828755,714497979063.600421903565677465,13555.2225735,15692.58132039,3055492.0885876
2022-02-28,43179.2545140269,819148711995.191258923915652997,31388.81378757,32664.1804927,3054216.72188247
2022-03-01,44334.457582408,841108826271.29170970117020536,35483.56665706,34148.6366663,3055551.65187323
2022-03-02,43984.584926768,834508464680.0197378618034936,29420.92368094,32233.42251322,3052739.15304095
2022-03-03,42492.7744552893,806244025712.138955032590735017,30215.84083153,26499.66074225,3056455.33313023
2022-03-04,39106.4052159556,742026135335.507228618552033436,26869.24665776,28497.73882771,3054826.84096028
2022-03-05,39383.8848433665,747321460590.924990046169142255,11428.50453376,11330.60900291,3054924.73649113
2022-03-06,38399.3426268264,728670905368.093733088989207976,9628.22648529,10509.56871433,3054043.39426209
2022-03-07,38146.734273232,723912662220.25326362953141872,21692.14415951,19354.43100185,3056381.10741975
2022-03-08,38725.477261543,734931320621.74501772454262219,24020.37738678,25680.43014555,3054721.05505805
2022-03-09,41989.4028179427,796910249370.768794290686479655,23189.75006144,26959.78346752,3050951.02165197
2022-03-10,39482.2584672706,749363333209.594922964881331662,31056.79797586,60698.22368342,3021309.59594441
2022-03-11,38825.3644214494,736929136350.25867799580271529,22283.64732984,20157.69444084,3023435.54883341
2022-03-12,38951.1300157802,739354221515.712554129376747502,8481.71136294,9619.81533457,3022297.44486178
2022-03-13,37808.3174004091,717697507253.014229706686986755,8951.46829079,8993.484477,3022255.42867557
2022-03-14,39649.0453243717,752677094103.761199734446618239,23019.64925892,17989.91007223,3027285.16786226
2022-03-15,39356.8139000584,747163714202.848849099522282072,18920.44117706,27980.65421337,3018224.95482595
2022-03-16,41101.768579135,780330370069.78337252894776785,23925.78823649,30904.86698645,3011245.87607599
2022-03-17,40966.4169324956,777801385657.98997709648230782,29248.77586078,24066.08181099,3016428.57012578
2022-03-18,41826.1160710111,794161288273.038642849840922583,42927.1324353,40630.87154008,3018724.831021
2022-03-19,42193.1615362361,801171332567.382725112961118621,21157.18505534,16848.00946941,3023034.00660693
2022-03-20,41294.7235129164,784151376119.559317921413729404,11207.47482012,11824.75422047,3022416.72720658
2022-03-21,41064.429648159,779817561038.18029401165615843,32618.24605728,43574.96748379,3011460.00578007
2022-03-22,42383.169518761,804900030311.00822744784020455,38867.39945801,41756.96611809,3008570.43911999
2022-03-23,42734.2000355932,811605189141.365370939635791868,23335.50251565,25597.99552016,3006307.94611548
2022-03-24,43974.5935882525,835201966315.318043088151691425,40792.10733013,42359.0015403,3004741.05190531
2022-03-25,44347.034279661,842318907291.71479478089481271,44740.99273286,38883.48434695,3010598.56029122
2022-03-26,44519.9268641145,845647593448.033549770760277595,18814.42988626,20428.9516976,3008984.03847988
2022-03-27,46777.2056265342,888562475595.72185291281495203,18785.40867709,20920.55717868,3006848.88997829
2022-03-28,47223.6528860316,897089950913.791518978265445868,43670.7292415,40726.76976861,3009792.84945118
2022-03-29,47463.7096770894,901695013250.80918840587890109,38543.73166834,51012.26078765,2997324.32033187
2022-03-30,47123.2971478667,895267763638.837546209131130699,35564.50206692,32017.84282939,3000870.9795694
2022-03-31,45562.2106665693,865648898574.521557414135935465,25887.47052927,25499.43825659,3001259.01184208
2022-04-01,46250.3362878434,878763543516.074168550496483278,32525.63171937,33960.66935513,2999823.97420632
2022-04-02,45939.8973489188,872903917445.897580849205767996,11560.54715097,10496.03269339,3000888.4886639
2022-04-03,46440.5438538866,882457046122.975568207675103314,8659.08892652,10801.33192557,2998746.24566485
2022-04-04,46663.0041770894,886730287350.820740800588106114,27810.0759835,24723.33900595,3001832.9826424
2022-04-05,45693.0350619521,868339514523.943641417211765751,22814.21496939,17540.57757031,3007106.62004148
2022-04-06,43304.9371990064,822997272031.02018785179614744,30008.69220334,36691.1718826,3000424.14036222
2022-04-07,43569.0471697837,828054180680.199620765631507135,28490.34810921,24523.49629114,3004390.99218029
2022-04-08,42222.0689772063,802489465551.080901190651714569,19610.24437167,19873.16002976,3004128.0765222
2022-04-09,42680.9947355932,811252805066.328959716669578116,9476.61588559,10015.17102894,3003589.52137885
2022-04-10,42264.4633909994,803372627468.993570450020170974,16871.81697949,20767.402461,2999693.93589734
2022-04-11,39544.0251835184,751695772760.304133625642238,30114.41637204,28611.34190211,3001197.01036727
2022-04-12,40096.3669748685,762233627485.691319141462684105,19603.40350757,20672.56336497,3000127.85050987
2022-04-13,41152.7554517826,782351625651.620904432858181266,17534.88677799,17608.1946057,3000054.54268216
2022-04-14,39916.4963842782,758883634883.531333445025406862,40638.91338897,53395.28189784,2987298.17417329
2022-04-15,40527.3319567504,770536726947.48936708062340616,18793.19272399,28545.06154347,2977546.30535381
2022-04-16,40439.5881209819,768902341981.314309245608931961,12244.69118304,11558.21992666,2978232.77661019
2022-04-17,39704.7839798364,754972012082.336537001379211316,12156.0633624,11225.91484218,2979162.92513041
2022-04-18,40818.8786025716,776190301536.566047131665133268,19809.98263703,20640.90434181,2978332.00342563
2022-04-19,41489.6638011689,788977754146.486724531401416327,25630.6301942,24417.43486875,2979545.19875108
2022-04-20,41395.64458346,787231256989.4118916774496846,25051.050828,23785.19371643,2980811.05586265
2022-04-21,40457.4959418469,769432984435.988612273038693349,72371.39904935,73267.64259725,2979914.81231475
2022-04-22,39737.9735040912,755782416405.1532149308537852,21011.15084022,14668.89252067,2986257.0706343
2022-04-23,39582.4548720047,752864909083.678648506510771825,10050.1009437,8900.61605746,2987406.55552054
2022-04-24,39511.6456928697,751560334690.433229802821205575,8974.29238238,11052.81407486,2985328.03382806
2022-04-25,40473.7483176505,769901695374.375049668955767185,30641.79811716,18504.01983692,2997465.8121083
2022-04-26,38072.800873758,724263590330.6515279276271871,29678.15238601,29357.71167476,2997786.25281955
2022-04-27,39218.5376174752,746100751519.959084398626897056,25589.57353518,25829.07002116,2997546.75633357
2022-04-28,39747.9894270018,756205933276.407901311346502754,22570.61721622,25755.87441968,2994361.49913011
2022-04-29,38609.5059070719,734582468278.204328685719852433,28866.22876176,24878.85829051,2998348.86960136
2022-04-30,37714.0949804208,717581783127.708910030509195984,12044.99875111,9847.99445653,3000545.87389594
2022-05-01,38459.226979135,731799466487.40573317299355015,12956.20528451,10026.34899694,3003475.73018351
2022-05-02,38566.0628877849,733870898707.120107469195791807,29849.74969321,33766.7078545,2999558.77202222
2022-05-03,37704.4053153127,717509825232.097044081957601335,30102.05223985,33802.70275369,2995858.12150838
2022-05-04,39641.852176505,754415354857.80296224028406295,45106.94444478,32295.94648152,3008669.11947164
2022-05-05,36502.0245601403,694697804870.602289350398862239,50955.44860705,43742.77577382,3015881.79230487
2022-05-06,36042.9995584453,685993738939.403368550251819213,67837.48489584,51755.06646475,3031964.21073596
2022-05-07,35508.7110227937,675856548990.539406540108424773,17352.52344014,16022.23703121,3033294.49714489
2022-05-08,34058.9066861484,648294631562.705787430552179972,35730.9701152,28072.22872785,3040953.23853224
2022-05-09,30457.9218194039,579781151871.625907080828768037,149767.82568314,65464.57138478,3125256.4928306
2022-05-10,30990.7351659848,589953144393.233522337066988952,50072.95478328,47407.80156,3127921.64605388
2022-05-11,28796.5568217417,548209905804.924477677766755283,93319.23256782,102623.52028467,3118617.35833703
2022-05-12,29030.7070417884,552691998324.409076303363982516,92503.71601326,102032.4528195,3109088.62153079
2022-05-13,29285.9346718293,557578891036.914291159206846073,54785.83597659,47809.34886657,3116065.10864081
2022-05-14,30051.935755114,572189373051.70656304838797066,45769.41652234,64841.84144041,3096992.68372274
2022-05-15,31182.6212460549,593741420972.253654097193542827,17437.22290689,16746.472444,3097683.43418563
2022-05-16,29889.6124757452,569152162704.73908547506626066,45144.13234917,51181.10638693,3091646.46014787
2022-05-17,30438.1944476914,579626118555.305444333133215606,53524.64262929,51467.56918613,3093703.53359103
2022-05-18,28771.2204786675,547906490195.512826837056767525,42133.15450108,39952.64034076,3095884.04775135
2022-05-19,30257.8852483928,576240952956.045089994429272232,63169.33016226,47699.15458477,3111354.22332884
2022-05-20,29224.245998422,556579372166.25736921844806946,38632.84064025,37647.03523488,3112340.02873421
2022-05-21,29420.0782857978,560333845441.651795955505322266,13042.66842739,10792.30503431,3114590.39212729
2022-05-22,30331.87514173,577723026488.3249877793242265,15937.31200834,15580.90459553,3114946.7995401
2022-05-23,29088.2515419638,554065152211.947614892088039546,38305.40153088,38505.2928405,3114746.90823048
2022-05-24,29643.6837556984,564667107636.292341989294730008,38774.05566483,34940.4439942,3118580.51990111
2022-05-25,29577.259880187,563428453326.48614013055210209,29438.99261875,28358.56571377,3119660.94680609
2022-05-26,29332.4860467563,558791512891.273137797499149041,41481.05449273,48458.69613665,3112683.30516217
2022-05-27,28612.0413103448,545091530563.077430518277127128,47156.52213741,40073.2221971,3119766.60510248
2022-05-28,29045.5206344243,553376665776.683704311465525123,11443.23443885,18395.89017721,3112813.95369099
2022-05-29,29430.0689800117,560730506231.738081173872892955,15027.60768108,14366.85226867,3113474.7091034
2022-05-30,31735.9549719462,604695051034.497227787860790054,32519.73624585,34946.72410733,3111047.72124192
2022-05-31,31831.4095251315,606542882732.043392342933838795,32994.65621837,28546.48730611,3115495.89015418
2022-06-01,29825.9221992987,568353965210.395216818510645639,51743.76412819,35326.06635124,3131913.58793113
2022-06-02,30504.2679997078,581304153912.145339317654047402,24728.43926554,30180.00926073,3126462.01793594
2022-06-03,29662.6709708942,565292782986.492081657639125114,18911.6643463,30799.04766659,3114574.63461565
2022-06-04,29792.4076779077,567791106824.327277240349863877,19442.13109616,27092.84421913,3106923.92149268
2022-06-05,29915.4093009936,570162600125.258690976371256336,8190.09364834,10727.93243777,3104386.08270325
2022-06-06,31333.6770197545,597222968139.255223371341226835,30205.24426527,36376.71827002,3098214.6086985
2022-06-07,31175.0324289889,594230751341.613289592020115992,30417.32064672,27489.02859258,3101142.90075264
2022-06-08,30228.464698422,576221747994.0240838068212238,23521.40871174,20935.86883566,3103728.44062872
2022-06-09,30064.4855289305,573123374270.20801776709942739,28607.20274064,28283.44257409,3104052.20079527
2022-06-10,29070.4000300994,554199695710.760574025512577364,27827.29182916,26162.10139218,3105717.39123225
2022-06-11,28360.7899231444,540698947091.384843344188805064,26090.04963602,22727.30074051,3109080.14012776
2022-06-12,26830.2839456458,511541120875.339135951540172548,33384.51198156,41318.34292243,3101146.30918689
2022-06-13,22316.2570400351,425496087752.904596352785354622,130003.00394287,105362.70766103,3125786.60546873
2022-06-14,22072.8663085915,420875585256.85290955318169027,107118.75787844,80933.39822692,3151971.96512025
2022-06-15,22520.7910087668,429439638534.419374334713670616,92956.92377546,105933.34257084,3138995.54632487
2022-06-16,20310.1769848042,387301460756.623492207146401812,80038.63554981,75782.91610453,3143251.26577015
2022-06-17,20464.9290873174,390266293444.723335934191053352,85452.46928541,123232.75463935,3105470.98041621
2022-06-18,19013.8672536528,362613076008.206261810441905344,89759.84649108,83421.98555215,3111808.84135514
2022-06-19,20492.2951683226,390825178945.063620601354575848,37110.59013009,37298.7849535,3111620.64653173
2022-06-20,20571.6292247224,392355194662.69970918064895784,39775.70931754,52452.71518659,3098943.64066268
2022-06-21,20688.4651312098,394602958805.950739450629870164,58506.33480211,54139.69908911,3103310.27637568
2022-06-22,20003.1683375219,381548027644.27858589534322242,38633.26959451,56694.10399205,3085249.44197814
2022-06-23,21097.1028331385,402434191804.38727360851584946,37042.10157601,38390.77218772,3083900.77136643
2022-06-24,21299.0769853887,406304087725.80865853375774715,43281.5138012,37967.78275468,3089214.50241295
2022-06-25,21468.3431566335,409553292964.14472600340193075,14074.84948212,16958.28946243,3086331.06243264
2022-06-26,21066.6209430158,401907776246.9060431873035551,11553.37882917,13322.8366526,3084561.60460921
2022-06-27,20751.0516960842,395905002794.352151251619155436,47467.64967195,30652.47436352,3101376.77991764
2022-06-28,20263.2196393922,386616246554.31717543584171384,33676.45524564,35245.66011336,3099807.57504992
2022-06-29,20080.9480864991,383157510545.341375741090094104,49333.43942118,65981.43180735,3083159.58266375
2022-06-30,19332.9121294565,368905161486.57925000002000941,54132.54426068,60921.48190467,3076370.64501976
2022-07-01,19341.8631240795,369092160644.48912276589517542,53402.94818931,56067.42453103,3073706.16867804
2022-07-02,19231.8317083577,367009067592.39598666663074381,15900.70932989,17983.78558304,3071623.09242489
2022-07-03,19276.5146639392,367880445197.990196804576777728,17587.54913273,17611.51983325,3071599.12172437
2022-07-04,20226.2984745763,386024563242.292355528217846802,27035.75728502,27787.33223659,3070847.5467728
2022-07-05,20193.3427938048,385410487447.10051699136210432,28210.20235821,29795.19826971,3069262.5508613
2022-07-06,20560.8438126826,392440938375.946552140010642848,32307.80716302,44248.88313933,3057321.47488499
2022-07-07,21651.4191423144,413277788950.333248030549226464,42067.99229842,43090.43810062,3056299.02908279
2022-07-08,21813.7871239042,416397212991.795578904412503472,37185.09807115,39801.85688404,3053682.2702699
2022-07-09,21585.1321922852,412050561218.714784217697124048,14447.30426675,13372.34546714,3054757.22906951
2022-07-10,20831.2733915839,397679652328.111209338370225648,17110.78396435,17046.07858304,3054821.93445082
2022-07-11,19971.3294704851,381278236463.922269732877589848,33050.50919815,31658.65561724,3056213.78803173
2022-07-12,19339.1534734074,369227439023.511401915548931532,32226.21286034,35802.5376852,3052637.46320687
2022-07-13,20155.5278386908,384827697730.717620405144551064,28831.09752304,23514.72644199,3057953.83428792
2022-07-14,20552.8990289304,392430598967.834091607104894864,25706.5936201,30790.37184522,3052870.0560628
2022-07-15,20831.722700526,397772858736.00781571421876132,41026.46574149,29564.50728804,3064332.01451625
2022-07-16,21196.5091428989,404757907016.377110538995926598,15085.2105257,12774.28949387,3066642.93554808
2022-07-17,20827.8886085915,397735055796.32841702252569876,26761.57081998,10805.60335307,3082598.90301499
2022-07-18,22305.7066428989,425974135852.663864732618646658,44289.31200712,43478.76535689,3083409.44966522
2022-07-19,23371.2026601403,446342169170.5106317568841789,60848.86244963,64492.89032033,3079765.42179452
2022-07-20,23280.9356680304,444636587982.618862844701251264,31807.22453564,36506.82843139,3075065.81789877
2022-07-21,23152.4093112215,442202009885.6991128045219606,101176.23376957,104417.3108943,3071824.74077404
2022-07-22,22706.0835554646,433696094122.61554096292178264,37517.12062215,29110.55598017,3080231.30541602
2022-07-23,22484.4592317358,429484614219.20027544252182072,14639.64677022,14317.74319754,3080553.2089887
2022-07-24,22653.3570260082,432733026887.75717393517642888,12020.13881048,17812.79965026,3074760.54814892
2022-07-25,21510.1255874342,410913676124.028819746476081424,23428.5517031,28533.84376893,3069655.25608309
2022-07-26,21181.6591967855,404660076563.16919068442706341,30818.61931642,30605.73347598,3069868.14192353
2022-07-27,22898.4150683226,437481053400.627236354137030752,25609.3920382,27109.17609888,3068368.35786285
2022-07-28,23838.5568838691,455463751078.173630192107170144,43604.8775324,36965.96364011,3075007.27175514
2022-07-29,23950.7403798948,457629004159.52302277474640396,29970.40742128,33290.14503872,3071687.5341377
2022-07-30,23623.4349611338,451394195746.575362324948055424,13833.97348909,12765.89867405,3072755.60895274
2022-07-31,23356.1722215079,446309554827.059502787503731454,10628.64917095,12610.95720659,3070773.3009171
2022-08-01,23331.4426969608,445856833816.205857026607916832,30464.12154911,30061.29658936,3071176.12587685
2022-08-02,23031.4268834015,440145933788.90643357400424178,30327.5443039,33978.50120146,3067525.16897929
2022-08-03,22809.7474418469,435930163094.03583788655418767,23839.66238861,27721.64868715,3063643.18268075
2022-08-04,22628.3320821157,432481698498.170065929856114846,21807.17709991,17973.45810528,3067476.90167538
2022-08-05,23248.9715023378,444365402286.390312892729159228,26050.51214753,46515.20346438,3047012.21035853
2022-08-06,22996.2750452952,439558670016.203894759578871808,14058.85290621,12454.23085476,3048616.83240998
2022-08-07,23153.6584713618,442589959621.645904831172144336,14191.79496283,13395.03674335,3049413.59062946
2022-08-08,23803.6505154296,455036199177.594812118289611168,31333.09359051,27740.51838583,3053006.16583414
2022-08-09,23186.2917464641,443255346045.03024546790471061,27305.40003535,26608.4200832,3053703.14578629
2022-08-10,23923.0584830508,457362340117.16788976232211416,33730.34599968,28213.66280226,3059219.82898371
2022-08-11,23934.4390561075,457600857167.33397349466061725,29638.71686764,30516.05977658,3058342.48607477
2022-08-12,24396.3088462887,466454794651.844600385709115907,24065.40704343,26543.73471163,3055864.15840657
2022-08-13,24426.2225748101,467047962181.513428388975902732,14746.55779148,15359.63031342,3055251.08588463
2022-08-14,24314.2021315021,464926257245.77398751453845391,12068.4955761,17664.36659684,3049655.21486389
2022-08-15,24083.9539748685,460545371976.77690929610178321,28625.95951819,30440.4502818,3047840.72410028
2022-08-16,23868.8193530099,456453539165.37125378740880994,21095.32094618,20842.40708945,3048093.63795701
2022-08-17,23336.3489310345,446289696753.93241254997786026,30724.64978172,33244.29499489,3045573.99274384
2022-08-18,23221.1706028638,444107898934.28456231333201259,24179.6634808,27367.54999674,3042386.1062279
2022-08-19,20906.7663141438,399867875573.126280766995064518,51810.85825253,47739.29619727,3046457.66828316
2022-08-20,21146.6548021625,404475733709.976164490598810375,13316.44727449,13342.46127638,3046431.65579446
2022-08-21,21553.9961717125,412286690747.792849704933838125,10163.40988912,12496.89522867,3044098.17045491
2022-08-22,21301.0840581531,407468270214.330469609393686099,23407.010552,23090.84567552,3044414.33533139
2022-08-23,21534.5143521333,411956706082.809285145182767031,21748.76558797,20245.69973958,3045917.40117978
2022-08-24,21424.9728232028,409880719562.257303813055715364,21435.26300506,27105.73875803,3040246.92542681
2022-08-25,21587.8395844535,413017973174.871875788954236055,21608.40369585,28120.85380027,3033734.47532239
2022-08-26,20246.1655733489,387371372434.259968639298623745,27949.88028802,24087.59882862,3037596.75678179
2022-08-27,20043.9909485681,383521315360.021808975265674671,16253.75810408,17670.4313111,3036180.08357477
2022-08-28,19673.5412188778,376452934262.344409312707901094,20088.50197305,12100.96889467,3044167.61665315
2022-08-29,20270.960383986,387904432454.77752684695196162,30446.37936445,36248.79538534,3038365.20063226
2022-08-30,19825.4632066043,379399486373.230177739550753717,47942.81977348,49894.51334586,3036413.50705988
2022-08-31,20024.6716059614,383230005973.095693003269158474,45019.69789995,30274.23275434,3051158.97220549
2022-09-01,20105.4626072472,384793516403.905306057484295168,33911.32662821,33433.17585681,3051637.12297689
2022-09-02,19948.8567472823,381812359032.214576645490974578,42548.9837901,28655.89462731,3065530.21213968
2022-09-03,19803.8332697253,379054868118.29320055159935281,13135.09755289,11797.94739049,3066867.36230208
2022-09-04,19961.9118907072,382101528755.666066808760019072,22627.18474167,22376.3954569,3067118.15158685
2022-09-05,19797.7967884278,378979046297.186411377384972632,46700.10347392,43149.34031782,3070668.91474295
2022-09-06,18846.150537405,360778897291.7864038216809474,55183.70057251,55832.43640788,3070020.17890758
2022-09-07,19292.9070745178,369348929285.850485536946123694,30450.73537802,33282.40424802,3067188.51003758
2022-09-08,19319.1248512566,369866184453.40845011712300657,35893.09979242,34245.94673682,3068835.66309318
2022-09-09,21363.3136152542,409021968745.912523423928689906,41701.8915052,36123.38762972,3074414.16696866
2022-09-10,21715.2107980713,415780699701.908308203927843579,18353.19295803,15224.41882422,3077542.94110247
2022-09-11,21732.7705686733,416141773128.159323088972525713,14575.59746264,14979.8723338,3077138.66623131
2022-09-12,22365.2145601987,428273275469.173323584960329075,27848.26761352,22483.76457155,3082503.16927328
2022-09-13,20165.0421607247,386159265218.152540932135747093,84787.6497312,53736.42337482,3113554.39562966
2022-09-14,20246.3660424313,387732682893.163376001965515975,290227.04363035,299238.92760978,3104542.51165023
2022-09-15,19696.8698661601,377227526664.195155023776882823,116890.45711753,86246.3020902,3135186.66667756
2022-09-16,19741.5776168907,378099547048.881744179811514641,23140.12593524,26654.98264203,3131671.80997077
2022-09-17,20120.7023459965,385382092113.090832610685310505,16027.30143651,12396.71790466,3135302.39350262
2022-09-18,19427.1002626534,372115875618.313764356017027362,13907.31466359,12011.58081679,3137198.12734942
2022-09-19,19557.9769582116,374638640658.995311832392113204,33311.66434939,32498.92010314,3138010.87159567
2022-09-20,18872.9498667446,361534680159.248505156300277686,24720.82053247,24265.2346486,3138466.45747954
2022-09-21,18506.7607481005,354536184092.754145903217723445,29735.85852779,26855.30801747,3141347.00798986
2022-09-22,19414.5396449445,371942142414.487686815936789025,31052.26927103,24107.96147484,3148291.31578605
2022-09-23,19326.8648199883,370278782421.100285937954719037,29306.67124504,25951.49265718,3151646.49437391
2022-09-24,18924.7677872589,362592370354.345044891592248207,10658.48336042,9191.65137227,3153113.32636206
2022-09-25,18793.1561531268,360088000637.693657202990517116,16444.57768507,10056.25902729,3159501.64501984
2022-09-26,19201.1317209234,367923055167.100088797871827062,21523.80972206,26952.33472894,3154073.12001296
2022-09-27,19106.7389135009,366129749393.519460468434606849,36156.52496689,35196.73312398,3155032.91185587
2022-09-28,19454.937210111,372820281122.77532534010185229,39854.28277563,34847.63070175,3160039.56392975
2022-09-29,19540.8664105786,374484430533.836473983121011714,30198.02173225,50247.16752806,3139990.41813394
2022-09-30,19435.1946917008,372479848471.268524878017386576,31635.87526047,63358.5461124,3108267.74728201
2022-10-01,19311.861629398,370137989320.03864003138949558,11952.61911564,17304.66081745,3102915.7055802
2022-10-02,19015.2928050847,364472504804.056355433409697607,16836.03760897,11194.07983715,3108557.66335202
2022-10-03,19633.4325859147,376339494804.44658437899417545,23240.0352324,23212.68209281,3108585.01649161
2022-10-04,20339.9712811221,389903360703.017875061771282694,30259.05173671,33849.50254252,3104994.5656858
2022-10-05,20155.0996987142,386381543342.888542487750898208,23859.11925918,39285.51221991,3089568.17272507
2022-10-06,19950.5477957335,382480025164.32473753261644085,20191.89652911,40162.54822792,3069597.52102626
2022-10-07,19539.1439216832,374613717471.000475995824560512,29029.70311296,44982.23290163,3053644.99123759
2022-10-08,19416.1772291058,372277378268.738564421808301436,12836.90211457,11502.39426019,3054979.49909197
2022-10-09,19428.3671323787,372530287709.72659474715100064,10217.66131068,10969.85342994,3054227.30697271
2022-10-10,19154.4042346581,367297283273.812152444002967738,17522.69812245,16203.11755237,3055546.88754279
2022-10-11,19039.2820683811,365108428419.032885216310371412,47231.40738988,24587.71008652,3078190.58484615
2022-10-12,19156.9115645821,367380563663.385310334282512076,33813.12418558,23126.28499092,3088877.42404081
2022-10-13,19387.8336806546,371826387064.848133809561621668,34194.00906995,39571.95990121,3083499.47320955
2022-10-14,19177.6941031561,367814957908.247431992671039866,31364.49891567,36142.8981919,3078721.07393332
2022-10-15,19069.8749272355,365765176790.71970982866672082,10900.16640106,9127.79910188,3080493.4412325
2022-10-16,19261.7497878434,369462722255.090105889716943072,9332.32181486,13582.18514352,3076243.57790384
2022-10-17,19557.0218106371,375144717145.412407785505393878,22743.14809041,21770.42824015,3077216.2977541
2022-10-18,19341.4075543542,371025948757.937690817336649584,36654.59103325,73749.72716217,3040121.16162518
2022-10-19,19132.1544254822,367029904902.8826332321889784,19446.58609096,19323.81959693,3040243.92811921
2022-10-20,19033.3760239626,365152195991.486815005553557912,23671.12151709,19400.42484385,3044514.62479245
2022-10-21,19174.8763487434,367885552007.786439570630909768,21881.68556416,25778.04851223,3040618.26184438
2022-10-22,19207.6285078901,368530255223.417505977708768246,13238.79772249,11050.79123114,3042806.26833573
2022-10-23,19565.4123243717,375413885984.599950775918134726,11078.0808793,13964.7951927,3039919.55402233
2022-10-24,19341.460210111,371133215992.5733312866541918,25376.98278569,21360.15432845,3043936.38247957
2022-10-25,20094.9611215663,385607075318.556722933548720962,31198.92220299,33548.37753085,3041586.92715171
2022-10-26,20797.0308258328,399099408014.461629381421636352,51306.13676501,68928.47370875,3023964.59020797
2022-10-27,20280.1751280538,389197949556.16186292162182052,30712.71605514,28384.05347524,3026293.25278787
2022-10-28,20604.6138535944,395444746708.610352628945071792,22166.73137658,22694.11050617,3025765.87365828
2022-10-29,20803.8999205143,399288048038.692262678571919128,19841.97143459,18759.81258055,3026848.03251232
2022-10-30,20616.7033766803,395712590941.67687241101393986,12904.26370435,13012.05841117,3026740.2378055
2022-10-31,20490.8581808884,393319300934.383333740400518768,32316.84201034,23595.0519246,3035462.02789124
2022-11-01,20483.966530976,393205452198.73164577426022784,32799.06240815,31452.57414948,3036808.51614991
2022-11-02,20148.2845537697,386777142187.552282927132538404,31936.43653499,78359.86272344,2990385.15757781
2022-11-03,20198.1111860316,387754343675.19781930884334116,28680.46007982,24660.23587848,2994405.38177915
2022-11-04,21157.2449275278,406184424138.866451151828867476,123401.35401838,48133.04498199,3069673.69081554
2022-11-05,21283.4715999416,408627855628.675848813603883984,17479.82885794,16166.4734607,3070987.04621278
2022-11-06,20946.8030359439,402181988995.938455369131177622,22787.8698434,22798.21997534,3070976.69608084
2022-11-07,20568.5651183518,394938271820.2411841396806552,68185.98709373,76523.2201988,3062639.46297577
2022-11-08,18520.971163647,355641163800.59315025124191966,74800.4328071,87676.89451121,3049763.00127166
2022-11-09,15758.2912819988,302606639525.93429595155146148,90860.06918796,112161.31104075,3028461.75941887
2022-11-10,17541.5602866745,336866889999.11126796427091983,65944.73700829,100770.44415524,2993636.05227192
2022-11-11,16916.8506312098,324884177574.22611600277277442,56300.20566637,103971.26572003,2945964.99221826
2022-11-12,16771.2426718293,322105315599.283034560191604344,26272.87972311,55910.17571118,2916327.69623019
2022-11-13,16320.4983375219,313461563543.26519134657831129,39736.53217846,48458.50482401,2907605.72358464
2022-11-14,16629.4784146698,319408809507.617592189089035836,72769.42841002,75364.73622763,2905010.41576703
2022-11-15,16855.59378609,323768223563.2403538115363014,59423.69056756,64278.14608881,2900155.96024578
2022-11-16,16659.6063345996,320019245464.884554648082959472,44528.57497324,73647.55622529,2871036.97899373
2022-11-17,16675.1790204559,320332768078.58754236233017929,35801.26789895,88119.47952417,2818718.76736851
2022-11-18,16661.5229576271,320084907697.12211202924307818,124591.16244641,36554.9710897,2906754.95872522
2022-11-19,16696.0040581531,320762664379.577888896824848189,21436.04069383,19388.49769371,2908802.50172534
2022-11-20,16246.8446992987,312148570627.246511687739482041,16765.11993551,20744.32833377,2904823.29332708
2022-11-21,15778.0174047341,303153772188.187569034169168603,39102.91735949,46470.24183646,2897455.96885011
2022-11-22,16172.8893445354,310753451298.50076211068184231,32665.92665979,29233.3762374,2900888.5192725
2022-11-23,16574.0617299825,318476370818.058729269550291225,38674.25790084,82459.30200412,2857103.47516922
2022-11-24,16583.5243445354,318671568719.490970790101102794,24761.33580938,24390.21385941,2857474.59711919
2022-11-25,16522.3887767388,317509479778.92088915243132398,32163.72660926,26363.97191005,2863274.3518184
2022-11-26,16448.6413077148,316103485950.165358830046854268,18396.04264189,16751.44668477,2864918.94777552
2022-11-27,16436.0707688486,315875880963.40688557267926619,14040.03586071,13345.23395051,2865613.74968572
2022-11-28,16212.5814161309,311594845649.107011238702922559,22066.14093203,26748.78445915,2860931.1061586
2022-11-29,16443.0368199883,316037505324.635685185012975807,30376.16657797,24959.25233876,2866348.02039781
2022-11-30,17176.8986914085,330157249897.605462950440837135,37901.64403423,38074.27276671,2866175.39166533
2022-12-01,16961.2918042081,326029288146.940862991362005325,34775.33233746,33176.59626567,2867774.12773712
2022-12-02,17075.1091370544,328230420398.474210788089235536,26899.27005384,26585.43676732,2868087.96102364
2022-12-03,16899.5073831093,324868709629.416102203669983443,12061.08628142,15834.43843672,2864314.60886834
2022-12-04,17121.7149824664,329155312451.608200469276636992,10232.29351913,11682.51996087,2862864.3824266
2022-12-05,16961.3517866745,326087897703.5941395775032762,24790.71928092,24222.10146532,2863433.0002422
2022-12-06,17070.5158281707,328201017682.738353640416919122,28184.96607823,26054.77569669,2865563.19062374
2022-12-07,16848.2518243717,323945839104.30493569661421269,24449.68576485,26613.46764774,2863399.40874085
2022-12-08,17231.4563223261,331331799697.21588278952715571,25783.86163156,25409.41223668,2863773.85813573
2022-12-09,17136.1490008767,329515480228.826932297487802678,20637.47703231,30956.29312105,2853455.04204699
2022-12-10,17124.2146797195,329302474097.54338677044662065,13599.13927034,17588.28810424,2849465.89321309
2022-12-11,17094.3606592636,328744079344.87819284619474942,13613.78470355,14226.37251608,2848853.30540056
2022-12-12,17195.5249962011,330704952984.263610258866180229,25943.55718963,31450.84154379,2843346.0210464
2022-12-13,17774.9166320865,341866163427.832819651381562205,34758.02162143,66399.66392789,2811704.37873994
2022-12-14,17809.7240835769,342552090974.318395125727291959,30734.68228182,40373.0969387,2802065.96408306
2022-12-15,17344.0544569258,333610472205.632440842790155894,27168.65792195,25803.57458069,2803431.04742432
2022-12-16,16606.1101750438,319429708503.907149360935544858,27450.82036464,40930.17046922,2789951.69731974
2022-12-17,16774.3853702513,322681062399.087874534866561605,17292.48821415,23629.39136095,2783614.79417294
2022-12-18,16776.1159254822,322729554932.293431249581562924,12027.80565269,12341.00085331,2783301.59897232
2022-12-19,16424.1313857393,315972232645.326302114173709154,23587.07240046,23788.84852195,2783099.82285083
2022-12-20,16901.8169362946,325176875097.131259082632211854,24430.74342925,23295.9463567,2784234.61992338
2022-12-21,16800.5329707773,323243270748.162792806831244221,29876.59425795,28139.64039688,2785971.57378445
2022-12-22,16814.2225791935,323520845954.727880443472582215,26717.34542413,21094.27264769,2791594.64656089
2022-12-23,16780.5169798363,322886162998.30571607801715773,24327.03715553,19743.11526818,2796178.56844824
2022-12-24,16837.612170076,323994138663.88389411271836496,11501.63348794,13516.7144746,2794163.48746158
2022-12-25,16824.8389736996,323763179790.404203376995775636,9617.1415,8038.45833443,2795742.17062715
2022-12-26,16879.9382273524,324837072942.08773899325442906,12800.83435406,14184.69571734,2794358.30926387
2022-12-27,16698.9112708942,321365396957.063333302933669014,19688.54558564,17204.70995539,2796842.14489412
2022-12-28,16536.2942001753,318253243893.223087469336542335,26294.81356025,21683.7888586,2801453.16959577
2022-12-29,16630.5931551724,320082752198.536022993143580908,22713.18363131,26375.95394407,2797790.39928301
2022-12-30,16593.6888287551,319388854075.396835069019803691,25027.5348855,27520.62825798,2795297.30591053
2022-12-31,16524.2178024547,318067813339.409337625595025891,20926.10636766,15906.73908813,2800316.67319006
2023-01-01,16606.7520432496,319672567829.925825311980253776,15925.11673028,9358.63632975,2806883.15359059
2023-01-02,16688.7192729398,321266671119.171183606412357766,16351.94318484,15138.98198022,2808096.11479521
2023-01-03,16670.0773836937,320923849121.506562232228348317,16662.22095506,18871.77564274,2805886.56010753
2023-01-04,16848.3660391584,324371229130.03342753600930224,26328.1897336,21518.08363636,2810696.66620477
2023-01-05,16824.8001826417,323934038866.730972158197664403,18271.41059611,21104.21029945,2807863.86650143
2023-01-06,16957.8622738165,326515008906.598228979983108605,18853.33539778,21878.58487079,2804838.61702842
2023-01-07,16942.6285891292,326237998585.169932312073693548,12043.2000337,10544.14375619,2806337.67330593
2023-01-08,17059.2399444769,328499715753.266999440286356117,11100.00670791,9510.17571648,2807927.50429736
2023-01-09,17182.3198521333,330886115501.801258730801340125,24262.56478716,26812.42130905,2805377.64777547
2023-01-10,17433.9146320865,335749580566.832709492740252095,23802.63451661,25818.761429,2803361.52086308
2023-01-11,17833.7107656341,343465404948.394703122084296207,20626.73340859,24111.74339343,2799876.51087824
2023-01-12,18869.7044842198,363435762403.209049643025206394,32822.31181625,31226.08185795,2801472.74083654
2023-01-13,19868.7247454705,382696914618.544474385835873175,41060.05860632,41653.31833872,2800879.48110414
2023-01-14,21010.9227200468,404719555363.717996289809159284,39595.73265848,34871.47417653,2805603.73958609
2023-01-15,20876.0085561075,402142059538.922407037672345325,16096.51604073,15230.06816842,2806470.1874584
2023-01-16,21180.4119485681,408025350489.230608937632725537,18628.79623097,22415.05959585,2802683.92409352
2023-01-17,21178.2993962595,408005301935.658640746080745615,19866.2252101,24218.70648827,2798331.44281535
2023-01-18,20709.6686040327,398995131352.913144537758567707,27435.3486702,29007.43692907,2796759.35455648
2023-01-19,21071.8334152542,405991740732.931728133925145702,32703.13736608,21667.11195361,2807795.37996895
2023-01-20,22660.7169421391,436623508826.335671900325157155,26851.24365454,43976.08705402,2790670.53656947
2023-01-21,22803.172761543,439387994541.33990227616053013,22864.6127349,18156.13911506,2795379.01018931
2023-01-22,22716.2771966686,437735066276.403513056291250636,15225.59076478,12645.17643672,2797959.42451737
2023-01-23,22929.0248936295,441857284818.24144723324990552,21186.24158085,17312.00398138,2801833.66211684
2023-01-24,22611.1268787259,435749412018.20020825966127809,17814.04870006,22151.60514179,2797496.10567511
2023-01-25,23109.0845189947,445371057214.868657868120855106,24146.40924182,23499.91394456,2798142.60097237
2023-01-26,23008.6894766219,443458477430.537155122309141579,18407.32809273,22040.85935883,2794509.06970627
2023-01-27,23070.4964582116,444671920357.24789176436104658,33120.8795116,30887.02538581,2796742.92383206
2023-01-28,23008.8094649328,443507093772.120101142877820976,11464.42608128,12601.56032041,2795605.78959293
2023-01-29,23774.9963679135,458299678267.78876292496069132,13943.48688818,13002.44343491,2796546.8330462
2023-01-30,22799.427261543,439513744530.55255109973459351,26609.20600498,23934.192593,2799221.84645818
2023-01-31,23130.0519132087,445903953177.865276314225787563,21265.23355222,18983.86570516,2801503.21430524
2023-02-01,23727.2026075395,457436212535.370552366131050605,20159.24075774,18900.07508288,2802762.3799801
2023-02-02,23505.6048430742,453185335299.571789183485849248,23373.42447664,25790.51255772,2800345.29189902
2023-02-03,23445.8131773816,452052047565.415649797682895936,20410.8839627,23334.19718872,2797421.978673
2023-02-04,23355.5243863238,450331066544.21321325072933871,12896.80979713,14444.65205199,2795874.13641814
2023-02-05,22957.2251905319,442673043515.764491107661992521,12844.71429892,10520.15716623,2798198.69355083
2023-02-06,22745.1650371128,438605028941.301156520593625752,16407.25045063,16697.59848968,2797908.34551178
2023-02-07,23266.2692036821,448674357936.554755184574439853,20627.0406704,19853.2581936,2798682.12798858
2023-02-08,22937.5799453536,442355589491.776779501800932896,14911.80309198,12878.77900733,2800715.15207323
2023-02-09,21818.1989456458,420790203963.941345095589494622,25401.57516969,23895.54757018,2802221.17967274
2023-02-10,21620.5667837522,416998493072.583502030316886938,28894.54470434,22460.49480597,2808655.22957111
2023-02-11,21864.8626414378,421730481059.588531522372634686,13771.77182092,11462.81847612,2810964.18291591
2023-02-12,21772.1373252484,419964034322.395314833719971396,9957.06386814,10310.50804512,2810610.73873893
2023-02-13,21798.7157168323,420497959396.18624163845083079,24502.68714006,26715.15296522,2808398.27291377
2023-02-14,22222.415043834,428692521757.38963315947014458,19207.92190512,19846.20330207,2807759.99151682
2023-02-15,24304.6129827586,468884953214.808284480812374894,29643.01639442,22397.25658133,2815005.75132991
2023-02-16,23742.4488354763,458066234824.832752909097588282,31340.98434811,26170.59495999,2820176.14071803
2023-02-17,24607.3356054939,474777985910.941065428962414311,26046.47022807,24629.15081914,2821593.46012696
2023-02-18,24636.5266127995,475367066196.619754043317873085,11464.37693423,14325.69371392,2818732.14334727
2023-02-19,24366.9907606663,470190985337.335660344160689187,11169.77459962,12658.79964485,2817243.11830204
2023-02-20,24797.8430359439,478527590358.21405474491803562,21207.47736428,13570.26455626,2824880.33111006
2023-02-21,24400.3893898305,470883335720.715929741621749785,23351.63674231,24763.17800575,2823468.78984662
2023-02-22,24163.7389812975,466337552716.174234751186055525,18778.06118731,20774.57711984,2821472.27391409
2023-02-23,23910.0342104033,461466839224.232045509989705372,21966.79735838,22415.42891373,2821023.64235874
2023-02-24,23175.8242036821,447316040888.53904733533108757,27967.61504451,25775.35543086,2823215.90197239
2023-02-25,23159.8154403857,447022542624.343035340695396075,12908.0708104,11633.97944585,2824489.99333694
2023-02-26,23542.0964281122,454425911741.452192272895428072,10228.59551034,8747.35564525,2825971.23320203
2023-02-27,23504.1894178843,453714768533.166341901408990154,20252.59978649,18477.21627783,2827746.61671069
2023-02-28,23145.9491277031,446819268836.43954019893076387,20337.41404517,20488.93781568,2827595.09294018
2023-03-01,23610.6590902981,455815311827.325172444673801892,32420.0202221,18881.52741459,2841133.58574769
2023-03-02,23470.0254815897,453121431949.608598836246450383,17423.936904,16097.94085707,2842459.58179462
2023-03-03,22350.0962340736,431523107640.153715768292551168,27789.2123084,30691.80278241,2839556.92037171
2023-03-04,22334.2852638808,431239053644.686623067171681024,11945.64579894,12455.23494871,2839047.33122194
2023-03-05,22419.8171390999,432912254426.866776042199192344,14998.52520525,12525.9312636,2841519.92516359
2023-03-06,22414.7033056692,432831999828.836889754632644256,25470.55835432,18036.27444155,2848954.20907636
2023-03-07,22174.6484725307,428219361920.739864149129282736,31080.57241245,34801.06480924,2845233.71667957
2023-03-08,21701.3846227352,419098099713.969752384122123824,25720.35728337,36365.28541064,2834588.7885523
2023-03-09,20349.8141732905,393013679640.098265693828165555,30943.11768358,26054.51590825,2839477.39032763
2023-03-10,20240.406694623,390917907908.01063217577416473,35688.85282598,43961.37155987,2831204.87159374
2023-03-11,20585.2343290473,397599044509.804817822848104762,36153.08770748,47051.59568531,2820306.36361591
2023-03-12,22065.9800359439,426221507105.430774921544133094,25569.84126697,24279.08761581,2821597.11726707
2023-03-13,24154.4290946815,466585218228.07847180016162051,71261.04986264,47013.19475829,2845844.97237142
2023-03-14,24769.0175691409,478479673367.314693412427172325,58935.71428507,43861.38039221,2860919.30626428
2023-03-15,24409.8017518995,471562885492.73518448632647978,32263.08843343,27946.54867861,2865235.8460191
2023-03-16,25043.2388468732,483820966773.283110679718122024,27156.61708586,27663.54320344,2864728.91990152
2023-03-17,27450.6282933957,530355563505.565925574551422833,51334.51758241,36531.93305666,2879531.50442727
2023-03-18,26985.7359915254,521401004462.554223833382318266,23464.47769396,19915.29052107,2883080.69160016
2023-03-19,28185.2043319696,544602429934.958287219141060448,28107.50883579,17382.28182208,2893805.91861387
2023-03-20,27834.3361090006,537849646186.574437813195792572,35304.36136468,32453.90354388,2896656.37643467
2023-03-21,28172.7950558153,544415302326.47372235235385582,26837.26598239,28013.25943967,2895480.38297739
2023-03-22,27341.5571297487,528379507078.966962340317838368,34451.01525636,38264.06446249,2891667.33377126
2023-03-23,28387.8897495617,548632503448.671289993282685396,28853.28648156,25837.28227962,2894683.3379732
2023-03-24,27464.1249453536,530807367185.912941438232076032,21002.11914699,25937.75334923,2889747.70377096
2023-03-25,27488.954880187,531312174636.2839144654439123,13496.30227721,13354.08828679,2889889.91776138
2023-03-26,28049.3916911163,542169657055.998332469779485284,11698.91972245,11377.42895754,2890211.40852629
2023-03-27,27154.9963702513,524906913723.993166002171863591,19144.78203352,23622.11109522,2885734.07946459
2023-03-28,27283.9634029807,527422700745.333487493013780295,27001.06489327,28634.98515738,2884100.15920048
2023-03-29,28389.2917784921,548815740560.065616019875040323,22901.70327066,26713.95359787,2880287.90887327
2023-03-30,28021.5583009936,541733941198.057388405432624208,28795.77141156,42352.4519473,2866731.22833753
2023-03-31,28514.6813062537,551292496354.688437733275382247,23080.61607114,23624.19129467,2866187.653114
2023-04-01,28494.5638863238,550928486203.383130144693499956,13348.66237283,11991.93994792,2867544.37553891
2023-04-02,28161.9980362361,544524713657.57355414191376504,10781.57359269,10112.98506078,2868212.96407082
2023-04-03,27850.9799436002,538533843979.470173321690833634,19684.31284835,18392.76219094,2869504.51472823
2023-04-04,28113.9585187025,543647331979.097442162640355525,14688.99412705,15616.80337831,2868576.70547697
2023-04-05,28190.3116063705,545148282923.031732693834135965,21707.43554116,17637.97552745,2872646.16549068
2023-04-06,28049.0744763296,542445068149.413702116005420896,15662.65433743,13131.46354111,2875177.356287
2023-04-07,27936.8042609585,540298652289.073580995110545465,12900.60749482,13188.82970105,2874889.13408077
2023-04-08,27964.0512498539,540851301862.026671373523317534,10117.98603186,10941.97136199,2874065.14875064
2023-04-09,28357.8072703098,548492793650.61994519341355614,8549.12348736,7111.14358674,2875503.12865126
2023-04-10,29687.5651846873,574235609982.352656218472938126,20709.86003495,17996.52517634,2878216.46350987
2023-04-11,30247.0959193454,585087519181.19736909238054896,25104.2267225,24336.00251844,2878984.68771393
2023-04-12,29913.0035463472,578654885226.657198832881059008,33129.14562108,22051.04485502,2890062.78847999
2023-04-13,30370.82207218,587538152475.1359534227797928,19203.36454708,19105.48965822,2890160.66336885
2023-04-14,30458.9700414962,589270068912.423581768725427336,23276.93627223,25229.20158966,2888208.39805142
2023-04-15,30342.0591084161,587038231196.817480168335269554,12405.21360318,13347.91134378,2887265.70031082
2023-04-16,30312.9308533022,586498169368.507619318860974836,11496.5335007,9582.19335361,2889180.04045791
2023-04-17,29469.5050727645,570208016248.91769285893720298,21845.11726549,17405.34156615,2893619.81615725
2023-04-18,30366.8723813559,587602759964.485337488403487045,18742.95253577,18447.37390502,2893915.394788
2023-04-19,28796.7440952659,557245599384.408507219452141219,21201.53256028,20610.95144234,2894505.97590594
2023-04-20,28251.2763790181,546713741184.974025016400754265,23345.85200338,18756.09641044,2899095.73149888
2023-04-21,27292.0211052016,528175134909.002800611850654416,34540.80634499,25445.84504102,2908190.69280285
2023-04-22,27827.5475920514,538564949198.457576977881548236,13330.80628864,11478.76290767,2910042.73618382
2023-04-23,27604.6855742256,534277114846.292519345371877088,9321.2431795,10877.01316647,2908486.96619685
2023-04-24,27520.1996729982,532666177826.665868731426108344,17849.75086043,17586.07474343,2908750.64231385
2023-04-25,28302.6942180012,547833832702.540289546726395584,17212.24601183,16066.23204877,2909896.65627691
2023-04-26,28384.2340333139,549435199387.87000351809422759,22937.46671119,21372.03246714,2911462.09052096
2023-04-27,29465.5514272355,570390261178.37700774605278591,18292.45515773,15814.62229127,2913939.92338742
2023-04-28,29350.811886616,568196114329.57789380166844576,16893.13673626,20573.11620365,2910259.94392003
2023-04-29,29221.5145075979,565718094832.819118415858140106,10050.3051225,12630.9420028,2907679.30703973
2023-04-30,29362.0867974868,568466684139.169951190296965836,11176.85402448,9156.35975947,2909699.80130474
2023-05-01,28114.9531873174,544353449574.56473160402696887,17848.34425559,15445.38281197,2912102.76274836
2023-05-02,28690.5809959088,555521717581.175599122779559152,14253.08316602,19821.81479646,2906534.03111792
2023-05-03,29045.0427735243,562410583931.322723555607754901,16760.90003319,13936.26483483,2909358.66631628
2023-05-04,28855.8574465225,558773645025.0817426774661678,18145.75612206,18820.5099285,2908683.91250984
2023-05-05,29552.9695236704,572294716419.607034164798507904,15188.14576752,21079.04030103,2902793.01797633
2023-05-06,28899.4629602572,559666442122.563688768074900172,11181.20575672,11116.29399987,2902857.92973318
2023-05-07,28761.738434249,557024258369.15609675552563495,6435.19495252,8195.18068666,2901097.94399904
2023-05-08,27727.2854091175,537013903849.535353538630499625,20267.10649076,20205.417182,2901159.6333078
2023-05-09,27642.4281092928,535396500180.691431817946979264,20530.92926514,18127.17503335,2903563.38753959
2023-05-10,27646.004902104,535495151707.03926472586618952,16613.94171544,16848.16088748,2903329.16836755
2023-05-11,26986.271065751,522741765621.67451899964370524,21808.93117868,15564.88075319,2909573.21879304
2023-05-12,26773.3443591467,518640829707.002868720515417708,22739.51015764,25461.4021277,2906851.32682298
2023-05-13,26841.3982913501,519983463986.636531025330298432,9120.83184307,8470.01338395,2907502.1452821
2023-05-14,26918.261597896,521501767636.86112053929027072,9764.20173345,7301.46781307,2909964.87920248
2023-05-15,27231.6216052016,527597676412.837812101132726176,30608.84134679,46196.75181271,2894376.96873656
2023-05-16,27025.7181864407,523634254375.96971487365455338,24705.08719233,18677.1140478,2900404.94188109
2023-05-17,27401.0440610754,530933746512.833806144018651308,20132.02010802,18203.39688275,2902333.56510636
2023-05-18,26843.2350938048,520149069256.538608815195636864,20434.35604093,17764.98880407,2905002.93234322
2023-05-19,26889.503631502,521070836897.92111987728339852,15150.36594371,14750.28464128,2905403.01364565
2023-05-20,27100.8582878434,525188703696.173687705123868544,8941.50074194,7518.02130723,2906826.49308036
2023-05-21,26777.0977831677,518939805773.357723032325870313,9398.95491273,7671.10748062,2908554.34051247
2023-05-22,26858.7370637054,520546146828.681785179432185926,16161.43367777,14097.92007639,2910617.85411385
2023-05-23,27226.8558763881,527706821772.362961085633066965,19348.52290951,18841.44431898,2911124.93270438
2023-05-24,26341.4306446522,510568856611.54911334878306533,20991.62976398,21076.10852978,2911040.45393858
2023-05-25,26484.8359234366,513373437575.888136933395919788,19618.96005421,15721.30584632,2914938.10814647
2023-05-26,26720.3838071303,517964772439.359268167826918054,21167.04162798,25491.93337909,2910613.21639536
2023-05-27,26854.5403702513,520589684799.388049679374129736,11338.09558169,10178.74026075,2911772.5717163
2023-05-28,28097.5211259497,544713631696.418992030870910984,15530.70087394,14482.2368946,2912821.03569564
2023-05-29,27765.0728693746,538296723420.281638156366259332,18847.34772758,21554.28032759,2910114.10309563
2023-05-30,27712.4915844535,537303974431.53382792564996547,30934.50116495,25478.090214,2915570.51404658
2023-05-31,27217.6832580362,527734362861.803943515517331552,29074.327961,23894.97873373,2920749.86327385
2023-06-01,26825.3713451198,520149803853.8614504786733281,23682.55076523,17320.59757841,2927111.81646067
2023-06-02,27255.2279941555,528512754630.38769115695200225,30618.08128334,34253.72135883,2923476.17638518
2023-06-03,27079.4084643483,525125397359.786874294642446931,20195.95155183,16868.087115,2926804.04082201
2023-06-04,27158.25456955,526679506782.184398950772348,21223.40418639,21595.9057396,2926431.5392688
2023-06-05,25785.8514842198,500086760503.23622296065957338,32565.28376058,43913.90084952,2915082.92217986
2023-06-06,27213.7705187025,527805281358.12237284572059645,32037.08983986,34404.51633478,2912715.49568494
2023-06-07,26339.5790292227,510872747611.903502920522899602,28010.65147148,38272.73658028,2902453.41057614
2023-06-08,26521.693600526,514430501556.39989432126251272,27785.32525076,28395.96141456,2901842.77441234
2023-06-09,26470.6775780245,513468924118.9322759806059706,25286.15273956,25257.05800632,2901871.86914558
2023-06-10,25863.2138506721,501710449004.70023318110533148,32278.0670998,34103.73816572,2900046.19807966
2023-06-11,25906.8281516657,502582898459.831018519810752438,42489.55572631,49108.58602729,2893427.16777868
2023-06-12,25906.7519354179,502606840607.850670279894615318,37271.00513135,36148.91075158,2894549.26215845
2023-06-13,25880.8599734074,502128298740.513232093370656696,32910.04823873,31611.50446203,2895847.80593515
2023-06-14,25097.5853796026,486950552678.458239296749927678,31724.61647059,25612.76172456,2901959.66068118
2023-06-15,25559.1433293396,495929474633.99500935793284078,37220.54290887,41629.45654125,2897550.7470488
2023-06-16,26331.8200943892,510947065430.74211750657404362,40397.73826958,42786.64332175,2895161.84199663
2023-06-17,26514.1713495032,514508639698.387874104436675848,26872.75658998,25995.02127934,2896039.57730727
2023-06-18,26353.962682934,511424654895.87791182134959626,32741.22224544,30726.83315205,2898053.96640066
2023-06-19,26778.0634415547,519678514144.506136835397704271,31982.47262538,33500.40275806,2896536.03626798
2023-06-20,28305.4204573349,549343799477.717731534288188717,42405.73856493,45859.66461103,2893082.11022188
2023-06-21,30099.5153509643,584185860834.03645152639405328,59530.7652281,60471.23613185,2892141.63931813
2023-06-22,29952.5112866745,581358382042.0335984077987952,44466.32311304,51291.79360575,2885316.16882542
2023-06-23,30638.3537644652,594694065924.922402931226597928,44507.46156731,43717.12603771,2886106.50435502
2023-06-24,30549.0162872589,592987890855.036292401142335846,35677.26605339,34455.96843172,2887327.80197669
2023-06-25,30467.4403705435,591433552695.034333537108688445,34430.57723902,32620.02086062,2889138.35835509
2023-06-26,30255.8861241964,587354472876.425818781397265544,34297.46004595,31582.28072654,2891853.5376745
2023-06-27,30667.0762948568,595363699913.820321890802549768,35177.59221607,35893.18767494,2891137.94221563
2023-06-28,30104.0432717709,584453424037.34407558907995185,30224.3805535,31241.56960682,2890120.75316231
2023-06-29,30460.792978083,591407318592.34581101844595401,40797.39311041,42608.33691767,2888309.80935505
2023-06-30,30484.503257744,591897765637.36797559386619088,48738.6196304,46596.53019233,2890451.89879312
2023-07-01,30581.6889655172,593810178287.038252053201959544,34921.58783155,51277.09091969,2874096.39570498
2023-07-02,30594.2164736996,594086124744.982076003202449592,26543.89727242,24300.40003637,2876339.89294103
2023-07-03,31135.3575993571,604620797716.762908558452468334,31419.32499162,32931.34088944,2874827.87704321
2023-07-04,30799.9474558738,598134575137.065318271598868008,33508.64237843,33239.46826365,2875097.05115799
2023-07-05,30497.8221282876,592297040619.17231587503199212,35278.43067993,30584.14229694,2879791.33954098
2023-07-06,29979.7298094681,582261234281.434344859035711669,36527.23835057,36242.13387787,2880076.44401368
2023-07-07,30329.8829786674,589095022829.255888086689773218,31965.21511473,35611.97573494,2876429.68339347
2023-07-08,30263.6196341321,587841663177.43055877695428391,27224.4995471,23827.32932792,2879826.85361265
2023-07-09,30163.2210563998,585923377405.317697316975243672,25643.69074103,24863.63048067,2880606.91387301
2023-07-10,30394.6555806546,590448269412.572279585155469544,35450.40665149,36816.5502791,2879240.7702454
2023-07-11,30616.247094097,594778750901.72632727563623022,34455.49442611,37021.13955745,2876675.12511406
2023-07-12,30385.6087852133,590325510735.384238054935084722,44325.15558853,33165.98978379,2887834.2909188
2023-07-13,31434.7354704851,610731309494.014222455624929688,42024.85667299,37952.76816416,2891906.37942763
2023-07-14,30310.6720204559,588918530172.948088186586505063,42655.58168713,40440.41308739,2894121.54802737
2023-07-15,30290.8905958504,588560314529.384662966379382744,21673.63575355,22985.44149994,2892809.74228098
2023-07-16,30249.7729658095,587790692134.452090738423257545,22786.3316003,22474.42050752,2893121.65337376
2023-07-17,30143.7462744009,585756083872.922236802809755885,26661.13550042,26352.28734227,2893430.50153191
2023-07-18,29835.7474076563,579801229885.062938251955013734,35128.14856766,35065.01866404,2893493.63143553
2023-07-19,29913.0294646406,581330729751.319154470511658426,35315.81286346,34760.9780274,2894048.46627159
2023-07-20,29805.6065707189,579266914318.240594400111771372,28514.16957136,28371.49533705,2894191.1405059
2023-07-21,29919.6934921099,581505118062.623637126136814892,23242.27432412,22976.52725975,2894456.88757027
2023-07-22,29726.0096271186,577765664913.160535478215763702,18055.98696206,18995.68924981,2893517.18528252
2023-07-23,30066.5724482759,584412592865.550608445349312999,19977.27224945,19600.74620474,2893893.71132723
2023-07-24,29178.3597042665,567175501671.5082203930474544,31779.33184937,32941.91813294,2892731.12504366
2023-07-25,29221.2548533022,568034510474.912168253292510654,27027.46254308,24391.48914198,2895367.09844476
2023-07-26,29361.5917580362,570788957155.026948326501915038,31697.5665002,34294.15570292,2892770.50924204
2023-07-27,29201.6865175336,567705587810.322736174196468952,36544.83851386,29616.50020257,2899698.84755333
2023-07-28,29316.3130751023,569959677160.048497868950211717,31513.44388626,29763.62300459,2901448.668435
2023-07-29,29360.376179135,570840562162.57631299113214455,19785.34151891,19751.04879144,2901482.96116247
2023-07-30,29262.8367337814,568974872634.133916226609317062,19210.14437444,18476.97019874,2902216.13533817
2023-07-31,29219.8201887785,568164226105.163295158418732165,24614.83181504,26123.10934197,2900707.85781124
2023-08-01,29499.5875385739,573629784670.505815269543410874,33611.26459828,28614.85680005,2905704.26560947
2023-08-02,29143.1519620105,566726820626.51549991957898643,29060.7490034,35698.52582142,2899066.48879145
2023-08-03,29192.3448617767,567710991370.106224929962972358,25564.23907346,27342.85804052,2897287.86982439
2023-08-04,29057.2532437171,565105804695.382049186047059454,23350.21404503,23983.51687953,2896654.56698989
2023-08-05,29053.0956975453,565052912292.718208939610993678,23936.29197431,21314.89452817,2899275.96443603
2023-08-06,29048.0433275862,564984423123.512414365390515012,21778.02386131,21145.98082911,2899908.00746823
2023-08-07,29164.3585873758,567273367302.801725282152424166,38500.95978457,32326.92070432,2906082.04654848
2023-08-08,29779.511383986,579261915351.56496926622588522,28809.5323246,39852.0548715,2895039.52400158
2023-08-09,29582.9442375804,575468304282.020800340770050324,30161.75527472,29165.46131394,2896035.81796236
2023-08-10,29430.1599117475,572519595905.101008583306779925,26351.27401601,28010.41404964,2894376.67792873
2023-08-11,29399.784739626,571956438561.50120486719798482,26798.83496057,24852.49285215,2896323.02003715
2023-08-12,29415.733902104,572297423307.24420587261259128,24464.03874504,21562.9906165,2899224.06816569
2023-08-13,29286.1176110462,569800385426.159216359885546682,18838.64874689,17567.00807467,2900495.70883791
2023-08-14,29408.9717127411,572222106279.279132263182523394,27345.27522689,38811.77894264,2889029.20512216
2023-08-15,29167.59721654,567556759131.4547710743631032,28624.33357025,29845.0546586,2887808.48403381
2023-08-16,28754.2924079486,559543774142.679890650671826046,27278.33018639,26132.78094847,2888954.03327173
2023-08-17,26660.5627264757,518826863048.630696754319569862,42288.42359056,39014.26281276,2892228.19404953
2023-08-18,26037.3658474576,506721783913.45656668214133864,36553.71473881,38950.43160024,2889831.4771881
2023-08-19,26093.981808007,507846438071.15138309818519533,20322.53616841,22746.29734269,2887407.71601382
2023-08-20,26176.4721642315,509478386019.288687473778821985,18504.3556436,19308.40621913,2886603.66543829
2023-08-21,26128.9050160725,508579521674.7415575152322441,26798.17624527,32446.08588442,2880955.75579914
2023-08-22,25978.2096914085,505669568328.70555976009032263,33590.67466063,32571.02108289,2881975.40937688
2023-08-23,26452.1935882525,514919209015.0047226190383383,39880.56674016,43420.45899581,2878435.51712123
2023-08-24,26126.7943331385,508607674820.29226863580205582,25364.37843616,26582.34797634,2877217.54758105
2023-08-25,26040.881255114,506957185572.90490488200100386,20423.21021047,24617.0916992,2873023.66609232
2023-08-26,26006.1740800701,506303782993.018832626062584949,16560.60238968,13450.64935591,2876133.61912609
2023-08-27,26086.3612594974,507883827671.599498731352607868,15916.36774985,16997.15536403,2875052.83151191
2023-08-28,26103.2765730567,508232408563.720806450844216494,24420.89737018,24044.30337389,2875429.4255082
2023-08-29,27672.2221306254,538807201879.903691242604118144,39881.61649366,46346.86101245,2868964.18098941
2023-08-30,27298.997779661,531561630095.86506813258187635,27431.42770076,28428.37653109,2867967.23215908
2023-08-31,25954.8665935126,505412286329.011675100499010022,28004.50707031,23909.22234218,2872062.51688721
2023-09-01,25802.7885298071,502475261599.459363395403490967,37467.73594174,26106.18815885,2883424.0646701
2023-09-02,25868.2960976037,503775509930.825778701809661349,18644.74432971,18720.07670074,2883348.73229907
2023-09-03,25962.5475689655,505636660531.693027674952099305,17930.50129932,18665.17824126,2882614.05535713
2023-09-04,25799.5256870251,502485734430.552076871730801781,25389.26576294,21488.21350323,2886515.10761684
2023-09-05,25782.3622200468,502171430649.916220807738935452,22221.58674495,23953.94610586,2884782.74825593
2023-09-06,25754.7902676797,501656133395.863796331322646383,27553.84913728,24665.60774108,2887670.98965213
2023-09-07,26210.6045637054,510558478038.275315896617750222,25720.36784615,26714.09020221,2886677.26729607
2023-09-08,25904.6982127411,504621236835.853274223134120706,23784.2340593,30231.53119979,2880229.97015558
2023-09-09,25894.6205976037,504449363829.6964601920874881,19856.75987861,18685.43657767,2881401.29345652
2023-09-10,25831.4647802455,503242767131.7789328530157915,20128.85378018,19513.47935877,2882016.66787793
2023-09-11,25135.0393781414,489700142564.457331803213266156,30165.93014612,34213.31048368,2877969.28754037
2023-09-12,25859.7018068381,503841361451.70365842944070284,33626.57368877,33247.74648892,2878348.11474022
2023-09-13,26226.8667524839,511019169908.623653080146483281,24192.07514878,26478.1525429,2876062.0373461
2023-09-14,26556.056943308,517460186589.92448812235133332,34443.43850734,31998.62531341,2878506.85054003
2023-09-15,26672.6160818235,519762749395.753253654763549255,29527.1926048,32247.92398374,2875786.11916109
2023-09-16,26555.6361031561,517508914919.998211613390840013,17645.76822707,19691.82887535,2873740.05851281
2023-09-17,26502.4321189363,516496770733.766100599355242918,17479.0953247,17809.51848595,2873409.63535156
2023-09-18,26764.6319064874,521632787593.762221806187261356,28473.23229194,28169.54430826,2873713.32333524
2023-09-19,27215.0504848042,530434922294.038919456633758426,26102.37865171,26554.40133807,2873261.30064888
2023-09-20,27133.4037235535,528868345382.321140214882376855,24431.2748108,28117.47778648,2869575.0976732
2023-09-21,26571.5952919345,517940823891.062051909647752415,22841.20738708,24281.1188781,2868135.18618218
2023-09-22,26581.1476116306,518148451376.850485656813602666,25085.75010914,20823.86454319,2872397.07174813
2023-09-23,26575.776386616,518069661036.8464458198357924,14648.98576503,16269.32280041,2870776.73471275
2023-09-24,26286.6410488019,512457226998.516020726964152785,19100.3376899,18290.04855708,2871587.02438139
2023-09-25,26288.8095005845,512523325127.04504331840220429,30787.89351562,31673.68108598,2870701.23681103
2023-09-26,26194.5378880772,510707682977.896618231393311304,27361.16864553,24167.84852129,2873894.55693527
2023-09-27,26336.0825973115,513493183428.734368704364913315,27743.82935959,26278.29320193,2875360.09309293
2023-09-28,27033.4254415546,527114436863.465395536831515626,32819.36671352,31804.80314419,2876374.65666226
2023-09-29,26911.2514739918,524756938047.957368889039937156,23382.90346297,25002.55453876,2874755.00558647
2023-09-30,26977.6933126826,526075791386.055005889447930892,23595.87609684,23497.4222548,2874853.45942851
2023-10-01,27950.1453594389,545063625648.501181376716000244,22007.54241422,18597.63523079,2878263.36661194
2023-10-02,27565.8892954413,537597189376.079468843739564948,44892.70152439,40633.31433588,2882522.75380045
2023-10-03,27439.1422393337,535153460226.514446588723385048,26358.6630094,26308.1793043,2882573.23750555
2023-10-04,27797.251176505,542160520527.8175065258082652,32262.48004044,29060.44704985,2885775.27049614
2023-10-05,27426.3450926359,534950498590.646255213851384935,27763.65112723,28459.27854126,2885079.64308211
2023-10-06,27941.9633760959,545035568358.975183352292673935,26325.65509662,30548.4410245,2880856.85715423
2023-10-07,27972.7515704266,545666018320.836920216398226454,20394.08136541,21403.3380268,2879847.60049284
2023-10-08,27936.3261157218,544981306054.719171246029721342,22853.8056932,22749.61704128,2879951.78914476
2023-10-09,27591.3467618352,538278357094.678364874669757296,27336.2594089,26728.87398879,2880559.17456487
2023-10-10,27419.7971803039,534959366481.384937784757392547,28636.12749161,29602.64206948,2879592.659987
2023-10-11,26828.1725710111,523443617438.489401632137441797,35650.00076476,28763.36686051,2886479.29389125
2023-10-12,26741.3405990649,521777018609.807180674725363723,32516.33007607,28619.89834989,2890375.72561743
2023-10-13,26842.4467703098,523772953760.598411610862678424,25528.88198679,24939.2567843,2890965.35081992
2023-10-14,26861.9892375804,524178794761.675932370581259152,18306.3559741,19526.17969404,2889745.52709998
2023-10-15,27130.3067092344,529442998597.068683025483628848,20760.88666436,20883.69225302,2889622.72151132
2023-10-16,28506.7936741671,556330012853.786493807235573782,41384.61073745,45431.72612797,2885575.6061208
2023-10-17,28433.2051522501,554922670009.31561568514062555,31826.45698108,36447.11780093,2880991.68704034
2023-10-18,28328.0750195792,552896547827.53423244649717344,28501.23128631,31094.92071062,2878397.99761603
2023-10-19,28690.358041204,559992553526.07522404111683128,29300.46527967,35552.07253659,2872146.39035911
2023-10-20,29704.9853673291,579821427846.189439334144984127,42303.36930759,43394.90357566,2871054.85609104
2023-10-21,29922.5464044418,584096126027.663456982731606518,26880.47425045,24224.44442298,2873710.88591851
2023-10-22,29984.1593196961,585327499000.036525246701352411,21787.65954331,21687.57837811,2873810.96708371
2023-10-23,32954.1690482174,643338061309.710898623723028948,46612.96072036,44472.03689352,2875951.89091055
2023-10-24,33880.9566537113,661457680682.435016053670284813,59027.34365441,53388.35771931,2881590.87684565
2023-10-25,34488.6589210988,673352887607.27317058959299674,37772.41847207,34685.19257477,2884678.10274295
2023-10-26,34181.4922521917,667387843568.638159031161889467,29975.11534363,30795.37818707,2883857.83989951
2023-10-27,33896.938528346,661864606136.33452688106758292,37052.54427946,37026.99035875,2883883.39382022
2023-10-28,34091.5890327294,665699403187.607655286720987812,24011.68333458,24843.13432939,2883015.1995963
2023-10-29,34574.3377206312,675155541179.4106481467048836,24007.8972139,21260.1999642,2885762.896846
2023-10-30,34495.1050207481,673641945531.776965080807411367,34886.61181328,35772.31133076,2884877.19732852
2023-10-31,34636.4264736996,676435313127.443734458558372408,33034.88839675,34085.6342702,2883826.45145507
2023-11-01,35431.9794532437,692005135084.231031503628212377,37227.56331685,40558.3485865,2880495.66618542
2023-11-02,34882.9173366452,681313058707.276962128781729988,45722.19548537,35591.82664862,2890626.03502217
2023-11-03,34708.2218804792,677930509621.077365116084076648,31409.94341995,36697.6124704,2885338.36597172
2023-11-04,35091.0763062537,685445372905.599928835763637065,22431.0511418,21989.5935764,2885779.82353712
2023-11-05,35105.0420265926,685753933111.165918297322540084,25302.98605982,24276.0564884,2886806.75310854
2023-11-06,35017.7151484512,684075855228.601736327726255616,31185.87501086,28250.81058714,2889741.81753226
2023-11-07,35418.4768901227,691934232277.766594178037231465,36590.66639965,32321.62647026,2894010.85746165
2023-11-08,35797.8946090006,699379861493.969846609298462206,26098.08027868,33649.0874736,2886459.85026673
2023-11-09,36675.3264333723,716554937246.175674897582128014,34030.35836059,38467.55798832,2882022.650639
2023-11-10,37367.4943722969,730114337393.773683003546719868,57840.20161745,27743.73777964,2912119.11447681
2023-11-11,36979.9312405026,722578816039.14036805324299645,24875.66495855,25114.22380872,2911880.55562664
2023-11-12,37053.3410514319,724050510722.784148685294429501,23335.57936259,23148.30198864,2912067.83300059
2023-11-13,36543.2680870836,714110932281.143851317334112892,27802.15021913,28397.30647677,2911472.67674295
2023-11-14,35590.6835645821,695526681621.990942355195203069,36259.76053438,31587.9297467,2916144.50753063
2023-11-15,37840.5534894798,739529498353.953778080844432908,38656.95397904,32254.67072745,2922546.79078222
2023-11-16,36160.4044509059,706727280727.506845710794328218,26588.09309401,27711.36320004,2921423.52067619
2023-11-17,36569.7120534775,714761166975.2007602380448396,29553.24932035,33371.14476333,2917605.62523321
2023-11-18,36577.4249617183,714945979789.767105941016273587,15568.57400581,14190.90534312,2918983.2938959
2023-11-19,37442.7285119813,731899071791.29397009011575893,21554.47099893,21031.8461833,2919505.91871153
2023-11-20,37516.0503708358,733371228930.537469532378660382,33344.90127401,37952.36641892,2914898.45356662
2023-11-21,36035.0330862069,704454241190.684255663404248909,34126.08764711,41000.19826488,2908024.34294885
2023-11-22,37403.0347168323,731230704479.348525637518118975,35385.98113938,47171.02731225,2896239.29677598
2023-11-23,37311.7192156634,729479763214.528627675093366768,27225.7213247,33154.89086469,2890310.12723599
2023-11-24,37718.7841630625,737477876623.195758615444675,38828.37392574,44160.0456281,2884978.45553363
2023-11-25,37800.1260932203,739105838366.730224597855610262,25644.08425323,26148.41673143,2884474.12305543
2023-11-26,37482.7055260082,732933517212.29420980995752266,25258.59914643,29011.12221226,2880721.5999896
2023-11-27,37229.2452197545,728007625505.059734662319392835,36046.37753144,36096.56225163,2880671.41526941
2023-11-28,37828.4655911748,739759969555.18967329014172266,36127.61163336,46210.40720706,2870588.61969571
2023-11-29,37846.8531227352,740151719383.566702773318450904,34679.81399372,33213.73428541,2872054.69940402
2023-11-30,37712.7114789597,737559963657.608369426157139911,31003.64750161,31997.69203991,2871060.65486572
2023-12-01,38703.5536820573,756979072757.149851581288030627,43624.76683092,43311.47005824,2871373.9516384
2023-12-02,39462.2799272355,771849857306.78811931363265193,26272.00892636,28420.74061691,2869225.21994785
2023-12-03,39978.2226104617,781982500933.86885529563557525,26496.14048292,25999.4693994,2869721.89103137
2023-12-04,41910.2994815897,819814934315.096806201259135782,51871.15262364,44321.7057926,2877271.33786241
2023-12-05,44067.0054763296,862040657424.901430046569522112,43372.41878723,50389.15851282,2870254.59813682
2023-12-06,43745.8343907072,855795078786.49726169030090112,48555.2727034,34210.83624052,2884599.0345997
2023-12-07,43282.6182261835,846764339890.76883829059711468,41288.17799804,27527.31671519,2898359.89588255
2023-12-08,44205.0522089421,864847778236.876548861063390528,37677.57697918,35716.13203921,2900321.34638634
2023-12-09,43740.0063927528,855792329926.905077717039994432,30855.32686394,26252.75241923,2904923.92083105
2023-12-10,43732.7120900059,855687879830.67423873097049856,23543.21295055,20789.24507006,2907677.88871154
2023-12-11,41209.8947904734,806366344749.79670982433275588,50246.03372245,43253.4917332,2914670.43070079
2023-12-12,41467.2735698422,811439872900.628400335161744524,41206.81068326,34640.39822377,2921236.84316028
2023-12-13,42939.0607583285,840280084906.09063506276878388,36523.32333713,37064.742266,2920695.42423141
2023-12-14,43033.1371560491,842160345950.725398828940575305,27174.87390863,30184.55687282,2917685.74126722
2023-12-15,41978.0970195792,821555930265.735322825124877072,30555.74913557,27898.40722346,2920343.08317933
2023-12-16,42203.2140450029,826001802531.842884918343028338,15954.5135746,22190.62271311,2914106.97404082
2023-12-17,41428.6657855056,810881174245.314967340662028304,16743.25302382,11689.35170583,2919160.87535881
2023-12-18,42635.7331911163,834551810875.268025613105541433,31742.32871829,31410.30767447,2919492.89640263
2023-12-19,42271.863025716,827472216777.70775073010671888,35015.96430927,25561.86005635,2928947.00065555
2023-12-20,43605.1555549386,853610950918.371980492358433254,32447.48377653,37361.78293281,2924032.70149927
2023-12-21,43870.2382340736,858840219309.127223769741013248,25333.6501708,30190.55937643,2919175.79229364
2023-12-22,44009.5016551724,861612765680.021542051458868276,37057.46134097,35109.91429756,2921123.33933705
2023-12-23,43768.8067518995,856944238425.81846265131874706,19356.72762279,22113.72515054,2918366.3418093
2023-12-24,43097.8093258329,843852920767.259772377124503433,19215.26776368,31206.39474689,2906375.21482609
2023-12-25,43623.7504029807,854188718516.318548790498451369,32693.48625898,24380.40643429,2914688.29465078
2023-12-26,42491.1229079486,832047859801.01993849549405313,23156.47511118,26178.44966775,2911666.32009421
2023-12-27,43436.9594269433,850603955311.532277322342215618,38528.17469566,59274.7335052,2890919.76128467
2023-12-28,42670.6797180012,835630557952.10476041922175922,23401.32433813,24803.18077242,2889517.90485038
2023-12-29,41998.6033442431,822508753451.749700872295493513,26934.84588055,29927.46388416,2886525.28684677
2023-12-30,42204.4917744009,826579160024.251020400620842571,35200.07066787,19423.17259961,2902302.18491503
2023-12-31,42217.1587913501,826868406538.170851410630805616,28983.68070966,32576.51003976,2898709.35558493
2024-01-01,44049.4735534775,862798932438.551517021648152975,27857.71335187,26877.62352981,2899689.44540699
2024-01-02,44941.160493571,880301238448.19064090881980887,42075.00438481,42658.05927207,2899106.39051973
2024-01-03,42773.6515423729,837886611759.971915025844414985,39870.75652943,34298.85395717,2904678.29309199
2024-01-04,44250.7452670953,866868194472.456113653167916803,38460.70963035,37790.80287474,2905348.1998476
2024-01-05,44146.3222022209,864860632050.227567414496984005,36061.47438733,37647.98719707,2903761.68703786
2024-01-06,43917.9798147282,860425656118.423463837309312952,45643.6522566,46384.02622532,2903021.31306914
2024-01-07,43844.195949737,859012443610.01010375080585696,38422.03734243,42650.67596782,2898792.67444375
2024-01-08,46981.3242995324,920512392403.762042727562960924,40425.74392637,31038.44410921,2908179.97426091
2024-01-09,46084.005795149,902974871223.53720138427049706,56276.99643089,42950.94714278,2921506.02354902
2024-01-10,46818.1592764465,917398869581.06125213530513335,53291.02636124,39603.28437396,2935193.7655363
2024-01-11,46380.8708082992,908880379024.565634365777558528,63243.76652952,57576.00172962,2940861.5303362
2024-01-12,42817.4305356517,839096097616.406630705764452756,63831.39401766,59535.44342711,2945157.48092675
2024-01-13,42846.9544699006,839717259324.388649615411275148,27950.579954,30102.57719839,2943005.48368236
2024-01-14,41888.1513068381,820960086253.579874079149356993,19069.90545241,19900.49288785,2942174.89624692
2024-01-15,42528.9192489772,833548710417.609963093765513988,32681.33156514,28978.99730687,2945877.23050519
2024-01-16,43171.4472241379,846175712864.970303994707196651,45447.4642616,47641.65412307,2943683.04064372
2024-01-17,42689.304327294,836757824473.36385228986772652,44155.49579322,38718.42636167,2949120.11007527
2024-01-18,41261.9076177674,808815882007.232893292604442974,47290.0701449,43688.00166749,2952722.17855268
2024-01-19,41606.8535330216,815611837232.077245921831633256,44220.76032853,44324.38114425,2952618.55773696
2024-01-20,41668.6904102864,816861256061.063889087392469248,24475.52847892,23151.52900737,2953942.55720851
2024-01-21,41537.1123562244,814318181968.093177746822301212,19441.69040466,20798.28295481,2952585.96465836
2024-01-22,39577.0998603156,775932511818.811494461718640896,45135.94103771,43461.68205354,2954260.22364253
2024-01-23,39737.3143617767,779111859291.350169238797979688,52912.78355817,48878.54189985,2958294.46530085
2024-01-24,40101.8568980129,786296878249.512654584522693553,49734.55020424,45082.18680647,2962946.82869862
2024-01-25,39917.6611461134,782730418148.3041597938265982,46177.85256059,45267.78734899,2963856.89391022
2024-01-26,41860.7310458796,820871113388.833274436902079228,55623.56406492,49339.63589619,2970140.82207895
2024-01-27,42125.3014155465,826104247111.5658400774633457,24826.44109611,26230.67110793,2968736.59206713
2024-01-28,41983.0202744009,823356005467.929939576360270793,24800.90163965,23611.74448031,2969925.74922647
2024-01-29,43218.3470821157,847624931690.991662059095114882,43501.0838548,42311.00607215,2971115.82700912
2024-01-30,42950.0541277031,842401659509.739738526569493587,41010.19077763,54507.10787257,2957618.90991418
2024-01-31,42589.4708059614,835364222162.08843108864955652,37171.37238731,39643.60384651,2955146.67845498
2024-02-01,43020.3596548802,843856959361.579320936808541266,38938.79593477,37917.84572509,2956167.62866466
2024-02-02,43155.3852030976,846556232629.225426968587337728,37394.93825176,40758.73708943,2952803.82982699
2024-02-03,42982.3789979544,843203026562.882784693642184608,22002.63727456,22837.99338221,2951968.47371934
2024-02-04,42576.2913050847,835277882869.200544411190589198,21837.48433556,20465.01431889,2953340.94373601
2024-02-05,42619.2742738165,836162692896.98084931880352295,34542.54581874,32795.33225774,2955088.15729701
2024-02-06,43102.7062632963,845693113581.418365790512187527,34169.05201127,33035.54267776,2956221.66663052
2024-02-07,44253.0314731151,868307228059.183511435304374277,34540.19897134,38763.48668972,2951998.37891214
2024-02-08,45332.09157218,889519016233.1360528334656396,47451.99907736,48189.50136236,2951260.87662714
2024-02-09,47176.9665137347,925768615916.411752921805995299,47677.01677732,49658.2785629,2949279.61484156
2024-02-10,47792.8972156634,937900623195.308444279507034944,28226.3670937,29522.22298121,2947983.75895405
2024-02-11,48200.7986057861,945946661324.015535308314419302,28718.0442757,23949.157284,2952752.64594575
2024-02-12,49989.80371654,981112034988.735624070841075,54647.58031374,50947.57723022,2956452.65724534
2024-02-13,49628.0941528346,974054908900.811575779954150606,39881.57821139,45502.68518774,2950831.55026899
2024-02-14,51844.2929193454,1017597474063.253353153382182284,58308.57861199,60102.12407041,2949038.00481057
2024-02-15,51939.1472919345,1019510236754.08290409512200832,50398.53687093,50551.32598516,2948885.21569634
2024-02-16,52157.3123977206,1023836267564.016665311290164742,40171.04765294,44391.39961495,2944664.86373433
2024-02-17,51674.8158521333,1014413414440.102252505869357427,28438.46255344,28666.2259395,2944437.10034827
2024-02-18,52148.0645365283,1023743059920.698813218018911628,24762.4971238,23062.9849899,2946136.61248217
2024-02-19,51804.8051537113,1017048408416.950016875695493173,42543.38982064,46945.95843863,2941734.04386418
2024-02-20,52308.0531712449,1026974429999.088250077781614135,46294.15592322,46835.20002793,2941192.99975947
2024-02-21,51744.321808007,1015951209301.8634071065997827,42427.01292216,38290.96834424,2945329.04433739
2024-02-22,51292.3252574518,1007119959019.426868666368815836,36577.86118703,36873.36946328,2945033.53606114
2024-02-23,50789.1431759205,997290498112.265798541800240775,41684.33431631,44386.83716227,2942331.03321518
2024-02-24,51578.2349164231,1012829187887.01522695178665945,30056.70823545,29852.24117077,2942535.50027986
2024-02-25,51746.4789669784,1016185995310.120056491030661216,32905.53705952,31421.98868552,2944019.04865386
2024-02-26,54551.8259184687,1071322129159.330999542570827379,43275.42122412,50426.28224473,2936868.18763325
2024-02-27,57049.888220339,1120426601291.38617739741600629,60709.1303951,57178.88869085,2940398.4293375
2024-02-28,62460.740619813,1226750759834.85874352716323654,75984.96302114,68109.42198591,2948273.97037273
2024-02-29,61394.7818515488,1205865991757.462710228212494496,68516.07386206,62026.40694505,2954763.63728974
2024-03-01,62524.401817066,1228113241125.58678776229336048,71414.79714785,76883.13659693,2949295.29784066
2024-03-02,62049.6145637054,1218836653884.749584832607643934,31691.05314612,29892.21454012,2951094.13644666
2024-03-03,62991.4422913501,1237397939322.018953305534392223,30983.91536948,30247.93199446,2951830.11982168
2024-03-04,68091.8388243717,1337644545844.467432110113580538,56495.56779154,52965.03954197,2955360.64807125
2024-03-05,63950.524329924,1256356364718.29000152308282,74704.95689097,62526.12285655,2967539.48210567
2024-03-06,66103.7215400351,1298715391395.493923225111502341,53800.07767636,57776.51652591,2963563.04325612
2024-03-07,67070.3791484512,1317782410417.256465900796523488,60499.80884393,52657.00636569,2971405.84573436
2024-03-08,68343.7149552893,1342866381837.384480793456019349,54686.36472567,58232.8472904,2967859.36316963
2024-03-09,68502.5053392753,1346056196239.383653257812580572,33656.60958373,35156.0513069,2966359.92144646
2024-03-10,68882.2513395675,1353579668685.426183684560837625,36083.86914384,32180.31516842,2970263.47542188
2024-03-11,72198.0875341905,1418814650993.161119759429856185,61910.40542698,52508.66036136,2979665.2204875
2024-03-12,71432.7283018702,1403836996419.445049264785586088,51509.94706077,48123.36789326,2983051.79965501
2024-03-13,73081.5759053185,1436314177938.628489358411516365,56279.12714195,58510.73286435,2980820.19393261
2024-03-14,71505.2729076563,1405397203963.986307283452314569,55793.16028504,68115.85163019,2968497.50258746
2024-03-15,69424.9141753361,1364563991872.797144581830581656,56414.66979033,58774.75346509,2966137.4189127
2024-03-16,65433.6819006429,1286174217035.593098257441825805,35789.7568322,29566.45469704,2972360.72104786
2024-03-17,68285.0891691993,1342284214005.924872221265164593,39071.25656037,50365.04895138,2961066.92865685
2024-03-18,67770.8865245471,1332237494666.770487819363094527,39436.90807375,38797.87655237,2961705.96017823
2024-03-19,61969.3075394506,1218251084304.75197498372527001,63661.74007127,55297.17408921,2970070.52616029
2024-03-20,67848.1076396844,1333885263897.73648760302961754,47393.59178572,45159.58932826,2972304.52861775
2024-03-21,65454.7357232612,1286880964052.164079600894103904,42632.98143362,42980.30486718,2971957.20518419
2024-03-22,63486.4849997078,1248237492815.0354158224214396,47572.32831686,57996.03453327,2961533.49896778
2024-03-23,64361.2429047341,1265499269578.233731316775212154,23532.48635394,24742.76601274,2960323.21930898
2024-03-24,67289.5658310929,1323148747346.792037680524519439,23762.82705716,24352.61163116,2959733.43473498
2024-03-25,70042.0204237288,1377329438014.781895976089924432,43743.16246097,47018.79733263,2956457.79986332
2024-03-26,70071.0472144945,1377958914921.44706658115451625,50154.84836708,50702.44105378,2955910.20717662
2024-03-27,69267.8879815897,1362223531385.00484738455292954,52144.97824827,49345.28422934,2958709.90119555
2024-03-28,70826.8968714202,1392950313815.106243383995437678,51422.06067928,66439.07126362,2943692.89061121
2024-03-29,69917.0430070134,1375119172323.96549292236876507,32738.00396544,30967.4361476,2945463.45842905
2024-03-30,69663.0119073641,1370190408232.724827179763199241,19435.72726775,17717.6958517,2947181.4898451
2024-03-31,71227.4517939801,1401022109461.656063457516839306,18819.31141143,26889.4100861,2939111.39117043
2024-04-01,69791.6277305669,1372845320592.962943000280250564,39533.88782833,48138.02371167,2930507.25528709
2024-04-02,65533.7548351841,1289150894904.950946494037115314,41306.52130034,39796.74012648,2932017.03646095
2024-04-03,66130.2162393337,1300942909083.021331143482039813,33034.17100029,35598.19716638,2929453.01029486
2024-04-04,68438.135024547,1346404337707.19223602028810246,35344.07492234,41742.47918318,2923054.60603402
2024-04-05,67904.9094766219,1335976840644.872778242476291067,41627.84287517,37504.48633588,2927177.96257331
2024-04-06,69136.0710783168,1360265973337.553316110884413888,23342.14533618,23539.84552209,2926980.2623874
2024-04-07,69392.6830108124,1365388593961.608644460130904892,22827.96956517,20717.68072215,2929090.55123042
2024-04-08,71712.7972840444,1411110586059.4548629109051293,35233.93305487,35131.27075578,2929193.21352951
2024-04-09,69074.5418638223,1359260007106.198932614439238328,35814.94329457,31811.55703545,2933196.59978863
2024-04-10,70579.4456767972,1388940357095.897016600609581304,29280.9211635,32756.47988101,2929721.04107112
2024-04-11,70046.5536057861,1378511306220.926306667048460902,17841.98455399,19650.68936235,2927912.33626276
2024-04-12,67098.113691993,1320543247051.60041877385567148,34108.70526212,30251.00483489,2931770.03668999
2024-04-13,64551.6482875512,1270492985833.117120352988692928,20444.46405526,21238.80893728,2930975.69180797
2024-04-14,65648.8099602572,1292151526364.209485785942185568,17884.80436157,15910.32050458,2932950.17566496
2024-04-15,63393.325166277,1247813165529.84981139431756219,20703.2306483,20468.55084847,2933184.85546479
2024-04-16,63784.8203340152,1255585004528.342670205330837432,31205.02427182,36996.3575806,2927393.52215601
2024-04-17,61324.2184286967,1207201304926.81548480369725889,25298.12972759,23333.06693359,2929358.58495001
2024-04-18,63510.14500263,1250290039869.5878726102831086,40567.52437717,26117.41216099,2943808.69716619
2024-04-19,63762.6310300994,1255319975339.040110162650754102,27955.43320185,25798.92268099,2945965.20768705
2024-04-20,64907.9928366452,1277895532215.442978902357488316,6211.42380459,6743.83608335,2945432.79540829
2024-04-21,64968.192619813,1279109157045.17675689966692679,7996.269433,6108.56141808,2947320.50342321
2024-04-22,66944.5960911748,1318052855171.249075463698267876,13809.65893685,17157.98839224,2943972.17396782
2024-04-23,66385.3002919345,1307075893683.751824125488576265,18280.55337892,14521.8469281,2947730.88337836
2024-04-24,64189.9679064874,1263882566632.75072415871192453,23660.40420107,14203.89573435,2957187.39184508
2024-04-25,64515.3874725307,1270318817448.162540757543467415,15051.80909534,16782.15117353,2955457.04976689
2024-04-26,63777.4715002922,1255815635501.88337900226648709,16016.68377214,18652.19206337,2952821.54147566
2024-04-27,63429.3099649328,1248987882000.53249583094491416,14747.67803128,14270.48338324,2953298.7361237
2024-04-28,62978.5770049678,1240140042894.857994440882310232,19026.43452862,14974.28810158,2957350.88255074
2024-04-29,63908.3888766803,1258475557385.625170830097421929,24410.67234949,19540.81838451,2962220.73651572
2024-04-30,60636.3261633548,1194069248252.204506950583492964,32357.36854714,24684.10292894,2969894.00213392
2024-05-01,58141.7772799532,1144969805261.135709813413569004,32735.92189626,29587.84048317,2973042.08354701
2024-05-02,59170.1088936295,1165247264400.393491267679783405,29119.74462177,27736.21398286,2974425.61418592
2024-05-03,62983.6554783752,1240373492062.469508114212276568,21309.37484123,21312.89339297,2974422.09563418
2024-05-04,63881.1305429573,1258076134304.825547256271985891,14109.17993264,15285.1413363,2973246.13423052
2024-05-05,64067.5959918177,1261776217571.701691021369188359,12541.47217564,9702.11130838,2976085.49509778
2024-05-06,63228.1031341321,1245266971187.336994612103415007,18387.18700382,22768.39377696,2971704.28832464
2024-05-07,62396.999720339,1228922316589.06995064680496025,18300.23795434,18520.5265883,2971483.99969068
2024-05-08,61079.27442782,1202993674653.4017460158223104,19549.29968806,16390.09639461,2974643.20298413
2024-05-09,62998.4903381064,1240822352263.66152797220706008,19546.62714988,23118.12071439,2971071.70941962
2024-05-10,60896.6418880772,1199451802640.426911032303237468,23093.89712533,20960.75206282,2973204.85448213
2024-05-11,60843.5729240211,1198436760485.340698792509717698,13541.87361764,13696.87975408,2973049.84834569
2024-05-12,61431.2746879018,1210038071267.050639717705811506,15454.09485482,14528.27780705,2973975.66539346
2024-05-13,62886.9394491526,1238739810860.90010559824872862,27624.81886517,26200.50509441,2975399.97916422
2024-05-14,61555.5670046756,1212540748352.619656514443779412,19439.57616178,20086.55683992,2974752.99848608
2024-05-15,66281.5322542373,1305663490423.484824319202836321,31778.3132853,40526.48388928,2966004.8278821
2024-05-16,65269.2603246639,1285751959588.023359826531471192,25549.39033439,26059.84097358,2965494.37724291
2024-05-17,66956.4409476914,1319020493592.986031729427184478,20565.33904653,23808.78956181,2962250.92672763
2024-05-18,66977.6006914085,1319464124823.795342438681809795,13182.55754452,14618.81225291,2960814.67201924
2024-05-19,66259.4704260666,1305348788162.148900809649672546,13769.53993198,13681.98231685,2960902.22963437
2024-05-20,71202.2025902981,1402758099414.359957817087768888,24954.02682479,26135.78961313,2959720.46684603
2024-05-21,70217.2546914085,1383383873548.005903916883586825,49365.26853876,38264.6059774,2970821.12940739
2024-05-22,69074.9141350088,1360911099802.735429616988796088,31536.23430928,29667.85053735,2972689.51317932
2024-05-23,67758.7306586791,1335015492496.505239525185967041,27719.685362,26733.99629331,2973675.20224801
2024-05-24,68608.998279661,1351802183524.93466358973512599,31348.56023552,26043.06129317,2978980.70119036
2024-05-25,69282.7925976037,1365112585433.804069404462727181,11525.7962952,10518.64651565,2979987.85096991
2024-05-26,68445.0069532437,1348641220725.702130869110340885,11875.03406095,11331.97741296,2980530.9076179
2024-05-27,69347.815260374,1366456821776.78018366120763944,16587.69168744,14690.43046695,2982428.16883839
2024-05-28,68342.8204488603,1346682624470.323276257691593618,17933.04134551,20618.25432041,2979742.95586349
2024-05-29,67584.2632402104,1331764329620.136051040495220208,21944.74408664,19180.83683327,2982506.86311686
2024-05-30,68375.4760260082,1347381651646.683030495214088082,16867.14722248,26433.35611876,2972940.65422058
2024-05-31,67377.7626122151,1327752245108.245316315169893166,32433.19757965,24458.46962204,2980915.38217819
2024-06-01,67714.3526399766,1334414955080.083608581956931754,12503.04803585,12060.51241826,2981357.91779578
2024-06-02,67805.4855742256,1336240533927.671225560530939808,11367.15227189,10602.11914471,2982122.95092296
2024-06-03,68833.3028351841,1356529467104.469703493687285847,25291.49844618,28687.22279322,2978727.22657592
2024-06-04,70554.0894330801,1390471342294.432158583840127835,19570.8065023,22325.61568831,2975972.41738991
2024-06-05,71087.4433158971,1401009939445.891038073928722648,34754.042106,25819.08001785,2984907.37947806
2024-06-06,70788.5013755114,1395147734909.96260958320003349,21077.66037308,22434.58030935,2983550.45954179
2024-06-07,69338.1573240795,1366594140735.11296986218357589,15918.28149208,20106.93473922,2979361.80629465
2024-06-08,69310.1092618352,1366078592262.968334253353392432,15962.96051785,9224.4537681,2986100.3130444
2024-06-09,69644.0190894214,1372693139520.203885820039385132,8298.26472603,8358.69672601,2986039.88104442
2024-06-10,69465.9362478083,1369213276623.994986723839656428,15763.92690324,14476.75500785,2987327.05293981
2024-06-11,67368.263506429,1327892843551.05193216469677306,36411.7531,40765.88875593,2982972.91728388
2024-06-12,68213.8346838106,1344590981955.842533549181411366,26316.3026382,27648.99976931,2981640.22015277
2024-06-13,66783.4902767388,1316427135683.066745139370860548,21396.45598772,25664.22389918,2977372.45224131
2024-06-14,65982.1865195792,1300658337179.10790304492168944,25022.04117668,20408.99567851,2981985.49773948
2024-06-15,66204.904308007,1305076332518.8727523404947449,11253.20569726,9207.24475269,2984031.45868405
2024-06-16,66622.5999336645,1313344170121.058070289260285825,10815.19413629,12074.31404246,2982772.33877788
2024-06-17,66483.8785260082,1310638614936.662145262944230488,20403.83308316,17695.80496752,2985480.36689352
2024-06-18,65112.1230020456,1283627261670.329206768062765736,25156.13287587,25424.62730539,2985211.872464
2024-06-19,64878.7141525424,1279053591186.536654030927748528,20080.87502986,26610.06652164,2978682.68097222
2024-06-20,64897.7011542957,1279454884177.929941701275970029,22556.78998403,22015.85452133,2979223.61643492
2024-06-21,64086.0489228521,1263481239279.285771460164916137,21415.10551088,19641.74707411,2980996.97487169
2024-06-22,64258.135506429,1266904515441.62460185873983779,10603.7003458,10546.15142543,2981054.52379206
2024-06-23,63345.0218760959,1248923864108.922252674151544932,9311.84515869,8972.93477805,2981393.4341727
2024-06-24,60258.9554374635,1188106947758.88681514984054098,33068.56453586,26580.94493035,2987881.05377821
2024-06-25,61739.6658477498,1217325575193.91904542295787039,22604.97195497,28676.84006828,2981809.1856649
2024-06-26,60794.4760584454,1198712185856.719524600234960062,29819.86367777,23783.84464177,2987845.2047009
2024-06-27,61569.9234275278,1214027045201.079041359368077734,33645.20757504,22494.76783366,2998995.64444228
2024-06-28,60303.3147364115,1189077674566.551062406429417725,34393.59686509,27168.0577291,3006221.18357827
2024-06-29,60889.3298430742,1200662758639.69700837614570593,12655.05653931,10017.60701999,3008858.63309759
2024-06-30,62763.2796861485,1237638479045.04323487116874479,10855.96509388,10432.33109335,3009282.26709812
2024-07-01,62835.3997647575,1239088312485.809404361964346575,22999.80794523,22046.0291339,3010236.04590945
2024-07-02,62028.6170385739,1223207576249.121635095074177741,20064.0670853,20988.08681199,3009312.02618276
2024-07-03,60216.3920859147,1187497690834.354338537483344631,20741.22971243,19000.64357823,3011052.61231696
2024-07-04,57418.2420213326,1132341877598.468351133527851684,32175.29694051,27701.88758323,3015526.02167424
2024-07-05,56720.9881256575,1118612820894.606054242325449475,36491.51878487,35946.32696786,3016071.21349125
2024-07-06,58259.221773232,1148978860522.48682190329378624,15796.91796877,15972.43917164,3015895.69228838
2024-07-07,56112.5725587376,1106667719773.187591996638321168,12909.28834148,10669.68544103,3018135.29518883
2024-07-08,56691.9149061952,1118121839034.7311610378418784,31502.67834573,26290.15518034,3023347.81835422
2024-07-09,57981.4320967271,1143582599028.234752297536117076,24343.684324,22193.37208285,3025498.13059537
2024-07-10,57722.0113527177,1138490509268.565149472696568983,26347.77934238,25911.74994382,3025934.15999393
2024-07-11,57307.712738457,1130344087896.42043174053052302,27828.2672744,22564.00755769,3031198.41971064
2024-07-12,57859.1202819988,1141247236802.80177329336321722,23798.59549127,23048.73939167,3031948.27581024
2024-07-13,59329.0372016365,1170269292685.84171906580940609,12959.98872735,9410.00595083,3035498.25858676
2024-07-14,61015.0339412624,1203557535228.193548035433357008,11499.78976235,10933.1105499,3036064.93779921
2024-07-15,64734.7611697837,1276962300259.140131210486156986,28132.13349637,28108.08189321,3036088.98940237
2024-07-16,65118.8266583869,1284568316160.646561280277253226,68848.87217639,24939.52354111,3079998.33803765
2024-07-17,64201.3707805377,1266501997732.331682639495704601,19726.76390472,20093.56134351,3079631.54059886
2024-07-18,63984.3022022209,1262245674295.565076786631700862,20077.69657102,23377.63166926,3076331.60550062
2024-07-19,66755.7833828171,1316950533921.24338724479327027,22578.99094594,24891.44799285,3074019.14845371
2024-07-20,67185.4978112215,1325462534018.332366479432437905,10725.57654698,9700.44973728,3075044.27526341
2024-07-21,68056.6201215663,1342684327868.013404712373163697,8181.70924198,8067.92618992,3075158.05831547
2024-07-22,67535.1976738749,1332434998137.291956006271043467,20894.28631443,20318.96076558,3075733.38386432
2024-07-23,65916.4081616014,1300531918961.33714474960069506,40397.86426178,42773.84513353,3073357.40299257
2024-07-24,65353.3857784921,1289452069316.241137453902229676,21675.50618395,21927.91625969,3073104.99291683
2024-07-25,65722.0611917007,1296759680321.89555214947286127,31005.83775081,28607.5927449,3075503.23792274
2024-07-26,67912.2433091759,1340008042854.50613070487749199,26459.11261336,25813.83795967,3076148.51257643
2024-07-27,68077.3730812391,1343299057385.039126126944682405,17288.73533042,13777.3361224,3079659.91178445
2024-07-28,68170.6691309176,1345171498943.896849370390106888,9176.04192251,7991.99626549,3080843.95744147
2024-07-29,66867.167277031,1319487462592.140869692671842,25411.03106997,32739.48512866,3073515.50338278
2024-07-30,66186.9146861484,1306095087232.029248847111937596,21084.43622126,22798.56323248,3071801.37637156
2024-07-31,64690.6340385739,1276596836711.347787160268157855,16522.2119542,17435.86907851,3070887.71924725
2024-08-01,65178.0554891876,1286244065719.222623371675056524,27188.05173743,30295.46314929,3067780.30783539
2024-08-02,61506.7698877849,1213817797251.565920783390423402,26161.75073183,23315.11041668,3070626.94815054
2024-08-03,60688.2444272355,1197690043760.843212028862238305,13501.36479875,13514.76862779,3070613.5443215
2024-08-04,58306.2644786675,1150707429146.878820905059176775,16479.79757633,17359.34058018,3069734.00131765
2024-08-05,54343.6276773816,1072529021264.889412594489219344,60764.2070374,54862.25022124,3075635.95813381
2024-08-06,56047.4712866744,1106180699377.313935810221507864,32742.59898003,30337.90202715,3078040.65508669
2024-08-07,55129.7410376973,1088088938095.443318221249372739,34474.4202138,39296.48593232,3073218.58936817
2024-08-08,61908.7896724138,1221911146638.463911910654077612,26870.24406047,25288.80756623,3074800.02586241
2024-08-09,60720.9407594974,1198490907345.185026102880675302,30883.66954017,26437.95005558,3079245.745347
2024-08-10,60871.5550727645,1201488224323.970781347831914815,10010.32452227,10573.75530939,3078682.31455988
2024-08-11,58836.1043722969,1161341917394.851173380886946767,11907.79825079,15216.15372606,3075373.95908461
2024-08-12,59394.1629538282,1172382636726.979923330676747644,27403.02346304,25817.82840341,3076959.15414424
2024-08-13,60536.2457846289,1194954421029.101317415218529856,28906.87098541,18543.76538553,3087322.25974412
2024-08-14,58840.6466797195,1161508436746.067357571877340085,20642.66833334,21601.32166032,3086363.60641714
2024-08-15,57644.1876879018,1137919278895.1728914569359014,19676.44219453,22449.41341837,3083590.6351933
2024-08-16,58927.2765087668,1163274113459.305330635478062944,21231.37264077,28400.90350465,3076421.10432942
2024-08-17,59414.6743351841,1172923422382.603421115724740246,10509.06337368,7976.29508513,3078953.87261797
2024-08-18,58793.2061458212,1160683488749.227983085742043672,11138.50966887,8786.11768758,3081306.26459926
2024-08-19,59411.5190169492,1172914231316.017929161686192596,23465.14827068,19379.77401264,3085391.6388573
2024-08-20,59123.3002662186,1167251872460.359942911499484832,21606.85605499,20145.01870248,3086853.47620981
2024-08-21,61133.0256493279,1206957302716.625198935335233969,21702.74272785,22751.74474813,3085804.47418953
2024-08-22,60394.4737749854,1192406173923.517191369169543656,23170.43288296,21272.3880874,3087702.51898509
2024-08-23,64106.8029152543,1265733883467.168152161485210564,26418.15887714,29966.17096477,3084154.50689746
2024-08-24,64023.226703682,1264114353900.4880318083466469,17730.3562481,15549.78737579,3086335.07576977
2024-08-25,64498.0183413209,1273515741882.974868295710845677,12589.6812672,13029.44892202,3085895.30811495
2024-08-26,62983.4427729398,1243636765954.650774817332381294,21661.94028306,22327.30117705,3085229.94722096
2024-08-27,59548.0076215663,1175828958505.758020906355183013,24613.4363061,21947.1708037,3087896.21272336
2024-08-28,59100.7747548217,1167027678458.670650762504392168,33322.14672916,41238.04360284,3079980.31584968
2024-08-29,59339.7909947399,1171771866967.594216300753514645,20984.91476712,20798.31133139,3080166.91928541
2024-08-30,59142.9399640561,1167910930786.791796597302464809,21698.3302508,19951.5939254,3081913.65561081
2024-08-31,58959.926273232,1164323996819.61027222292238304,12096.70778524,9673.17224632,3084337.19114973
2024-09-01,57349.0807180012,1132538921721.955963416440628888,11525.69912684,11143.43899158,3084719.45128499
2024-09-02,59159.0238877849,1168312845795.648158998016329466,17924.63258332,15407.58429841,3087236.4995699
2024-09-03,57637.7754444769,1138297029175.874218617967180229,20346.70285863,26393.09402283,3081190.1084057
2024-09-04,58033.3989704851,1146137641743.474502476953514253,19139.75183686,19539.54948826,3080790.3107543
2024-09-05,56112.9529400935,1108236739981.004220580181097305,20976.69263808,15820.04094034,3085946.96245204
2024-09-06,53838.9534623028,1063349406183.805186792041026892,28686.30350318,28444.0369337,3086189.22902152
2024-09-07,54066.4399248977,1067869086202.057275292688768999,10190.45265365,12221.45101407,3084158.2306611
2024-09-08,54859.2584082408,1083556715258.813745296377601496,14192.25880385,7265.06771721,3091085.42174774
2024-09-09,57135.7814371712,1128547518526.822387332120688768,20969.46956603,27086.42615707,3084968.4651567
2024-09-10,57664.4998214494,1139015466135.682619088311380542,46071.15481919,54103.51249469,3076936.1074812
2024-09-11,57409.1950663355,1133991945926.98132757086525816,29889.44228958,36613.33088072,3070212.21889006
2024-09-12,58124.6418065459,1148151626487.319723793048426033,26507.49232334,24407.14788764,3072312.56332576
2024-09-13,60536.8814503215,1195824511492.55137847033808921,24696.88844154,27998.01096285,3069011.44080445
2024-09-14,60007.1702507306,1185386846216.022326684118422952,16306.40183249,17139.3109896,3068178.53164734
2024-09-15,59129.9197536528,1168085465734.029255794263910976,14518.32655076,14202.83770478,3068494.02049332
2024-09-16,58227.46421654,1150280600030.674692039852463,27163.75260702,21046.13004152,3074611.64305882
2024-09-17,60238.2177255991,1190031170202.884560657462895913,23848.07739295,25094.89900378,3073364.82144799
2024-09-18,61306.2337317358,1211156711137.165103554506584564,25746.8577771,23997.44770077,3075114.23152432
2024-09-19,62994.6096528346,1244536027989.034520613387337564,34887.88210203,32140.43375513,3077861.67987122
2024-09-20,63153.9518270018,1247712645343.231070451706085958,27598.53049419,25971.02991661,3079489.1804488
2024-09-21,63367.7296078317,1251962918584.13568370117895961,13800.69089371,11610.66527569,3081679.20606682
2024-09-22,63571.9521729983,1256024783427.43880897468627939,12436.46636844,11198.24206789,3082917.43036737
2024-09-23,63336.0126347165,1251392097859.850218358957479,22798.3952747,24046.70430456,3081669.12133751
2024-09-24,64342.7891113384,1271313129462.336701926633131632,23421.41589157,25744.86421678,3079345.6730123
2024-09-25,63059.6269167154,1245988223233.761069481761126092,31378.81108352,23669.31578893,3087055.16830689
2024-09-26,65057.7861461134,1285496061106.93045418244206667,26782.02875,28339.10354249,3085498.0935144
2024-09-27,65767.7132542373,1299551877858.943713821073705707,26132.53939881,34156.9572117,3077473.67874744
2024-09-28,65770.5276478667,1299634003244.564969704511219471,14520.55159056,13228.25660182,3078765.97373618
2024-09-29,65617.7610689655,1296647099791.241595270253777515,14307.92519052,11356.32363579,3081717.57529091
2024-09-30,63260.0425482174,1250084222714.11363055449435134,35378.39830962,35475.18430931,3081620.78929122
2024-10-01,60858.2487086499,1202652137478.441652200002584524,31789.93060843,26945.0839514,3086465.63594825
2024-10-02,60686.0993135593,1199279596723.504826004206961229,24702.15841762,23579.7595035,3087588.03486237
2024-10-03,60765.2367498539,1200873514750.205433577183161451,22491.37466581,22332.75440795,3087746.65512023
2024-10-04,62052.5100496785,1226346035907.78086134469456952,21880.76839584,21007.38232657,3088620.0411895
2024-10-05,62030.4538977206,1225939409986.730931451124173226,10781.67261422,10645.57806623,3088756.13573749
2024-10-06,62789.8814555815,1240978188262.510150886203298605,12856.22588118,15455.28888838,3086157.07273029
2024-10-07,62416.508829924,1233629090802.9285200007726288,24445.33713735,26981.90103802,3083620.50882962
2024-10-08,62126.3273769725,1227926230938.88736872632648835,24646.33535088,27519.50586388,3080747.33831662
2024-10-09,60615.2581917008,1198084020487.345946472617167264,25364.38401665,21752.70979593,3084359.01568371
2024-10-10,60221.1172869667,1190322842678.682376407325399701,21592.70527609,20377.32815429,3085574.39280551
2024-10-11,62462.539962595,1234653841758.97376582717331485,24937.76490267,25376.9826264,3085135.17508178
2024-10-12,63202.8806992987,1249315889028.006854387483171033,12646.55903045,13594.23384651,3084187.50026572
2024-10-13,62759.431113384,1240577394495.5433285061427544,11245.62166811,10888.56875466,3084544.55317917
2024-10-14,66089.7587410871,1306437310355.320595731022234302,33791.40950429,30612.98071037,3087722.98197309
2024-10-15,66933.974833723,1323158084525.47267058965968041,35851.22644034,42353.2770502,3081220.93136323
2024-10-16,67662.9534038574,1337598426066.137663220542754132,38227.95845513,32985.60284779,3086463.28697057
2024-10-17,67337.9075482174,1331205778724.28715523857122758,26158.24566087,29034.06990424,3083587.4627272
2024-10-18,68390.5375625365,1352044329417.827954972733243105,33629.12532284,38066.03204255,3079150.55600749
2024-10-19,68357.8982963179,1351436024579.499460768632440796,14279.01503652,13596.80441915,3079832.76662486
2024-10-20,69012.3532089421,1364411911597.13075643587161348,12605.57634766,11207.28095298,3081231.06201954
2024-10-21,67440.4625058445,1333370812454.557330922215638865,27634.69766177,28522.14071995,3080343.61896136
2024-10-22,67425.7553211572,1333109112878.573520363403078692,26785.81284194,28729.17035431,3078400.26144899
2024-10-23,66647.2866642315,1317749059876.31351030394783729,30977.74891419,30046.09263365,3079331.91772953
2024-10-24,68130.9948369374,1347116211228.256969478203252538,21683.96017051,22876.43207918,3078139.44582086
2024-10-25,66261.5376861485,1310184157590.395914947893422915,30356.39022356,42109.28640594,3066386.54963848
2024-10-26,67023.3399611338,1325277793277.346362780398252182,17260.99678309,13835.31325677,3069812.2331648
2024-10-27,68000.1475008767,1344626789947.332434953201130612,13667.93275623,12556.64055094,3070923.52537009
2024-10-28,69862.5205470485,1381489809812.01297654059837765,32402.86040153,38332.04440326,3064994.34136836
2024-10-29,72678.7866201052,1437215455136.483218403414196116,48861.97368147,45092.83803674,3068763.47701309
2024-10-30,72450.2843819404,1432735109920.497702383928984328,35711.87944179,41234.99281915,3063240.36363573
2024-10-31,70367.0819576271,1391573641948.634360249082654933,40335.71230802,36651.13603507,3066924.93990868
2024-11-01,69483.5830303916,1374134861457.6079056594909455,36101.44449892,30975.40476465,3072050.97964295
2024-11-02,69241.6794865576,1369381390768.179161904539855264,14145.78667639,14100.53539868,3072096.23092066
2024-11-03,68742.7546227352,1359542591577.400874606337954992,18367.85936137,18192.95037798,3072271.13990405
2024-11-04,67779.0969795441,1340516077446.815413240299663213,30438.96974423,23906.24957252,3078803.86007576
2024-11-05,69538.0241729982,1375333854518.331807059563732842,44546.96844544,30993.53423146,3092357.29428974
2024-11-06,75696.0366192285,1497164174352.86791290255358557,63107.62318077,69273.17814868,3086191.73932183
2024-11-07,75972.2955546464,1502665235112.845695597610532992,40553.04065602,49012.92974303,3077731.85023482
2024-11-08,76507.4474012273,1513284018479.047051067758794314,53734.87759788,64629.10559621,3066837.62223649
2024-11-09,76799.2527469316,1519089160917.064500985379102872,21294.80517891,20931.21710055,3067201.21031485
2024-11-10,80409.2865666277,1590532816418.822741583268376094,34542.113408,33900.32459277,3067842.99913008
2024-11-11,88859.998448568,1757729564966.64095245435547016,47863.68091427,45119.78608402,3070586.89396033
2024-11-12,88048.7488877849,1741722501527.225804306433750202,69480.99651903,65152.24668419,3074915.64379517
2024-11-13,90369.3819693162,1787666712260.76171521941464348,52355.42603467,53433.23442058,3073837.83540926
2024-11-14,87204.2569827586,1725089533526.004232941876083998,55141.22869237,62195.26450795,3066783.79959368
2024-11-15,91139.0844427236,1802971685081.547655525635136632,44770.28623742,46119.19790044,3065434.88793066
2024-11-16,90567.6957568673,1791712543259.297880734473576557,25210.47695025,23607.88905956,3067037.47582135
2024-11-17,89732.9704292811,1775241125510.35411638449540424,21227.14440609,16653.69075372,3071610.92947372
2024-11-18,90587.6965534775,1792194846112.73124350249416005,41565.26292859,42955.63930911,3070220.5530932
2024-11-19,92254.1385800701,1825214331192.410088810500209626,42279.00806119,44386.30481587,3068113.25633852
2024-11-20,94160.0406858562,1862965160745.666180561977251182,39955.14010398,53254.70487814,3054813.69156436
2024-11-21,98545.5688798948,1949777589238.29333553719772836,55714.98075017,60148.6076774,3050380.06463713
2024-11-22,98938.3495450029,1957593180961.881265877849711136,67089.13855067,58927.39282761,3058541.81036019
2024-11-23,97707.0484590883,1933272806307.216134968178486264,33896.50219019,33753.85341893,3058684.45913145
2024-11-24,97980.2082819988,1938718690784.532102906163995248,29553.66521087,29641.09345333,3058597.03088899
2024-11-25,93343.0290745178,1847012865185.424307081512710532,45322.59868929,42081.91816056,3061837.71141772
2024-11-26,91875.5699593805,1818015620103.3586528246014573,54303.76877225,63106.10440888,3053035.37578109
2024-11-27,95989.0802273524,1899452843747.871469599274740304,41788.19146568,53788.118161,3041035.44908577
2024-11-28,95737.9402822911,1894525715473.941265865681431974,30303.22666942,43648.49557807,3027690.18017712
2024-11-29,97398.9417399182,1927431540403.987275505796018852,30009.45597977,39289.84100373,3018409.79515316
2024-11-30,96463.6248980129,1908971954209.812117484963353337,22354.33220727,22644.45209822,3018119.67526221
2024-12-01,97469.6044529515,1928927963341.320296540038433195,24106.17273985,18983.09359778,3023242.75440428
2024-12-02,95726.4417258913,1894468683534.549877915609519534,37838.00394082,44289.23625288,3016791.52209222
2024-12-03,96010.8774228521,1900144891598.981090528889606181,42897.76027614,45600.51319763,3014088.76917073
2024-12-04,98920.2528255406,1957769580344.10773585657393944,39624.77860505,43387.7622841,3010325.78549168
2024-12-05,96949.6644117475,1918815845330.072696629767026525,58444.7112441,66017.70518409,3002752.79155169
2024-12-06,99953.1056580947,1978302063761.216030752468238245,43756.20590006,46136.49806761,3000372.49938414
2024-12-07,99977.7002282291,1978833208148.320161429220263345,25799.712075,20673.15871425,3005499.05274489
2024-12-08,100798.98356429,1995134647453.3622514600539734,21987.19338274,20881.23336285,3006605.01276478
2024-12-09,97390.1988597311,1927714706540.866730681914167108,60367.18074196,56328.75251758,3010643.44098916
2024-12-10,96835.5017387493,1916781784711.179884766534623037,42728.36463665,43018.64063249,3010353.16499332
2024-12-11,101310.201899766,2005399870980.49512921547468026,43243.05665335,49508.11992959,3004088.10171708
2024-12-12,100090.890479544,1981310308332.67213348772446632,28113.88524217,29973.64526176,3002228.34169749
2024-12-13,101289.823976914,2005097135868.22599749825034422,27933.12499344,35571.59571705,2994589.87097388
2024-12-14,101366.87166803,2006672700085.4915018237549216,16377.66342576,18987.18174443,2991980.35265521
2024-12-15,104551.367141146,2069758175682.20817227859504806,19230.61836381,17621.12540097,2993589.84561805
2024-12-16,105855.672229982,2095627894157.27973200120362914,39136.45070226,41181.89327936,2991544.40304095
2024-12-17,106115.910582992,2100824937855.99547803021759216,32150.15545998,34323.55861806,2989370.99988287
2024-12-18,100469.770656926,1989090947935.35958328876581114,36510.27004242,47427.75046524,2978453.5207126
2024-12-19,97697.045779661,1934241071545.33037738440520814,42175.17973865,34789.88263372,2985838.81781753
2024-12-20,97617.4422051432,1932711114045.7791599624235546,55099.6896371,49586.55381369,2991351.95364094
2024-12-21,97093.0190832846,1922372144875.560235397190976788,19329.27164776,19489.5970126,2991191.6282761
2024-12-22,95149.1058252484,1883930144105.835402047322601952,20361.60114811,19426.41726235,2992126.81216186
2024-12-23,94800.7562060199,1877074081164.958314424661441001,37524.45324059,35182.24064506,2994469.02475739
2024-12-24,98637.7330543542,1953087683978.23618874908344696,56991.20230122,30228.61782132,3021231.60923729
2024-12-25,99235.3678869082,1964968046631.850055153934527198,21252.93073332,22421.56441768,3020062.97555293
2024-12-26,95628.3030902981,1893583393961.579417201080866726,28666.31319072,36114.36332385,3012614.9254198
2024-12-27,94219.9821461134,1865743053845.587154358849764708,35312.66595895,43325.50812248,3004602.08325627
2024-12-28,95123.5811098773,1883678618362.453629386260486506,16692.13394067,18027.15100272,3003267.06619422
2024-12-29,93457.5783202806,1850733848828.889937428350050314,18254.94352398,24161.40795546,2997360.60176274
2024-12-30,92523.163085038,1832275661275.79161408367304276,33175.19620056,53130.71127548,2977405.08668782
2024-12-31,93389.7326016949,1849474353083.60665425471590366,29585.82726528,61813.82935986,2945177.08459324
2025-01-01,94455.7965718878,1870627825779.77453082583089855,24910.46620094,28227.85741886,2941859.69337532
2025-01-02,96851.393682934,1918121414156.28890682672768732,32198.28884388,31796.80458522,2942261.17763398
2025-01-03,98120.6846759205,1943302993109.420046361079117625,28738.7494404,23210.26200679,2947789.66506759
2025-01-04,98230.0478571011,1945514693256.951380033140034505,15774.75650014,17244.3805902,2946320.04097753
2025-01-05,98414.8120964348,1949222053431.9248298981829254,17597.36121899,15650.10002389,2948267.30217263
2025-01-06,102179.560366745,2023829824177.7497357913562027,35275.52023596,38139.89393652,2945402.92847207
2025-01-07,96974.9957857978,1920785694384.26005019124414392,33170.09875076,37124.75252963,2941448.2746932
2025-01-08,95039.2809210988,1882482074934.783354699281210024,34281.54427781,33474.8603922,2942254.95857881
2025-01-09,92346.1691589714,1829182366534.086575203661709432,33811.46883865,33324.67477182,2942741.75264564
2025-01-10,94759.1196358854,1877019861807.234525840228130644,33606.49106683,31926.36727571,2944421.87643676
2025-01-11,94606.5080099357,1874037679375.315132664608800517,18467.33238749,18987.93194159,2943901.27688266
2025-01-12,94353.7752586207,1869082071182.475411784725431297,17539.94710334,14838.96963764,2946602.25434836
2025-01-13,94375.7299102864,1869554727226.954063172006187296,31104.79352184,27110.41379769,2950596.63407251
2025-01-14,96569.475726768,1913058643137.18394813037283456,35766.11803115,31878.92944542,2954483.82265824
2025-01-15,100172.405985096,1984476850035.5467748495046084,35357.2270621,29497.35933515,2960343.69038519
2025-01-16,99977.7298234951,1980660186323.266557774501048678,32820.84586959,35852.31978682,2957312.21646796
2025-01-17,104296.588034191,2066270034307.74688728066945859,36741.12663529,51737.30178237,2942316.04132088
2025-01-18,104398.156261251,2068324662803.76568828524832038,26066.05153564,25162.30229417,2943219.79056235
2025-01-19,100954.572281999,2000148081999.32752044512871562,32483.27004117,27413.43005848,2948289.63054504
2025-01-20,102588.998699006,2032578651970.36389052213066552,45099.16000609,38782.06705279,2954606.72349834
2025-01-21,105987.888705435,2099964341470.981520585109048,34062.00021437,37874.87689743,2950793.84681528
2025-01-22,103791.128861485,2056488045408.38340527556658545,32195.24050709,32608.9407985,2950380.14652387
2025-01-23,104184.616743717,2064328780521.94584342585015795,32910.52821275,36388.11762832,2946902.5571083
2025-01-24,104716.12488194,2074905969601.0721795557355804,28688.42277012,30714.45513573,2944876.52474269
2025-01-25,104866.085348919,2077919319246.33311207758249281,18373.82543597,18193.7055884,2945056.64459026
2025-01-26,102833.369273232,2037685117515.95293909487746704,17629.77155058,18436.35686512,2944250.05927572
2025-01-27,101907.44629661,2019387256103.3849209403337103,41516.28280604,40558.2065345,2945208.13554726
2025-01-28,101138.144066043,2004189620164.26106689121628088,28645.10195887,27698.4169144,2946154.82059173
2025-01-29,103918.795458796,2059342337478.67263492514160536,24847.53522561,24096.22779998,2946906.12801736
2025-01-30,104987.446410871,2080567196550.59173793057647952,29870.4331306,30569.6461121,2946206.91503586
2025-01-31,102263.043670953,2026616849789.96009304521254557,29599.23287228,33295.63819245,2942510.50971569
2025-02-01,100610.290439801,1993920956096.34964343784292099,18973.63648863,20103.40256013,2941380.74364419
2025-02-02,97424.7809000584,1930841758541.539048842167166688,28231.54848171,24712.20121618,2944900.09090972
2025-02-03,101582.408702221,2013289499842.96022171151713159,48899.6027966,47415.9279799,2946383.76572642
2025-02-04,97848.1497592051,1939319258389.166373076803959129,32798.71421062,44625.76102154,2934556.7189155
2025-02-05,96559.3327562829,1913818765841.204536160158498704,37014.85485225,55081.7003371,2916489.87343065
2025-02-06,96541.3006811806,1913505112568.935225916397174892,33577.87421164,32807.79566965,2917259.95197264
2025-02-07,96384.1109836353,1910441627490.09670924119044994,30927.04014497,31474.51516271,2916712.4769549
2025-02-08,96603.318157218,1914834861591.33285238230030534,21286.85359707,22591.80089611,2915407.52965586
2025-02-09,96309.7532405026,1909058965339.104147616243107014,21435.66870902,18793.37397564,2918049.82438924
2025-02-10,97375.2253535944,1930221128141.702465688898378512,36339.25006111,36710.7451461,2917678.32930425
2025-02-11,95806.2580385739,1899157386552.563314298145976506,32360.60156651,30064.90521961,2919974.02565115
2025-02-12,97756.4976548802,1937857410916.480853809464567204,27472.43340275,26758.9820502,2920687.4770037
2025-02-13,96534.7406332554,1913685805334.970121016340212784,30266.10954328,25044.80819322,2925908.77835376
2025-02-14,97414.3589821742,1931169458434.91590590498535242,29399.92125358,32227.8302503,2923080.86935704
2025-02-15,97583.2431767972,1934566256851.84392399703579702,16374.10143606,16086.65581592,2923368.31497718
2025-02-16,96182.2661706604,1906837582148.70319115182621718,16662.78671578,17815.30177675,2922215.79991621
2025-02-17,95790.5109985389,1899111947271.796529306869060338,23449.08838415,22138.71808275,2923526.17021761
2025-02-18,95444.031886616,1892284519009.4753473859621664,26885.20985958,23249.56977268,2927161.81030451
2025-02-19,96647.9132977791,1916190866477.272038073167972276,33457.96828729,29729.14195237,2930890.63663943
2025-02-20,98392.2197247224,1950814347183.520919061110119304,24429.86551081,30193.70816312,2925126.79398712
2025-02-21,96048.9937247224,1904394119450.7418551414647458,38425.6891104,31581.97818626,2931970.50491126
2025-02-22,96605.7091057861,1915474255560.69398817789188412,19506.62939126,30890.06341373,2920587.07088879
2025-02-23,96091.6329774985,1905320016311.215180832090906245,12601.71397137,13354.21115468,2919834.57370548
2025-02-24,91869.6543430742,1821643280725.783068546452919728,24017.84333929,21179.65636733,2922672.76067744
2025-02-25,88769.7356265342,1760217123608.398309870320289488,56768.89736407,43670.96572652,2935770.69231499
2025-02-26,83987.89564173,1665439114292.4234847311429675,50988.16779438,47057.93876928,2939700.92134009
2025-02-27,84625.4191364699,1678120562077.084537619697071816,36329.3848353,37133.14836921,2938897.15780618
2025-02-28,84243.7779114553,1670593691979.498377765702971284,47215.65148552,42629.27277612,2943483.53651558
2025-03-01,85844.3685628288,1702372786377.574178688127173504,23232.20482319,23297.63101056,2943418.11032821
2025-03-02,94328.0094444769,1870648329293.342574252657387989,22870.37940712,27415.83530139,2938872.65443394
2025-03-03,86315.9305511397,1711798740468.562224859914626928,36240.31136382,35756.99519689,2939355.97060087
2025-03-04,87323.690650789,1731824260629.47797173659311997,30724.08611543,29200.97733872,2940879.07937758
2025-03-05,90619.4090976038,1797223681143.754154407524711934,23897.78216459,23433.9498994,2941342.91164277
2025-03-06,90222.0693275862,1789391307662.15366818458535797,26054.3568912,24842.79026468,2942554.47826929
2025-03-07,86553.5921937464,1716672116469.451425683292207472,30071.92690382,26218.29074447,2946408.11442864
2025-03-08,86171.2789362946,1709126347862.43448530649439834,12378.01410008,12257.70255015,2946528.42597857
2025-03-09,80647.7964108709,1599613333429.749251219528917734,15628.79702198,14530.60863995,2947643.55820062
2025-03-10,79005.9601291642,1567086259002.035415299580781186,33273.79426686,27779.30070856,2953138.05175892
2025-03-11,82747.1601917008,1641328790899.546869712222111408,33557.66572017,31876.39094026,2954819.32653883
2025-03-12,83630.1581101695,1658883454607.837294275596574425,24919.21448682,22618.29169438,2957120.24933127
2025-03-13,81110.2890490941,1608939764835.820470895589336703,20929.51676372,19047.39111874,2959002.37497625
2025-03-14,84105.8335517241,1668398039427.719605077234428187,23592.23813984,24148.55603875,2958446.05707734
2025-03-15,84352.8773018703,1673333414190.890935928598936789,11464.14650698,12411.65645754,2957498.54712678
2025-03-16,82492.1028287551,1636458050090.930097089343486201,11653.26884719,11135.92333222,2958015.89264175
2025-03-17,84013.947518118,1666684786731.29774986350942054,21840.64370565,23125.49450189,2956731.04184551
2025-03-18,82680.8065514319,1640274370270.465568510147703819,20233.1394288,18171.24491296,2958792.93636135
2025-03-19,86774.23507218,1721523623549.894412596469588,23288.29517224,27546.76294821,2954534.46858538
2025-03-20,84124.9712878434,1669001917236.031478840187711042,28813.0004758,29166.55682727,2954180.91223391
2025-03-21,84069.4081800117,1667937663818.345060256431215974,20423.36959842,19637.87986484,2954966.40196749
2025-03-22,83821.220305377,1663052904959.74247026178618274,9314.8316537,10079.65392648,2954201.57969471
2025-03-23,85760.8814506137,1701578513423.357765951745212331,9108.93894907,9317.3439127,2953993.17473108
2025-03-24,87322.5718568089,1732605979469.871240298363934617,23819.21509794,32567.1931234,2945245.19670562
2025-03-25,87422.8426084161,1734636202172.684550875673136053,26351.50237715,30361.82864814,2941234.87043463
2025-03-26,86836.6760955582,1723046786084.842681239684849438,30478.31312934,32708.39436759,2939004.78919638
2025-03-27,87211.3240169492,1730521029666.220886186817871964,20342.98982498,22235.43581996,2937112.3432014
2025-03-28,84309.0783550555,1672972784327.985961512913095575,31722.38830684,31478.24278453,2937356.48872371
2025-03-29,82497.1792472238,1637055024373.447841019702518718,17582.85125701,19529.42221383,2935409.91776689
2025-03-30,82216.4666765049,1631519827648.833335670762927804,26911.1822472,25087.37804935,2937233.72196474
2025-03-31,82461.4496279953,1636419456087.169110936695281035,34822.59726888,39341.92314786,2932714.39608576
2025-04-01,85226.7137936879,1691331138973.104201512878023995,26353.61418241,27879.81922437,2931188.1910438
2025-04-02,82555.631296318,1638367660664.31280207609960526,33030.00716067,33745.83304315,2930472.36516132
2025-04-03,82931.697399474,1645870317318.1457572709860227,40069.01965325,36665.40355002,2933875.98126455
2025-04-04,83774.1797375804,1662637424311.704664131624183248,34344.24816405,38984.19839313,2929236.03103547
2025-04-05,83302.1715756867,1653312332259.283761694144977006,21042.52081968,17872.45697046,2932406.09488469
2025-04-06,77949.0884926943,1547104104705.474138523977054246,29441.26176683,22939.65473194,2938907.70191958
2025-04-07,79421.8044105786,1576370002657.11949405147038192,52360.0415159,49686.6303609,2941581.11307458
2025-04-08,76351.4295303916,1515465474440.192260368828637088,36742.23764031,33516.68997654,2944806.66073835
2025-04-09,82720.6034891876,1641918231600.728865112411184872,35322.11725513,35138.59899226,2944990.17900122
2025-04-10,79558.9558252484,1579198604258.991969987021410932,28170.70675808,29891.7994243,2943269.086335
2025-04-11,83359.8995157802,1654683660675.437801039738843362,31718.71894177,31539.84259119,2943447.96268558
2025-04-12,85269.2495119813,1692622392211.048335325804107279,18170.22038647,17998.627898,2943619.55517405
2025-04-13,83568.9544360023,1658915898888.832391753652658242,17718.92141153,16483.57538572,2944854.90119986
2025-04-14,84589.0324135009,1679204714073.263201589057044697,26046.93815913,30327.58003506,2940574.25932393
2025-04-15,83671.3439713618,1661025030688.434235187360830286,23103.59893371,25886.62256405,2937791.23569359
2025-04-16,84151.5357562829,1670596611909.021675661172704041,25369.00999293,28668.05587377,2934492.18981275
2025-04-17,84940.5838538866,1686301597345.889624685655892542,32005.74188229,33614.16084332,2932883.77085172
2025-04-18,84434.7727463472,1676295756003.206548664530441344,20448.27249837,19062.52996339,2934269.5133867
2025-04-19,85124.721496201,1690030384115.31123901925839584,14868.40753539,14777.80146388,2934360.11945821
2025-04-20,85101.7461545879,1689606952070.201469541706599363,14814.95558857,15953.02594078,2933222.049106
2025-04-21,87360.7198933372,1734490932069.791037884705549424,24901.55174253,27778.18871771,2930345.41213082
2025-04-22,93495.6106890707,1856340531375.447013962514168038,38605.0177008,37389.3546524,2931561.07517922
2025-04-23,93695.7404772063,1860347455519.507002214215883911,30017.06602335,35572.86174649,2926005.27945608
2025-04-24,93849.8817790766,1863449313964.008593043717169128,35083.59518217,38099.7958608,2922989.07877745
2025-04-25,94771.4128007014,1881789547566.095363648463625904,28458.04608661,43558.10877363,2907889.01609043
2025-04-26,94694.5111014027,1880301938025.934414081392094719,17499.20075414,19247.80729951,2906140.40954506
2025-04-27,93812.876534775,1862835334857.327359494400556,15287.90480775,12770.96650182,2908657.34785099
2025-04-28,95066.0211867329,1887760823772.77284333854380689,23745.05369378,24316.97748805,2908085.42405672
2025-04-29,94102.8403024547,1868677522267.07796011213646373,26034.62704891,27614.70689106,2906505.34421457
2025-04-30,94236.7325143191,1871375202601.877317720757607453,23624.81997547,24378.65146973,2905751.51272031
2025-05-01,96411.7422635885,1914607731457.706278485379955655,27812.25025868,28482.62070534,2905081.14227365
2025-05-02,96842.1021057861,1923202218396.042736405796599812,28865.32561615,37567.69579395,2896378.77209585
2025-05-03,95943.61135301,1905408123209.2988907718010091,14811.45742869,13867.45340563,2897322.77611891
2025-05-04,94377.7899196376,1874352427037.667821705994501536,12748.38279358,12495.8502635,2897575.30864899
2025-05-05,94853.7298594389,1883856515330.359224867875546142,24709.51956846,26055.80028537,2896229.02793208
2025-05-06,96677.9245029223,1920127894786.873256476593681463,23260.4889357,29690.94563613,2889798.57123165
2025-05-07,97137.3757086499,1929298928069.273920301263792268,32912.9081576,37275.95368071,2885435.52570854
2025-05-08,103069.539295733,2047172109216.8798092067210617,40188.34421501,37830.07170963,2887793.79821392
2025-05-09,102940.802949445,2044660177958.49787686459452895,36686.00335789,41410.14413515,2883069.65743666
2025-05-10,104582.821806254,2077323776439.7466805565943626,15697.68100393,18721.38042451,2880045.95801608
2025-05-11,103976.137798948,2065321653739.32534688074240076,17720.77913618,18714.99564531,2879051.74150695
2025-05-12,102920.074689071,2044391264704.02917305233208833,34536.05219617,36062.57840884,2877525.21529428
2025-05-13,104145.711825248,2068779473948.47753470763702976,24207.48704083,25540.73217133,2876191.97016378
2025-05-14,103572.719642022,2057444005066.1278590990850962,27635.93732073,28917.93653339,2874909.97095112
2025-05-15,103716.283947399,2060343191624.35091711281707978,36040.32923553,40445.60231114,2870504.69787551
2025-05-16,103566.269191116,2057407136238.00707212120167672,24576.12995632,29615.68102835,2865465.14680348
2025-05-17,103190.041364991,2049979253875.99117444547621556,16549.13521341,17884.83454392,2864129.44747297
2025-05-18,106015.689848919,2106167418322.2624678728779083,16772.47187667,17190.54069897,2863711.37865067
2025-05-19,105615.828960257,2098270093600.15549783349506746,27264.91792201,29665.04081939,2861311.25575329
2025-05-20,106893.330247516,2123699654870.78812539240586996,30238.49989994,30870.73797269,2860679.01768054
2025-05-21,109704.855619521,2179606908108.48861146720942367,34204.18930491,38141.09553956,2856742.11144589
2025-05-22,111477.014787843,2214868273238.02211920156035744,42579.09372431,38555.17556147,2860766.02960873
2025-05-23,107291.888969901,2131768550759.80099372845654465,37028.10917811,38507.95724017,2859286.18095474
2025-05-24,107917.328289304,2144242874092.12700418873257544,15719.72891097,18657.23322214,2856738.33937718
2025-05-25,108914.876558445,2164114864279.17080883427548015,15482.92191875,16413.11031984,2855808.15097609
2025-05-26,109371.985172122,2173249806239.62607393101291426,21889.58307164,20985.79222022,2856711.94182751
2025-05-27,109066.345636762,2167224726480.9917275000658469,32477.17910551,32461.00008123,2856728.12085179
2025-05-28,107895.402399474,2144012560051.72788465642961632,28885.53886013,29851.63254777,2855762.02716415
2025-05-29,105732.957892168,2101094699806.16483613212959152,27530.06569134,28705.68480039,2854586.4080551
2025-05-30,103981.302957919,2066336686466.58418470437487143,27459.32630186,32398.79629682,2849646.93806014
2025-05-31,104708.964150205,2080849592954.81284546141089255,15973.65264473,15356.76910092,2850263.82160395
2025-06-01,105750.15972443,2101584910256.2339171214825445,14528.61373608,13901.318616,2850891.11672403
2025-06-02,105899.696926651,2104600694548.85836030617361852,24623.08626147,28687.15068061,2846827.05230489
2025-06-03,105483.98555114,2096386510265.2191222391950208,26462.75509569,40187.33411783,2833102.47328275
2025-06-04,104782.844900351,2082493313911.72864396652973986,24199.50923387,33468.34287758,2823833.63963904
2025-06-05,101669.190496785,2020653959614.70009140060498575,29939.90839478,31652.32557218,2822121.22246164
2025-06-06,104421.051549094,2075390350486.33785042070114436,27008.65570242,26687.1920964,2822442.68606766
2025-06-07,105685.250402104,2100563796500.30638449928662784,15494.17423667,14264.73753222,2823672.12277211
2025-06-08,105727.739632379,2101458848887.08837542713977538,13571.64196455,10712.33774099,2826531.42699567
2025-06-09,110198.15871391,2190361714625.0599470372673027,23841.01976515,28682.84884743,2821689.59791339
2025-06-10,110074.119081824,2187954364717.5595327582122816,27223.82934316,28765.46320504,2820147.96405151
2025-06-11,108645.785558153,2159611107259.7515531226378927,20855.22794507,22668.86278398,2818334.3292126
2025-06-12,105998.985830801,2107048260324.64958476875852126,19210.53167746,21585.12612629,2815959.73476377
2025-06-13,106024.822087376,2107609876004.36349261961774704,26877.2772581,24713.08589848,2818123.92612339
2025-06-14,105467.108742256,2096573162440.2551256711856696,13166.90551322,12423.25786323,2818867.57377338
2025-06-15,105512.797437756,2097526247642.75727343472393436,12866.56230001,14624.47344438,2817109.66262901
2025-06-16,107243.933345997,2131989041082.92034442559450268,23461.07794343,23851.00159114,2816719.7389813
2025-06-17,104628.396527469,2080031247224.13086523301716585,19664.54019599,20848.41543227,2815535.86374502
2025-06-18,104813.367028638,2083754349621.35226449667907032,21652.41415004,20551.23560436,2816637.0422907
2025-06-19,104709.720767095,2081735354703.72706696338243315,14261.26196438,14256.73898822,2816641.56526686
2025-06-20,103274.958839567,2053259566502.66908428807159446,19335.69769945,18578.99505856,2817398.26790775
2025-06-21,101548.196381648,2018973708893.9510396298943504,11754.69982966,11362.35876068,2817790.60897673
2025-06-22,100899.234151958,2006104828133.7440899461735928,19789.80938135,16284.2199166,2821296.19844148
2025-06-23,105496.947495324,2097553036699.80818802132260796,18505.59944559,23395.86883378,2816405.92905329
2025-06-24,105964.065136762,2106879290466.09029675133614574,19104.5041134,18205.43464762,2817304.99851907
2025-06-25,107305.065199591,2133590293279.79365028145056935,20134.94410458,21645.52865202,2815794.41397163
2025-06-26,107012.822824079,2127832022275.34008387581663833,20556.02609841,21852.78608185,2814497.65398819
2025-06-27,107090.95905114,2129424160829.714034377156397,25871.62423202,32769.35334708,2807599.92487313
2025-06-28,107357.617171245,2134775105838.69381723508541025,11276.89036634,13150.32747246,2805726.48776701
2025-06-29,108360.901696376,2154782355944.39504526208566512,9512.93845773,10669.23650028,2804570.18972446
2025-06-30,107153.101135885,2130813507683.6459682563878229,19125.953169,25774.98020723,2797921.16268623
2025-07-01,105566.356597896,2099304201259.45131654684167568,14689.12515948,15921.68761813,2796688.60022758
2025-07-02,108927.13451841,2166189082105.5558355301818227,23983.66261427,27040.89976448,2793631.36307737
2025-07-03,109632.159126826,2180261348919.55873051448260024,18073.11376086,18450.32402713,2793254.1528111
2025-07-04,108081.395758621,2149474927394.76433245493919296,18566.88349627,17264.069856,2794556.96645137
2025-07-05,108244.788813852,2152777523697.9249418568309358,8860.12952635,9614.9558543,2793802.14012342
2025-07-06,109180.005545587,2171431748655.07734754721584171,11745.75070959,11843.26962533,2793704.62120768
2025-07-07,108249.401004091,2152974456003.66282197519964262,16144.09738531,19672.66644089,2790176.0521521
2025-07-08,108956.631703098,2167088930706.0297173412055152,15300.18912506,19481.32588049,2785994.91539667
2025-07-09,111416.806720047,2216077592572.9419580640770128,20183.92796534,23593.91367043,2782584.92969158
2025-07-10,115873.903783752,2304791065533.21226278627709128,29895.40901329,31257.39941747,2781222.9392874
2025-07-11,117618.605087084,2339549198318.0298656292927396,36364.1985363,32422.5569536,2785164.5808701
2025-07-12,117382.372540912,2334904957865.96634776727903104,13251.16600007,11655.39984518,2786760.34702499
2025-07-13,118899.737107832,2365138434871.77826562383943536,14223.5270923,12260.41495685,2788723.45916044
2025-07-14,119871.096197838,2384514902802.18518503446982044,38392.76436522,32501.5017726,2794614.72175306
2025-07-15,117710.89100789,2341603724126.4791539092895656,51472.34176554,28985.45524943,2817101.60826917
2025-07-16,118730.187791642,2361929035400.30160661532393484,32237.93190484,31471.70388725,2817867.83628676
2025-07-17,119501.663770894,2377326986317.60047629569859052,32504.04501576,36617.94078166,2813753.94052086
2025-07-18,117958.511213033,2346681095678.70477829339453071,35587.18145132,36245.11654786,2813096.00542432
2025-07-19,117908.52473232,2345738980388.4787582324262448,14378.3281659,21667.65379303,2805806.67979719
2025-07-20,117305.680953828,2333800285213.43786363352128424,18513.61502039,17952.76011633,2806367.53470125
2025-07-21,117432.435634717,2336377120095.04858547018336159,31130.1716915,31160.46731156,2806337.23908119
2025-07-22,120068.00578872,2388869390105.6467290672852504,27726.39550791,25938.20867799,2808125.42591111
2025-07-23,118650.587165693,2360720381637.46299413749811422,25300.73374735,24944.78208745,2808481.37757101
2025-07-24,118377.081936879,2355332989715.15413718985839553,33646.14698258,28063.58180185,2814063.94275174
2025-07-25,117520.17335038,2338341954061.057985234929252,61078.94664576,39110.35089391,2836032.53850359
2025-07-26,117983.204598773,2347611467186.51158682711202591,15331.62159542,16192.81075707,2835171.34934194
2025-07-27,119438.164235535,2376613162340.8374343027462734,12968.88393339,13721.05007996,2834419.18319537
2025-07-28,118022.637320281,2348500100757.26124813919485323,23297.88838222,33065.79350908,2824651.27806851
2025-07-29,117871.370895383,2345531346596.10990453765381406,21927.75926175,28822.86118556,2817756.1761447
2025-07-30,117732.643660725,2342821207080.475113473108973,22089.96410076,27665.87099103,2812180.26925443
2025-07-31,115848.339985096,2305380250657.82545258565867496,22959.50168095,25088.35415668,2810051.4167787
2025-08-01,113282.144336061,2254366450229.66189666706175155,34249.31798268,28416.97248942,2815883.76227196
2025-08-02,112545.673659264,2239761344385.45326411370964608,11781.21229093,10285.79358886,2817379.18097403
2025-08-03,114263.693947691,2274006858315.07595357814632238,10846.43090941,11375.63392476,2816849.97795868
2025-08-04,115199.933659264,2292700894182.60080132414452736,29980.80516948,26923.37492857,2819907.40819959
2025-08-05,114111.36101841,2271085409335.2219863446599228,19172.88534678,17769.65319062,2821310.64035575
2025-08-06,115034.678748977,2289513376946.04763384027474606,21646.76224803,20263.53653283,2822693.86607095
2025-08-07,117444.913924313,2337542919612.13415043035902609,19988.33314999,23465.40092898,2819216.79829196
2025-08-08,116740.687720923,2323576464429.93540972835755654,24453.67678316,26733.15775519,2816937.31731993
2025-08-09,116511.655739375,2319060106526.33265553224563125,15265.44373912,13334.19852622,2818868.56253283
2025-08-10,119189.198160275,2372404472102.3168357747774165,14505.94346071,14150.86328909,2819223.64270445
2025-08-11,118742.043048644,2363558608736.0201506257585978,28452.77163596,23970.67780797,2823705.73653244
2025-08-12,120154.32493507,2391721499773.6064233082987825,22163.77674635,23136.03786794,2822743.80064345
2025-08-13,123442.67982225,2457237741182.5485304025933025,29097.12072458,35259.22596952,2816581.69539851
2025-08-14,118510.27128083,2359113701739.52718986506909,30216.70498768,32137.42938633,2814660.97099986
2025-08-15,117311.209947715,2335293822741.0724026235788276,38002.86059978,35777.63266846,2816886.19893118
2025-08-16,117462.42684623,2338359865805.9936869634150685,20932.80863504,21393.09097102,2816425.9165952
2025-08-17,117601.952231888,2341193300487.99219937346599792,12809.39327506,12713.0332859,2816522.27658436
2025-08-18,116312.914397989,2315587399840.93800396837198014,21248.42779284,26796.43514654,2810974.26923066
2025-08-19,112886.10147543,2247412798253.2151731665444384,29103.16382095,23247.70859958,2816829.72445203
2025-08-20,114277.320860316,2275160487370.77129082797687696,23252.45553792,19634.14315245,2820448.0368375
2025-08-21,112347.102298302,2236783852817.80760327796246438,23535.24364233,25365.17384718,2818618.10663265
2025-08-22,116800.977035073,2325511927795.84103195824921512,31728.56797505,28825.62834155,2821521.04626615
2025-08-23,115280.444723834,2295292829364.36650085639276972,19543.37847276,19622.96924397,2821441.45549494
2025-08-24,113516.122474401,2260221423070.1266993957494741,26864.7958243,20031.55009375,2828274.70122549
2025-08-25,110089.533314144,2192043056874.99209684148609696,27388.74709105,25752.18129246,2829911.26702408
2025-08-26,111895.295495307,2228050864513.08414556431528297,24366.05840347,24100.12090901,2830177.20451854
2025-08-27,111252.307236061,2215299879192.93012176746393563,20680.84180226,21804.93634785,2829053.10997295
2025-08-28,112481.152904109,2239825028488.76787651122537985,20372.17890093,20048.50710694,2829376.78176694
2025-08-29,108473.330441642,2160073624922.71430282409817898,30353.24400935,36955.61421578,2822774.41156051
2025-08-30,108746.150824851,2165560101759.11202541048902816,16879.81072041,16911.41620634,2822742.80607458
2025-08-31,108316.44689481,2157047700591.8175508179026559,17625.62901934,13575.89886297,2826792.53623095
2025-09-01,108992.324614863,2170562178247.02794471753635155,22452.08664584,21221.91564171,2828022.70723508
2025-09-02,111140.947159836,2213408214876.66145595291494368,24758.25872091,27946.12168116,2824834.84427483
2025-09-03,111780.743587376,2226197825443.45371154150141552,19906.83538257,22686.42975806,2822055.24989934
2025-09-04,110900.633412981,2208718286409.00622699752397599,36790.57277995,44168.9699841,2814676.85269519
2025-09-05,110711.229484804,2204995555466.3299196927174012,44395.02335675,45609.5654944,2813462.31055754
2025-09-06,110243.650741672,2195731190133.29955068378666952,32584.6807753,32281.93002381,2813765.06130903
2025-09-07,111307.784421087,2216979188518.47917494812395436,22798.30222137,22777.0610122,2813786.3025182
2025-09-08,112112.311575102,2233059460443.79812508946210868,34094.06605576,29358.93019951,2818521.43837445
2025-09-09,111486.396779836,2220650635482.8476558555395796,36845.86781837,41969.15224514,2813398.15394768
2025-09-10,113930.748423437,2269399173047.31066758540695323,33484.35083251,32644.07851943,2814238.42626076
2025-09-11,115445.812932648,2299632025705.39343656686432816,29003.91111347,33825.17292199,2809417.16445224
2025-09-12,116149.174031958,2313686238824.67970426684396032,26269.78909709,27636.84158299,2808050.11196634
2025-09-13,115965.627551268,2310081098621.08568215097714304,15543.31694781,16772.02936185,2806821.3995523
2025-09-14,115395.933423437,2298787740172.20391161845943344,15257.24336988,17322.55744283,2804756.08547935
2025-09-15,115420.931814144,2299344522409.38549055804909056,25323.89346702,30359.47609984,2799720.50284653
2025-09-16,116798.874620164,2326853447391.8337965115525804,22340.33946972,22851.50463057,2799209.33768568
2025-09-17,116575.777628866,2322455565668.09423343042419706,19223.31901266,23004.74583185,2795427.91086649
2025-09-18,117014.426762174,2331252233409.74995117159092858,22148.41991934,22735.63226415,2794840.69852168
2025-09-19,115612.372541695,2303380117357.97517088593132905,21574.15308055,29963.7189003,2786451.13270193
2025-09-20,115753.165960549,2306240531509.28336562540821398,11345.96861616,17781.80300058,2780015.29831751
2025-09-21,115320.858829047,2297685720787.18657385011724826,14799.80532444,14639.95680608,2780175.14683587
2025-09-22,112727.70773813,2246071879030.5260761557171664,26359.74229437,26556.74302958,2779978.14610066
2025-09-23,112052.393282022,2232666827933.79436534537443624,28958.40161408,33968.82646242,2774967.72125232
2025-09-24,113324.623592192,2258070460054.12221391431252736,23788.36206232,29401.53528265,2769354.54803199
2025-09-25,109166.347974874,2175262082033.5329799569755228,30549.05209342,28960.52143652,2770943.07868889
2025-09-26,109669.102166861,2185325262398.98119125136896903,32337.27647119,47789.99965145,2755490.35550863
2025-09-27,109644.73069287,2184892732482.2580383090033055,10034.20270789,11748.82020318,2753775.73801334
2025-09-28,112170.00778609,2235271817040.9640910369832541,10625.79439643,10133.98129008,2754267.55111969
2025-09-29,114341.141435418,2278587184195.72777031952746532,24172.96357131,23999.60607631,2754440.90861469
2025-09-30,113971.742796902,2271283160078.36383668438601572,24123.90774395,40268.93040477,2738295.88595387
2025-10-01,118393.270386324,2359453334064.12780206808627516,27490.12304928,32158.52066751,2733627.48833564
2025-10-02,120558.594007013,2402657193347.11669727417464789,25045.14326786,30371.32368196,2728301.30792154
2025-10-03,122348.127640269,2438366592566.04967835801587965,30786.17924762,33712.43419244,2725375.05297672
2025-10-04,122379.744317651,2439047951286.7919108583214727,13108.91722641,12006.17141335,2726477.79878978
2025-10-05,123523.768313852,2461906048933.39135615600066748,26761.55254179,20713.57133204,2732525.77999953
2025-10-06,124824.453666861,2487877501840.45938094513366485,36312.8995541,37748.46968202,2731090.20987161
2025-10-07,121587.699236704,2423418149849.94999980972514176,28676.4942805,33313.90307856,2726452.80107355
2025-10-08,123390.353094682,2459404708298.7583650356106702,25502.07861245,27316.72296179,2724638.15672421
2025-10-09,121603.33278609,2423831591781.3974258520083064,26741.69330535,31694.48897761,2719685.36105195
2025-10-10,113754.852328171,2267440411130.18640719191818524,32283.39118552,32780.21052493,2719188.54171254
2025-10-11,110940.113648159,2211386055650.58090266853072032,35958.23353486,32649.91843719,2722496.85681021
2025-10-12,115152.917045003,2295412681254.40174557383769511,14614.93074482,16905.08978206,2720206.69777297
2025-10-13,115332.252929573,2299042274620.27148715254666917,18372.09382463,20570.13225303,2718008.65934457
2025-10-14,113327.079410286,2259130837540.74180585902469486,32266.66764006,33454.74367636,2716820.58330827
2025-10-15,110862.872485389,2210057728189.68758234986963386,24803.42304968,43340.13219459,2698283.87416336
2025-10-16,108135.049605786,2155730124531.7385080167821571,27411.71819553,27847.62394916,2697847.96840973
2025-10-17,106625.668651373,2125692786495.27633239812408904,36063.65498105,32822.00221751,2701089.62117327
2025-10-18,107143.913935126,2136079787337.27434868382593734,14327.29775452,12602.76517437,2702814.15375342
2025-10-19,108706.663763881,2167282843823.28185556789138234,12126.91365877,12891.98866855,2702049.07874364
2025-10-20,110640.249515488,2205884225808.89887419083661088,21362.76184844,22179.41862589,2701232.42196619
2025-10-21,108700.382071888,2167259172744.41199716665301808,37044.85921364,36859.92410394,2701417.35707589
2025-10-22,107667.630188486,2146719730211.52460493006040052,27403.49510669,28943.66869776,2699877.18348482
2025-10-23,110060.936797195,2194487262066.23715207854706105,28993.73639277,28045.47962399,2700825.4402536
2025-10-24,111024.94314699,2213770533718.3887090052364274,27898.06491861,27568.24174475,2701155.26342746
2025-10-25,111614.535857686,2225582464720.74890117144131562,14726.92677396,14417.94270785,2701464.24749357
2025-10-26,114557.100460549,2284309527542.65459911146849221,21401.3807566,21151.62137082,2701714.00687935
2025-10-27,114087.773805085,2275003395344.21076657521939365,31013.10157983,36590.00862612,2696137.09983306
2025-10-28,112980.685846289,2252984353654.2141736964554585,32610.83249845,37466.88665417,2691281.04567734
2025-10-29,110206.347983051,2197702746667.20831626870352438,24042.01532058,26828.27123816,2688494.78975976
2025-10-30,108019.723841905,2154151737669.5390724748575296,36635.98218316,30992.68602867,2694138.08591425
2025-10-31,109554.239627703,2184801299729.31657266554892787,32735.16164389,31348.11234644,2695525.1352117
2025-11-01,110005.295855348,2193843993697.256705747004593,16611.8742399,16631.96310646,2695505.04634514
2025-11-02,110389.168627119,2201553067373.58667418770289265,11710.23042433,12310.29807978,2694904.97868969
2025-11-03,106495.802789889,2123952747606.45117815336660682,31850.50499079,36215.41329781,2690540.07038267
2025-11-04,101349.73723232,2021361084102.2120953324908096,48368.29905913,38257.59781737,2700650.77162443
2025-11-05,103915.88479135,2072586206255.736226804331077,34180.7028904,34869.71922512,2699963.49827489
2025-11-06,101241.573677966,2019291779031.28152344196960682,21205.83803514,23167.34441397,2698001.99189606
2025-11-07,103428.471746932,2062955975009.26117745957174564,21523.52296414,23597.36344301,2695928.15141719
2025-11-08,102335.021439217,2041184690228.78568958900690688,8120.78219757,8067.07318647,2695981.86042829
2025-11-09,104685.54544097,2088114606816.7803941423102696,7040.90955131,8888.08845932,2694134.68152028
2025-11-10,106082.478156926,2116024994695.1907716753587998,23795.75762049,16527.89140143,2701402.54773934
2025-11-11,102974.405611631,2054077570641.48515601383240016,20336.46957366,20881.12602784,2700857.89128516
2025-11-12,101682.126652835,2028344694814.6988282058506567,15427.22031695,16488.90875962,2699796.20284249
2025-11-13,100035.310145237,1995541058582.63632715251759804,32051.614056,29190.16003582,2702657.65686267
2025-11-14,94503.2576025716,1885228171827.796759748859364356,48777.46595565,46751.04818393,2704684.07463439
2025-11-15,95541.3158389831,1905978900419.695894581242692361,13887.57378548,9829.37764354,2708742.27077633
2025-11-16,94182.3130996493,1878914593268.834506645496229896,20034.59995541,14453.15209034,2714323.7186414
2025-11-17,91911.4713471654,1833647459773.580292695934060288,44748.99322398,37676.22298837,2721396.48887701
2025-11-18,92836.4419111631,1852139344559.262156561071697009,37169.74642302,59674.98342784,2698891.25187219
2025-11-19,91320.4811332554,1821934169118.560119083780837336,36029.42045905,40066.59560414,2694854.0767271
2025-11-20,86911.2980590298,1734002173123.256035206369893834,35223.11383375,31062.1399762,2699015.05058465
2025-11-21,84948.0463205727,1694872634959.580318740565502357,61067.65185643,52088.63408823,2707994.06835285
2025-11-22,84775.0015452952,1691457951396.9480393323391888,18099.06256047,17647.89518423,2708445.23572909
2025-11-23,86872.4546630625,1733345556623.2831723859226825,13202.49840409,14088.70989366,2707559.02423952
2025-11-24,88377.6024421391,1763416908269.010305041193549786,34921.53072048,32287.07150957,2710193.48345043
2025-11-25,87434.550610754,1744631418276.29416771371067436,18420.32433439,21438.33484805,2707175.47293677
2025-11-26,90449.2770675044,1804832328647.090205020721350552,24188.91284388,24557.21113165,2706807.174649
2025-11-27,91336.2000452952,1822570878701.470374023958774816,26494.59768182,26032.90048604,2707268.87184478
2025-11-28,90990.1266104617,1815707797825.454494817117257104,26166.16133849,25051.94435287,2708383.0888304
2025-11-29,90842.0738243717,1812792296530.670127502471395018,7250.60099939,10428.60949008,2705205.08033971
2025-11-30,90607.7021513735,1808162595802.939455056548358655,12206.09920891,10689.29566675,2706721.88388187
2025-12-01,86504.6368156049,1726317990661.397090185455649736,30301.48902166,30916.55941819,2706106.81348534
2025-12-02,91528.0245809468,1826602868895.496234108065536344,21550.35225823,30147.35033495,2697509.81540862
2025-12-03,93609.0938658679,1868172884023.081489034258728053,34582.8001618,32414.13031801,2699678.48525241
2025-12-04,92205.5929544126,1840201008281.702537626156493986,21740.71510667,24052.39665732,2697366.80370176
2025-12-05,89279.8344634717,1781843133868.43847498486664686,21743.96843891,29467.38037253,2689643.39176814
2025-12-06,89169.5570610754,1779687642907.62347165691112594,8951.1099957,11606.30857498,2686988.19318886
2025-12-07,90067.847399474,1797661174713.30929474506476388,8299.51034234,7294.73908494,2687992.96444626
2025-12-08,90673.1444436003,1809784214638.722763206151581288,13902.05438855,15724.23081433,2686170.78802048
2025-12-09,92808.8518477498,1852449129111.150167139972818752,18752.65622048,20478.10748883,2684445.33675213
2025-12-10,92102.9300917592,1838403661519.99158000421030748,18869.1040046,22925.34128228,2680389.09947445
2025-12-11,92623.7198708358,1848845102345.162768622479384472,27041.35443502,30627.26108609,2676803.19282338
2025-12-12,90331.6083091759,1803133614920.046033251559501559,25155.336529,25368.02973461,2676590.49961777
2025-12-13,90245.267264173,1801450466366.03898945133185665,10463.31884743,9315.72203564,2677738.09642956
2025-12-14,88096.3826142607,1758590278128.857857311858313995,10689.7503225,9905.54943045,2678522.29732161
2025-12-15,86352.5802565751,1723816451955.622160360697359133,27908.92311587,23388.07912321,2683043.14131427
2025-12-16,87752.4290336061,1751801294180.254424960277296235,28774.04499334,26470.67732844,2685346.50897917
2025-12-17,86059.5522241379,1718043516230.173241131830709377,31697.8262567,30686.59168757,2686357.7435483
2025-12-18,85434.1928673291,1705597646267.562153623529989796,30298.7807993,25837.47506488,2690819.04928272
2025-12-19,88168.0738325541,1760216458448.153777372305830672,26111.57608412,25927.58642473,2691003.03894211
2025-12-20,88292.4536373466,1762740177172.65592744548293521,9974.80942334,9672.94161992,2691304.90674553
2025-12-21,88533.4309830508,1767589418993.365793734374424624,9256.06171223,9464.48725933,2691096.48119843
2025-12-22,88474.4622331969,1766450526025.611545546491590029,17884.35316154,16460.16364579,2692520.67071418
2025-12-23,87365.9937872589,1744358815963.042175163712351032,23137.46099518,27245.13201806,2688412.9996913
2025-12-24,87625.6707895967,1749587093886.608107572939224034,22824.17300688,20123.47833764,2691113.69436054
2025-12-25,87231.3047685564,1741750562100.109667157441393396,12893.63955581,14549.210434,2689458.12348235
2025-12-26,87334.8077808299,1743859786142.681658736781356695,23343.98408663,20487.51353251,2692314.59403647
2025-12-27,87695.4159076564,1751097507772.871193140261062612,9994.64468966,11390.06967579,2690919.16905034
2025-12-28,87747.6491548802,1752183001305.312100247111763286,9694.88451023,7901.65708567,2692712.3964749
2025-12-29,87133.5103991818,1739961546064.017378587101686086,31391.75280911,32943.47025407,2691160.67902994
2025-12-30,88428.4922735243,1765853811641.812721148125457323,21639.28416894,26749.52220872,2686050.44099016
2025-12-31,87516.9780376972,1747687897836.06821112864767688,32061.31992685,43365.16337802,2674746.59753899
2026-01-01,88684.2178474576,1771039175878.283129760414816336,15488.64229028,16536.0194878,2673699.22034147
2026-01-02,89940.1801671537,1796161433804.149483239948362079,22292.15511806,24911.66014779,2671079.71531174
2026-01-03,90598.1301832262,1809344989019.29336175714399901,9256.89136704,8658.20804602,2671678.39863276
2026-01-04,91359.7636823495,1824597050829.028918862046290755,9700.55466851,9697.15005015,2671681.80325112
2026-01-05,93948.5821794272,1876338549946.975268597174408544,25931.8951548,31132.39379468,2666481.30461124
2026-01-06,93574.2871122151,1868901153485.216699826811105637,24087.81044647,24219.96238341,2666349.1526743
2026-01-07,91208.9562606663,1821701767682.828181842134361667,27001.19652283,27098.8799241,2666251.46927303
2026-01-08,91096.9161554647,1819501586202.215265587512817789,24239.3238749,24316.94928153,2666173.8438664
2026-01-09,90539.6032288136,1808410412088.442544364660118248,35291.46231829,32188.74578812,2669276.56039657
2026-01-10,90406.1424114553,1805790474483.829390070531676925,26451.24102908,26941.97807806,2668785.82334759
2026-01-11,90717.2063153127,1812038313400.789247021297433132,25622.22503262,24069.45965954,2670338.58872067
2026-01-12,91141.1498489188,1820546852328.619480227425776536,26575.85940573,29084.95073992,2667829.49738648
2026-01-13,95304.4982942724,1903750053001.0747921439009973,28730.44241254,35987.22280954,2660572.71698948
2026-01-14,97043.9927258913,1938534838165.85529665072456052,32671.97346804,43579.58630837,2649665.10414915
2026-01-15,95546.1397381648,1908655476071.211336864478424352,24466.27210196,26298.01261649,2647833.36363462
2026-01-16,95489.1299602572,1907555425812.831366588599394864,23353.66137159,21675.18658362,2649511.83842259
2026-01-17,95106.980462595,1899965633236.06110955771193535,9089.773908,10827.10924636,2647774.50308423
2026-01-18,94261.3294313267,1883113182009.902311776541988015,8546.97367946,8310.56704261,2648010.90972108
2026-01-19,92526.2419643483,1848493706242.704085459504812675,15129.57985427,13915.17739341,2649225.31218194
2026-01-20,88236.5631922852,1762830971003.290926715227333776,32998.08729772,23775.61331412,2658447.78616554
2026-01-21,89599.361874927,1790095954678.73010771854121618,31165.19739864,21885.94334257,2667727.04022161
2026-01-22,89395.700735827,1786072008022.88667629437141313,26543.12887226,24585.80894145,2669684.36015242
2026-01-23,89439.7718909994,1786991652933.491619038478751944,20725.07175648,21895.51158572,2668513.92032318
2026-01-24,89185.0386990064,1781929439365.0884902269313832,8600.12545405,8815.55359336,2668298.49218387
2026-01-25,86445.6705926359,1727225660175.720315647794831164,12836.43653232,11537.32165223,2669597.60706396
2026-01-26,88337.4545511397,1765058635213.335573072116404512,19432.7598469,21756.85492114,2667273.51198972
2026-01-27,89260.3805397429,1783533524074.656576810076147803,22823.53955568,17841.23636589,2672255.81517951
2026-01-28,89177.7892507306,1781913902166.206798392807339152,23638.86848978,23848.65421478,2672046.02945451
2026-01-29,84520.3973106371,1688885620362.088306736490731329,29709.02129482,26210.10380095,2675544.94694838
2026-01-30,84017.0340292227,1678861815455.312852185086684762,36291.53657795,32135.03930957,2679701.44421676
2026-01-31,78702.38550263,1572696333598.1347058543220038,43884.8823743,34842.41768414,2688743.90890692
2026-02-01,76911.0523772648,1536929030863.13218626409898636,31519.55876086,28787.07381346,2691476.39385432
2026-02-02,78716.6018088837,1573038715100.273720882757221736,38795.78448311,40101.85021449,2690170.32812294
2026-02-03,75684.7660277616,1512483032783.902764020693549088,49240.36342587,47854.20780995,2691556.48373886
2026-02-04,73095.1914646406,1460765456261.42595863412838126,54491.66161778,46913.80485679,2699134.34049985
2026-02-05,63494.6884456458,1268930112062.0478926050271709,78364.57434059,63713.34709817,2713785.56774227
2026-02-06,70647.6982188778,1411913758763.476696686850614994,54178.67593311,69251.48000768,2698712.7636677
2026-02-07,69166.2594424313,1382342675702.258759888701735316,21885.74142273,21384.84655291,2699213.65853752
2026-02-08,70522.5892393337,1409487469971.348299562088069011,12622.90748176,15332.35727574,2696504.20874354
2026-02-09,70244.1017773232,1403957309313.71977548442659064,35237.15637833,45565.94361345,2687446.8037384
2026-02-10,68688.793113384,1372902520801.78179597524119032,27052.82449314,29559.1754009,2684940.45283064
2026-02-11,66989.7165920514,1338975460058.470762021116564186,30590.7628373,26729.53241414,2688801.6832538
2026-02-12,66221.5443115137,1323658033255.988773895847499689,34451.32300695,32840.7590962,2690412.24716455
2026-02-13,68860.8411633548,1376445661511.021385666197105892,31429.34582574,32984.2415447,2688857.35144559
2026-02-14,69798.0791253653,1395216132521.956875516268386571,15990.26986327,10736.42859924,2694111.19270962
2026-02-15,68629.9599760374,1371908475474.983122803899249574,10669.13007333,12725.09112284,2692055.23166011
2026-02-16,68747.4380286383,1374294450427.175969858315463926,15611.67190999,15975.86347447,2691691.04009563
2026-02-17,67471.0508465809,1348813644678.033806539465378234,22991.94721867,19114.19264323,2695568.79467107
2026-02-18,66380.7069611339,1327048320483.374637046958338483,17616.69182625,25441.03779966,2687744.44869766
2026-02-19,66932.3522118644,1338109780371.293308274955801684,21432.75021959,18551.70026471,2690625.49865254
2026-02-20,67977.3092612507,1359029636304.543609743182620782,35752.57187828,31428.18286315,2694949.88766767
2026-02-21,68020.6677612507,1359921772015.443635057448753375,8200.6840255,9504.18179147,2693646.3899017
2026-02-22,67550.0240768556,1350546919039.245186405314286552,9589.94201742,10190.62214032,2693045.7097788
2026-02-23,64689.9123308007,1293393807330.471415665408011247,23193.27006242,22372.32317613,2693866.65666509
2026-02-24,64123.7510780245,1282107185703.10868523086623909,28787.39985127,28508.30242858,2694145.75408778
2026-02-25,68038.5221794272,1360413320036.062151777930317152,22078.85480405,27021.95217389,2689202.65671794
2026-02-26,67519.2645292227,1350060432211.234939259199502521,25256.37890976,29657.65168888,2684801.38393882
2026-02-27,65864.1358170661,1316994842741.929513605763880759,21699.95413193,19934.13751861,2686567.20055214
2026-02-28,66965.6353091759,1339049943507.639113591507754791,11285.51290593,12241.2633311,2685611.45012697
2026-03-01,65733.5212597896,1314443104307.392558258203355128,11587.91383867,12028.6476813,2685170.71628434
2026-03-02,68922.6242974869,1378243428525.103486190661107004,24641.8842577,29670.16391216,2680142.43662988
2026-03-03,68431.1740306838,1368444569419.451269027906103886,27894.14970591,30644.79047341,2677391.79586238
2026-03-04,72667.4630575687,1453188795466.449163690705078289,32277.04654296,64314.58016477,2645354.26224057
2026-03-05,70987.427176505,1419628612459.788787809560605,29707.87391038,33835.66683126,2641226.46931969
2026-03-06,68226.7053927528,1364449969372.417498069165264104,23627.46759293,24958.60870816,2639895.32820446
2026-03-07,67315.5529135009,1346255811100.957521518991263905,15454.34537514,15334.11794691,2640015.55563269
2026-03-08,66202.6978731736,1324027346015.65629441587946268,7995.65368796,6870.04442873,2641141.16489192
2026-03-09,68528.5384699007,1370572775964.72898268334794206,25654.05981775,27092.44415514,2639702.78055453
2026-03-10,69891.8238576856,1397868664486.26238444730619104,28509.63728835,32883.25211214,2635329.16573074
2026-03-11,70298.5753530099,1406034417657.671859851645727798,25998.93087989,32587.28207128,2628740.81453935
2026-03-12,70538.1074623027,1410853709874.83424605341352136,17916.77949528,26248.76639779,2620408.82763684
2026-03-13,70930.0132793688,1418719155332.773512682625649096,19962.92158558,25575.94523822,2614795.8039842
2026-03-14,71136.2179199299,1422872048261.81340684951850954,8170.00041655,6138.90674222,2616826.89765853
2026-03-15,72712.1461957919,1454422288833.392181511595716959,9694.11818786,12388.87523321,2614132.14061318
2026-03-16,74723.9575534775,1494692667729.385994948826378825,31582.08629677,28669.60228184,2617044.62462811
2026-03-17,74086.013609585,1481961368873.2728853524697819,21353.09960218,21367.98454983,2617029.73968046
2026-03-18,71253.9579275278,1425341989865.848994578369656638,24685.72235554,27619.4216389,2614096.0403971
2026-03-19,69948.9048267095,1399265405056.84483728251701092,21108.52488853,22669.27994809,2612535.28533754
2026-03-20,70510.4196797194,1410527534715.377228828918847464,20328.06986843,20543.91913461,2612319.43607136
2026-03-21,69707.285009059,1394491267456.10996296986331199,7040.32023594,6371.6914841,2612988.0648232
2026-03-22,68018.1534815897,1360734697384.813903941821320095,9659.06788733,18701.5365805,2603945.59613003
2026-03-23,70726.2110461718,1414946007675.063973167961717164,21239.24371403,17309.61047243,2607875.22937163
2026-03-24,70610.0187121566,1412649050098.19387066071904289,26139.94009765,21901.54661791,2612113.62285137
2026-03-25,71281.2973921683,1426112970560.199179943166939452,26306.64815007,34134.44835982,2604285.82264162
2026-03-26,68722.9718366452,1374964415213.67797265119261886,22313.29486867,18713.58060129,2607885.536909
2026-03-27,66214.1715134424,1324801425739.397568014873360904,29570.31521937,28056.58340561,2609399.26872276
2026-03-28,66351.0725251315,1327576595348.796665808813064855,12781.02659474,9332.12690239,2612848.16841511
2026-03-29,65966.7523939217,1319916662240.19511179073313506,12624.9037948,14153.94689328,2611319.12531663
2026-03-30,66651.2320037989,1333640616117.639059234630858504,34288.32615166,30274.74967426,2615332.70179403
2026-03-31,68214.8680388662,1364956778916.212676801343902878,28710.51162576,28668.29639671,2615374.91702308
2026-04-01,68116.8167933957,1363029290305.229858615636239853,24349.17534017,29231.84886904,2610492.24349421
2026-04-02,66908.3179918177,1338877338009.638375304706270099,25201.69883391,25237.03035583,2610456.91197229
2026-04-03,66891.7422279369,1338573239437.892750095873361895,14930.91928739,15101.31655759,2610286.51470209
2026-04-04,67295.1309137931,1346670701697.704467372587568227,7637.84980541,8276.89437568,2609647.47013182
2026-04-05,68921.8060911748,1379257017077.333913114876260492,7612.55181978,7180.24368826,2610079.77826334
2026-04-06,68742.9133085915,1375704527882.762522079526678435,18733.62334853,18263.24541942,2610550.15619245
2026-04-07,72057.1243614845,1442060623269.75755123066765401,26328.80871394,25022.88245345,2611856.08245294
2026-04-08,71085.0583702513,1422639794430.003404358402808431,22845.30410128,25347.19595604,2609354.19059818
2026-04-09,71788.6797825833,1436753818394.925547113642669304,18107.90420384,22358.47952078,2605103.61528124
2026-04-10,72945.0707241379,1459925921077.712316982587428305,19647.30864212,24153.88531047,2598095.08319066
2026-04-11,73119.1091168907,1463437238442.913573463389640526,7284.88541066,9565.16927653,2596111.30188396
2026-04-12,70685.3697019287,1414761571255.027584933491895636,8236.3872821,8114.81676771,2596441.37045871
2026-04-13,74632.7455856224,1493802476369.4460358448594384,24363.24365271,31065.89095723,2590128.49523226
2026-04-14,74173.5083603156,1484648684480.573494688135335568,44907.30220129,52855.6151871,2583475.626404
2026-04-15,74761.964654588,1496456364036.283560744488036,28926.89819824,37444.75790729,2575155.93119076
2026-04-16,75095.7442159556,1503173059357.57991229836699966,18831.26833906,22822.24042009,2572239.96502913
2026-04-17,77114.481438048,1543615604845.24013700591861312,31417.88656103,30567.73566182,2574735.14716385
2026-04-18,75792.0637510228,1517180750333.28956653381093468,9236.4153525,10267.81851955,2574047.50587559
2026-04-19,73905.2041016949,1479446701514.391978559631512842,13723.15777273,10753.26992616,2577308.0543577
2026-04-20,75814.1453237873,1517691004761.613755864552762899,45723.80324298,51920.31501489,2572960.23321019
2026-04-21,76107.4432977791,1523594519498.587403754147461349,20658.36644168,23041.99603713,2571263.28769133
2026-04-22,78317.7422720631,1567874544724.637551826861704539,23001.1607403,27289.1464847,2567301.58771249
2026-04-23,78233.6837492694,1566221325283.502780486463216072,29287.11746307,32722.99072909,2564188.78149616
2026-04-24,77444.269277031,1550453479308.58857714359183322,30051.22159255,25039.02607394,2569529.6582598
2026-04-25,77624.7114821742,1554099937821.241282444477942062,8761.6220783,17181.92042983,2561262.9377904
2026-04-26,78538.7733573933,1572436652794.886869544557484082,7313.50932311,7347.72478702,2561317.22149926
2026-04-27,77256.297159848,1546793319768.87794737533919864,28375.63484239,17585.12456107,2572447.82843314
2026-04-28,76295.531117183,1527590404144.00694909590961278,20263.64017592,18618.23070133,2574608.5480115
2026-04-29,75795.0098530099,1517599040135.242628512850664227,21571.10736697,22418.44473888,2576334.12165337
2026-04-30,76299.6161285798,1527735856798.695544381134725796,19857.36859124,17024.71295795,2579624.7875959
2026-05-01,78132.6437852133,1564476874719.711567398642948472,13927.34766352,17397.77843328,2576500.34075753
2026-05-02,78712.5387317358,1576121764068.980210662921839552,7616.3390257,9576.93971434,2578275.32696771
2026-05-03,78649.1732893045,1574890307386.789309441070022415,6481.22384791,7979.91003448,2576844.11808828
2026-05-04,79826.107817066,1598494701633.08871508597466978,25684.59054637,32144.79653708,2570607.98580229
2026-05-05,80936.7548252484,1620773025572.615538027553611852,21954.05494077,26922.48275821,2571391.13114965
2026-05-06,81364.6201285798,1629376956264.482174319909492436,26218.69186271,25133.70614676,2594026.05016978
2026-05-07,79988.9987343659,1601864780211.274396511647782849,20951.88706677,25662.77588235,2591383.05210139
2026-05-08,80179.6922957335,1605720454154.295811332522408915,21585.80527991,25055.32041713,2591688.93103495
2026-05-09,80663.6296519579,1615455141384.508255863697984469,8699.16895535,11927.12969308,2591952.23916542
2026-05-10,82256.781137931,1647399835510.1553905070395481,9961.86583876,11468.57179138,2590615.97223734
2026-05-11,81714.7420499708,1636586267659.331362831202462484,22740.57388644,20511.61446352,2593070.12221594
2026-05-12,80525.563024547,1612803060535.83536033691982593,20725.64672725,18429.91133277,2595993.45296942
2026-05-13,79291.9110017534,1588129352111.742322738591222592,27191.61304763,26716.38655995,2597786.60788354
2026-05-14,81175.8271116306,1625900414724.60412159988441598,31518.85214269,33397.36147791,2596864.7698465
2026-05-15,79063.4145756868,1583625954865.042500584779632508,27193.26862205,27855.68176526,2596953.91081648
2026-05-16,78164.4952711864,1565657646957.87291689797259196,8144.43958195,10238.68219667,2595087.82798101
2026-05-17,77497.697113384,1552335390540.52008122359260088,8208.70629934,8675.07200291,2594731.44074922
2026-05-18,76975.9111998831,1541917315110.888727505717951166,24537.2604306,19311.81223125,2600162.87832752
2026-05-19,76807.460956166,1538577143495.5375631549934075,21697.52490961,21065.63503438,2604372.8938418
2026-05-20,77408.1722089421,1550647126229.188660743140455696,19530.00479916,17144.91048117,2609228.09589044
2026-05-21,77595.3861717446,1554428208011.918425127027901892,13977.80327863,14283.5118321,2609247.73986608
2026-05-22,75567.5430431093,1513842315397.030067386879774016,20291.8488127,20257.10456971,2611943.84570705
2026-05-23,76619.8666090415,1534962749402.78215297969671618,12824.36326591,13007.23387492,2612102.51941576
2026-05-24,76950.9896316365,1541627798460.40414677015681628,12356.58798061,10003.84899162,2614631.59370168
2026-05-25,77244.5722896786,1547549230891.979512134208516788,13122.07529901,15164.34303775,2614338.9763808
2026-05-26,75816.0412797019,1518962391243.481183355294831625,20696.10359184,20263.74433695,2617326.95212545
2026-05-27,74268.7756418995,1487995661586.57252854213521895,25815.14756592,21552.35124731,2621787.97663413
2026-05-28,73500.5305338925,1472640865932.4536647160739144,30894.41992157,24283.41227162,2630449.18518797
2026-05-29,73322.8951406751,1469113880052.40878457622217888,22547.62670265,24917.30587157,2629873.0503031
2026-05-30,73731.4811337376,1477333118477.007010208840474656,13017.60259291,12120.68963448,2630989.31258312
2026-05-31,73599.5607413209,1474722993333.14150293433108202,8291.62284592,7659.06534848,2631828.55750833
2026-06-01,71328.7312172998,1429252208777.493792232221095306,36257.28146684,32742.38001447,2639145.10613171
2026-06-02,66540.6926785798,1333334574845.520533584774811026,43870.74116982,33356.99860504,2649929.56334832
2026-06-03,64232.5802701052,1287106568324.686008038183701592,37230.07866964,37417.35579473,2650243.91074614
2026-06-04,63639.2504696786,1275245535217.732329904337681074,43172.0947556,39243.78595636,2654609.24078909
2026-06-05,60907.6055536879,1220532716918.294719885761816924,48497.93991206,51402.54529633,2652045.60239638
2026-06-06,60771.611314325,1217830685900.833785540321791,16017.31821767,18418.54778841,2649840.44722179
2026-06-07,63158.25397737,1265680824489.3382705890442605,12807.56401879,13143.98603291,2649714.34936158
2026-06-08,63109.6166975745,1264731188110.39747990096075701,32083.11414853,35707.43141139,2646556.6957395
2026-06-09,61640.4602024664,1235312840780.62880795301479064,23590.56818497,21192.92062577,2649259.26159837
2026-06-10,61435.0773408358,1231221031281.301618809480513396,19553.19579859,18696.14500756,2650601.13253104
2026-06-11,63475.3191592987,1272136317475.422581053172318515,21732.72169902,21855.54283062,2651105.57611883
2026-06-12,63475.6376139684,1272171858771.694504617952827552,18857.64274084,22815.51334218,2647487.736623
2026-06-13,64423.5445433314,1291194670976.371584422422200652,6142.90295876,7271.79291092,2646751.31599715
2026-06-14,65615.3266107481,1315110636985.601046554950099798,8056.2935422,9222.34057996,2645870.61349152
2026-06-15,66222.5866309585,1327312830793.695432710452662135,19097.29038176,23566.20418651,2641738.15128588
2026-06-16,65638.1446884863,1315631970870.501120745330013438,19615.7529826,22577.06006102,2640846.07032967
2026-06-17,64400.725126242,1290856056678.5248530407686284,17071.61976216,18819.7389683,2643606.34600749
2026-06-18,62835.2224827586,1259509328523.997946514797795376,19693.5182754,19113.63634778,2644652.56166953
2026-06-19,63307.2784012274,1269001391949.415716958806120352,11636.78737826,13601.62988525,2645617.46734757
2026-06-20,64220.5363933372,1287338856151.9698998157725563,10538.02224893,11921.5129013,2647450.89792309
2026-06-21,63365.4368950906,1270224412296.271698134596550026,7572.11533682,22698.78867402,2632467.03835707
2026-06-22,63923.5748693746,1281444016484.453565120542408428,21661.11207489,20006.25724054,2634607.7455676
2026-06-23,62593.34893045,1254811480199.299684432094545,21143.45864716,24502.89519591,2635474.4823145
2026-06-24,60908.1877729398,1221058486497.942977672568242388,31339.73106235,30614.76165308,2637809.16100745
2026-06-25,59863.4211537113,1200145302830.993583870302843565,38197.76678087,38156.71280252,2645000.88627005
2026-06-26,59961.5113755114,1202140865082.822192063085180626,40196.30789278,38643.56018935,2648137.35934602
2026-06-27,59955.5660201637,1202053146049.660237695302721957,12245.71548224,15950.33782169,2647425.89253813
2026-06-28,59516.6736531268,1193277756338.609923119282281852,9989.71172857,15874.76654961,2646431.76286409
2026-06-29,60175.460563121,1206509590693.48922626116045188,27454.2689682,27057.41378323,2652065.25189434
2026-06-30,58525.0753614845,1173446848343.179954622602357065,28656.15939508,31022.01820617,2651910.55851155
2026-07-01,60065.5999105786,1204361709793.517561023163772632,22743.55614116,23298.96760286,2652736.88621034
2026-07-02,61438.1894114553,1231908341575.83254931605571576,29809.78831737,29364.01608996,2654793.67924002
2026-07-03,62564.6141320865,1254524011767.273644908337344665,19840.1964635,20622.00457222,2654381.03002121
2026-07-04,63090.4092688486,1265097436323.031629081164969348,9892.37322932,8872.3963506,2656147.05634187
2026-07-05,63619.8810414962,1275739924003.046797680419131606,13149.21102499,8918.29916616,2663007.37528529
2026-07-06,64063.0612583285,1284650033900.036753211089912885,23639.46020296,28675.49959026,2658697.82978594
2026-07-07,63458.1205143191,1272546981565.540534453197739829,23043.23007998,26989.83141693,2655441.5992885
2026-07-08,62214.0424511981,1247624924474.591214114413759634,14532.46767747,15557.23047585,2654811.86159565
2026-07-09,63189.3864307423,1267208913265.610246155053328365,13967.03386622,13952.53260509,2655465.00499707
2026-07-10,64118.6200949737,1285869945086.504819299224259276,19747.2424813,22956.13271687,2652603.86839331
2026-07-11,63892.7086899474,1281367147363.528006486747624338,7438.77046022,8905.15190778,2651439.47654384
2026-07-12,63752.2716569258,1278579373662.195327025939831598,7199.75068198,6618.37603151,2652154.64989621
2026-07-13,62126.5323722969,1246003008738.04752115748303937,24191.74233056,17143.45630234,2659494.7591045
2026-07-14,64934.4426034483,1302349402108.099266481488883222,23061.32992423,21993.32767045,2661194.57716996
2026-07-15,64765.0553211572,1298980442301.286619046946549248,23389.48583651,24220.44901488,2663776.57484766
2026-07-16,63780.1417434249,1279250334168.872179178036136645,12726.8602032,16747.83581536,2660187.53363315
2026-07-17,63915.9181496201,1281998993789.782636863741317086,16245.39826067,21757.0974515,2655104.66210775
2026-07-18,64777.6617481005,1299317093110.11725162266617021,7924.09603665,10690.66560216,2652536.3452546
2026-07-19,64653.0497457627,1296850949302.723147399041186387,10329.87106374,8840.42951304,2654180.49949789
2026-07-20,65181.9241548802,1307489179295.059106511848096344,17796.52085551,25920.42080041,2650004.36044654
2026-07-21,66403.0964649328,1332013403971.494422510478186736,28432.84163185,31983.441707,2646860.10430487
2026-07-22,65983.1860485096,1323613920578.046933907364386704,20423.99722429,21014.98741503,2649847.57187052
2026-07-23,65094.4103909994,1305812050750.53172472295141252,19486.67645009,21629.58944504,2648456.51409198
2026-07-24,64100.1140327294,1285897036312.13873239512725658,16515.8143849,17439.45956178,2653687.25439471
2026-07-25,64331.3274596727,1290563096381.072380858217011128,10958.98017701,13496.35093622,2651341.82770224
2026-07-26,65328.7891218585,1310603172319.878792727578900435,7596.06559913,13079.36363831,2651640.27580417
2026-07-27,63718.2437025132,1278320455504.522485428375804256,22528.13363179,21378.11694621,2653084.77323366
2026-07-28,63728.4501987142,1278550511268.891788748403497846,15215.52384634,22033.40152132,2646553.66161413
2026-07-29,63904.6444991233,1282113962604.08234144857880983,20090.33995148,18233.04061237,2654863.10966702
2026-07-30,64827.5701659848,1300661544884.788075833890919848,29896.30816885,23210.77808855,2663166.94552206
2026-07-31,62875.1789333723,1261520784545.869221589801011712,29918.09988141,29142.74789755,2665034.48305072
2026-08-01,62751.8791487434,1259079071351.022880772526691748,12912.31932778,11959.58629495,2666330.4000509
2026-08-02,63445.6829658095,1273028382171.418669882105427335,16666.76111603,10739.27597172,2675995.78317044
2026-08-03,63460.0481116306,1273346363617.167523590440547882,21792.74742542,21173.75331122,2676998.08518492
2026-08-04,64161.470880187,1287448909177.39337035991202835,16344.85512121,27303.91543256,2669254.99125843
2026-08-05,64610.3074430158,1296483828380.648164503416729232,16869.99916815,19379.20844343,2667057.7263199
2026-08-06,64212.2673161894,1288522357554.101155954236521458,20592.58529074,21794.69471126,2667540.88862867
2026-08-07,64869.1683985973,1301736162817.654666646078453846,15583.56264537,19483.86994084,2664078.17821578
2026-08-08,64906.9568167738,1302523472123.269865516915958186,6150.23382654,4567.48599662,2665762.65381275
2026-08-09,64864.9272893045,1301709029077.309153631231512185,5477.83000248,3484.34684254,2667827.38391004
2026-08-10,63907.7478731736,1282528117378.056221975362819968,25374.35853325,19814.08044156,2673653.76977995
2026-08-11,63547.4365920514,1275322853481.535427281564402378,18609.90375041,13375.26546548,2679179.36977152
2026-08-12,63359.3968950906,1271577034025.600855217775036902,21773.92527175,20972.03540956,2681208.67598449
2026-08-13,63395.0080067212,1272320647119.499346772193466756,21359.95124875,18168.26963319,2728162.92002988
2026-08-14,62924.7014248977,1262911020666.652789166277665658,23818.05842811,23434.70197851,2731026.60617049
2026-08-15,63034.4329655173,1265141916548.074983878715057096,8673.64932266,7448.96919962,2732483.49805014
2026-08-16,62818.4112106955,1260837825457.571819218536243365,7494.08546652,8336.75273203,2731860.03454713
2026-08-17,64434.1397083577,1293299170683.420356266768670038,18151.36879844,20830.75857823,2729656.25419323
2026-08-18,64696.1814053185,1298588902729.29214086483228202,20079.59227652,26427.8310161,2732030.11516017
2026-08-19,69267.8268869083,1390378100868.326186597809476753,28280.09508818,35336.14125978,2729211.7598264
2026-08-20,73070.9310248627,1466744889247.884361920780211036,31441.28890682,50555.20323531,2710644.77318381
2026-08-21,78359.170712256,1572928699609.4886537206383584,44593.21111191,44534.58007658,2711043.59131611
2026-08-22,77020.1308082058,1546085345087.560678114102604964,19439.57718069,16684.13543387,2714042.92514466
2026-08-23,77593.0280291116,1557618536265.254449053113497224,9268.07223511,13150.07529867,2715632.85824512
2026-08-24,78894.4979810754,1583779523411.536844380838503614,25421.5455594,34158.22105624,2707426.23654612
2026-08-25,78601.4032035769,1577930627368.682741607276620172,26812.93213473,27543.59351411,2706882.28848535
2026-08-26,78955.0443928229,1585067511435.800141443286988166,21100.56506186,25141.75321478,2703241.67631061
2026-08-27,80297.3961619871,1612052623865.522888954707552501,21593.55205304,28132.00985346,2696997.80183601
2026-08-28,77716.5892479486,1560272334888.395400479741715804,31601.84487968,27045.12960767,2701665.14420235
2026-08-29,78243.9320870076,1570895199827.698591050684063984,9155.11521959,9888.31927916,2704815.82854329
2026-08-30,77689.1906069491,1559797286369.173074371117017659,9159.69253612,11804.97874318,2703796.43438912
2026-08-31,78533.8892895967,1576793946886.396368699289423774,26633.79969871,26306.03112552,2704339.41957829
2026-09-01,77407.7011547107,1554216827150.678775135790419132,23464.38438523,22650.54726226,2705334.79296894
2026-09-02,77188.7006046172,1549852709768.418233940462467568,17936.73317105,17057.04121201,2706447.71377242
2026-09-03,81243.2439279778,1631303497729.189430843292699316,24436.35509568,27482.8810388,2704499.64852835
2026-09-04,79681.5555543542,1599981572367.615035597114902134,23413.18188385,26585.22210847,2701495.38596654
2026-09-05,79817.3237329047,1602744671894.318340804405078912,7360.36493117,8310.24487066,2700752.50580233
2026-09-06,80319.9731380596,1612879367590.62658966079994192,13205.63501585,16889.96245139,2701286.65768462
2026-09-07,79073.0209832028,1587874072538.340719004516404508,13535.23040593,11748.92429749,2703303.01551925
2026-09-08,78445.6833851549,1575309040880.376951194972046501,20142.20164691,23689.22951893,2704208.15172899
2026-09-09,78207.4846148861,1570564994172.225977821040550617,16133.86603051,18244.1278987,2706262.46121092
2026-09-10,76675.7738575336,1539837241862.03064335086201464,20312.30347017,25386.16137084,2705198.74891602
2026-09-11,77176.8177780772,1549938259884.99533639509787946,23384.47366595,23681.57119808,2708701.85278176
2026-09-12,77252.4105082525,1551494286917.614816613685204425,10591.20118324,10300.75849294,2710330.22505736
2026-09-13,76759.2585653887,1541626319340.572018268543057019,10704.6370724,12892.13384048,2708335.0580121
2026-09-14,78278.7924649912,1572181200102.698955010662694576,16625.43250438,19800.56354858,2707442.10625736
2026-09-15,75650.4287918118,1519430673477.394099401763031406,30402.44301216,24869.8946116,2717458.40780514
2026-09-16,76082.3769918527,1528138641304.683434819172987033,23005.0435735,25111.95609172,2715643.25254517
2026-09-17,76386.9018813968,1534289255564.704520800167829696,21766.37576865,22768.27672937,2717241.34934502
2026-09-18,80944.1551838106,1625863616660.61927381602884806,26956.79244258,28008.10103786,2718781.15287739
2026-09-19,81262.3455507422,1632287115291.476715055739714986,13920.30109519,15406.49176817,2718047.40416887
2026-09-20,81194.7440397662,1630968303348.060758424196826436,12118.44914273,12143.14716736,2721135.94115925
2026-09-21,86505.297748235,1737682294733.7460087072235072,39392.93389089,43259.91376965,2719494.22011218
2026-09-22,86205.2717985915,1731692944156.58697582855492501,26788.45880433,43695.27229361,2705076.07472788
2026-09-23,84434.3188651724,1696152049521.83131927596196846,22387.64642336,32444.54357449,2695208.79361638
2026-09-24,84386.5778094565,1695229926223.292544884356064115,19032.13718045,26693.48630287,2690688.98252485
2026-09-25,84062.1558929047,1688747861588.438290616023518289,22970.33807703,30130.29185566,2685118.65968427
2026-09-26,84386.4961173115,1695304232913.60089035532701582,11569.65959523,17514.58441606,2682220.88703045
2026-09-27,84392.4723819229,1695462798671.221811825694391564,12578.79961035,16041.30577493,2682330.43661755
2026-09-28,83516.7629809001,1677912673041.560846490217328638,28047.13379977,30287.65789306,2683692.0886119
2026-09-29,83674.6569854062,1681126454579.74805854264103133,28302.36254991,26433.32263442,2686232.36691574
2026-09-30,83579.6739176914,1679254955567.01583147477202788,20094.33904693,24558.19711266,2681920.49781129
2026-10-01,84777.2412468031,1703352109574.792869770992055908,25840.51639189,30196.19744482,2677736.46307887
2026-10-02,84517.5188820339,1698170984511.18570898817412951,29853.0066675,33160.62756788,2678292.19556187
2026-10-03,84756.1407678667,1703000994102.151897874470593844,11665.42695857,16605.95507745,2673623.79086233
2026-10-04,86520.8001186441,1738496872160.741597426704273905,13724.1910604,15887.16637805,2675688.67236731
2026-10-05,85834.5284942957,1724754820477.82986243790963106,28848.83966341,31831.56558725,2674314.57815072
