date,value,source,generated
2009-01-12,0.000000,https://charts-cdn.checkonchain.com/btconchain/realised/lthsopr_indicator/lthsopr_indicator_light.html,2026-10-06
2009-01-13,0.000000,https://charts-cdn.checkonchain.com/btconchain/realised/lthsopr_indicator/lthsopr_indicator_light.html,2026-10-06
2009-01-14,0.000000,https://charts-cdn.checkonchain.com/btconchain/realised/lthsopr_indicator/lthsopr_indicator_light.html,2026-10-06
2009-01-15,0.000000,https://charts-cdn.checkonchain.com/btconchain/realised/lthsopr_indicator/lthsopr_indicator_light.html,2026-10-06
2009-01-16,0.000000,https://charts-cdn.checkonchain.com/btconchain/realised/lthsopr_indicator/lthsopr_indicator_light.html,2026-10-06
2009-01-17,0.000000,https://charts-cdn.checkonchain.com/btconchain/realised/lthsopr_indicator/lthsopr_indicator_light.html,2026-10-06
2009-01-18,0.000000,https://charts-cdn.checkonchain.com/btconchain/realised/lthsopr_indicator/lthsopr_indicator_light.html,2026-10-06
2009-01-19,0.000000,https://charts-cdn.checkonchain.com/btconchain/realised/lthsopr_indicator/lthsopr_indicator_light.html,2026-10-06
2009-01-20,0.000000,https://charts-cdn.checkonchain.com/btconchain/realised/lthsopr_indicator/lthsopr_indicator_light.html,2026-10-06
2009-01-21,0.000000,https://charts-cdn.checkonchain.com/btconchain/realised/lthsopr_indicator/lthsopr_indicator_light.html,2026-10-06
2009-01-22,0.000000,https://charts-cdn.checkonchain.com/btconchain/realised/lthsopr_indicator/lthsopr_indicator_light.html,2026-10-06
2009-01-23,0.000000,https://charts-cdn.checkonchain.com/btconchain/realised/lthsopr_indicator/lthsopr_indicator_light.html,2026-10-06
2009-01-24,0.000000,https://charts-cdn.checkonchain.com/btconchain/realised/lthsopr_indicator/lthsopr_indicator_light.html,2026-10-06
2009-01-25,0.000000,https://charts-cdn.checkonchain.com/btconchain/realised/lthsopr_indicator/lthsopr_indicator_light.html,2026-10-06
2009-01-26,0.000000,https://charts-cdn.checkonchain.com/btconchain/realised/lthsopr_indicator/lthsopr_indicator_light.html,2026-10-06
2009-01-27,0.000000,https://charts-cdn.checkonchain.com/btconchain/realised/lthsopr_indicator/lthsopr_indicator_light.html,2026-10-06
2009-01-28,0.000000,https://charts-cdn.checkonchain.com/btconchain/realised/lthsopr_indicator/lthsopr_indicator_light.html,2026-10-06
2009-01-29,0.000000,https://charts-cdn.checkonchain.com/btconchain/realised/lthsopr_indicator/lthsopr_indicator_light.html,2026-10-06
2009-01-30,0.000000,https://charts-cdn.checkonchain.com/btconchain/realised/lthsopr_indicator/lthsopr_indicator_light.html,2026-10-06
2009-01-31,0.000000,https://charts-cdn.checkonchain.com/btconchain/realised/lthsopr_indicator/lthsopr_indicator_light.html,2026-10-06
2009-02-01,0.000000,https://charts-cdn.checkonchain.com/btconchain/realised/lthsopr_indicator/lthsopr_indicator_light.html,2026-10-06
2009-02-02,0.000000,https://charts-cdn.checkonchain.com/btconchain/realised/lthsopr_indicator/lthsopr_indicator_light.html,2026-10-06
2009-02-03,0.000000,https://charts-cdn.checkonchain.com/btconchain/realised/lthsopr_indicator/lthsopr_indicator_light.html,2026-10-06
2009-02-04,0.000000,https://charts-cdn.checkonchain.com/btconchain/realised/lthsopr_indicator/lthsopr_indicator_light.html,2026-10-06
2009-02-05,0.000000,https://charts-cdn.checkonchain.com/btconchain/realised/lthsopr_indicator/lthsopr_indicator_light.html,2026-10-06
2009-02-06,0.000000,https://charts-cdn.checkonchain.com/btconchain/realised/lthsopr_indicator/lthsopr_indicator_light.html,2026-10-06
2009-02-07,0.000000,https://charts-cdn.checkonchain.com/btconchain/realised/lthsopr_indicator/lthsopr_indicator_light.html,2026-10-06
2009-02-08,0.000000,https://charts-cdn.checkonchain.com/btconchain/realised/lthsopr_indicator/lthsopr_indicator_light.html,2026-10-06
2009-02-09,0.000000,https://charts-cdn.checkonchain.com/btconchain/realised/lthsopr_indicator/lthsopr_indicator_light.html,2026-10-06
2009-02-10,0.000000,https://charts-cdn.checkonchain.com/btconchain/realised/lthsopr_indicator/lthsopr_indicator_light.html,2026-10-06
2009-02-11,0.000000,https://charts-cdn.checkonchain.com/btconchain/realised/lthsopr_indicator/lthsopr_indicator_light.html,2026-10-06
2009-02-12,0.000000,https://charts-cdn.checkonchain.com/btconchain/realised/lthsopr_indicator/lthsopr_indicator_light.html,2026-10-06
2009-02-13,0.000000,https://charts-cdn.checkonchain.com/btconchain/realised/lthsopr_indicator/lthsopr_indicator_light.html,2026-10-06
2009-02-14,0.000000,https://charts-cdn.checkonchain.com/btconchain/realised/lthsopr_indicator/lthsopr_indicator_light.html,2026-10-06
2009-02-15,0.000000,https://charts-cdn.checkonchain.com/btconchain/realised/lthsopr_indicator/lthsopr_indicator_light.html,2026-10-06
2009-02-16,0.000000,https://charts-cdn.checkonchain.com/btconchain/realised/lthsopr_indicator/lthsopr_indicator_light.html,2026-10-06
2009-02-17,0.000000,https://charts-cdn.checkonchain.com/btconchain/realised/lthsopr_indicator/lthsopr_indicator_light.html,2026-10-06
2009-02-18,0.000000,https://charts-cdn.checkonchain.com/btconchain/realised/lthsopr_indicator/lthsopr_indicator_light.html,2026-10-06
2009-02-19,0.000000,https://charts-cdn.checkonchain.com/btconchain/realised/lthsopr_indicator/lthsopr_indicator_light.html,2026-10-06
2009-02-20,0.000000,https://charts-cdn.checkonchain.com/btconchain/realised/lthsopr_indicator/lthsopr_indicator_light.html,2026-10-06
2009-02-21,0.000000,https://charts-cdn.checkonchain.com/btconchain/realised/lthsopr_indicator/lthsopr_indicator_light.html,2026-10-06
2009-02-22,0.000000,https://charts-cdn.checkonchain.com/btconchain/realised/lthsopr_indicator/lthsopr_indicator_light.html,2026-10-06
2009-02-23,0.000000,https://charts-cdn.checkonchain.com/btconchain/realised/lthsopr_indicator/lthsopr_indicator_light.html,2026-10-06
2009-02-24,0.000000,https://charts-cdn.checkonchain.com/btconchain/realised/lthsopr_indicator/lthsopr_indicator_light.html,2026-10-06
2009-02-25,0.000000,https://charts-cdn.checkonchain.com/btconchain/realised/lthsopr_indicator/lthsopr_indicator_light.html,2026-10-06
2009-02-26,0.000000,https://charts-cdn.checkonchain.com/btconchain/realised/lthsopr_indicator/lthsopr_indicator_light.html,2026-10-06
2009-02-27,0.000000,https://charts-cdn.checkonchain.com/btconchain/realised/lthsopr_indicator/lthsopr_indicator_light.html,2026-10-06
2009-02-28,0.000000,https://charts-cdn.checkonchain.com/btconchain/realised/lthsopr_indicator/lthsopr_indicator_light.html,2026-10-06
2009-03-01,0.000000,https://charts-cdn.checkonchain.com/btconchain/realised/lthsopr_indicator/lthsopr_indicator_light.html,2026-10-06
2009-03-02,0.000000,https://charts-cdn.checkonchain.com/btconchain/realised/lthsopr_indicator/lthsopr_indicator_light.html,2026-10-06
2009-03-03,0.000000,https://charts-cdn.checkonchain.com/btconchain/realised/lthsopr_indicator/lthsopr_indicator_light.html,2026-10-06
2009-03-04,0.000000,https://charts-cdn.checkonchain.com/btconchain/realised/lthsopr_indicator/lthsopr_indicator_light.html,2026-10-06
2009-03-05,0.000000,https://charts-cdn.checkonchain.com/btconchain/realised/lthsopr_indicator/lthsopr_indicator_light.html,2026-10-06
2009-03-06,0.000000,https://charts-cdn.checkonchain.com/btconchain/realised/lthsopr_indicator/lthsopr_indicator_light.html,2026-10-06
2009-03-07,0.000000,https://charts-cdn.checkonchain.com/btconchain/realised/lthsopr_indicator/lthsopr_indicator_light.html,2026-10-06
2009-03-08,0.000000,https://charts-cdn.checkonchain.com/btconchain/realised/lthsopr_indicator/lthsopr_indicator_light.html,2026-10-06
2009-03-09,0.000000,https://charts-cdn.checkonchain.com/btconchain/realised/lthsopr_indicator/lthsopr_indicator_light.html,2026-10-06
2009-03-10,0.000000,https://charts-cdn.checkonchain.com/btconchain/realised/lthsopr_indicator/lthsopr_indicator_light.html,2026-10-06
2009-03-11,0.000000,https://charts-cdn.checkonchain.com/btconchain/realised/lthsopr_indicator/lthsopr_indicator_light.html,2026-10-06
2009-03-12,0.000000,https://charts-cdn.checkonchain.com/btconchain/realised/lthsopr_indicator/lthsopr_indicator_light.html,2026-10-06
2009-03-13,0.000000,https://charts-cdn.checkonchain.com/btconchain/realised/lthsopr_indicator/lthsopr_indicator_light.html,2026-10-06
2009-03-14,0.000000,https://charts-cdn.checkonchain.com/btconchain/realised/lthsopr_indicator/lthsopr_indicator_light.html,2026-10-06
2009-03-15,0.000000,https://charts-cdn.checkonchain.com/btconchain/realised/lthsopr_indicator/lthsopr_indicator_light.html,2026-10-06
2009-03-16,0.000000,https://charts-cdn.checkonchain.com/btconchain/realised/lthsopr_indicator/lthsopr_indicator_light.html,2026-10-06
2009-03-17,0.000000,https://charts-cdn.checkonchain.com/btconchain/realised/lthsopr_indicator/lthsopr_indicator_light.html,2026-10-06
2009-03-18,0.000000,https://charts-cdn.checkonchain.com/btconchain/realised/lthsopr_indicator/lthsopr_indicator_light.html,2026-10-06
2009-03-19,0.000000,https://charts-cdn.checkonchain.com/btconchain/realised/lthsopr_indicator/lthsopr_indicator_light.html,2026-10-06
2009-03-20,0.000000,https://charts-cdn.checkonchain.com/btconchain/realised/lthsopr_indicator/lthsopr_indicator_light.html,2026-10-06
2009-03-21,0.000000,https://charts-cdn.checkonchain.com/btconchain/realised/lthsopr_indicator/lthsopr_indicator_light.html,2026-10-06
2009-03-22,0.000000,https://charts-cdn.checkonchain.com/btconchain/realised/lthsopr_indicator/lthsopr_indicator_light.html,2026-10-06
2009-03-23,0.000000,https://charts-cdn.checkonchain.com/btconchain/realised/lthsopr_indicator/lthsopr_indicator_light.html,2026-10-06
2009-03-24,0.000000,https://charts-cdn.checkonchain.com/btconchain/realised/lthsopr_indicator/lthsopr_indicator_light.html,2026-10-06
2009-03-25,0.000000,https://charts-cdn.checkonchain.com/btconchain/realised/lthsopr_indicator/lthsopr_indicator_light.html,2026-10-06
2009-03-26,0.000000,https://charts-cdn.checkonchain.com/btconchain/realised/lthsopr_indicator/lthsopr_indicator_light.html,2026-10-06
2009-03-27,0.000000,https://charts-cdn.checkonchain.com/btconchain/realised/lthsopr_indicator/lthsopr_indicator_light.html,2026-10-06
2009-03-28,0.000000,https://charts-cdn.checkonchain.com/btconchain/realised/lthsopr_indicator/lthsopr_indicator_light.html,2026-10-06
2009-03-29,0.000000,https://charts-cdn.checkonchain.com/btconchain/realised/lthsopr_indicator/lthsopr_indicator_light.html,2026-10-06
2009-03-30,0.000000,https://charts-cdn.checkonchain.com/btconchain/realised/lthsopr_indicator/lthsopr_indicator_light.html,2026-10-06
2009-03-31,0.000000,https://charts-cdn.checkonchain.com/btconchain/realised/lthsopr_indicator/lthsopr_indicator_light.html,2026-10-06
2009-04-01,0.000000,https://charts-cdn.checkonchain.com/btconchain/realised/lthsopr_indicator/lthsopr_indicator_light.html,2026-10-06
2009-04-02,0.000000,https://charts-cdn.checkonchain.com/btconchain/realised/lthsopr_indicator/lthsopr_indicator_light.html,2026-10-06
2009-04-03,0.000000,https://charts-cdn.checkonchain.com/btconchain/realised/lthsopr_indicator/lthsopr_indicator_light.html,2026-10-06
2009-04-04,0.000000,https://charts-cdn.checkonchain.com/btconchain/realised/lthsopr_indicator/lthsopr_indicator_light.html,2026-10-06
2009-04-05,0.000000,https://charts-cdn.checkonchain.com/btconchain/realised/lthsopr_indicator/lthsopr_indicator_light.html,2026-10-06
2009-04-06,0.000000,https://charts-cdn.checkonchain.com/btconchain/realised/lthsopr_indicator/lthsopr_indicator_light.html,2026-10-06
2009-04-07,0.000000,https://charts-cdn.checkonchain.com/btconchain/realised/lthsopr_indicator/lthsopr_indicator_light.html,2026-10-06
2009-04-08,0.000000,https://charts-cdn.checkonchain.com/btconchain/realised/lthsopr_indicator/lthsopr_indicator_light.html,2026-10-06
2009-04-09,0.000000,https://charts-cdn.checkonchain.com/btconchain/realised/lthsopr_indicator/lthsopr_indicator_light.html,2026-10-06
2009-04-10,0.000000,https://charts-cdn.checkonchain.com/btconchain/realised/lthsopr_indicator/lthsopr_indicator_light.html,2026-10-06
2009-04-11,0.000000,https://charts-cdn.checkonchain.com/btconchain/realised/lthsopr_indicator/lthsopr_indicator_light.html,2026-10-06
2009-04-12,0.000000,https://charts-cdn.checkonchain.com/btconchain/realised/lthsopr_indicator/lthsopr_indicator_light.html,2026-10-06
2009-04-13,0.000000,https://charts-cdn.checkonchain.com/btconchain/realised/lthsopr_indicator/lthsopr_indicator_light.html,2026-10-06
2009-04-14,0.000000,https://charts-cdn.checkonchain.com/btconchain/realised/lthsopr_indicator/lthsopr_indicator_light.html,2026-10-06
2009-04-15,0.000000,https://charts-cdn.checkonchain.com/btconchain/realised/lthsopr_indicator/lthsopr_indicator_light.html,2026-10-06
2009-04-16,0.000000,https://charts-cdn.checkonchain.com/btconchain/realised/lthsopr_indicator/lthsopr_indicator_light.html,2026-10-06
2009-04-17,0.000000,https://charts-cdn.checkonchain.com/btconchain/realised/lthsopr_indicator/lthsopr_indicator_light.html,2026-10-06
2009-04-18,0.000000,https://charts-cdn.checkonchain.com/btconchain/realised/lthsopr_indicator/lthsopr_indicator_light.html,2026-10-06
2009-04-19,0.000000,https://charts-cdn.checkonchain.com/btconchain/realised/lthsopr_indicator/lthsopr_indicator_light.html,2026-10-06
2009-04-20,0.000000,https://charts-cdn.checkonchain.com/btconchain/realised/lthsopr_indicator/lthsopr_indicator_light.html,2026-10-06
2009-04-21,0.000000,https://charts-cdn.checkonchain.com/btconchain/realised/lthsopr_indicator/lthsopr_indicator_light.html,2026-10-06
2009-04-22,0.000000,https://charts-cdn.checkonchain.com/btconchain/realised/lthsopr_indicator/lthsopr_indicator_light.html,2026-10-06
2009-04-23,0.000000,https://charts-cdn.checkonchain.com/btconchain/realised/lthsopr_indicator/lthsopr_indicator_light.html,2026-10-06
2009-04-24,0.000000,https://charts-cdn.checkonchain.com/btconchain/realised/lthsopr_indicator/lthsopr_indicator_light.html,2026-10-06
2009-04-25,0.000000,https://charts-cdn.checkonchain.com/btconchain/realised/lthsopr_indicator/lthsopr_indicator_light.html,2026-10-06
2009-04-26,0.000000,https://charts-cdn.checkonchain.com/btconchain/realised/lthsopr_indicator/lthsopr_indicator_light.html,2026-10-06
2009-04-27,0.000000,https://charts-cdn.checkonchain.com/btconchain/realised/lthsopr_indicator/lthsopr_indicator_light.html,2026-10-06
2009-04-28,0.000000,https://charts-cdn.checkonchain.com/btconchain/realised/lthsopr_indicator/lthsopr_indicator_light.html,2026-10-06
2009-04-29,0.000000,https://charts-cdn.checkonchain.com/btconchain/realised/lthsopr_indicator/lthsopr_indicator_light.html,2026-10-06
2009-04-30,0.000000,https://charts-cdn.checkonchain.com/btconchain/realised/lthsopr_indicator/lthsopr_indicator_light.html,2026-10-06
2009-05-01,0.000000,https://charts-cdn.checkonchain.com/btconchain/realised/lthsopr_indicator/lthsopr_indicator_light.html,2026-10-06
2009-05-02,0.000000,https://charts-cdn.checkonchain.com/btconchain/realised/lthsopr_indicator/lthsopr_indicator_light.html,2026-10-06
2009-05-03,0.000000,https://charts-cdn.checkonchain.com/btconchain/realised/lthsopr_indicator/lthsopr_indicator_light.html,2026-10-06
2009-05-04,0.000000,https://charts-cdn.checkonchain.com/btconchain/realised/lthsopr_indicator/lthsopr_indicator_light.html,2026-10-06
2009-05-05,0.000000,https://charts-cdn.checkonchain.com/btconchain/realised/lthsopr_indicator/lthsopr_indicator_light.html,2026-10-06
2009-05-06,0.000000,https://charts-cdn.checkonchain.com/btconchain/realised/lthsopr_indicator/lthsopr_indicator_light.html,2026-10-06
2009-05-07,0.000000,https://charts-cdn.checkonchain.com/btconchain/realised/lthsopr_indicator/lthsopr_indicator_light.html,2026-10-06
2009-05-08,0.000000,https://charts-cdn.checkonchain.com/btconchain/realised/lthsopr_indicator/lthsopr_indicator_light.html,2026-10-06
2009-05-09,0.000000,https://charts-cdn.checkonchain.com/btconchain/realised/lthsopr_indicator/lthsopr_indicator_light.html,2026-10-06
2009-05-10,0.000000,https://charts-cdn.checkonchain.com/btconchain/realised/lthsopr_indicator/lthsopr_indicator_light.html,2026-10-06
2009-05-11,0.000000,https://charts-cdn.checkonchain.com/btconchain/realised/lthsopr_indicator/lthsopr_indicator_light.html,2026-10-06
2009-05-12,0.000000,https://charts-cdn.checkonchain.com/btconchain/realised/lthsopr_indicator/lthsopr_indicator_light.html,2026-10-06
2009-05-13,0.000000,https://charts-cdn.checkonchain.com/btconchain/realised/lthsopr_indicator/lthsopr_indicator_light.html,2026-10-06
2009-05-14,0.000000,https://charts-cdn.checkonchain.com/btconchain/realised/lthsopr_indicator/lthsopr_indicator_light.html,2026-10-06
2009-05-15,0.000000,https://charts-cdn.checkonchain.com/btconchain/realised/lthsopr_indicator/lthsopr_indicator_light.html,2026-10-06
2009-05-16,0.000000,https://charts-cdn.checkonchain.com/btconchain/realised/lthsopr_indicator/lthsopr_indicator_light.html,2026-10-06
2009-05-17,0.000000,https://charts-cdn.checkonchain.com/btconchain/realised/lthsopr_indicator/lthsopr_indicator_light.html,2026-10-06
2009-05-18,0.000000,https://charts-cdn.checkonchain.com/btconchain/realised/lthsopr_indicator/lthsopr_indicator_light.html,2026-10-06
2009-05-19,0.000000,https://charts-cdn.checkonchain.com/btconchain/realised/lthsopr_indicator/lthsopr_indicator_light.html,2026-10-06
2009-05-20,0.000000,https://charts-cdn.checkonchain.com/btconchain/realised/lthsopr_indicator/lthsopr_indicator_light.html,2026-10-06
2009-05-21,0.000000,https://charts-cdn.checkonchain.com/btconchain/realised/lthsopr_indicator/lthsopr_indicator_light.html,2026-10-06
2009-05-22,0.000000,https://charts-cdn.checkonchain.com/btconchain/realised/lthsopr_indicator/lthsopr_indicator_light.html,2026-10-06
2009-05-23,0.000000,https://charts-cdn.checkonchain.com/btconchain/realised/lthsopr_indicator/lthsopr_indicator_light.html,2026-10-06
2009-05-24,0.000000,https://charts-cdn.checkonchain.com/btconchain/realised/lthsopr_indicator/lthsopr_indicator_light.html,2026-10-06
2009-05-25,0.000000,https://charts-cdn.checkonchain.com/btconchain/realised/lthsopr_indicator/lthsopr_indicator_light.html,2026-10-06
2009-05-26,0.000000,https://charts-cdn.checkonchain.com/btconchain/realised/lthsopr_indicator/lthsopr_indicator_light.html,2026-10-06
2009-05-27,0.000000,https://charts-cdn.checkonchain.com/btconchain/realised/lthsopr_indicator/lthsopr_indicator_light.html,2026-10-06
2009-05-28,0.000000,https://charts-cdn.checkonchain.com/btconchain/realised/lthsopr_indicator/lthsopr_indicator_light.html,2026-10-06
2009-05-29,0.000000,https://charts-cdn.checkonchain.com/btconchain/realised/lthsopr_indicator/lthsopr_indicator_light.html,2026-10-06
2009-05-30,0.000000,https://charts-cdn.checkonchain.com/btconchain/realised/lthsopr_indicator/lthsopr_indicator_light.html,2026-10-06
2009-05-31,0.000000,https://charts-cdn.checkonchain.com/btconchain/realised/lthsopr_indicator/lthsopr_indicator_light.html,2026-10-06
2009-06-01,0.000000,https://charts-cdn.checkonchain.com/btconchain/realised/lthsopr_indicator/lthsopr_indicator_light.html,2026-10-06
2009-06-02,0.000000,https://charts-cdn.checkonchain.com/btconchain/realised/lthsopr_indicator/lthsopr_indicator_light.html,2026-10-06
2009-06-03,0.000000,https://charts-cdn.checkonchain.com/btconchain/realised/lthsopr_indicator/lthsopr_indicator_light.html,2026-10-06
2009-06-04,0.000000,https://charts-cdn.checkonchain.com/btconchain/realised/lthsopr_indicator/lthsopr_indicator_light.html,2026-10-06
2009-06-05,0.000000,https://charts-cdn.checkonchain.com/btconchain/realised/lthsopr_indicator/lthsopr_indicator_light.html,2026-10-06
2009-06-06,0.000000,https://charts-cdn.checkonchain.com/btconchain/realised/lthsopr_indicator/lthsopr_indicator_light.html,2026-10-06
2009-06-07,0.000000,https://charts-cdn.checkonchain.com/btconchain/realised/lthsopr_indicator/lthsopr_indicator_light.html,2026-10-06
2009-06-08,0.000000,https://charts-cdn.checkonchain.com/btconchain/realised/lthsopr_indicator/lthsopr_indicator_light.html,2026-10-06
2009-06-09,0.000000,https://charts-cdn.checkonchain.com/btconchain/realised/lthsopr_indicator/lthsopr_indicator_light.html,2026-10-06
2009-06-10,0.000000,https://charts-cdn.checkonchain.com/btconchain/realised/lthsopr_indicator/lthsopr_indicator_light.html,2026-10-06
2009-06-11,0.000000,https://charts-cdn.checkonchain.com/btconchain/realised/lthsopr_indicator/lthsopr_indicator_light.html,2026-10-06
2009-06-12,0.000000,https://charts-cdn.checkonchain.com/btconchain/realised/lthsopr_indicator/lthsopr_indicator_light.html,2026-10-06
2009-06-13,0.000000,https://charts-cdn.checkonchain.com/btconchain/realised/lthsopr_indicator/lthsopr_indicator_light.html,2026-10-06
2009-06-14,0.000000,https://charts-cdn.checkonchain.com/btconchain/realised/lthsopr_indicator/lthsopr_indicator_light.html,2026-10-06
2009-06-15,0.000000,https://charts-cdn.checkonchain.com/btconchain/realised/lthsopr_indicator/lthsopr_indicator_light.html,2026-10-06
2009-06-16,0.000000,https://charts-cdn.checkonchain.com/btconchain/realised/lthsopr_indicator/lthsopr_indicator_light.html,2026-10-06
2009-06-17,0.000000,https://charts-cdn.checkonchain.com/btconchain/realised/lthsopr_indicator/lthsopr_indicator_light.html,2026-10-06
2009-06-18,0.000000,https://charts-cdn.checkonchain.com/btconchain/realised/lthsopr_indicator/lthsopr_indicator_light.html,2026-10-06
2009-06-19,0.000000,https://charts-cdn.checkonchain.com/btconchain/realised/lthsopr_indicator/lthsopr_indicator_light.html,2026-10-06
2009-06-20,0.000000,https://charts-cdn.checkonchain.com/btconchain/realised/lthsopr_indicator/lthsopr_indicator_light.html,2026-10-06
2009-06-21,0.000000,https://charts-cdn.checkonchain.com/btconchain/realised/lthsopr_indicator/lthsopr_indicator_light.html,2026-10-06
2009-06-22,0.000000,https://charts-cdn.checkonchain.com/btconchain/realised/lthsopr_indicator/lthsopr_indicator_light.html,2026-10-06
2009-06-23,0.000000,https://charts-cdn.checkonchain.com/btconchain/realised/lthsopr_indicator/lthsopr_indicator_light.html,2026-10-06
2009-06-24,0.000000,https://charts-cdn.checkonchain.com/btconchain/realised/lthsopr_indicator/lthsopr_indicator_light.html,2026-10-06
2009-06-25,0.000000,https://charts-cdn.checkonchain.com/btconchain/realised/lthsopr_indicator/lthsopr_indicator_light.html,2026-10-06
2009-06-26,0.000000,https://charts-cdn.checkonchain.com/btconchain/realised/lthsopr_indicator/lthsopr_indicator_light.html,2026-10-06
2009-06-27,0.000000,https://charts-cdn.checkonchain.com/btconchain/realised/lthsopr_indicator/lthsopr_indicator_light.html,2026-10-06
2009-06-28,0.000000,https://charts-cdn.checkonchain.com/btconchain/realised/lthsopr_indicator/lthsopr_indicator_light.html,2026-10-06
2009-06-29,0.000000,https://charts-cdn.checkonchain.com/btconchain/realised/lthsopr_indicator/lthsopr_indicator_light.html,2026-10-06
2009-06-30,0.000000,https://charts-cdn.checkonchain.com/btconchain/realised/lthsopr_indicator/lthsopr_indicator_light.html,2026-10-06
2009-07-01,0.000000,https://charts-cdn.checkonchain.com/btconchain/realised/lthsopr_indicator/lthsopr_indicator_light.html,2026-10-06
2009-07-02,0.000000,https://charts-cdn.checkonchain.com/btconchain/realised/lthsopr_indicator/lthsopr_indicator_light.html,2026-10-06
2009-07-03,0.000000,https://charts-cdn.checkonchain.com/btconchain/realised/lthsopr_indicator/lthsopr_indicator_light.html,2026-10-06
2009-07-04,0.000000,https://charts-cdn.checkonchain.com/btconchain/realised/lthsopr_indicator/lthsopr_indicator_light.html,2026-10-06
2009-07-05,0.000000,https://charts-cdn.checkonchain.com/btconchain/realised/lthsopr_indicator/lthsopr_indicator_light.html,2026-10-06
2009-07-06,0.000000,https://charts-cdn.checkonchain.com/btconchain/realised/lthsopr_indicator/lthsopr_indicator_light.html,2026-10-06
2009-07-07,0.000000,https://charts-cdn.checkonchain.com/btconchain/realised/lthsopr_indicator/lthsopr_indicator_light.html,2026-10-06
2009-07-08,0.000000,https://charts-cdn.checkonchain.com/btconchain/realised/lthsopr_indicator/lthsopr_indicator_light.html,2026-10-06
2009-07-09,0.000000,https://charts-cdn.checkonchain.com/btconchain/realised/lthsopr_indicator/lthsopr_indicator_light.html,2026-10-06
2009-07-10,0.000000,https://charts-cdn.checkonchain.com/btconchain/realised/lthsopr_indicator/lthsopr_indicator_light.html,2026-10-06
2009-07-11,0.000000,https://charts-cdn.checkonchain.com/btconchain/realised/lthsopr_indicator/lthsopr_indicator_light.html,2026-10-06
2009-07-12,0.000000,https://charts-cdn.checkonchain.com/btconchain/realised/lthsopr_indicator/lthsopr_indicator_light.html,2026-10-06
2009-07-13,0.000000,https://charts-cdn.checkonchain.com/btconchain/realised/lthsopr_indicator/lthsopr_indicator_light.html,2026-10-06
2009-07-14,0.000000,https://charts-cdn.checkonchain.com/btconchain/realised/lthsopr_indicator/lthsopr_indicator_light.html,2026-10-06
2009-07-15,0.000000,https://charts-cdn.checkonchain.com/btconchain/realised/lthsopr_indicator/lthsopr_indicator_light.html,2026-10-06
2009-07-16,0.000000,https://charts-cdn.checkonchain.com/btconchain/realised/lthsopr_indicator/lthsopr_indicator_light.html,2026-10-06
2009-07-17,0.000000,https://charts-cdn.checkonchain.com/btconchain/realised/lthsopr_indicator/lthsopr_indicator_light.html,2026-10-06
2009-07-18,0.000000,https://charts-cdn.checkonchain.com/btconchain/realised/lthsopr_indicator/lthsopr_indicator_light.html,2026-10-06
2009-07-19,0.000000,https://charts-cdn.checkonchain.com/btconchain/realised/lthsopr_indicator/lthsopr_indicator_light.html,2026-10-06
2009-07-20,0.000000,https://charts-cdn.checkonchain.com/btconchain/realised/lthsopr_indicator/lthsopr_indicator_light.html,2026-10-06
2009-07-21,0.000000,https://charts-cdn.checkonchain.com/btconchain/realised/lthsopr_indicator/lthsopr_indicator_light.html,2026-10-06
2009-07-22,0.000000,https://charts-cdn.checkonchain.com/btconchain/realised/lthsopr_indicator/lthsopr_indicator_light.html,2026-10-06
2009-07-23,0.000000,https://charts-cdn.checkonchain.com/btconchain/realised/lthsopr_indicator/lthsopr_indicator_light.html,2026-10-06
2009-07-24,0.000000,https://charts-cdn.checkonchain.com/btconchain/realised/lthsopr_indicator/lthsopr_indicator_light.html,2026-10-06
2009-07-25,0.000000,https://charts-cdn.checkonchain.com/btconchain/realised/lthsopr_indicator/lthsopr_indicator_light.html,2026-10-06
2009-07-26,0.000000,https://charts-cdn.checkonchain.com/btconchain/realised/lthsopr_indicator/lthsopr_indicator_light.html,2026-10-06
2009-07-27,0.000000,https://charts-cdn.checkonchain.com/btconchain/realised/lthsopr_indicator/lthsopr_indicator_light.html,2026-10-06
2009-07-28,0.000000,https://charts-cdn.checkonchain.com/btconchain/realised/lthsopr_indicator/lthsopr_indicator_light.html,2026-10-06
2009-07-29,0.000000,https://charts-cdn.checkonchain.com/btconchain/realised/lthsopr_indicator/lthsopr_indicator_light.html,2026-10-06
2009-07-30,0.000000,https://charts-cdn.checkonchain.com/btconchain/realised/lthsopr_indicator/lthsopr_indicator_light.html,2026-10-06
2009-07-31,0.000000,https://charts-cdn.checkonchain.com/btconchain/realised/lthsopr_indicator/lthsopr_indicator_light.html,2026-10-06
2009-08-01,0.000000,https://charts-cdn.checkonchain.com/btconchain/realised/lthsopr_indicator/lthsopr_indicator_light.html,2026-10-06
2009-08-02,0.000000,https://charts-cdn.checkonchain.com/btconchain/realised/lthsopr_indicator/lthsopr_indicator_light.html,2026-10-06
2009-08-03,0.000000,https://charts-cdn.checkonchain.com/btconchain/realised/lthsopr_indicator/lthsopr_indicator_light.html,2026-10-06
2009-08-04,0.000000,https://charts-cdn.checkonchain.com/btconchain/realised/lthsopr_indicator/lthsopr_indicator_light.html,2026-10-06
2009-08-05,0.000000,https://charts-cdn.checkonchain.com/btconchain/realised/lthsopr_indicator/lthsopr_indicator_light.html,2026-10-06
2009-08-06,0.000000,https://charts-cdn.checkonchain.com/btconchain/realised/lthsopr_indicator/lthsopr_indicator_light.html,2026-10-06
2009-08-07,0.000000,https://charts-cdn.checkonchain.com/btconchain/realised/lthsopr_indicator/lthsopr_indicator_light.html,2026-10-06
2009-08-08,0.000000,https://charts-cdn.checkonchain.com/btconchain/realised/lthsopr_indicator/lthsopr_indicator_light.html,2026-10-06
2009-08-09,0.000000,https://charts-cdn.checkonchain.com/btconchain/realised/lthsopr_indicator/lthsopr_indicator_light.html,2026-10-06
2009-08-10,0.000000,https://charts-cdn.checkonchain.com/btconchain/realised/lthsopr_indicator/lthsopr_indicator_light.html,2026-10-06
2009-08-11,0.000000,https://charts-cdn.checkonchain.com/btconchain/realised/lthsopr_indicator/lthsopr_indicator_light.html,2026-10-06
2009-08-12,0.000000,https://charts-cdn.checkonchain.com/btconchain/realised/lthsopr_indicator/lthsopr_indicator_light.html,2026-10-06
2009-08-13,0.000000,https://charts-cdn.checkonchain.com/btconchain/realised/lthsopr_indicator/lthsopr_indicator_light.html,2026-10-06
2009-08-14,0.000000,https://charts-cdn.checkonchain.com/btconchain/realised/lthsopr_indicator/lthsopr_indicator_light.html,2026-10-06
2009-08-15,0.000000,https://charts-cdn.checkonchain.com/btconchain/realised/lthsopr_indicator/lthsopr_indicator_light.html,2026-10-06
2009-08-16,0.000000,https://charts-cdn.checkonchain.com/btconchain/realised/lthsopr_indicator/lthsopr_indicator_light.html,2026-10-06
2009-08-17,0.000000,https://charts-cdn.checkonchain.com/btconchain/realised/lthsopr_indicator/lthsopr_indicator_light.html,2026-10-06
2009-08-18,0.000000,https://charts-cdn.checkonchain.com/btconchain/realised/lthsopr_indicator/lthsopr_indicator_light.html,2026-10-06
2009-08-19,0.000000,https://charts-cdn.checkonchain.com/btconchain/realised/lthsopr_indicator/lthsopr_indicator_light.html,2026-10-06
2009-08-20,0.000000,https://charts-cdn.checkonchain.com/btconchain/realised/lthsopr_indicator/lthsopr_indicator_light.html,2026-10-06
2009-08-21,0.000000,https://charts-cdn.checkonchain.com/btconchain/realised/lthsopr_indicator/lthsopr_indicator_light.html,2026-10-06
2009-08-22,0.000000,https://charts-cdn.checkonchain.com/btconchain/realised/lthsopr_indicator/lthsopr_indicator_light.html,2026-10-06
2009-08-23,0.000000,https://charts-cdn.checkonchain.com/btconchain/realised/lthsopr_indicator/lthsopr_indicator_light.html,2026-10-06
2009-08-24,0.000000,https://charts-cdn.checkonchain.com/btconchain/realised/lthsopr_indicator/lthsopr_indicator_light.html,2026-10-06
2009-08-25,0.000000,https://charts-cdn.checkonchain.com/btconchain/realised/lthsopr_indicator/lthsopr_indicator_light.html,2026-10-06
2009-08-26,0.000000,https://charts-cdn.checkonchain.com/btconchain/realised/lthsopr_indicator/lthsopr_indicator_light.html,2026-10-06
2009-08-27,0.000000,https://charts-cdn.checkonchain.com/btconchain/realised/lthsopr_indicator/lthsopr_indicator_light.html,2026-10-06
2009-08-28,0.000000,https://charts-cdn.checkonchain.com/btconchain/realised/lthsopr_indicator/lthsopr_indicator_light.html,2026-10-06
2009-08-29,0.000000,https://charts-cdn.checkonchain.com/btconchain/realised/lthsopr_indicator/lthsopr_indicator_light.html,2026-10-06
2009-08-30,0.000000,https://charts-cdn.checkonchain.com/btconchain/realised/lthsopr_indicator/lthsopr_indicator_light.html,2026-10-06
2009-08-31,0.000000,https://charts-cdn.checkonchain.com/btconchain/realised/lthsopr_indicator/lthsopr_indicator_light.html,2026-10-06
2009-09-01,0.000000,https://charts-cdn.checkonchain.com/btconchain/realised/lthsopr_indicator/lthsopr_indicator_light.html,2026-10-06
2009-09-02,0.000000,https://charts-cdn.checkonchain.com/btconchain/realised/lthsopr_indicator/lthsopr_indicator_light.html,2026-10-06
2009-09-03,0.000000,https://charts-cdn.checkonchain.com/btconchain/realised/lthsopr_indicator/lthsopr_indicator_light.html,2026-10-06
2009-09-04,0.000000,https://charts-cdn.checkonchain.com/btconchain/realised/lthsopr_indicator/lthsopr_indicator_light.html,2026-10-06
2009-09-05,0.000000,https://charts-cdn.checkonchain.com/btconchain/realised/lthsopr_indicator/lthsopr_indicator_light.html,2026-10-06
2009-09-06,0.000000,https://charts-cdn.checkonchain.com/btconchain/realised/lthsopr_indicator/lthsopr_indicator_light.html,2026-10-06
2009-09-07,0.000000,https://charts-cdn.checkonchain.com/btconchain/realised/lthsopr_indicator/lthsopr_indicator_light.html,2026-10-06
2009-09-08,0.000000,https://charts-cdn.checkonchain.com/btconchain/realised/lthsopr_indicator/lthsopr_indicator_light.html,2026-10-06
2009-09-09,0.000000,https://charts-cdn.checkonchain.com/btconchain/realised/lthsopr_indicator/lthsopr_indicator_light.html,2026-10-06
2009-09-10,0.000000,https://charts-cdn.checkonchain.com/btconchain/realised/lthsopr_indicator/lthsopr_indicator_light.html,2026-10-06
2009-09-11,0.000000,https://charts-cdn.checkonchain.com/btconchain/realised/lthsopr_indicator/lthsopr_indicator_light.html,2026-10-06
2009-09-12,0.000000,https://charts-cdn.checkonchain.com/btconchain/realised/lthsopr_indicator/lthsopr_indicator_light.html,2026-10-06
2009-09-13,0.000000,https://charts-cdn.checkonchain.com/btconchain/realised/lthsopr_indicator/lthsopr_indicator_light.html,2026-10-06
2009-09-14,0.000000,https://charts-cdn.checkonchain.com/btconchain/realised/lthsopr_indicator/lthsopr_indicator_light.html,2026-10-06
2009-09-15,0.000000,https://charts-cdn.checkonchain.com/btconchain/realised/lthsopr_indicator/lthsopr_indicator_light.html,2026-10-06
2009-09-16,0.000000,https://charts-cdn.checkonchain.com/btconchain/realised/lthsopr_indicator/lthsopr_indicator_light.html,2026-10-06
2009-09-17,0.000000,https://charts-cdn.checkonchain.com/btconchain/realised/lthsopr_indicator/lthsopr_indicator_light.html,2026-10-06
2009-09-18,0.000000,https://charts-cdn.checkonchain.com/btconchain/realised/lthsopr_indicator/lthsopr_indicator_light.html,2026-10-06
2009-09-19,0.000000,https://charts-cdn.checkonchain.com/btconchain/realised/lthsopr_indicator/lthsopr_indicator_light.html,2026-10-06
2009-09-20,0.000000,https://charts-cdn.checkonchain.com/btconchain/realised/lthsopr_indicator/lthsopr_indicator_light.html,2026-10-06
2009-09-21,0.000000,https://charts-cdn.checkonchain.com/btconchain/realised/lthsopr_indicator/lthsopr_indicator_light.html,2026-10-06
2009-09-22,0.000000,https://charts-cdn.checkonchain.com/btconchain/realised/lthsopr_indicator/lthsopr_indicator_light.html,2026-10-06
2009-09-23,0.000000,https://charts-cdn.checkonchain.com/btconchain/realised/lthsopr_indicator/lthsopr_indicator_light.html,2026-10-06
2009-09-24,0.000000,https://charts-cdn.checkonchain.com/btconchain/realised/lthsopr_indicator/lthsopr_indicator_light.html,2026-10-06
2009-09-25,0.000000,https://charts-cdn.checkonchain.com/btconchain/realised/lthsopr_indicator/lthsopr_indicator_light.html,2026-10-06
2009-09-26,0.000000,https://charts-cdn.checkonchain.com/btconchain/realised/lthsopr_indicator/lthsopr_indicator_light.html,2026-10-06
2009-09-27,0.000000,https://charts-cdn.checkonchain.com/btconchain/realised/lthsopr_indicator/lthsopr_indicator_light.html,2026-10-06
2009-09-28,0.000000,https://charts-cdn.checkonchain.com/btconchain/realised/lthsopr_indicator/lthsopr_indicator_light.html,2026-10-06
2009-09-29,0.000000,https://charts-cdn.checkonchain.com/btconchain/realised/lthsopr_indicator/lthsopr_indicator_light.html,2026-10-06
2009-09-30,0.000000,https://charts-cdn.checkonchain.com/btconchain/realised/lthsopr_indicator/lthsopr_indicator_light.html,2026-10-06
2009-10-01,0.000000,https://charts-cdn.checkonchain.com/btconchain/realised/lthsopr_indicator/lthsopr_indicator_light.html,2026-10-06
2009-10-02,0.000000,https://charts-cdn.checkonchain.com/btconchain/realised/lthsopr_indicator/lthsopr_indicator_light.html,2026-10-06
2009-10-03,0.000000,https://charts-cdn.checkonchain.com/btconchain/realised/lthsopr_indicator/lthsopr_indicator_light.html,2026-10-06
2009-10-04,0.000000,https://charts-cdn.checkonchain.com/btconchain/realised/lthsopr_indicator/lthsopr_indicator_light.html,2026-10-06
2009-10-05,0.000000,https://charts-cdn.checkonchain.com/btconchain/realised/lthsopr_indicator/lthsopr_indicator_light.html,2026-10-06
2009-10-06,0.000000,https://charts-cdn.checkonchain.com/btconchain/realised/lthsopr_indicator/lthsopr_indicator_light.html,2026-10-06
2009-10-07,0.000000,https://charts-cdn.checkonchain.com/btconchain/realised/lthsopr_indicator/lthsopr_indicator_light.html,2026-10-06
2009-10-08,0.000000,https://charts-cdn.checkonchain.com/btconchain/realised/lthsopr_indicator/lthsopr_indicator_light.html,2026-10-06
2009-10-09,0.000000,https://charts-cdn.checkonchain.com/btconchain/realised/lthsopr_indicator/lthsopr_indicator_light.html,2026-10-06
2009-10-10,0.000000,https://charts-cdn.checkonchain.com/btconchain/realised/lthsopr_indicator/lthsopr_indicator_light.html,2026-10-06
2009-10-11,0.000000,https://charts-cdn.checkonchain.com/btconchain/realised/lthsopr_indicator/lthsopr_indicator_light.html,2026-10-06
2009-10-12,0.000000,https://charts-cdn.checkonchain.com/btconchain/realised/lthsopr_indicator/lthsopr_indicator_light.html,2026-10-06
2009-10-13,0.000000,https://charts-cdn.checkonchain.com/btconchain/realised/lthsopr_indicator/lthsopr_indicator_light.html,2026-10-06
2009-10-14,0.000000,https://charts-cdn.checkonchain.com/btconchain/realised/lthsopr_indicator/lthsopr_indicator_light.html,2026-10-06
2009-10-15,0.000000,https://charts-cdn.checkonchain.com/btconchain/realised/lthsopr_indicator/lthsopr_indicator_light.html,2026-10-06
2009-10-16,0.000000,https://charts-cdn.checkonchain.com/btconchain/realised/lthsopr_indicator/lthsopr_indicator_light.html,2026-10-06
2009-10-17,0.000000,https://charts-cdn.checkonchain.com/btconchain/realised/lthsopr_indicator/lthsopr_indicator_light.html,2026-10-06
2009-10-18,0.000000,https://charts-cdn.checkonchain.com/btconchain/realised/lthsopr_indicator/lthsopr_indicator_light.html,2026-10-06
2009-10-19,0.000000,https://charts-cdn.checkonchain.com/btconchain/realised/lthsopr_indicator/lthsopr_indicator_light.html,2026-10-06
2009-10-20,0.000000,https://charts-cdn.checkonchain.com/btconchain/realised/lthsopr_indicator/lthsopr_indicator_light.html,2026-10-06
2009-10-21,0.000000,https://charts-cdn.checkonchain.com/btconchain/realised/lthsopr_indicator/lthsopr_indicator_light.html,2026-10-06
2009-10-22,0.000000,https://charts-cdn.checkonchain.com/btconchain/realised/lthsopr_indicator/lthsopr_indicator_light.html,2026-10-06
2009-10-23,0.000000,https://charts-cdn.checkonchain.com/btconchain/realised/lthsopr_indicator/lthsopr_indicator_light.html,2026-10-06
2009-10-24,0.000000,https://charts-cdn.checkonchain.com/btconchain/realised/lthsopr_indicator/lthsopr_indicator_light.html,2026-10-06
2009-10-25,0.000000,https://charts-cdn.checkonchain.com/btconchain/realised/lthsopr_indicator/lthsopr_indicator_light.html,2026-10-06
2009-10-26,0.000000,https://charts-cdn.checkonchain.com/btconchain/realised/lthsopr_indicator/lthsopr_indicator_light.html,2026-10-06
2009-10-27,0.000000,https://charts-cdn.checkonchain.com/btconchain/realised/lthsopr_indicator/lthsopr_indicator_light.html,2026-10-06
2009-10-28,0.000000,https://charts-cdn.checkonchain.com/btconchain/realised/lthsopr_indicator/lthsopr_indicator_light.html,2026-10-06
2009-10-29,0.000000,https://charts-cdn.checkonchain.com/btconchain/realised/lthsopr_indicator/lthsopr_indicator_light.html,2026-10-06
2009-10-30,0.000000,https://charts-cdn.checkonchain.com/btconchain/realised/lthsopr_indicator/lthsopr_indicator_light.html,2026-10-06
2009-10-31,0.000000,https://charts-cdn.checkonchain.com/btconchain/realised/lthsopr_indicator/lthsopr_indicator_light.html,2026-10-06
2009-11-01,0.000000,https://charts-cdn.checkonchain.com/btconchain/realised/lthsopr_indicator/lthsopr_indicator_light.html,2026-10-06
2009-11-02,0.000000,https://charts-cdn.checkonchain.com/btconchain/realised/lthsopr_indicator/lthsopr_indicator_light.html,2026-10-06
2009-11-03,0.000000,https://charts-cdn.checkonchain.com/btconchain/realised/lthsopr_indicator/lthsopr_indicator_light.html,2026-10-06
2009-11-04,0.000000,https://charts-cdn.checkonchain.com/btconchain/realised/lthsopr_indicator/lthsopr_indicator_light.html,2026-10-06
2009-11-05,0.000000,https://charts-cdn.checkonchain.com/btconchain/realised/lthsopr_indicator/lthsopr_indicator_light.html,2026-10-06
2009-11-06,0.000000,https://charts-cdn.checkonchain.com/btconchain/realised/lthsopr_indicator/lthsopr_indicator_light.html,2026-10-06
2009-11-07,0.000000,https://charts-cdn.checkonchain.com/btconchain/realised/lthsopr_indicator/lthsopr_indicator_light.html,2026-10-06
2009-11-08,0.000000,https://charts-cdn.checkonchain.com/btconchain/realised/lthsopr_indicator/lthsopr_indicator_light.html,2026-10-06
2009-11-09,0.000000,https://charts-cdn.checkonchain.com/btconchain/realised/lthsopr_indicator/lthsopr_indicator_light.html,2026-10-06
2009-11-10,0.000000,https://charts-cdn.checkonchain.com/btconchain/realised/lthsopr_indicator/lthsopr_indicator_light.html,2026-10-06
2009-11-11,0.000000,https://charts-cdn.checkonchain.com/btconchain/realised/lthsopr_indicator/lthsopr_indicator_light.html,2026-10-06
2009-11-12,0.000000,https://charts-cdn.checkonchain.com/btconchain/realised/lthsopr_indicator/lthsopr_indicator_light.html,2026-10-06
2009-11-13,0.000000,https://charts-cdn.checkonchain.com/btconchain/realised/lthsopr_indicator/lthsopr_indicator_light.html,2026-10-06
2009-11-14,0.000000,https://charts-cdn.checkonchain.com/btconchain/realised/lthsopr_indicator/lthsopr_indicator_light.html,2026-10-06
2009-11-15,0.000000,https://charts-cdn.checkonchain.com/btconchain/realised/lthsopr_indicator/lthsopr_indicator_light.html,2026-10-06
2009-11-16,0.000000,https://charts-cdn.checkonchain.com/btconchain/realised/lthsopr_indicator/lthsopr_indicator_light.html,2026-10-06
2009-11-17,0.000000,https://charts-cdn.checkonchain.com/btconchain/realised/lthsopr_indicator/lthsopr_indicator_light.html,2026-10-06
2009-11-18,0.000000,https://charts-cdn.checkonchain.com/btconchain/realised/lthsopr_indicator/lthsopr_indicator_light.html,2026-10-06
2009-11-19,0.000000,https://charts-cdn.checkonchain.com/btconchain/realised/lthsopr_indicator/lthsopr_indicator_light.html,2026-10-06
2009-11-20,0.000000,https://charts-cdn.checkonchain.com/btconchain/realised/lthsopr_indicator/lthsopr_indicator_light.html,2026-10-06
2009-11-21,0.000000,https://charts-cdn.checkonchain.com/btconchain/realised/lthsopr_indicator/lthsopr_indicator_light.html,2026-10-06
2009-11-22,0.000000,https://charts-cdn.checkonchain.com/btconchain/realised/lthsopr_indicator/lthsopr_indicator_light.html,2026-10-06
2009-11-23,0.000000,https://charts-cdn.checkonchain.com/btconchain/realised/lthsopr_indicator/lthsopr_indicator_light.html,2026-10-06
2009-11-24,0.000000,https://charts-cdn.checkonchain.com/btconchain/realised/lthsopr_indicator/lthsopr_indicator_light.html,2026-10-06
2009-11-25,0.000000,https://charts-cdn.checkonchain.com/btconchain/realised/lthsopr_indicator/lthsopr_indicator_light.html,2026-10-06
2009-11-26,0.000000,https://charts-cdn.checkonchain.com/btconchain/realised/lthsopr_indicator/lthsopr_indicator_light.html,2026-10-06
2009-11-27,0.000000,https://charts-cdn.checkonchain.com/btconchain/realised/lthsopr_indicator/lthsopr_indicator_light.html,2026-10-06
2009-11-28,0.000000,https://charts-cdn.checkonchain.com/btconchain/realised/lthsopr_indicator/lthsopr_indicator_light.html,2026-10-06
2009-11-29,0.000000,https://charts-cdn.checkonchain.com/btconchain/realised/lthsopr_indicator/lthsopr_indicator_light.html,2026-10-06
2009-11-30,0.000000,https://charts-cdn.checkonchain.com/btconchain/realised/lthsopr_indicator/lthsopr_indicator_light.html,2026-10-06
2009-12-01,0.000000,https://charts-cdn.checkonchain.com/btconchain/realised/lthsopr_indicator/lthsopr_indicator_light.html,2026-10-06
2009-12-02,0.000000,https://charts-cdn.checkonchain.com/btconchain/realised/lthsopr_indicator/lthsopr_indicator_light.html,2026-10-06
2009-12-03,0.000000,https://charts-cdn.checkonchain.com/btconchain/realised/lthsopr_indicator/lthsopr_indicator_light.html,2026-10-06
2009-12-04,0.000000,https://charts-cdn.checkonchain.com/btconchain/realised/lthsopr_indicator/lthsopr_indicator_light.html,2026-10-06
2009-12-05,0.000000,https://charts-cdn.checkonchain.com/btconchain/realised/lthsopr_indicator/lthsopr_indicator_light.html,2026-10-06
2009-12-06,0.000000,https://charts-cdn.checkonchain.com/btconchain/realised/lthsopr_indicator/lthsopr_indicator_light.html,2026-10-06
2009-12-07,0.000000,https://charts-cdn.checkonchain.com/btconchain/realised/lthsopr_indicator/lthsopr_indicator_light.html,2026-10-06
2009-12-08,0.000000,https://charts-cdn.checkonchain.com/btconchain/realised/lthsopr_indicator/lthsopr_indicator_light.html,2026-10-06
2009-12-09,0.000000,https://charts-cdn.checkonchain.com/btconchain/realised/lthsopr_indicator/lthsopr_indicator_light.html,2026-10-06
2009-12-10,0.000000,https://charts-cdn.checkonchain.com/btconchain/realised/lthsopr_indicator/lthsopr_indicator_light.html,2026-10-06
2009-12-11,0.000000,https://charts-cdn.checkonchain.com/btconchain/realised/lthsopr_indicator/lthsopr_indicator_light.html,2026-10-06
2009-12-12,0.000000,https://charts-cdn.checkonchain.com/btconchain/realised/lthsopr_indicator/lthsopr_indicator_light.html,2026-10-06
2009-12-13,0.000000,https://charts-cdn.checkonchain.com/btconchain/realised/lthsopr_indicator/lthsopr_indicator_light.html,2026-10-06
2009-12-14,0.000000,https://charts-cdn.checkonchain.com/btconchain/realised/lthsopr_indicator/lthsopr_indicator_light.html,2026-10-06
2009-12-15,0.000000,https://charts-cdn.checkonchain.com/btconchain/realised/lthsopr_indicator/lthsopr_indicator_light.html,2026-10-06
2009-12-16,0.000000,https://charts-cdn.checkonchain.com/btconchain/realised/lthsopr_indicator/lthsopr_indicator_light.html,2026-10-06
2009-12-17,0.000000,https://charts-cdn.checkonchain.com/btconchain/realised/lthsopr_indicator/lthsopr_indicator_light.html,2026-10-06
2009-12-18,0.000000,https://charts-cdn.checkonchain.com/btconchain/realised/lthsopr_indicator/lthsopr_indicator_light.html,2026-10-06
2009-12-19,0.000000,https://charts-cdn.checkonchain.com/btconchain/realised/lthsopr_indicator/lthsopr_indicator_light.html,2026-10-06
2009-12-20,0.000000,https://charts-cdn.checkonchain.com/btconchain/realised/lthsopr_indicator/lthsopr_indicator_light.html,2026-10-06
2009-12-21,0.000000,https://charts-cdn.checkonchain.com/btconchain/realised/lthsopr_indicator/lthsopr_indicator_light.html,2026-10-06
2009-12-22,0.000000,https://charts-cdn.checkonchain.com/btconchain/realised/lthsopr_indicator/lthsopr_indicator_light.html,2026-10-06
2009-12-23,0.000000,https://charts-cdn.checkonchain.com/btconchain/realised/lthsopr_indicator/lthsopr_indicator_light.html,2026-10-06
2009-12-24,0.000000,https://charts-cdn.checkonchain.com/btconchain/realised/lthsopr_indicator/lthsopr_indicator_light.html,2026-10-06
2009-12-25,0.000000,https://charts-cdn.checkonchain.com/btconchain/realised/lthsopr_indicator/lthsopr_indicator_light.html,2026-10-06
2009-12-26,0.000000,https://charts-cdn.checkonchain.com/btconchain/realised/lthsopr_indicator/lthsopr_indicator_light.html,2026-10-06
2009-12-27,0.000000,https://charts-cdn.checkonchain.com/btconchain/realised/lthsopr_indicator/lthsopr_indicator_light.html,2026-10-06
2009-12-28,0.000000,https://charts-cdn.checkonchain.com/btconchain/realised/lthsopr_indicator/lthsopr_indicator_light.html,2026-10-06
2009-12-29,0.000000,https://charts-cdn.checkonchain.com/btconchain/realised/lthsopr_indicator/lthsopr_indicator_light.html,2026-10-06
2009-12-30,0.000000,https://charts-cdn.checkonchain.com/btconchain/realised/lthsopr_indicator/lthsopr_indicator_light.html,2026-10-06
2009-12-31,0.000000,https://charts-cdn.checkonchain.com/btconchain/realised/lthsopr_indicator/lthsopr_indicator_light.html,2026-10-06
2010-01-01,0.000000,https://charts-cdn.checkonchain.com/btconchain/realised/lthsopr_indicator/lthsopr_indicator_light.html,2026-10-06
2010-01-02,0.000000,https://charts-cdn.checkonchain.com/btconchain/realised/lthsopr_indicator/lthsopr_indicator_light.html,2026-10-06
2010-01-03,0.000000,https://charts-cdn.checkonchain.com/btconchain/realised/lthsopr_indicator/lthsopr_indicator_light.html,2026-10-06
2010-01-04,0.000000,https://charts-cdn.checkonchain.com/btconchain/realised/lthsopr_indicator/lthsopr_indicator_light.html,2026-10-06
2010-01-05,0.000000,https://charts-cdn.checkonchain.com/btconchain/realised/lthsopr_indicator/lthsopr_indicator_light.html,2026-10-06
2010-01-06,0.000000,https://charts-cdn.checkonchain.com/btconchain/realised/lthsopr_indicator/lthsopr_indicator_light.html,2026-10-06
2010-01-07,0.000000,https://charts-cdn.checkonchain.com/btconchain/realised/lthsopr_indicator/lthsopr_indicator_light.html,2026-10-06
2010-01-08,0.000000,https://charts-cdn.checkonchain.com/btconchain/realised/lthsopr_indicator/lthsopr_indicator_light.html,2026-10-06
2010-01-09,0.000000,https://charts-cdn.checkonchain.com/btconchain/realised/lthsopr_indicator/lthsopr_indicator_light.html,2026-10-06
2010-01-10,0.000000,https://charts-cdn.checkonchain.com/btconchain/realised/lthsopr_indicator/lthsopr_indicator_light.html,2026-10-06
2010-01-11,0.000000,https://charts-cdn.checkonchain.com/btconchain/realised/lthsopr_indicator/lthsopr_indicator_light.html,2026-10-06
2010-01-12,0.000000,https://charts-cdn.checkonchain.com/btconchain/realised/lthsopr_indicator/lthsopr_indicator_light.html,2026-10-06
2010-01-13,0.000000,https://charts-cdn.checkonchain.com/btconchain/realised/lthsopr_indicator/lthsopr_indicator_light.html,2026-10-06
2010-01-14,0.000000,https://charts-cdn.checkonchain.com/btconchain/realised/lthsopr_indicator/lthsopr_indicator_light.html,2026-10-06
2010-01-15,0.000000,https://charts-cdn.checkonchain.com/btconchain/realised/lthsopr_indicator/lthsopr_indicator_light.html,2026-10-06
2010-01-16,0.000000,https://charts-cdn.checkonchain.com/btconchain/realised/lthsopr_indicator/lthsopr_indicator_light.html,2026-10-06
2010-01-17,0.000000,https://charts-cdn.checkonchain.com/btconchain/realised/lthsopr_indicator/lthsopr_indicator_light.html,2026-10-06
2010-01-18,0.000000,https://charts-cdn.checkonchain.com/btconchain/realised/lthsopr_indicator/lthsopr_indicator_light.html,2026-10-06
2010-01-19,0.000000,https://charts-cdn.checkonchain.com/btconchain/realised/lthsopr_indicator/lthsopr_indicator_light.html,2026-10-06
2010-01-20,0.000000,https://charts-cdn.checkonchain.com/btconchain/realised/lthsopr_indicator/lthsopr_indicator_light.html,2026-10-06
2010-01-21,0.000000,https://charts-cdn.checkonchain.com/btconchain/realised/lthsopr_indicator/lthsopr_indicator_light.html,2026-10-06
2010-01-22,0.000000,https://charts-cdn.checkonchain.com/btconchain/realised/lthsopr_indicator/lthsopr_indicator_light.html,2026-10-06
2010-01-23,0.000000,https://charts-cdn.checkonchain.com/btconchain/realised/lthsopr_indicator/lthsopr_indicator_light.html,2026-10-06
2010-01-24,0.000000,https://charts-cdn.checkonchain.com/btconchain/realised/lthsopr_indicator/lthsopr_indicator_light.html,2026-10-06
2010-01-25,0.000000,https://charts-cdn.checkonchain.com/btconchain/realised/lthsopr_indicator/lthsopr_indicator_light.html,2026-10-06
2010-01-26,0.000000,https://charts-cdn.checkonchain.com/btconchain/realised/lthsopr_indicator/lthsopr_indicator_light.html,2026-10-06
2010-01-27,0.000000,https://charts-cdn.checkonchain.com/btconchain/realised/lthsopr_indicator/lthsopr_indicator_light.html,2026-10-06
2010-01-28,0.000000,https://charts-cdn.checkonchain.com/btconchain/realised/lthsopr_indicator/lthsopr_indicator_light.html,2026-10-06
2010-01-29,0.000000,https://charts-cdn.checkonchain.com/btconchain/realised/lthsopr_indicator/lthsopr_indicator_light.html,2026-10-06
2010-01-30,0.000000,https://charts-cdn.checkonchain.com/btconchain/realised/lthsopr_indicator/lthsopr_indicator_light.html,2026-10-06
2010-01-31,0.000000,https://charts-cdn.checkonchain.com/btconchain/realised/lthsopr_indicator/lthsopr_indicator_light.html,2026-10-06
2010-02-01,0.000000,https://charts-cdn.checkonchain.com/btconchain/realised/lthsopr_indicator/lthsopr_indicator_light.html,2026-10-06
2010-02-02,0.000000,https://charts-cdn.checkonchain.com/btconchain/realised/lthsopr_indicator/lthsopr_indicator_light.html,2026-10-06
2010-02-03,0.000000,https://charts-cdn.checkonchain.com/btconchain/realised/lthsopr_indicator/lthsopr_indicator_light.html,2026-10-06
2010-02-04,0.000000,https://charts-cdn.checkonchain.com/btconchain/realised/lthsopr_indicator/lthsopr_indicator_light.html,2026-10-06
2010-02-05,0.000000,https://charts-cdn.checkonchain.com/btconchain/realised/lthsopr_indicator/lthsopr_indicator_light.html,2026-10-06
2010-02-06,0.000000,https://charts-cdn.checkonchain.com/btconchain/realised/lthsopr_indicator/lthsopr_indicator_light.html,2026-10-06
2010-02-07,0.000000,https://charts-cdn.checkonchain.com/btconchain/realised/lthsopr_indicator/lthsopr_indicator_light.html,2026-10-06
2010-02-08,0.000000,https://charts-cdn.checkonchain.com/btconchain/realised/lthsopr_indicator/lthsopr_indicator_light.html,2026-10-06
2010-02-09,0.000000,https://charts-cdn.checkonchain.com/btconchain/realised/lthsopr_indicator/lthsopr_indicator_light.html,2026-10-06
2010-02-10,0.000000,https://charts-cdn.checkonchain.com/btconchain/realised/lthsopr_indicator/lthsopr_indicator_light.html,2026-10-06
2010-02-11,0.000000,https://charts-cdn.checkonchain.com/btconchain/realised/lthsopr_indicator/lthsopr_indicator_light.html,2026-10-06
2010-02-12,0.000000,https://charts-cdn.checkonchain.com/btconchain/realised/lthsopr_indicator/lthsopr_indicator_light.html,2026-10-06
2010-02-13,0.000000,https://charts-cdn.checkonchain.com/btconchain/realised/lthsopr_indicator/lthsopr_indicator_light.html,2026-10-06
2010-02-14,0.000000,https://charts-cdn.checkonchain.com/btconchain/realised/lthsopr_indicator/lthsopr_indicator_light.html,2026-10-06
2010-02-15,0.000000,https://charts-cdn.checkonchain.com/btconchain/realised/lthsopr_indicator/lthsopr_indicator_light.html,2026-10-06
2010-02-16,0.000000,https://charts-cdn.checkonchain.com/btconchain/realised/lthsopr_indicator/lthsopr_indicator_light.html,2026-10-06
2010-02-17,0.000000,https://charts-cdn.checkonchain.com/btconchain/realised/lthsopr_indicator/lthsopr_indicator_light.html,2026-10-06
2010-02-18,0.000000,https://charts-cdn.checkonchain.com/btconchain/realised/lthsopr_indicator/lthsopr_indicator_light.html,2026-10-06
2010-02-19,0.000000,https://charts-cdn.checkonchain.com/btconchain/realised/lthsopr_indicator/lthsopr_indicator_light.html,2026-10-06
2010-02-20,0.000000,https://charts-cdn.checkonchain.com/btconchain/realised/lthsopr_indicator/lthsopr_indicator_light.html,2026-10-06
2010-02-21,0.000000,https://charts-cdn.checkonchain.com/btconchain/realised/lthsopr_indicator/lthsopr_indicator_light.html,2026-10-06
2010-02-22,0.000000,https://charts-cdn.checkonchain.com/btconchain/realised/lthsopr_indicator/lthsopr_indicator_light.html,2026-10-06
2010-02-23,0.000000,https://charts-cdn.checkonchain.com/btconchain/realised/lthsopr_indicator/lthsopr_indicator_light.html,2026-10-06
2010-02-24,0.000000,https://charts-cdn.checkonchain.com/btconchain/realised/lthsopr_indicator/lthsopr_indicator_light.html,2026-10-06
2010-02-25,0.000000,https://charts-cdn.checkonchain.com/btconchain/realised/lthsopr_indicator/lthsopr_indicator_light.html,2026-10-06
2010-02-26,0.000000,https://charts-cdn.checkonchain.com/btconchain/realised/lthsopr_indicator/lthsopr_indicator_light.html,2026-10-06
2010-02-27,0.000000,https://charts-cdn.checkonchain.com/btconchain/realised/lthsopr_indicator/lthsopr_indicator_light.html,2026-10-06
2010-02-28,0.000000,https://charts-cdn.checkonchain.com/btconchain/realised/lthsopr_indicator/lthsopr_indicator_light.html,2026-10-06
2010-03-01,0.000000,https://charts-cdn.checkonchain.com/btconchain/realised/lthsopr_indicator/lthsopr_indicator_light.html,2026-10-06
2010-03-02,0.000000,https://charts-cdn.checkonchain.com/btconchain/realised/lthsopr_indicator/lthsopr_indicator_light.html,2026-10-06
2010-03-03,0.000000,https://charts-cdn.checkonchain.com/btconchain/realised/lthsopr_indicator/lthsopr_indicator_light.html,2026-10-06
2010-03-04,0.000000,https://charts-cdn.checkonchain.com/btconchain/realised/lthsopr_indicator/lthsopr_indicator_light.html,2026-10-06
2010-03-05,0.000000,https://charts-cdn.checkonchain.com/btconchain/realised/lthsopr_indicator/lthsopr_indicator_light.html,2026-10-06
2010-03-06,0.000000,https://charts-cdn.checkonchain.com/btconchain/realised/lthsopr_indicator/lthsopr_indicator_light.html,2026-10-06
2010-03-07,0.000000,https://charts-cdn.checkonchain.com/btconchain/realised/lthsopr_indicator/lthsopr_indicator_light.html,2026-10-06
2010-03-08,0.000000,https://charts-cdn.checkonchain.com/btconchain/realised/lthsopr_indicator/lthsopr_indicator_light.html,2026-10-06
2010-03-09,0.000000,https://charts-cdn.checkonchain.com/btconchain/realised/lthsopr_indicator/lthsopr_indicator_light.html,2026-10-06
2010-03-10,0.000000,https://charts-cdn.checkonchain.com/btconchain/realised/lthsopr_indicator/lthsopr_indicator_light.html,2026-10-06
2010-03-11,0.000000,https://charts-cdn.checkonchain.com/btconchain/realised/lthsopr_indicator/lthsopr_indicator_light.html,2026-10-06
2010-03-12,0.000000,https://charts-cdn.checkonchain.com/btconchain/realised/lthsopr_indicator/lthsopr_indicator_light.html,2026-10-06
2010-03-13,0.000000,https://charts-cdn.checkonchain.com/btconchain/realised/lthsopr_indicator/lthsopr_indicator_light.html,2026-10-06
2010-03-14,0.000000,https://charts-cdn.checkonchain.com/btconchain/realised/lthsopr_indicator/lthsopr_indicator_light.html,2026-10-06
2010-03-15,0.000000,https://charts-cdn.checkonchain.com/btconchain/realised/lthsopr_indicator/lthsopr_indicator_light.html,2026-10-06
2010-03-16,0.000000,https://charts-cdn.checkonchain.com/btconchain/realised/lthsopr_indicator/lthsopr_indicator_light.html,2026-10-06
2010-03-17,0.000000,https://charts-cdn.checkonchain.com/btconchain/realised/lthsopr_indicator/lthsopr_indicator_light.html,2026-10-06
2010-03-18,0.000000,https://charts-cdn.checkonchain.com/btconchain/realised/lthsopr_indicator/lthsopr_indicator_light.html,2026-10-06
2010-03-19,0.000000,https://charts-cdn.checkonchain.com/btconchain/realised/lthsopr_indicator/lthsopr_indicator_light.html,2026-10-06
2010-03-20,0.000000,https://charts-cdn.checkonchain.com/btconchain/realised/lthsopr_indicator/lthsopr_indicator_light.html,2026-10-06
2010-03-21,0.000000,https://charts-cdn.checkonchain.com/btconchain/realised/lthsopr_indicator/lthsopr_indicator_light.html,2026-10-06
2010-03-22,0.000000,https://charts-cdn.checkonchain.com/btconchain/realised/lthsopr_indicator/lthsopr_indicator_light.html,2026-10-06
2010-03-23,0.000000,https://charts-cdn.checkonchain.com/btconchain/realised/lthsopr_indicator/lthsopr_indicator_light.html,2026-10-06
2010-03-24,0.000000,https://charts-cdn.checkonchain.com/btconchain/realised/lthsopr_indicator/lthsopr_indicator_light.html,2026-10-06
2010-03-25,0.000000,https://charts-cdn.checkonchain.com/btconchain/realised/lthsopr_indicator/lthsopr_indicator_light.html,2026-10-06
2010-03-26,0.000000,https://charts-cdn.checkonchain.com/btconchain/realised/lthsopr_indicator/lthsopr_indicator_light.html,2026-10-06
2010-03-27,0.000000,https://charts-cdn.checkonchain.com/btconchain/realised/lthsopr_indicator/lthsopr_indicator_light.html,2026-10-06
2010-03-28,0.000000,https://charts-cdn.checkonchain.com/btconchain/realised/lthsopr_indicator/lthsopr_indicator_light.html,2026-10-06
2010-03-29,0.000000,https://charts-cdn.checkonchain.com/btconchain/realised/lthsopr_indicator/lthsopr_indicator_light.html,2026-10-06
2010-03-30,0.000000,https://charts-cdn.checkonchain.com/btconchain/realised/lthsopr_indicator/lthsopr_indicator_light.html,2026-10-06
2010-03-31,0.000000,https://charts-cdn.checkonchain.com/btconchain/realised/lthsopr_indicator/lthsopr_indicator_light.html,2026-10-06
2010-04-01,0.000000,https://charts-cdn.checkonchain.com/btconchain/realised/lthsopr_indicator/lthsopr_indicator_light.html,2026-10-06
2010-04-02,0.000000,https://charts-cdn.checkonchain.com/btconchain/realised/lthsopr_indicator/lthsopr_indicator_light.html,2026-10-06
2010-04-03,0.000000,https://charts-cdn.checkonchain.com/btconchain/realised/lthsopr_indicator/lthsopr_indicator_light.html,2026-10-06
2010-04-04,0.000000,https://charts-cdn.checkonchain.com/btconchain/realised/lthsopr_indicator/lthsopr_indicator_light.html,2026-10-06
2010-04-05,0.000000,https://charts-cdn.checkonchain.com/btconchain/realised/lthsopr_indicator/lthsopr_indicator_light.html,2026-10-06
2010-04-06,0.000000,https://charts-cdn.checkonchain.com/btconchain/realised/lthsopr_indicator/lthsopr_indicator_light.html,2026-10-06
2010-04-07,0.000000,https://charts-cdn.checkonchain.com/btconchain/realised/lthsopr_indicator/lthsopr_indicator_light.html,2026-10-06
2010-04-08,0.000000,https://charts-cdn.checkonchain.com/btconchain/realised/lthsopr_indicator/lthsopr_indicator_light.html,2026-10-06
2010-04-09,0.000000,https://charts-cdn.checkonchain.com/btconchain/realised/lthsopr_indicator/lthsopr_indicator_light.html,2026-10-06
2010-04-10,0.000000,https://charts-cdn.checkonchain.com/btconchain/realised/lthsopr_indicator/lthsopr_indicator_light.html,2026-10-06
2010-04-11,0.000000,https://charts-cdn.checkonchain.com/btconchain/realised/lthsopr_indicator/lthsopr_indicator_light.html,2026-10-06
2010-04-12,0.000000,https://charts-cdn.checkonchain.com/btconchain/realised/lthsopr_indicator/lthsopr_indicator_light.html,2026-10-06
2010-04-13,0.000000,https://charts-cdn.checkonchain.com/btconchain/realised/lthsopr_indicator/lthsopr_indicator_light.html,2026-10-06
2010-04-14,0.000000,https://charts-cdn.checkonchain.com/btconchain/realised/lthsopr_indicator/lthsopr_indicator_light.html,2026-10-06
2010-04-15,0.000000,https://charts-cdn.checkonchain.com/btconchain/realised/lthsopr_indicator/lthsopr_indicator_light.html,2026-10-06
2010-04-16,0.000000,https://charts-cdn.checkonchain.com/btconchain/realised/lthsopr_indicator/lthsopr_indicator_light.html,2026-10-06
2010-04-17,0.000000,https://charts-cdn.checkonchain.com/btconchain/realised/lthsopr_indicator/lthsopr_indicator_light.html,2026-10-06
2010-04-18,0.000000,https://charts-cdn.checkonchain.com/btconchain/realised/lthsopr_indicator/lthsopr_indicator_light.html,2026-10-06
2010-04-19,0.000000,https://charts-cdn.checkonchain.com/btconchain/realised/lthsopr_indicator/lthsopr_indicator_light.html,2026-10-06
2010-04-20,0.000000,https://charts-cdn.checkonchain.com/btconchain/realised/lthsopr_indicator/lthsopr_indicator_light.html,2026-10-06
2010-04-21,0.000000,https://charts-cdn.checkonchain.com/btconchain/realised/lthsopr_indicator/lthsopr_indicator_light.html,2026-10-06
2010-04-22,0.000000,https://charts-cdn.checkonchain.com/btconchain/realised/lthsopr_indicator/lthsopr_indicator_light.html,2026-10-06
2010-04-23,0.000000,https://charts-cdn.checkonchain.com/btconchain/realised/lthsopr_indicator/lthsopr_indicator_light.html,2026-10-06
2010-04-24,0.000000,https://charts-cdn.checkonchain.com/btconchain/realised/lthsopr_indicator/lthsopr_indicator_light.html,2026-10-06
2010-04-25,0.000000,https://charts-cdn.checkonchain.com/btconchain/realised/lthsopr_indicator/lthsopr_indicator_light.html,2026-10-06
2010-04-26,0.000000,https://charts-cdn.checkonchain.com/btconchain/realised/lthsopr_indicator/lthsopr_indicator_light.html,2026-10-06
2010-04-27,0.000000,https://charts-cdn.checkonchain.com/btconchain/realised/lthsopr_indicator/lthsopr_indicator_light.html,2026-10-06
2010-04-28,0.000000,https://charts-cdn.checkonchain.com/btconchain/realised/lthsopr_indicator/lthsopr_indicator_light.html,2026-10-06
2010-04-29,0.000000,https://charts-cdn.checkonchain.com/btconchain/realised/lthsopr_indicator/lthsopr_indicator_light.html,2026-10-06
2010-04-30,0.000000,https://charts-cdn.checkonchain.com/btconchain/realised/lthsopr_indicator/lthsopr_indicator_light.html,2026-10-06
2010-05-01,0.000000,https://charts-cdn.checkonchain.com/btconchain/realised/lthsopr_indicator/lthsopr_indicator_light.html,2026-10-06
2010-05-02,0.000000,https://charts-cdn.checkonchain.com/btconchain/realised/lthsopr_indicator/lthsopr_indicator_light.html,2026-10-06
2010-05-03,0.000000,https://charts-cdn.checkonchain.com/btconchain/realised/lthsopr_indicator/lthsopr_indicator_light.html,2026-10-06
2010-05-04,0.000000,https://charts-cdn.checkonchain.com/btconchain/realised/lthsopr_indicator/lthsopr_indicator_light.html,2026-10-06
2010-05-05,0.000000,https://charts-cdn.checkonchain.com/btconchain/realised/lthsopr_indicator/lthsopr_indicator_light.html,2026-10-06
2010-05-06,0.000000,https://charts-cdn.checkonchain.com/btconchain/realised/lthsopr_indicator/lthsopr_indicator_light.html,2026-10-06
2010-05-07,0.000000,https://charts-cdn.checkonchain.com/btconchain/realised/lthsopr_indicator/lthsopr_indicator_light.html,2026-10-06
2010-05-08,0.000000,https://charts-cdn.checkonchain.com/btconchain/realised/lthsopr_indicator/lthsopr_indicator_light.html,2026-10-06
2010-05-09,0.000000,https://charts-cdn.checkonchain.com/btconchain/realised/lthsopr_indicator/lthsopr_indicator_light.html,2026-10-06
2010-05-10,0.000000,https://charts-cdn.checkonchain.com/btconchain/realised/lthsopr_indicator/lthsopr_indicator_light.html,2026-10-06
2010-05-11,0.000000,https://charts-cdn.checkonchain.com/btconchain/realised/lthsopr_indicator/lthsopr_indicator_light.html,2026-10-06
2010-05-12,0.000000,https://charts-cdn.checkonchain.com/btconchain/realised/lthsopr_indicator/lthsopr_indicator_light.html,2026-10-06
2010-05-13,0.000000,https://charts-cdn.checkonchain.com/btconchain/realised/lthsopr_indicator/lthsopr_indicator_light.html,2026-10-06
2010-05-14,0.000000,https://charts-cdn.checkonchain.com/btconchain/realised/lthsopr_indicator/lthsopr_indicator_light.html,2026-10-06
2010-05-15,0.000000,https://charts-cdn.checkonchain.com/btconchain/realised/lthsopr_indicator/lthsopr_indicator_light.html,2026-10-06
2010-05-16,0.000000,https://charts-cdn.checkonchain.com/btconchain/realised/lthsopr_indicator/lthsopr_indicator_light.html,2026-10-06
2010-05-17,0.000000,https://charts-cdn.checkonchain.com/btconchain/realised/lthsopr_indicator/lthsopr_indicator_light.html,2026-10-06
2010-05-18,0.000000,https://charts-cdn.checkonchain.com/btconchain/realised/lthsopr_indicator/lthsopr_indicator_light.html,2026-10-06
2010-05-19,0.000000,https://charts-cdn.checkonchain.com/btconchain/realised/lthsopr_indicator/lthsopr_indicator_light.html,2026-10-06
2010-05-20,0.000000,https://charts-cdn.checkonchain.com/btconchain/realised/lthsopr_indicator/lthsopr_indicator_light.html,2026-10-06
2010-05-21,0.000000,https://charts-cdn.checkonchain.com/btconchain/realised/lthsopr_indicator/lthsopr_indicator_light.html,2026-10-06
2010-05-22,0.000000,https://charts-cdn.checkonchain.com/btconchain/realised/lthsopr_indicator/lthsopr_indicator_light.html,2026-10-06
2010-05-23,0.000000,https://charts-cdn.checkonchain.com/btconchain/realised/lthsopr_indicator/lthsopr_indicator_light.html,2026-10-06
2010-05-24,0.000000,https://charts-cdn.checkonchain.com/btconchain/realised/lthsopr_indicator/lthsopr_indicator_light.html,2026-10-06
2010-05-25,0.000000,https://charts-cdn.checkonchain.com/btconchain/realised/lthsopr_indicator/lthsopr_indicator_light.html,2026-10-06
2010-05-26,0.000000,https://charts-cdn.checkonchain.com/btconchain/realised/lthsopr_indicator/lthsopr_indicator_light.html,2026-10-06
2010-05-27,0.000000,https://charts-cdn.checkonchain.com/btconchain/realised/lthsopr_indicator/lthsopr_indicator_light.html,2026-10-06
2010-05-28,0.000000,https://charts-cdn.checkonchain.com/btconchain/realised/lthsopr_indicator/lthsopr_indicator_light.html,2026-10-06
2010-05-29,0.000000,https://charts-cdn.checkonchain.com/btconchain/realised/lthsopr_indicator/lthsopr_indicator_light.html,2026-10-06
2010-05-30,0.000000,https://charts-cdn.checkonchain.com/btconchain/realised/lthsopr_indicator/lthsopr_indicator_light.html,2026-10-06
2010-05-31,0.000000,https://charts-cdn.checkonchain.com/btconchain/realised/lthsopr_indicator/lthsopr_indicator_light.html,2026-10-06
2010-06-01,0.000000,https://charts-cdn.checkonchain.com/btconchain/realised/lthsopr_indicator/lthsopr_indicator_light.html,2026-10-06
2010-06-02,0.000000,https://charts-cdn.checkonchain.com/btconchain/realised/lthsopr_indicator/lthsopr_indicator_light.html,2026-10-06
2010-06-03,0.000000,https://charts-cdn.checkonchain.com/btconchain/realised/lthsopr_indicator/lthsopr_indicator_light.html,2026-10-06
2010-06-04,0.000000,https://charts-cdn.checkonchain.com/btconchain/realised/lthsopr_indicator/lthsopr_indicator_light.html,2026-10-06
2010-06-05,0.000000,https://charts-cdn.checkonchain.com/btconchain/realised/lthsopr_indicator/lthsopr_indicator_light.html,2026-10-06
2010-06-06,0.000000,https://charts-cdn.checkonchain.com/btconchain/realised/lthsopr_indicator/lthsopr_indicator_light.html,2026-10-06
2010-06-07,0.000000,https://charts-cdn.checkonchain.com/btconchain/realised/lthsopr_indicator/lthsopr_indicator_light.html,2026-10-06
2010-06-08,0.000000,https://charts-cdn.checkonchain.com/btconchain/realised/lthsopr_indicator/lthsopr_indicator_light.html,2026-10-06
2010-06-09,0.000000,https://charts-cdn.checkonchain.com/btconchain/realised/lthsopr_indicator/lthsopr_indicator_light.html,2026-10-06
2010-06-10,0.000000,https://charts-cdn.checkonchain.com/btconchain/realised/lthsopr_indicator/lthsopr_indicator_light.html,2026-10-06
2010-06-11,0.000000,https://charts-cdn.checkonchain.com/btconchain/realised/lthsopr_indicator/lthsopr_indicator_light.html,2026-10-06
2010-06-12,0.000000,https://charts-cdn.checkonchain.com/btconchain/realised/lthsopr_indicator/lthsopr_indicator_light.html,2026-10-06
2010-06-13,0.000000,https://charts-cdn.checkonchain.com/btconchain/realised/lthsopr_indicator/lthsopr_indicator_light.html,2026-10-06
2010-06-14,0.000000,https://charts-cdn.checkonchain.com/btconchain/realised/lthsopr_indicator/lthsopr_indicator_light.html,2026-10-06
2010-06-15,0.000000,https://charts-cdn.checkonchain.com/btconchain/realised/lthsopr_indicator/lthsopr_indicator_light.html,2026-10-06
2010-06-16,0.000000,https://charts-cdn.checkonchain.com/btconchain/realised/lthsopr_indicator/lthsopr_indicator_light.html,2026-10-06
2010-06-17,0.000000,https://charts-cdn.checkonchain.com/btconchain/realised/lthsopr_indicator/lthsopr_indicator_light.html,2026-10-06
2010-06-18,0.000000,https://charts-cdn.checkonchain.com/btconchain/realised/lthsopr_indicator/lthsopr_indicator_light.html,2026-10-06
2010-06-19,0.000000,https://charts-cdn.checkonchain.com/btconchain/realised/lthsopr_indicator/lthsopr_indicator_light.html,2026-10-06
2010-06-20,0.000000,https://charts-cdn.checkonchain.com/btconchain/realised/lthsopr_indicator/lthsopr_indicator_light.html,2026-10-06
2010-06-21,0.000000,https://charts-cdn.checkonchain.com/btconchain/realised/lthsopr_indicator/lthsopr_indicator_light.html,2026-10-06
2010-06-22,0.000000,https://charts-cdn.checkonchain.com/btconchain/realised/lthsopr_indicator/lthsopr_indicator_light.html,2026-10-06
2010-06-23,0.000000,https://charts-cdn.checkonchain.com/btconchain/realised/lthsopr_indicator/lthsopr_indicator_light.html,2026-10-06
2010-06-24,0.000000,https://charts-cdn.checkonchain.com/btconchain/realised/lthsopr_indicator/lthsopr_indicator_light.html,2026-10-06
2010-06-25,0.000000,https://charts-cdn.checkonchain.com/btconchain/realised/lthsopr_indicator/lthsopr_indicator_light.html,2026-10-06
2010-06-26,0.000000,https://charts-cdn.checkonchain.com/btconchain/realised/lthsopr_indicator/lthsopr_indicator_light.html,2026-10-06
2010-06-27,0.000000,https://charts-cdn.checkonchain.com/btconchain/realised/lthsopr_indicator/lthsopr_indicator_light.html,2026-10-06
2010-06-28,0.000000,https://charts-cdn.checkonchain.com/btconchain/realised/lthsopr_indicator/lthsopr_indicator_light.html,2026-10-06
2010-06-29,0.000000,https://charts-cdn.checkonchain.com/btconchain/realised/lthsopr_indicator/lthsopr_indicator_light.html,2026-10-06
2010-06-30,0.000000,https://charts-cdn.checkonchain.com/btconchain/realised/lthsopr_indicator/lthsopr_indicator_light.html,2026-10-06
2010-07-01,0.000000,https://charts-cdn.checkonchain.com/btconchain/realised/lthsopr_indicator/lthsopr_indicator_light.html,2026-10-06
2010-07-02,0.000000,https://charts-cdn.checkonchain.com/btconchain/realised/lthsopr_indicator/lthsopr_indicator_light.html,2026-10-06
2010-07-03,0.000000,https://charts-cdn.checkonchain.com/btconchain/realised/lthsopr_indicator/lthsopr_indicator_light.html,2026-10-06
2010-07-04,0.000000,https://charts-cdn.checkonchain.com/btconchain/realised/lthsopr_indicator/lthsopr_indicator_light.html,2026-10-06
2010-07-05,0.000000,https://charts-cdn.checkonchain.com/btconchain/realised/lthsopr_indicator/lthsopr_indicator_light.html,2026-10-06
2010-07-06,0.000000,https://charts-cdn.checkonchain.com/btconchain/realised/lthsopr_indicator/lthsopr_indicator_light.html,2026-10-06
2010-07-07,0.000000,https://charts-cdn.checkonchain.com/btconchain/realised/lthsopr_indicator/lthsopr_indicator_light.html,2026-10-06
2010-07-08,0.000000,https://charts-cdn.checkonchain.com/btconchain/realised/lthsopr_indicator/lthsopr_indicator_light.html,2026-10-06
2010-07-09,0.000000,https://charts-cdn.checkonchain.com/btconchain/realised/lthsopr_indicator/lthsopr_indicator_light.html,2026-10-06
2010-07-10,0.000000,https://charts-cdn.checkonchain.com/btconchain/realised/lthsopr_indicator/lthsopr_indicator_light.html,2026-10-06
2010-07-11,0.000000,https://charts-cdn.checkonchain.com/btconchain/realised/lthsopr_indicator/lthsopr_indicator_light.html,2026-10-06
2010-07-12,0.000000,https://charts-cdn.checkonchain.com/btconchain/realised/lthsopr_indicator/lthsopr_indicator_light.html,2026-10-06
2010-07-13,0.000000,https://charts-cdn.checkonchain.com/btconchain/realised/lthsopr_indicator/lthsopr_indicator_light.html,2026-10-06
2010-07-14,0.000000,https://charts-cdn.checkonchain.com/btconchain/realised/lthsopr_indicator/lthsopr_indicator_light.html,2026-10-06
2010-07-15,0.000000,https://charts-cdn.checkonchain.com/btconchain/realised/lthsopr_indicator/lthsopr_indicator_light.html,2026-10-06
2010-07-16,0.000000,https://charts-cdn.checkonchain.com/btconchain/realised/lthsopr_indicator/lthsopr_indicator_light.html,2026-10-06
2010-07-17,0.000000,https://charts-cdn.checkonchain.com/btconchain/realised/lthsopr_indicator/lthsopr_indicator_light.html,2026-10-06
2010-07-18,0.000000,https://charts-cdn.checkonchain.com/btconchain/realised/lthsopr_indicator/lthsopr_indicator_light.html,2026-10-06
2010-07-19,0.000000,https://charts-cdn.checkonchain.com/btconchain/realised/lthsopr_indicator/lthsopr_indicator_light.html,2026-10-06
2010-07-20,0.000000,https://charts-cdn.checkonchain.com/btconchain/realised/lthsopr_indicator/lthsopr_indicator_light.html,2026-10-06
2010-07-21,0.000000,https://charts-cdn.checkonchain.com/btconchain/realised/lthsopr_indicator/lthsopr_indicator_light.html,2026-10-06
2010-07-22,0.000000,https://charts-cdn.checkonchain.com/btconchain/realised/lthsopr_indicator/lthsopr_indicator_light.html,2026-10-06
2010-07-23,0.000000,https://charts-cdn.checkonchain.com/btconchain/realised/lthsopr_indicator/lthsopr_indicator_light.html,2026-10-06
2010-07-24,0.000000,https://charts-cdn.checkonchain.com/btconchain/realised/lthsopr_indicator/lthsopr_indicator_light.html,2026-10-06
2010-07-25,0.000000,https://charts-cdn.checkonchain.com/btconchain/realised/lthsopr_indicator/lthsopr_indicator_light.html,2026-10-06
2010-07-26,0.000000,https://charts-cdn.checkonchain.com/btconchain/realised/lthsopr_indicator/lthsopr_indicator_light.html,2026-10-06
2010-07-27,0.000000,https://charts-cdn.checkonchain.com/btconchain/realised/lthsopr_indicator/lthsopr_indicator_light.html,2026-10-06
2010-07-28,0.000000,https://charts-cdn.checkonchain.com/btconchain/realised/lthsopr_indicator/lthsopr_indicator_light.html,2026-10-06
2010-07-29,0.000000,https://charts-cdn.checkonchain.com/btconchain/realised/lthsopr_indicator/lthsopr_indicator_light.html,2026-10-06
2010-07-30,0.000000,https://charts-cdn.checkonchain.com/btconchain/realised/lthsopr_indicator/lthsopr_indicator_light.html,2026-10-06
2010-07-31,0.000000,https://charts-cdn.checkonchain.com/btconchain/realised/lthsopr_indicator/lthsopr_indicator_light.html,2026-10-06
2010-08-01,0.000000,https://charts-cdn.checkonchain.com/btconchain/realised/lthsopr_indicator/lthsopr_indicator_light.html,2026-10-06
2010-08-02,0.000000,https://charts-cdn.checkonchain.com/btconchain/realised/lthsopr_indicator/lthsopr_indicator_light.html,2026-10-06
2010-08-03,0.000000,https://charts-cdn.checkonchain.com/btconchain/realised/lthsopr_indicator/lthsopr_indicator_light.html,2026-10-06
2010-08-04,0.000000,https://charts-cdn.checkonchain.com/btconchain/realised/lthsopr_indicator/lthsopr_indicator_light.html,2026-10-06
2010-08-05,0.000000,https://charts-cdn.checkonchain.com/btconchain/realised/lthsopr_indicator/lthsopr_indicator_light.html,2026-10-06
2010-08-06,0.000000,https://charts-cdn.checkonchain.com/btconchain/realised/lthsopr_indicator/lthsopr_indicator_light.html,2026-10-06
2010-08-07,0.000000,https://charts-cdn.checkonchain.com/btconchain/realised/lthsopr_indicator/lthsopr_indicator_light.html,2026-10-06
2010-08-08,0.000000,https://charts-cdn.checkonchain.com/btconchain/realised/lthsopr_indicator/lthsopr_indicator_light.html,2026-10-06
2010-08-09,0.000000,https://charts-cdn.checkonchain.com/btconchain/realised/lthsopr_indicator/lthsopr_indicator_light.html,2026-10-06
2010-08-10,0.000000,https://charts-cdn.checkonchain.com/btconchain/realised/lthsopr_indicator/lthsopr_indicator_light.html,2026-10-06
2010-08-11,0.000000,https://charts-cdn.checkonchain.com/btconchain/realised/lthsopr_indicator/lthsopr_indicator_light.html,2026-10-06
2010-08-12,0.000000,https://charts-cdn.checkonchain.com/btconchain/realised/lthsopr_indicator/lthsopr_indicator_light.html,2026-10-06
2010-08-13,0.000000,https://charts-cdn.checkonchain.com/btconchain/realised/lthsopr_indicator/lthsopr_indicator_light.html,2026-10-06
2010-08-14,0.000000,https://charts-cdn.checkonchain.com/btconchain/realised/lthsopr_indicator/lthsopr_indicator_light.html,2026-10-06
2010-08-15,0.000000,https://charts-cdn.checkonchain.com/btconchain/realised/lthsopr_indicator/lthsopr_indicator_light.html,2026-10-06
2010-08-16,0.000000,https://charts-cdn.checkonchain.com/btconchain/realised/lthsopr_indicator/lthsopr_indicator_light.html,2026-10-06
2010-08-17,0.000000,https://charts-cdn.checkonchain.com/btconchain/realised/lthsopr_indicator/lthsopr_indicator_light.html,2026-10-06
2010-08-18,0.000000,https://charts-cdn.checkonchain.com/btconchain/realised/lthsopr_indicator/lthsopr_indicator_light.html,2026-10-06
2010-08-19,0.000000,https://charts-cdn.checkonchain.com/btconchain/realised/lthsopr_indicator/lthsopr_indicator_light.html,2026-10-06
2010-08-20,0.000000,https://charts-cdn.checkonchain.com/btconchain/realised/lthsopr_indicator/lthsopr_indicator_light.html,2026-10-06
2010-08-21,0.000000,https://charts-cdn.checkonchain.com/btconchain/realised/lthsopr_indicator/lthsopr_indicator_light.html,2026-10-06
2010-08-22,0.000000,https://charts-cdn.checkonchain.com/btconchain/realised/lthsopr_indicator/lthsopr_indicator_light.html,2026-10-06
2010-08-23,0.000000,https://charts-cdn.checkonchain.com/btconchain/realised/lthsopr_indicator/lthsopr_indicator_light.html,2026-10-06
2010-08-24,0.000000,https://charts-cdn.checkonchain.com/btconchain/realised/lthsopr_indicator/lthsopr_indicator_light.html,2026-10-06
2010-08-25,0.000000,https://charts-cdn.checkonchain.com/btconchain/realised/lthsopr_indicator/lthsopr_indicator_light.html,2026-10-06
2010-08-26,0.000000,https://charts-cdn.checkonchain.com/btconchain/realised/lthsopr_indicator/lthsopr_indicator_light.html,2026-10-06
2010-08-27,0.000000,https://charts-cdn.checkonchain.com/btconchain/realised/lthsopr_indicator/lthsopr_indicator_light.html,2026-10-06
2010-08-28,0.000000,https://charts-cdn.checkonchain.com/btconchain/realised/lthsopr_indicator/lthsopr_indicator_light.html,2026-10-06
2010-08-29,0.000000,https://charts-cdn.checkonchain.com/btconchain/realised/lthsopr_indicator/lthsopr_indicator_light.html,2026-10-06
2010-08-30,0.000000,https://charts-cdn.checkonchain.com/btconchain/realised/lthsopr_indicator/lthsopr_indicator_light.html,2026-10-06
2010-08-31,0.000000,https://charts-cdn.checkonchain.com/btconchain/realised/lthsopr_indicator/lthsopr_indicator_light.html,2026-10-06
2010-09-01,0.000000,https://charts-cdn.checkonchain.com/btconchain/realised/lthsopr_indicator/lthsopr_indicator_light.html,2026-10-06
2010-09-02,0.000000,https://charts-cdn.checkonchain.com/btconchain/realised/lthsopr_indicator/lthsopr_indicator_light.html,2026-10-06
2010-09-03,0.000000,https://charts-cdn.checkonchain.com/btconchain/realised/lthsopr_indicator/lthsopr_indicator_light.html,2026-10-06
2010-09-04,0.000000,https://charts-cdn.checkonchain.com/btconchain/realised/lthsopr_indicator/lthsopr_indicator_light.html,2026-10-06
2010-09-05,0.000000,https://charts-cdn.checkonchain.com/btconchain/realised/lthsopr_indicator/lthsopr_indicator_light.html,2026-10-06
2010-09-06,0.000000,https://charts-cdn.checkonchain.com/btconchain/realised/lthsopr_indicator/lthsopr_indicator_light.html,2026-10-06
2010-09-07,0.000000,https://charts-cdn.checkonchain.com/btconchain/realised/lthsopr_indicator/lthsopr_indicator_light.html,2026-10-06
2010-09-08,0.000000,https://charts-cdn.checkonchain.com/btconchain/realised/lthsopr_indicator/lthsopr_indicator_light.html,2026-10-06
2010-09-09,0.000000,https://charts-cdn.checkonchain.com/btconchain/realised/lthsopr_indicator/lthsopr_indicator_light.html,2026-10-06
2010-09-10,0.000000,https://charts-cdn.checkonchain.com/btconchain/realised/lthsopr_indicator/lthsopr_indicator_light.html,2026-10-06
2010-09-11,0.000000,https://charts-cdn.checkonchain.com/btconchain/realised/lthsopr_indicator/lthsopr_indicator_light.html,2026-10-06
2010-09-12,0.000000,https://charts-cdn.checkonchain.com/btconchain/realised/lthsopr_indicator/lthsopr_indicator_light.html,2026-10-06
2010-09-13,0.000000,https://charts-cdn.checkonchain.com/btconchain/realised/lthsopr_indicator/lthsopr_indicator_light.html,2026-10-06
2010-09-14,0.000000,https://charts-cdn.checkonchain.com/btconchain/realised/lthsopr_indicator/lthsopr_indicator_light.html,2026-10-06
2010-09-15,0.000000,https://charts-cdn.checkonchain.com/btconchain/realised/lthsopr_indicator/lthsopr_indicator_light.html,2026-10-06
2010-09-16,0.000000,https://charts-cdn.checkonchain.com/btconchain/realised/lthsopr_indicator/lthsopr_indicator_light.html,2026-10-06
2010-09-17,0.000000,https://charts-cdn.checkonchain.com/btconchain/realised/lthsopr_indicator/lthsopr_indicator_light.html,2026-10-06
2010-09-18,0.000000,https://charts-cdn.checkonchain.com/btconchain/realised/lthsopr_indicator/lthsopr_indicator_light.html,2026-10-06
2010-09-19,0.000000,https://charts-cdn.checkonchain.com/btconchain/realised/lthsopr_indicator/lthsopr_indicator_light.html,2026-10-06
2010-09-20,0.000000,https://charts-cdn.checkonchain.com/btconchain/realised/lthsopr_indicator/lthsopr_indicator_light.html,2026-10-06
2010-09-21,0.000000,https://charts-cdn.checkonchain.com/btconchain/realised/lthsopr_indicator/lthsopr_indicator_light.html,2026-10-06
2010-09-22,0.000000,https://charts-cdn.checkonchain.com/btconchain/realised/lthsopr_indicator/lthsopr_indicator_light.html,2026-10-06
2010-09-23,0.000000,https://charts-cdn.checkonchain.com/btconchain/realised/lthsopr_indicator/lthsopr_indicator_light.html,2026-10-06
2010-09-24,0.000000,https://charts-cdn.checkonchain.com/btconchain/realised/lthsopr_indicator/lthsopr_indicator_light.html,2026-10-06
2010-09-25,0.000000,https://charts-cdn.checkonchain.com/btconchain/realised/lthsopr_indicator/lthsopr_indicator_light.html,2026-10-06
2010-09-26,0.000000,https://charts-cdn.checkonchain.com/btconchain/realised/lthsopr_indicator/lthsopr_indicator_light.html,2026-10-06
2010-09-27,0.000000,https://charts-cdn.checkonchain.com/btconchain/realised/lthsopr_indicator/lthsopr_indicator_light.html,2026-10-06
2010-09-28,0.000000,https://charts-cdn.checkonchain.com/btconchain/realised/lthsopr_indicator/lthsopr_indicator_light.html,2026-10-06
2010-09-29,0.000000,https://charts-cdn.checkonchain.com/btconchain/realised/lthsopr_indicator/lthsopr_indicator_light.html,2026-10-06
2010-09-30,0.000000,https://charts-cdn.checkonchain.com/btconchain/realised/lthsopr_indicator/lthsopr_indicator_light.html,2026-10-06
2010-10-01,0.000000,https://charts-cdn.checkonchain.com/btconchain/realised/lthsopr_indicator/lthsopr_indicator_light.html,2026-10-06
2010-10-02,0.000000,https://charts-cdn.checkonchain.com/btconchain/realised/lthsopr_indicator/lthsopr_indicator_light.html,2026-10-06
2010-10-03,0.000000,https://charts-cdn.checkonchain.com/btconchain/realised/lthsopr_indicator/lthsopr_indicator_light.html,2026-10-06
2010-10-04,0.000000,https://charts-cdn.checkonchain.com/btconchain/realised/lthsopr_indicator/lthsopr_indicator_light.html,2026-10-06
2010-10-05,0.000000,https://charts-cdn.checkonchain.com/btconchain/realised/lthsopr_indicator/lthsopr_indicator_light.html,2026-10-06
2010-10-06,0.000000,https://charts-cdn.checkonchain.com/btconchain/realised/lthsopr_indicator/lthsopr_indicator_light.html,2026-10-06
2010-10-07,0.000000,https://charts-cdn.checkonchain.com/btconchain/realised/lthsopr_indicator/lthsopr_indicator_light.html,2026-10-06
2010-10-08,0.000000,https://charts-cdn.checkonchain.com/btconchain/realised/lthsopr_indicator/lthsopr_indicator_light.html,2026-10-06
2010-10-09,0.000000,https://charts-cdn.checkonchain.com/btconchain/realised/lthsopr_indicator/lthsopr_indicator_light.html,2026-10-06
2010-10-10,0.000000,https://charts-cdn.checkonchain.com/btconchain/realised/lthsopr_indicator/lthsopr_indicator_light.html,2026-10-06
2010-10-11,0.000000,https://charts-cdn.checkonchain.com/btconchain/realised/lthsopr_indicator/lthsopr_indicator_light.html,2026-10-06
2010-10-12,0.000000,https://charts-cdn.checkonchain.com/btconchain/realised/lthsopr_indicator/lthsopr_indicator_light.html,2026-10-06
2010-10-13,0.000000,https://charts-cdn.checkonchain.com/btconchain/realised/lthsopr_indicator/lthsopr_indicator_light.html,2026-10-06
2010-10-14,0.000000,https://charts-cdn.checkonchain.com/btconchain/realised/lthsopr_indicator/lthsopr_indicator_light.html,2026-10-06
2010-10-15,0.000000,https://charts-cdn.checkonchain.com/btconchain/realised/lthsopr_indicator/lthsopr_indicator_light.html,2026-10-06
2010-10-16,0.000000,https://charts-cdn.checkonchain.com/btconchain/realised/lthsopr_indicator/lthsopr_indicator_light.html,2026-10-06
2010-10-17,0.000000,https://charts-cdn.checkonchain.com/btconchain/realised/lthsopr_indicator/lthsopr_indicator_light.html,2026-10-06
2010-10-18,0.000000,https://charts-cdn.checkonchain.com/btconchain/realised/lthsopr_indicator/lthsopr_indicator_light.html,2026-10-06
2010-10-19,0.000000,https://charts-cdn.checkonchain.com/btconchain/realised/lthsopr_indicator/lthsopr_indicator_light.html,2026-10-06
2010-10-20,0.000000,https://charts-cdn.checkonchain.com/btconchain/realised/lthsopr_indicator/lthsopr_indicator_light.html,2026-10-06
2010-10-21,0.000000,https://charts-cdn.checkonchain.com/btconchain/realised/lthsopr_indicator/lthsopr_indicator_light.html,2026-10-06
2010-10-22,0.000000,https://charts-cdn.checkonchain.com/btconchain/realised/lthsopr_indicator/lthsopr_indicator_light.html,2026-10-06
2010-10-23,0.000000,https://charts-cdn.checkonchain.com/btconchain/realised/lthsopr_indicator/lthsopr_indicator_light.html,2026-10-06
2010-10-24,0.000000,https://charts-cdn.checkonchain.com/btconchain/realised/lthsopr_indicator/lthsopr_indicator_light.html,2026-10-06
2010-10-25,0.000000,https://charts-cdn.checkonchain.com/btconchain/realised/lthsopr_indicator/lthsopr_indicator_light.html,2026-10-06
2010-10-26,0.000000,https://charts-cdn.checkonchain.com/btconchain/realised/lthsopr_indicator/lthsopr_indicator_light.html,2026-10-06
2010-10-27,0.000000,https://charts-cdn.checkonchain.com/btconchain/realised/lthsopr_indicator/lthsopr_indicator_light.html,2026-10-06
2010-10-28,0.000000,https://charts-cdn.checkonchain.com/btconchain/realised/lthsopr_indicator/lthsopr_indicator_light.html,2026-10-06
2010-10-29,0.000000,https://charts-cdn.checkonchain.com/btconchain/realised/lthsopr_indicator/lthsopr_indicator_light.html,2026-10-06
2010-10-30,0.000000,https://charts-cdn.checkonchain.com/btconchain/realised/lthsopr_indicator/lthsopr_indicator_light.html,2026-10-06
2010-10-31,0.000000,https://charts-cdn.checkonchain.com/btconchain/realised/lthsopr_indicator/lthsopr_indicator_light.html,2026-10-06
2010-11-01,0.000000,https://charts-cdn.checkonchain.com/btconchain/realised/lthsopr_indicator/lthsopr_indicator_light.html,2026-10-06
2010-11-02,0.000000,https://charts-cdn.checkonchain.com/btconchain/realised/lthsopr_indicator/lthsopr_indicator_light.html,2026-10-06
2010-11-03,0.000000,https://charts-cdn.checkonchain.com/btconchain/realised/lthsopr_indicator/lthsopr_indicator_light.html,2026-10-06
2010-11-04,0.000000,https://charts-cdn.checkonchain.com/btconchain/realised/lthsopr_indicator/lthsopr_indicator_light.html,2026-10-06
2010-11-05,0.000000,https://charts-cdn.checkonchain.com/btconchain/realised/lthsopr_indicator/lthsopr_indicator_light.html,2026-10-06
2010-11-06,0.000000,https://charts-cdn.checkonchain.com/btconchain/realised/lthsopr_indicator/lthsopr_indicator_light.html,2026-10-06
2010-11-07,0.000000,https://charts-cdn.checkonchain.com/btconchain/realised/lthsopr_indicator/lthsopr_indicator_light.html,2026-10-06
2010-11-08,0.000000,https://charts-cdn.checkonchain.com/btconchain/realised/lthsopr_indicator/lthsopr_indicator_light.html,2026-10-06
2010-11-09,0.000000,https://charts-cdn.checkonchain.com/btconchain/realised/lthsopr_indicator/lthsopr_indicator_light.html,2026-10-06
2010-11-10,0.000000,https://charts-cdn.checkonchain.com/btconchain/realised/lthsopr_indicator/lthsopr_indicator_light.html,2026-10-06
2010-11-11,0.000000,https://charts-cdn.checkonchain.com/btconchain/realised/lthsopr_indicator/lthsopr_indicator_light.html,2026-10-06
2010-11-12,0.000000,https://charts-cdn.checkonchain.com/btconchain/realised/lthsopr_indicator/lthsopr_indicator_light.html,2026-10-06
2010-11-13,0.000000,https://charts-cdn.checkonchain.com/btconchain/realised/lthsopr_indicator/lthsopr_indicator_light.html,2026-10-06
2010-11-14,0.000000,https://charts-cdn.checkonchain.com/btconchain/realised/lthsopr_indicator/lthsopr_indicator_light.html,2026-10-06
2010-11-15,0.000000,https://charts-cdn.checkonchain.com/btconchain/realised/lthsopr_indicator/lthsopr_indicator_light.html,2026-10-06
2010-11-16,0.000000,https://charts-cdn.checkonchain.com/btconchain/realised/lthsopr_indicator/lthsopr_indicator_light.html,2026-10-06
2010-11-17,0.000000,https://charts-cdn.checkonchain.com/btconchain/realised/lthsopr_indicator/lthsopr_indicator_light.html,2026-10-06
2010-11-18,0.000000,https://charts-cdn.checkonchain.com/btconchain/realised/lthsopr_indicator/lthsopr_indicator_light.html,2026-10-06
2010-11-19,0.000000,https://charts-cdn.checkonchain.com/btconchain/realised/lthsopr_indicator/lthsopr_indicator_light.html,2026-10-06
2010-11-20,0.000000,https://charts-cdn.checkonchain.com/btconchain/realised/lthsopr_indicator/lthsopr_indicator_light.html,2026-10-06
2010-11-21,0.000000,https://charts-cdn.checkonchain.com/btconchain/realised/lthsopr_indicator/lthsopr_indicator_light.html,2026-10-06
2010-11-22,0.000000,https://charts-cdn.checkonchain.com/btconchain/realised/lthsopr_indicator/lthsopr_indicator_light.html,2026-10-06
2010-11-23,0.000000,https://charts-cdn.checkonchain.com/btconchain/realised/lthsopr_indicator/lthsopr_indicator_light.html,2026-10-06
2010-11-24,0.000000,https://charts-cdn.checkonchain.com/btconchain/realised/lthsopr_indicator/lthsopr_indicator_light.html,2026-10-06
2010-11-25,0.000000,https://charts-cdn.checkonchain.com/btconchain/realised/lthsopr_indicator/lthsopr_indicator_light.html,2026-10-06
2010-11-26,0.000000,https://charts-cdn.checkonchain.com/btconchain/realised/lthsopr_indicator/lthsopr_indicator_light.html,2026-10-06
2010-11-27,0.000000,https://charts-cdn.checkonchain.com/btconchain/realised/lthsopr_indicator/lthsopr_indicator_light.html,2026-10-06
2010-11-28,0.000000,https://charts-cdn.checkonchain.com/btconchain/realised/lthsopr_indicator/lthsopr_indicator_light.html,2026-10-06
2010-11-29,0.000000,https://charts-cdn.checkonchain.com/btconchain/realised/lthsopr_indicator/lthsopr_indicator_light.html,2026-10-06
2010-11-30,0.000000,https://charts-cdn.checkonchain.com/btconchain/realised/lthsopr_indicator/lthsopr_indicator_light.html,2026-10-06
2010-12-01,0.000000,https://charts-cdn.checkonchain.com/btconchain/realised/lthsopr_indicator/lthsopr_indicator_light.html,2026-10-06
2010-12-02,0.000000,https://charts-cdn.checkonchain.com/btconchain/realised/lthsopr_indicator/lthsopr_indicator_light.html,2026-10-06
2010-12-03,0.000000,https://charts-cdn.checkonchain.com/btconchain/realised/lthsopr_indicator/lthsopr_indicator_light.html,2026-10-06
2010-12-04,0.000000,https://charts-cdn.checkonchain.com/btconchain/realised/lthsopr_indicator/lthsopr_indicator_light.html,2026-10-06
2010-12-05,0.000000,https://charts-cdn.checkonchain.com/btconchain/realised/lthsopr_indicator/lthsopr_indicator_light.html,2026-10-06
2010-12-06,0.000000,https://charts-cdn.checkonchain.com/btconchain/realised/lthsopr_indicator/lthsopr_indicator_light.html,2026-10-06
2010-12-07,0.000000,https://charts-cdn.checkonchain.com/btconchain/realised/lthsopr_indicator/lthsopr_indicator_light.html,2026-10-06
2010-12-08,0.000000,https://charts-cdn.checkonchain.com/btconchain/realised/lthsopr_indicator/lthsopr_indicator_light.html,2026-10-06
2010-12-09,0.000000,https://charts-cdn.checkonchain.com/btconchain/realised/lthsopr_indicator/lthsopr_indicator_light.html,2026-10-06
2010-12-10,0.000000,https://charts-cdn.checkonchain.com/btconchain/realised/lthsopr_indicator/lthsopr_indicator_light.html,2026-10-06
2010-12-11,0.000000,https://charts-cdn.checkonchain.com/btconchain/realised/lthsopr_indicator/lthsopr_indicator_light.html,2026-10-06
2010-12-12,0.000000,https://charts-cdn.checkonchain.com/btconchain/realised/lthsopr_indicator/lthsopr_indicator_light.html,2026-10-06
2010-12-13,0.000000,https://charts-cdn.checkonchain.com/btconchain/realised/lthsopr_indicator/lthsopr_indicator_light.html,2026-10-06
2010-12-14,0.000000,https://charts-cdn.checkonchain.com/btconchain/realised/lthsopr_indicator/lthsopr_indicator_light.html,2026-10-06
2010-12-15,0.000000,https://charts-cdn.checkonchain.com/btconchain/realised/lthsopr_indicator/lthsopr_indicator_light.html,2026-10-06
2010-12-16,0.000000,https://charts-cdn.checkonchain.com/btconchain/realised/lthsopr_indicator/lthsopr_indicator_light.html,2026-10-06
2010-12-17,0.000000,https://charts-cdn.checkonchain.com/btconchain/realised/lthsopr_indicator/lthsopr_indicator_light.html,2026-10-06
2010-12-18,0.000000,https://charts-cdn.checkonchain.com/btconchain/realised/lthsopr_indicator/lthsopr_indicator_light.html,2026-10-06
2010-12-19,0.000000,https://charts-cdn.checkonchain.com/btconchain/realised/lthsopr_indicator/lthsopr_indicator_light.html,2026-10-06
2010-12-20,0.000000,https://charts-cdn.checkonchain.com/btconchain/realised/lthsopr_indicator/lthsopr_indicator_light.html,2026-10-06
2010-12-21,0.000000,https://charts-cdn.checkonchain.com/btconchain/realised/lthsopr_indicator/lthsopr_indicator_light.html,2026-10-06
2010-12-22,0.000000,https://charts-cdn.checkonchain.com/btconchain/realised/lthsopr_indicator/lthsopr_indicator_light.html,2026-10-06
2010-12-23,0.000000,https://charts-cdn.checkonchain.com/btconchain/realised/lthsopr_indicator/lthsopr_indicator_light.html,2026-10-06
2010-12-24,0.000000,https://charts-cdn.checkonchain.com/btconchain/realised/lthsopr_indicator/lthsopr_indicator_light.html,2026-10-06
2010-12-25,0.000000,https://charts-cdn.checkonchain.com/btconchain/realised/lthsopr_indicator/lthsopr_indicator_light.html,2026-10-06
2010-12-26,0.000000,https://charts-cdn.checkonchain.com/btconchain/realised/lthsopr_indicator/lthsopr_indicator_light.html,2026-10-06
2010-12-27,0.000000,https://charts-cdn.checkonchain.com/btconchain/realised/lthsopr_indicator/lthsopr_indicator_light.html,2026-10-06
2010-12-28,0.000000,https://charts-cdn.checkonchain.com/btconchain/realised/lthsopr_indicator/lthsopr_indicator_light.html,2026-10-06
2010-12-29,0.000000,https://charts-cdn.checkonchain.com/btconchain/realised/lthsopr_indicator/lthsopr_indicator_light.html,2026-10-06
2010-12-30,0.000000,https://charts-cdn.checkonchain.com/btconchain/realised/lthsopr_indicator/lthsopr_indicator_light.html,2026-10-06
2010-12-31,0.000000,https://charts-cdn.checkonchain.com/btconchain/realised/lthsopr_indicator/lthsopr_indicator_light.html,2026-10-06
2011-01-01,0.000000,https://charts-cdn.checkonchain.com/btconchain/realised/lthsopr_indicator/lthsopr_indicator_light.html,2026-10-06
2011-01-02,0.000000,https://charts-cdn.checkonchain.com/btconchain/realised/lthsopr_indicator/lthsopr_indicator_light.html,2026-10-06
2011-01-03,0.000000,https://charts-cdn.checkonchain.com/btconchain/realised/lthsopr_indicator/lthsopr_indicator_light.html,2026-10-06
2011-01-04,0.000000,https://charts-cdn.checkonchain.com/btconchain/realised/lthsopr_indicator/lthsopr_indicator_light.html,2026-10-06
2011-01-05,0.000000,https://charts-cdn.checkonchain.com/btconchain/realised/lthsopr_indicator/lthsopr_indicator_light.html,2026-10-06
2011-01-06,0.000000,https://charts-cdn.checkonchain.com/btconchain/realised/lthsopr_indicator/lthsopr_indicator_light.html,2026-10-06
2011-01-07,0.000000,https://charts-cdn.checkonchain.com/btconchain/realised/lthsopr_indicator/lthsopr_indicator_light.html,2026-10-06
2011-01-08,0.000000,https://charts-cdn.checkonchain.com/btconchain/realised/lthsopr_indicator/lthsopr_indicator_light.html,2026-10-06
2011-01-09,0.000000,https://charts-cdn.checkonchain.com/btconchain/realised/lthsopr_indicator/lthsopr_indicator_light.html,2026-10-06
2011-01-10,0.000000,https://charts-cdn.checkonchain.com/btconchain/realised/lthsopr_indicator/lthsopr_indicator_light.html,2026-10-06
2011-01-11,0.000000,https://charts-cdn.checkonchain.com/btconchain/realised/lthsopr_indicator/lthsopr_indicator_light.html,2026-10-06
2011-01-12,0.000000,https://charts-cdn.checkonchain.com/btconchain/realised/lthsopr_indicator/lthsopr_indicator_light.html,2026-10-06
2011-01-13,0.000000,https://charts-cdn.checkonchain.com/btconchain/realised/lthsopr_indicator/lthsopr_indicator_light.html,2026-10-06
2011-01-14,0.000000,https://charts-cdn.checkonchain.com/btconchain/realised/lthsopr_indicator/lthsopr_indicator_light.html,2026-10-06
2011-01-15,0.000000,https://charts-cdn.checkonchain.com/btconchain/realised/lthsopr_indicator/lthsopr_indicator_light.html,2026-10-06
2011-01-16,0.000000,https://charts-cdn.checkonchain.com/btconchain/realised/lthsopr_indicator/lthsopr_indicator_light.html,2026-10-06
2011-01-17,0.000000,https://charts-cdn.checkonchain.com/btconchain/realised/lthsopr_indicator/lthsopr_indicator_light.html,2026-10-06
2011-01-18,0.000000,https://charts-cdn.checkonchain.com/btconchain/realised/lthsopr_indicator/lthsopr_indicator_light.html,2026-10-06
2011-01-19,0.000000,https://charts-cdn.checkonchain.com/btconchain/realised/lthsopr_indicator/lthsopr_indicator_light.html,2026-10-06
2011-01-20,0.000000,https://charts-cdn.checkonchain.com/btconchain/realised/lthsopr_indicator/lthsopr_indicator_light.html,2026-10-06
2011-01-21,0.000000,https://charts-cdn.checkonchain.com/btconchain/realised/lthsopr_indicator/lthsopr_indicator_light.html,2026-10-06
2011-01-22,0.000000,https://charts-cdn.checkonchain.com/btconchain/realised/lthsopr_indicator/lthsopr_indicator_light.html,2026-10-06
2011-01-23,0.000000,https://charts-cdn.checkonchain.com/btconchain/realised/lthsopr_indicator/lthsopr_indicator_light.html,2026-10-06
2011-01-24,0.000000,https://charts-cdn.checkonchain.com/btconchain/realised/lthsopr_indicator/lthsopr_indicator_light.html,2026-10-06
2011-01-25,0.000000,https://charts-cdn.checkonchain.com/btconchain/realised/lthsopr_indicator/lthsopr_indicator_light.html,2026-10-06
2011-01-26,0.000000,https://charts-cdn.checkonchain.com/btconchain/realised/lthsopr_indicator/lthsopr_indicator_light.html,2026-10-06
2011-01-27,0.000000,https://charts-cdn.checkonchain.com/btconchain/realised/lthsopr_indicator/lthsopr_indicator_light.html,2026-10-06
2011-01-28,0.000000,https://charts-cdn.checkonchain.com/btconchain/realised/lthsopr_indicator/lthsopr_indicator_light.html,2026-10-06
2011-01-29,0.000000,https://charts-cdn.checkonchain.com/btconchain/realised/lthsopr_indicator/lthsopr_indicator_light.html,2026-10-06
2011-01-30,0.000000,https://charts-cdn.checkonchain.com/btconchain/realised/lthsopr_indicator/lthsopr_indicator_light.html,2026-10-06
2011-01-31,0.000000,https://charts-cdn.checkonchain.com/btconchain/realised/lthsopr_indicator/lthsopr_indicator_light.html,2026-10-06
2011-02-01,0.000000,https://charts-cdn.checkonchain.com/btconchain/realised/lthsopr_indicator/lthsopr_indicator_light.html,2026-10-06
2011-02-02,0.000000,https://charts-cdn.checkonchain.com/btconchain/realised/lthsopr_indicator/lthsopr_indicator_light.html,2026-10-06
2011-02-03,0.000000,https://charts-cdn.checkonchain.com/btconchain/realised/lthsopr_indicator/lthsopr_indicator_light.html,2026-10-06
2011-02-04,0.000000,https://charts-cdn.checkonchain.com/btconchain/realised/lthsopr_indicator/lthsopr_indicator_light.html,2026-10-06
2011-02-05,0.000000,https://charts-cdn.checkonchain.com/btconchain/realised/lthsopr_indicator/lthsopr_indicator_light.html,2026-10-06
2011-02-06,0.000000,https://charts-cdn.checkonchain.com/btconchain/realised/lthsopr_indicator/lthsopr_indicator_light.html,2026-10-06
2011-02-07,0.000000,https://charts-cdn.checkonchain.com/btconchain/realised/lthsopr_indicator/lthsopr_indicator_light.html,2026-10-06
2011-02-08,0.000000,https://charts-cdn.checkonchain.com/btconchain/realised/lthsopr_indicator/lthsopr_indicator_light.html,2026-10-06
2011-02-09,0.000000,https://charts-cdn.checkonchain.com/btconchain/realised/lthsopr_indicator/lthsopr_indicator_light.html,2026-10-06
2011-02-10,0.000000,https://charts-cdn.checkonchain.com/btconchain/realised/lthsopr_indicator/lthsopr_indicator_light.html,2026-10-06
2011-02-11,0.000000,https://charts-cdn.checkonchain.com/btconchain/realised/lthsopr_indicator/lthsopr_indicator_light.html,2026-10-06
2011-02-12,0.000000,https://charts-cdn.checkonchain.com/btconchain/realised/lthsopr_indicator/lthsopr_indicator_light.html,2026-10-06
2011-02-13,0.000000,https://charts-cdn.checkonchain.com/btconchain/realised/lthsopr_indicator/lthsopr_indicator_light.html,2026-10-06
2011-02-14,0.000000,https://charts-cdn.checkonchain.com/btconchain/realised/lthsopr_indicator/lthsopr_indicator_light.html,2026-10-06
2011-02-15,0.000000,https://charts-cdn.checkonchain.com/btconchain/realised/lthsopr_indicator/lthsopr_indicator_light.html,2026-10-06
2011-02-16,0.000000,https://charts-cdn.checkonchain.com/btconchain/realised/lthsopr_indicator/lthsopr_indicator_light.html,2026-10-06
2011-02-17,0.000000,https://charts-cdn.checkonchain.com/btconchain/realised/lthsopr_indicator/lthsopr_indicator_light.html,2026-10-06
2011-02-18,0.000000,https://charts-cdn.checkonchain.com/btconchain/realised/lthsopr_indicator/lthsopr_indicator_light.html,2026-10-06
2011-02-19,0.000000,https://charts-cdn.checkonchain.com/btconchain/realised/lthsopr_indicator/lthsopr_indicator_light.html,2026-10-06
2011-02-20,0.000000,https://charts-cdn.checkonchain.com/btconchain/realised/lthsopr_indicator/lthsopr_indicator_light.html,2026-10-06
2011-02-21,0.000000,https://charts-cdn.checkonchain.com/btconchain/realised/lthsopr_indicator/lthsopr_indicator_light.html,2026-10-06
2011-02-22,0.000000,https://charts-cdn.checkonchain.com/btconchain/realised/lthsopr_indicator/lthsopr_indicator_light.html,2026-10-06
2011-02-23,0.000000,https://charts-cdn.checkonchain.com/btconchain/realised/lthsopr_indicator/lthsopr_indicator_light.html,2026-10-06
2011-02-24,0.000000,https://charts-cdn.checkonchain.com/btconchain/realised/lthsopr_indicator/lthsopr_indicator_light.html,2026-10-06
2011-02-25,0.000000,https://charts-cdn.checkonchain.com/btconchain/realised/lthsopr_indicator/lthsopr_indicator_light.html,2026-10-06
2011-02-26,0.000000,https://charts-cdn.checkonchain.com/btconchain/realised/lthsopr_indicator/lthsopr_indicator_light.html,2026-10-06
2011-02-27,0.000000,https://charts-cdn.checkonchain.com/btconchain/realised/lthsopr_indicator/lthsopr_indicator_light.html,2026-10-06
2011-02-28,0.000000,https://charts-cdn.checkonchain.com/btconchain/realised/lthsopr_indicator/lthsopr_indicator_light.html,2026-10-06
2011-03-01,0.000000,https://charts-cdn.checkonchain.com/btconchain/realised/lthsopr_indicator/lthsopr_indicator_light.html,2026-10-06
2011-03-02,0.000000,https://charts-cdn.checkonchain.com/btconchain/realised/lthsopr_indicator/lthsopr_indicator_light.html,2026-10-06
2011-03-03,0.000000,https://charts-cdn.checkonchain.com/btconchain/realised/lthsopr_indicator/lthsopr_indicator_light.html,2026-10-06
2011-03-04,0.000000,https://charts-cdn.checkonchain.com/btconchain/realised/lthsopr_indicator/lthsopr_indicator_light.html,2026-10-06
2011-03-05,0.000000,https://charts-cdn.checkonchain.com/btconchain/realised/lthsopr_indicator/lthsopr_indicator_light.html,2026-10-06
2011-03-06,0.000000,https://charts-cdn.checkonchain.com/btconchain/realised/lthsopr_indicator/lthsopr_indicator_light.html,2026-10-06
2011-03-07,0.000000,https://charts-cdn.checkonchain.com/btconchain/realised/lthsopr_indicator/lthsopr_indicator_light.html,2026-10-06
2011-03-08,0.000000,https://charts-cdn.checkonchain.com/btconchain/realised/lthsopr_indicator/lthsopr_indicator_light.html,2026-10-06
2011-03-09,0.000000,https://charts-cdn.checkonchain.com/btconchain/realised/lthsopr_indicator/lthsopr_indicator_light.html,2026-10-06
2011-03-10,0.000000,https://charts-cdn.checkonchain.com/btconchain/realised/lthsopr_indicator/lthsopr_indicator_light.html,2026-10-06
2011-03-11,0.000000,https://charts-cdn.checkonchain.com/btconchain/realised/lthsopr_indicator/lthsopr_indicator_light.html,2026-10-06
2011-03-12,0.000000,https://charts-cdn.checkonchain.com/btconchain/realised/lthsopr_indicator/lthsopr_indicator_light.html,2026-10-06
2011-03-13,0.000000,https://charts-cdn.checkonchain.com/btconchain/realised/lthsopr_indicator/lthsopr_indicator_light.html,2026-10-06
2011-03-14,0.000000,https://charts-cdn.checkonchain.com/btconchain/realised/lthsopr_indicator/lthsopr_indicator_light.html,2026-10-06
2011-03-15,0.000000,https://charts-cdn.checkonchain.com/btconchain/realised/lthsopr_indicator/lthsopr_indicator_light.html,2026-10-06
2011-03-16,0.000000,https://charts-cdn.checkonchain.com/btconchain/realised/lthsopr_indicator/lthsopr_indicator_light.html,2026-10-06
2011-03-17,0.000000,https://charts-cdn.checkonchain.com/btconchain/realised/lthsopr_indicator/lthsopr_indicator_light.html,2026-10-06
2011-03-18,0.000000,https://charts-cdn.checkonchain.com/btconchain/realised/lthsopr_indicator/lthsopr_indicator_light.html,2026-10-06
2011-03-19,0.000000,https://charts-cdn.checkonchain.com/btconchain/realised/lthsopr_indicator/lthsopr_indicator_light.html,2026-10-06
2011-03-20,0.000000,https://charts-cdn.checkonchain.com/btconchain/realised/lthsopr_indicator/lthsopr_indicator_light.html,2026-10-06
2011-03-21,0.000000,https://charts-cdn.checkonchain.com/btconchain/realised/lthsopr_indicator/lthsopr_indicator_light.html,2026-10-06
2011-03-22,0.000000,https://charts-cdn.checkonchain.com/btconchain/realised/lthsopr_indicator/lthsopr_indicator_light.html,2026-10-06
2011-03-23,0.000000,https://charts-cdn.checkonchain.com/btconchain/realised/lthsopr_indicator/lthsopr_indicator_light.html,2026-10-06
2011-03-24,0.000000,https://charts-cdn.checkonchain.com/btconchain/realised/lthsopr_indicator/lthsopr_indicator_light.html,2026-10-06
2011-03-25,0.043658,https://charts-cdn.checkonchain.com/btconchain/realised/lthsopr_indicator/lthsopr_indicator_light.html,2026-10-06
2011-03-26,0.043444,https://charts-cdn.checkonchain.com/btconchain/realised/lthsopr_indicator/lthsopr_indicator_light.html,2026-10-06
2011-03-27,0.043396,https://charts-cdn.checkonchain.com/btconchain/realised/lthsopr_indicator/lthsopr_indicator_light.html,2026-10-06
2011-03-28,0.043453,https://charts-cdn.checkonchain.com/btconchain/realised/lthsopr_indicator/lthsopr_indicator_light.html,2026-10-06
2011-03-29,0.043538,https://charts-cdn.checkonchain.com/btconchain/realised/lthsopr_indicator/lthsopr_indicator_light.html,2026-10-06
2011-03-30,0.043622,https://charts-cdn.checkonchain.com/btconchain/realised/lthsopr_indicator/lthsopr_indicator_light.html,2026-10-06
2011-03-31,0.043725,https://charts-cdn.checkonchain.com/btconchain/realised/lthsopr_indicator/lthsopr_indicator_light.html,2026-10-06
2011-04-01,0.043809,https://charts-cdn.checkonchain.com/btconchain/realised/lthsopr_indicator/lthsopr_indicator_light.html,2026-10-06
2011-04-02,0.043921,https://charts-cdn.checkonchain.com/btconchain/realised/lthsopr_indicator/lthsopr_indicator_light.html,2026-10-06
2011-04-03,0.044025,https://charts-cdn.checkonchain.com/btconchain/realised/lthsopr_indicator/lthsopr_indicator_light.html,2026-10-06
2011-04-04,0.043841,https://charts-cdn.checkonchain.com/btconchain/realised/lthsopr_indicator/lthsopr_indicator_light.html,2026-10-06
2011-04-05,0.043770,https://charts-cdn.checkonchain.com/btconchain/realised/lthsopr_indicator/lthsopr_indicator_light.html,2026-10-06
2011-04-06,0.043792,https://charts-cdn.checkonchain.com/btconchain/realised/lthsopr_indicator/lthsopr_indicator_light.html,2026-10-06
2011-04-07,0.087679,https://charts-cdn.checkonchain.com/btconchain/realised/lthsopr_indicator/lthsopr_indicator_light.html,2026-10-06
2011-04-08,0.087721,https://charts-cdn.checkonchain.com/btconchain/realised/lthsopr_indicator/lthsopr_indicator_light.html,2026-10-06
2011-04-09,0.087913,https://charts-cdn.checkonchain.com/btconchain/realised/lthsopr_indicator/lthsopr_indicator_light.html,2026-10-06
2011-04-10,0.088125,https://charts-cdn.checkonchain.com/btconchain/realised/lthsopr_indicator/lthsopr_indicator_light.html,2026-10-06
2011-04-11,0.088276,https://charts-cdn.checkonchain.com/btconchain/realised/lthsopr_indicator/lthsopr_indicator_light.html,2026-10-06
2011-04-12,0.088202,https://charts-cdn.checkonchain.com/btconchain/realised/lthsopr_indicator/lthsopr_indicator_light.html,2026-10-06
2011-04-13,0.088206,https://charts-cdn.checkonchain.com/btconchain/realised/lthsopr_indicator/lthsopr_indicator_light.html,2026-10-06
2011-04-14,0.088223,https://charts-cdn.checkonchain.com/btconchain/realised/lthsopr_indicator/lthsopr_indicator_light.html,2026-10-06
2011-04-15,0.087840,https://charts-cdn.checkonchain.com/btconchain/realised/lthsopr_indicator/lthsopr_indicator_light.html,2026-10-06
2011-04-16,0.087565,https://charts-cdn.checkonchain.com/btconchain/realised/lthsopr_indicator/lthsopr_indicator_light.html,2026-10-06
2011-04-17,0.087685,https://charts-cdn.checkonchain.com/btconchain/realised/lthsopr_indicator/lthsopr_indicator_light.html,2026-10-06
2011-04-18,0.087339,https://charts-cdn.checkonchain.com/btconchain/realised/lthsopr_indicator/lthsopr_indicator_light.html,2026-10-06
2011-04-19,0.087244,https://charts-cdn.checkonchain.com/btconchain/realised/lthsopr_indicator/lthsopr_indicator_light.html,2026-10-06
2011-04-20,0.087198,https://charts-cdn.checkonchain.com/btconchain/realised/lthsopr_indicator/lthsopr_indicator_light.html,2026-10-06
2011-04-21,0.087269,https://charts-cdn.checkonchain.com/btconchain/realised/lthsopr_indicator/lthsopr_indicator_light.html,2026-10-06
2011-04-22,0.087032,https://charts-cdn.checkonchain.com/btconchain/realised/lthsopr_indicator/lthsopr_indicator_light.html,2026-10-06
2011-04-23,0.086436,https://charts-cdn.checkonchain.com/btconchain/realised/lthsopr_indicator/lthsopr_indicator_light.html,2026-10-06
2011-04-24,0.086350,https://charts-cdn.checkonchain.com/btconchain/realised/lthsopr_indicator/lthsopr_indicator_light.html,2026-10-06
2011-04-25,0.129373,https://charts-cdn.checkonchain.com/btconchain/realised/lthsopr_indicator/lthsopr_indicator_light.html,2026-10-06
2011-04-26,0.129323,https://charts-cdn.checkonchain.com/btconchain/realised/lthsopr_indicator/lthsopr_indicator_light.html,2026-10-06
2011-04-27,0.129131,https://charts-cdn.checkonchain.com/btconchain/realised/lthsopr_indicator/lthsopr_indicator_light.html,2026-10-06
2011-04-28,0.128500,https://charts-cdn.checkonchain.com/btconchain/realised/lthsopr_indicator/lthsopr_indicator_light.html,2026-10-06
2011-04-29,0.122061,https://charts-cdn.checkonchain.com/btconchain/realised/lthsopr_indicator/lthsopr_indicator_light.html,2026-10-06
2011-04-30,0.121562,https://charts-cdn.checkonchain.com/btconchain/realised/lthsopr_indicator/lthsopr_indicator_light.html,2026-10-06
2011-05-01,0.121327,https://charts-cdn.checkonchain.com/btconchain/realised/lthsopr_indicator/lthsopr_indicator_light.html,2026-10-06
2011-05-02,0.121079,https://charts-cdn.checkonchain.com/btconchain/realised/lthsopr_indicator/lthsopr_indicator_light.html,2026-10-06
2011-05-03,0.120559,https://charts-cdn.checkonchain.com/btconchain/realised/lthsopr_indicator/lthsopr_indicator_light.html,2026-10-06
2011-05-04,0.118891,https://charts-cdn.checkonchain.com/btconchain/realised/lthsopr_indicator/lthsopr_indicator_light.html,2026-10-06
2011-05-05,0.119008,https://charts-cdn.checkonchain.com/btconchain/realised/lthsopr_indicator/lthsopr_indicator_light.html,2026-10-06
2011-05-06,0.118562,https://charts-cdn.checkonchain.com/btconchain/realised/lthsopr_indicator/lthsopr_indicator_light.html,2026-10-06
2011-05-07,0.118585,https://charts-cdn.checkonchain.com/btconchain/realised/lthsopr_indicator/lthsopr_indicator_light.html,2026-10-06
2011-05-08,0.118304,https://charts-cdn.checkonchain.com/btconchain/realised/lthsopr_indicator/lthsopr_indicator_light.html,2026-10-06
2011-05-09,0.118341,https://charts-cdn.checkonchain.com/btconchain/realised/lthsopr_indicator/lthsopr_indicator_light.html,2026-10-06
2011-05-10,0.117717,https://charts-cdn.checkonchain.com/btconchain/realised/lthsopr_indicator/lthsopr_indicator_light.html,2026-10-06
2011-05-11,0.116804,https://charts-cdn.checkonchain.com/btconchain/realised/lthsopr_indicator/lthsopr_indicator_light.html,2026-10-06
2011-05-12,0.114946,https://charts-cdn.checkonchain.com/btconchain/realised/lthsopr_indicator/lthsopr_indicator_light.html,2026-10-06
2011-05-13,0.113699,https://charts-cdn.checkonchain.com/btconchain/realised/lthsopr_indicator/lthsopr_indicator_light.html,2026-10-06
2011-05-14,0.113293,https://charts-cdn.checkonchain.com/btconchain/realised/lthsopr_indicator/lthsopr_indicator_light.html,2026-10-06
2011-05-15,0.113081,https://charts-cdn.checkonchain.com/btconchain/realised/lthsopr_indicator/lthsopr_indicator_light.html,2026-10-06
2011-05-16,0.110605,https://charts-cdn.checkonchain.com/btconchain/realised/lthsopr_indicator/lthsopr_indicator_light.html,2026-10-06
2011-05-17,0.110676,https://charts-cdn.checkonchain.com/btconchain/realised/lthsopr_indicator/lthsopr_indicator_light.html,2026-10-06
2011-05-18,0.110757,https://charts-cdn.checkonchain.com/btconchain/realised/lthsopr_indicator/lthsopr_indicator_light.html,2026-10-06
2011-05-19,0.110123,https://charts-cdn.checkonchain.com/btconchain/realised/lthsopr_indicator/lthsopr_indicator_light.html,2026-10-06
2011-05-20,0.109928,https://charts-cdn.checkonchain.com/btconchain/realised/lthsopr_indicator/lthsopr_indicator_light.html,2026-10-06
2011-05-21,0.109449,https://charts-cdn.checkonchain.com/btconchain/realised/lthsopr_indicator/lthsopr_indicator_light.html,2026-10-06
2011-05-22,0.109620,https://charts-cdn.checkonchain.com/btconchain/realised/lthsopr_indicator/lthsopr_indicator_light.html,2026-10-06
2011-05-23,0.109800,https://charts-cdn.checkonchain.com/btconchain/realised/lthsopr_indicator/lthsopr_indicator_light.html,2026-10-06
2011-05-24,0.109621,https://charts-cdn.checkonchain.com/btconchain/realised/lthsopr_indicator/lthsopr_indicator_light.html,2026-10-06
2011-05-25,0.109681,https://charts-cdn.checkonchain.com/btconchain/realised/lthsopr_indicator/lthsopr_indicator_light.html,2026-10-06
2011-05-26,0.146390,https://charts-cdn.checkonchain.com/btconchain/realised/lthsopr_indicator/lthsopr_indicator_light.html,2026-10-06
2011-05-27,0.145896,https://charts-cdn.checkonchain.com/btconchain/realised/lthsopr_indicator/lthsopr_indicator_light.html,2026-10-06
2011-05-28,0.145880,https://charts-cdn.checkonchain.com/btconchain/realised/lthsopr_indicator/lthsopr_indicator_light.html,2026-10-06
2011-05-29,0.146066,https://charts-cdn.checkonchain.com/btconchain/realised/lthsopr_indicator/lthsopr_indicator_light.html,2026-10-06
2011-05-30,0.145709,https://charts-cdn.checkonchain.com/btconchain/realised/lthsopr_indicator/lthsopr_indicator_light.html,2026-10-06
2011-05-31,0.145549,https://charts-cdn.checkonchain.com/btconchain/realised/lthsopr_indicator/lthsopr_indicator_light.html,2026-10-06
2011-06-01,0.145523,https://charts-cdn.checkonchain.com/btconchain/realised/lthsopr_indicator/lthsopr_indicator_light.html,2026-10-06
2011-06-02,0.143366,https://charts-cdn.checkonchain.com/btconchain/realised/lthsopr_indicator/lthsopr_indicator_light.html,2026-10-06
2011-06-03,0.140045,https://charts-cdn.checkonchain.com/btconchain/realised/lthsopr_indicator/lthsopr_indicator_light.html,2026-10-06
2011-06-04,0.139929,https://charts-cdn.checkonchain.com/btconchain/realised/lthsopr_indicator/lthsopr_indicator_light.html,2026-10-06
2011-06-05,0.138345,https://charts-cdn.checkonchain.com/btconchain/realised/lthsopr_indicator/lthsopr_indicator_light.html,2026-10-06
2011-06-06,0.136450,https://charts-cdn.checkonchain.com/btconchain/realised/lthsopr_indicator/lthsopr_indicator_light.html,2026-10-06
2011-06-07,0.135951,https://charts-cdn.checkonchain.com/btconchain/realised/lthsopr_indicator/lthsopr_indicator_light.html,2026-10-06
2011-06-08,0.132025,https://charts-cdn.checkonchain.com/btconchain/realised/lthsopr_indicator/lthsopr_indicator_light.html,2026-10-06
2011-06-09,0.130459,https://charts-cdn.checkonchain.com/btconchain/realised/lthsopr_indicator/lthsopr_indicator_light.html,2026-10-06
2011-06-10,0.128327,https://charts-cdn.checkonchain.com/btconchain/realised/lthsopr_indicator/lthsopr_indicator_light.html,2026-10-06
2011-06-11,0.125540,https://charts-cdn.checkonchain.com/btconchain/realised/lthsopr_indicator/lthsopr_indicator_light.html,2026-10-06
2011-06-12,0.123811,https://charts-cdn.checkonchain.com/btconchain/realised/lthsopr_indicator/lthsopr_indicator_light.html,2026-10-06
2011-06-13,0.121617,https://charts-cdn.checkonchain.com/btconchain/realised/lthsopr_indicator/lthsopr_indicator_light.html,2026-10-06
2011-06-14,0.143688,https://charts-cdn.checkonchain.com/btconchain/realised/lthsopr_indicator/lthsopr_indicator_light.html,2026-10-06
2011-06-15,0.112382,https://charts-cdn.checkonchain.com/btconchain/realised/lthsopr_indicator/lthsopr_indicator_light.html,2026-10-06
2011-06-16,0.109976,https://charts-cdn.checkonchain.com/btconchain/realised/lthsopr_indicator/lthsopr_indicator_light.html,2026-10-06
2011-06-17,0.136612,https://charts-cdn.checkonchain.com/btconchain/realised/lthsopr_indicator/lthsopr_indicator_light.html,2026-10-06
2011-06-18,0.136752,https://charts-cdn.checkonchain.com/btconchain/realised/lthsopr_indicator/lthsopr_indicator_light.html,2026-10-06
2011-06-19,0.134160,https://charts-cdn.checkonchain.com/btconchain/realised/lthsopr_indicator/lthsopr_indicator_light.html,2026-10-06
2011-06-20,0.134221,https://charts-cdn.checkonchain.com/btconchain/realised/lthsopr_indicator/lthsopr_indicator_light.html,2026-10-06
2011-06-21,0.134344,https://charts-cdn.checkonchain.com/btconchain/realised/lthsopr_indicator/lthsopr_indicator_light.html,2026-10-06
2011-06-22,0.134740,https://charts-cdn.checkonchain.com/btconchain/realised/lthsopr_indicator/lthsopr_indicator_light.html,2026-10-06
2011-06-23,0.134746,https://charts-cdn.checkonchain.com/btconchain/realised/lthsopr_indicator/lthsopr_indicator_light.html,2026-10-06
2011-06-24,0.134728,https://charts-cdn.checkonchain.com/btconchain/realised/lthsopr_indicator/lthsopr_indicator_light.html,2026-10-06
2011-06-25,0.134836,https://charts-cdn.checkonchain.com/btconchain/realised/lthsopr_indicator/lthsopr_indicator_light.html,2026-10-06
2011-06-26,0.134117,https://charts-cdn.checkonchain.com/btconchain/realised/lthsopr_indicator/lthsopr_indicator_light.html,2026-10-06
2011-06-27,0.132615,https://charts-cdn.checkonchain.com/btconchain/realised/lthsopr_indicator/lthsopr_indicator_light.html,2026-10-06
2011-06-28,0.131812,https://charts-cdn.checkonchain.com/btconchain/realised/lthsopr_indicator/lthsopr_indicator_light.html,2026-10-06
2011-06-29,0.131727,https://charts-cdn.checkonchain.com/btconchain/realised/lthsopr_indicator/lthsopr_indicator_light.html,2026-10-06
2011-06-30,0.131718,https://charts-cdn.checkonchain.com/btconchain/realised/lthsopr_indicator/lthsopr_indicator_light.html,2026-10-06
2011-07-01,0.131821,https://charts-cdn.checkonchain.com/btconchain/realised/lthsopr_indicator/lthsopr_indicator_light.html,2026-10-06
2011-07-02,0.132024,https://charts-cdn.checkonchain.com/btconchain/realised/lthsopr_indicator/lthsopr_indicator_light.html,2026-10-06
2011-07-03,0.158602,https://charts-cdn.checkonchain.com/btconchain/realised/lthsopr_indicator/lthsopr_indicator_light.html,2026-10-06
2011-07-04,0.158786,https://charts-cdn.checkonchain.com/btconchain/realised/lthsopr_indicator/lthsopr_indicator_light.html,2026-10-06
2011-07-05,0.158101,https://charts-cdn.checkonchain.com/btconchain/realised/lthsopr_indicator/lthsopr_indicator_light.html,2026-10-06
2011-07-06,0.158256,https://charts-cdn.checkonchain.com/btconchain/realised/lthsopr_indicator/lthsopr_indicator_light.html,2026-10-06
2011-07-07,0.158378,https://charts-cdn.checkonchain.com/btconchain/realised/lthsopr_indicator/lthsopr_indicator_light.html,2026-10-06
2011-07-08,0.158557,https://charts-cdn.checkonchain.com/btconchain/realised/lthsopr_indicator/lthsopr_indicator_light.html,2026-10-06
2011-07-09,0.158817,https://charts-cdn.checkonchain.com/btconchain/realised/lthsopr_indicator/lthsopr_indicator_light.html,2026-10-06
2011-07-10,0.184676,https://charts-cdn.checkonchain.com/btconchain/realised/lthsopr_indicator/lthsopr_indicator_light.html,2026-10-06
2011-07-11,0.184651,https://charts-cdn.checkonchain.com/btconchain/realised/lthsopr_indicator/lthsopr_indicator_light.html,2026-10-06
2011-07-12,0.184845,https://charts-cdn.checkonchain.com/btconchain/realised/lthsopr_indicator/lthsopr_indicator_light.html,2026-10-06
2011-07-13,0.185224,https://charts-cdn.checkonchain.com/btconchain/realised/lthsopr_indicator/lthsopr_indicator_light.html,2026-10-06
2011-07-14,0.185424,https://charts-cdn.checkonchain.com/btconchain/realised/lthsopr_indicator/lthsopr_indicator_light.html,2026-10-06
2011-07-15,0.212265,https://charts-cdn.checkonchain.com/btconchain/realised/lthsopr_indicator/lthsopr_indicator_light.html,2026-10-06
2011-07-16,0.212645,https://charts-cdn.checkonchain.com/btconchain/realised/lthsopr_indicator/lthsopr_indicator_light.html,2026-10-06
2011-07-17,0.212915,https://charts-cdn.checkonchain.com/btconchain/realised/lthsopr_indicator/lthsopr_indicator_light.html,2026-10-06
2011-07-18,0.210805,https://charts-cdn.checkonchain.com/btconchain/realised/lthsopr_indicator/lthsopr_indicator_light.html,2026-10-06
2011-07-19,0.210854,https://charts-cdn.checkonchain.com/btconchain/realised/lthsopr_indicator/lthsopr_indicator_light.html,2026-10-06
2011-07-20,0.210346,https://charts-cdn.checkonchain.com/btconchain/realised/lthsopr_indicator/lthsopr_indicator_light.html,2026-10-06
2011-07-21,0.237080,https://charts-cdn.checkonchain.com/btconchain/realised/lthsopr_indicator/lthsopr_indicator_light.html,2026-10-06
2011-07-22,0.237464,https://charts-cdn.checkonchain.com/btconchain/realised/lthsopr_indicator/lthsopr_indicator_light.html,2026-10-06
2011-07-23,0.237872,https://charts-cdn.checkonchain.com/btconchain/realised/lthsopr_indicator/lthsopr_indicator_light.html,2026-10-06
2011-07-24,0.238253,https://charts-cdn.checkonchain.com/btconchain/realised/lthsopr_indicator/lthsopr_indicator_light.html,2026-10-06
2011-07-25,0.238600,https://charts-cdn.checkonchain.com/btconchain/realised/lthsopr_indicator/lthsopr_indicator_light.html,2026-10-06
2011-07-26,0.239043,https://charts-cdn.checkonchain.com/btconchain/realised/lthsopr_indicator/lthsopr_indicator_light.html,2026-10-06
2011-07-27,0.266076,https://charts-cdn.checkonchain.com/btconchain/realised/lthsopr_indicator/lthsopr_indicator_light.html,2026-10-06
2011-07-28,0.266261,https://charts-cdn.checkonchain.com/btconchain/realised/lthsopr_indicator/lthsopr_indicator_light.html,2026-10-06
2011-07-29,0.399969,https://charts-cdn.checkonchain.com/btconchain/realised/lthsopr_indicator/lthsopr_indicator_light.html,2026-10-06
2011-07-30,0.480201,https://charts-cdn.checkonchain.com/btconchain/realised/lthsopr_indicator/lthsopr_indicator_light.html,2026-10-06
2011-07-31,0.507344,https://charts-cdn.checkonchain.com/btconchain/realised/lthsopr_indicator/lthsopr_indicator_light.html,2026-10-06
2011-08-01,0.507830,https://charts-cdn.checkonchain.com/btconchain/realised/lthsopr_indicator/lthsopr_indicator_light.html,2026-10-06
2011-08-02,0.508213,https://charts-cdn.checkonchain.com/btconchain/realised/lthsopr_indicator/lthsopr_indicator_light.html,2026-10-06
2011-08-03,0.508301,https://charts-cdn.checkonchain.com/btconchain/realised/lthsopr_indicator/lthsopr_indicator_light.html,2026-10-06
2011-08-04,0.507904,https://charts-cdn.checkonchain.com/btconchain/realised/lthsopr_indicator/lthsopr_indicator_light.html,2026-10-06
2011-08-05,0.507949,https://charts-cdn.checkonchain.com/btconchain/realised/lthsopr_indicator/lthsopr_indicator_light.html,2026-10-06
2011-08-06,0.507449,https://charts-cdn.checkonchain.com/btconchain/realised/lthsopr_indicator/lthsopr_indicator_light.html,2026-10-06
2011-08-07,0.507519,https://charts-cdn.checkonchain.com/btconchain/realised/lthsopr_indicator/lthsopr_indicator_light.html,2026-10-06
2011-08-08,0.507185,https://charts-cdn.checkonchain.com/btconchain/realised/lthsopr_indicator/lthsopr_indicator_light.html,2026-10-06
2011-08-09,0.534713,https://charts-cdn.checkonchain.com/btconchain/realised/lthsopr_indicator/lthsopr_indicator_light.html,2026-10-06
2011-08-10,0.535466,https://charts-cdn.checkonchain.com/btconchain/realised/lthsopr_indicator/lthsopr_indicator_light.html,2026-10-06
2011-08-11,0.536055,https://charts-cdn.checkonchain.com/btconchain/realised/lthsopr_indicator/lthsopr_indicator_light.html,2026-10-06
2011-08-12,0.536862,https://charts-cdn.checkonchain.com/btconchain/realised/lthsopr_indicator/lthsopr_indicator_light.html,2026-10-06
2011-08-13,0.537358,https://charts-cdn.checkonchain.com/btconchain/realised/lthsopr_indicator/lthsopr_indicator_light.html,2026-10-06
2011-08-14,0.538041,https://charts-cdn.checkonchain.com/btconchain/realised/lthsopr_indicator/lthsopr_indicator_light.html,2026-10-06
2011-08-15,0.565364,https://charts-cdn.checkonchain.com/btconchain/realised/lthsopr_indicator/lthsopr_indicator_light.html,2026-10-06
2011-08-16,0.566164,https://charts-cdn.checkonchain.com/btconchain/realised/lthsopr_indicator/lthsopr_indicator_light.html,2026-10-06
2011-08-17,0.566797,https://charts-cdn.checkonchain.com/btconchain/realised/lthsopr_indicator/lthsopr_indicator_light.html,2026-10-06
2011-08-18,0.567297,https://charts-cdn.checkonchain.com/btconchain/realised/lthsopr_indicator/lthsopr_indicator_light.html,2026-10-06
2011-08-19,0.567930,https://charts-cdn.checkonchain.com/btconchain/realised/lthsopr_indicator/lthsopr_indicator_light.html,2026-10-06
2011-08-20,0.568685,https://charts-cdn.checkonchain.com/btconchain/realised/lthsopr_indicator/lthsopr_indicator_light.html,2026-10-06
2011-08-21,0.569765,https://charts-cdn.checkonchain.com/btconchain/realised/lthsopr_indicator/lthsopr_indicator_light.html,2026-10-06
2011-08-22,0.570631,https://charts-cdn.checkonchain.com/btconchain/realised/lthsopr_indicator/lthsopr_indicator_light.html,2026-10-06
2011-08-23,0.571590,https://charts-cdn.checkonchain.com/btconchain/realised/lthsopr_indicator/lthsopr_indicator_light.html,2026-10-06
2011-08-24,0.572266,https://charts-cdn.checkonchain.com/btconchain/realised/lthsopr_indicator/lthsopr_indicator_light.html,2026-10-06
2011-08-25,0.565937,https://charts-cdn.checkonchain.com/btconchain/realised/lthsopr_indicator/lthsopr_indicator_light.html,2026-10-06
2011-08-26,0.563832,https://charts-cdn.checkonchain.com/btconchain/realised/lthsopr_indicator/lthsopr_indicator_light.html,2026-10-06
2011-08-27,0.554901,https://charts-cdn.checkonchain.com/btconchain/realised/lthsopr_indicator/lthsopr_indicator_light.html,2026-10-06
2011-08-28,0.555172,https://charts-cdn.checkonchain.com/btconchain/realised/lthsopr_indicator/lthsopr_indicator_light.html,2026-10-06
2011-08-29,0.554699,https://charts-cdn.checkonchain.com/btconchain/realised/lthsopr_indicator/lthsopr_indicator_light.html,2026-10-06
2011-08-30,0.582111,https://charts-cdn.checkonchain.com/btconchain/realised/lthsopr_indicator/lthsopr_indicator_light.html,2026-10-06
2011-08-31,0.583114,https://charts-cdn.checkonchain.com/btconchain/realised/lthsopr_indicator/lthsopr_indicator_light.html,2026-10-06
2011-09-01,0.583904,https://charts-cdn.checkonchain.com/btconchain/realised/lthsopr_indicator/lthsopr_indicator_light.html,2026-10-06
2011-09-02,0.584024,https://charts-cdn.checkonchain.com/btconchain/realised/lthsopr_indicator/lthsopr_indicator_light.html,2026-10-06
2011-09-03,0.584990,https://charts-cdn.checkonchain.com/btconchain/realised/lthsopr_indicator/lthsopr_indicator_light.html,2026-10-06
2011-09-04,0.585797,https://charts-cdn.checkonchain.com/btconchain/realised/lthsopr_indicator/lthsopr_indicator_light.html,2026-10-06
2011-09-05,0.585742,https://charts-cdn.checkonchain.com/btconchain/realised/lthsopr_indicator/lthsopr_indicator_light.html,2026-10-06
2011-09-06,0.585481,https://charts-cdn.checkonchain.com/btconchain/realised/lthsopr_indicator/lthsopr_indicator_light.html,2026-10-06
2011-09-07,0.585086,https://charts-cdn.checkonchain.com/btconchain/realised/lthsopr_indicator/lthsopr_indicator_light.html,2026-10-06
2011-09-08,0.584875,https://charts-cdn.checkonchain.com/btconchain/realised/lthsopr_indicator/lthsopr_indicator_light.html,2026-10-06
2011-09-09,0.582600,https://charts-cdn.checkonchain.com/btconchain/realised/lthsopr_indicator/lthsopr_indicator_light.html,2026-10-06
2011-09-10,0.583481,https://charts-cdn.checkonchain.com/btconchain/realised/lthsopr_indicator/lthsopr_indicator_light.html,2026-10-06
2011-09-11,0.580000,https://charts-cdn.checkonchain.com/btconchain/realised/lthsopr_indicator/lthsopr_indicator_light.html,2026-10-06
2011-09-12,0.580100,https://charts-cdn.checkonchain.com/btconchain/realised/lthsopr_indicator/lthsopr_indicator_light.html,2026-10-06
2011-09-13,0.578018,https://charts-cdn.checkonchain.com/btconchain/realised/lthsopr_indicator/lthsopr_indicator_light.html,2026-10-06
2011-09-14,0.577430,https://charts-cdn.checkonchain.com/btconchain/realised/lthsopr_indicator/lthsopr_indicator_light.html,2026-10-06
2011-09-15,0.578466,https://charts-cdn.checkonchain.com/btconchain/realised/lthsopr_indicator/lthsopr_indicator_light.html,2026-10-06
2011-09-16,0.578728,https://charts-cdn.checkonchain.com/btconchain/realised/lthsopr_indicator/lthsopr_indicator_light.html,2026-10-06
2011-09-17,0.579119,https://charts-cdn.checkonchain.com/btconchain/realised/lthsopr_indicator/lthsopr_indicator_light.html,2026-10-06
2011-09-18,0.580191,https://charts-cdn.checkonchain.com/btconchain/realised/lthsopr_indicator/lthsopr_indicator_light.html,2026-10-06
2011-09-19,0.607268,https://charts-cdn.checkonchain.com/btconchain/realised/lthsopr_indicator/lthsopr_indicator_light.html,2026-10-06
2011-09-20,0.607444,https://charts-cdn.checkonchain.com/btconchain/realised/lthsopr_indicator/lthsopr_indicator_light.html,2026-10-06
2011-09-21,0.608409,https://charts-cdn.checkonchain.com/btconchain/realised/lthsopr_indicator/lthsopr_indicator_light.html,2026-10-06
2011-09-22,0.609332,https://charts-cdn.checkonchain.com/btconchain/realised/lthsopr_indicator/lthsopr_indicator_light.html,2026-10-06
2011-09-23,0.636160,https://charts-cdn.checkonchain.com/btconchain/realised/lthsopr_indicator/lthsopr_indicator_light.html,2026-10-06
2011-09-24,0.637181,https://charts-cdn.checkonchain.com/btconchain/realised/lthsopr_indicator/lthsopr_indicator_light.html,2026-10-06
2011-09-25,0.663543,https://charts-cdn.checkonchain.com/btconchain/realised/lthsopr_indicator/lthsopr_indicator_light.html,2026-10-06
2011-09-26,0.664468,https://charts-cdn.checkonchain.com/btconchain/realised/lthsopr_indicator/lthsopr_indicator_light.html,2026-10-06
2011-09-27,0.664850,https://charts-cdn.checkonchain.com/btconchain/realised/lthsopr_indicator/lthsopr_indicator_light.html,2026-10-06
2011-09-28,0.692457,https://charts-cdn.checkonchain.com/btconchain/realised/lthsopr_indicator/lthsopr_indicator_light.html,2026-10-06
2011-09-29,0.693516,https://charts-cdn.checkonchain.com/btconchain/realised/lthsopr_indicator/lthsopr_indicator_light.html,2026-10-06
2011-09-30,0.720563,https://charts-cdn.checkonchain.com/btconchain/realised/lthsopr_indicator/lthsopr_indicator_light.html,2026-10-06
2011-10-01,0.934879,https://charts-cdn.checkonchain.com/btconchain/realised/lthsopr_indicator/lthsopr_indicator_light.html,2026-10-06
2011-10-02,0.962582,https://charts-cdn.checkonchain.com/btconchain/realised/lthsopr_indicator/lthsopr_indicator_light.html,2026-10-06
2011-10-03,0.964127,https://charts-cdn.checkonchain.com/btconchain/realised/lthsopr_indicator/lthsopr_indicator_light.html,2026-10-06
2011-10-04,0.991709,https://charts-cdn.checkonchain.com/btconchain/realised/lthsopr_indicator/lthsopr_indicator_light.html,2026-10-06
2011-10-05,0.993223,https://charts-cdn.checkonchain.com/btconchain/realised/lthsopr_indicator/lthsopr_indicator_light.html,2026-10-06
2011-10-06,1.014729,https://charts-cdn.checkonchain.com/btconchain/realised/lthsopr_indicator/lthsopr_indicator_light.html,2026-10-06
2011-10-07,1.042446,https://charts-cdn.checkonchain.com/btconchain/realised/lthsopr_indicator/lthsopr_indicator_light.html,2026-10-06
2011-10-08,1.097228,https://charts-cdn.checkonchain.com/btconchain/realised/lthsopr_indicator/lthsopr_indicator_light.html,2026-10-06
2011-10-09,1.123978,https://charts-cdn.checkonchain.com/btconchain/realised/lthsopr_indicator/lthsopr_indicator_light.html,2026-10-06
2011-10-10,1.151645,https://charts-cdn.checkonchain.com/btconchain/realised/lthsopr_indicator/lthsopr_indicator_light.html,2026-10-06
2011-10-11,1.178634,https://charts-cdn.checkonchain.com/btconchain/realised/lthsopr_indicator/lthsopr_indicator_light.html,2026-10-06
2011-10-12,1.206125,https://charts-cdn.checkonchain.com/btconchain/realised/lthsopr_indicator/lthsopr_indicator_light.html,2026-10-06
2011-10-13,1.260697,https://charts-cdn.checkonchain.com/btconchain/realised/lthsopr_indicator/lthsopr_indicator_light.html,2026-10-06
2011-10-14,1.342432,https://charts-cdn.checkonchain.com/btconchain/realised/lthsopr_indicator/lthsopr_indicator_light.html,2026-10-06
2011-10-15,1.344082,https://charts-cdn.checkonchain.com/btconchain/realised/lthsopr_indicator/lthsopr_indicator_light.html,2026-10-06
2011-10-16,1.397788,https://charts-cdn.checkonchain.com/btconchain/realised/lthsopr_indicator/lthsopr_indicator_light.html,2026-10-06
2011-10-17,1.419381,https://charts-cdn.checkonchain.com/btconchain/realised/lthsopr_indicator/lthsopr_indicator_light.html,2026-10-06
2011-10-18,1.445270,https://charts-cdn.checkonchain.com/btconchain/realised/lthsopr_indicator/lthsopr_indicator_light.html,2026-10-06
2011-10-19,1.417822,https://charts-cdn.checkonchain.com/btconchain/realised/lthsopr_indicator/lthsopr_indicator_light.html,2026-10-06
2011-10-20,1.446278,https://charts-cdn.checkonchain.com/btconchain/realised/lthsopr_indicator/lthsopr_indicator_light.html,2026-10-06
2011-10-21,1.501638,https://charts-cdn.checkonchain.com/btconchain/realised/lthsopr_indicator/lthsopr_indicator_light.html,2026-10-06
2011-10-22,1.554033,https://charts-cdn.checkonchain.com/btconchain/realised/lthsopr_indicator/lthsopr_indicator_light.html,2026-10-06
2011-10-23,1.582335,https://charts-cdn.checkonchain.com/btconchain/realised/lthsopr_indicator/lthsopr_indicator_light.html,2026-10-06
2011-10-24,1.638318,https://charts-cdn.checkonchain.com/btconchain/realised/lthsopr_indicator/lthsopr_indicator_light.html,2026-10-06
2011-10-25,1.667568,https://charts-cdn.checkonchain.com/btconchain/realised/lthsopr_indicator/lthsopr_indicator_light.html,2026-10-06
2011-10-26,1.749162,https://charts-cdn.checkonchain.com/btconchain/realised/lthsopr_indicator/lthsopr_indicator_light.html,2026-10-06
2011-10-27,1.829340,https://charts-cdn.checkonchain.com/btconchain/realised/lthsopr_indicator/lthsopr_indicator_light.html,2026-10-06
2011-10-28,1.938813,https://charts-cdn.checkonchain.com/btconchain/realised/lthsopr_indicator/lthsopr_indicator_light.html,2026-10-06
2011-10-29,1.994678,https://charts-cdn.checkonchain.com/btconchain/realised/lthsopr_indicator/lthsopr_indicator_light.html,2026-10-06
2011-10-30,2.048204,https://charts-cdn.checkonchain.com/btconchain/realised/lthsopr_indicator/lthsopr_indicator_light.html,2026-10-06
2011-10-31,2.672017,https://charts-cdn.checkonchain.com/btconchain/realised/lthsopr_indicator/lthsopr_indicator_light.html,2026-10-06
2011-11-01,2.861969,https://charts-cdn.checkonchain.com/btconchain/realised/lthsopr_indicator/lthsopr_indicator_light.html,2026-10-06
2011-11-02,3.137613,https://charts-cdn.checkonchain.com/btconchain/realised/lthsopr_indicator/lthsopr_indicator_light.html,2026-10-06
2011-11-03,3.242492,https://charts-cdn.checkonchain.com/btconchain/realised/lthsopr_indicator/lthsopr_indicator_light.html,2026-10-06
2011-11-04,3.377602,https://charts-cdn.checkonchain.com/btconchain/realised/lthsopr_indicator/lthsopr_indicator_light.html,2026-10-06
2011-11-05,4.601209,https://charts-cdn.checkonchain.com/btconchain/realised/lthsopr_indicator/lthsopr_indicator_light.html,2026-10-06
2011-11-06,5.287006,https://charts-cdn.checkonchain.com/btconchain/realised/lthsopr_indicator/lthsopr_indicator_light.html,2026-10-06
2011-11-07,5.646189,https://charts-cdn.checkonchain.com/btconchain/realised/lthsopr_indicator/lthsopr_indicator_light.html,2026-10-06
2011-11-08,5.816095,https://charts-cdn.checkonchain.com/btconchain/realised/lthsopr_indicator/lthsopr_indicator_light.html,2026-10-06
2011-11-09,5.981305,https://charts-cdn.checkonchain.com/btconchain/realised/lthsopr_indicator/lthsopr_indicator_light.html,2026-10-06
2011-11-10,6.132612,https://charts-cdn.checkonchain.com/btconchain/realised/lthsopr_indicator/lthsopr_indicator_light.html,2026-10-06
2011-11-11,8.211094,https://charts-cdn.checkonchain.com/btconchain/realised/lthsopr_indicator/lthsopr_indicator_light.html,2026-10-06
2011-11-12,8.579073,https://charts-cdn.checkonchain.com/btconchain/realised/lthsopr_indicator/lthsopr_indicator_light.html,2026-10-06
2011-11-13,9.265381,https://charts-cdn.checkonchain.com/btconchain/realised/lthsopr_indicator/lthsopr_indicator_light.html,2026-10-06
2011-11-14,9.387422,https://charts-cdn.checkonchain.com/btconchain/realised/lthsopr_indicator/lthsopr_indicator_light.html,2026-10-06
2011-11-15,9.486640,https://charts-cdn.checkonchain.com/btconchain/realised/lthsopr_indicator/lthsopr_indicator_light.html,2026-10-06
2011-11-16,9.890863,https://charts-cdn.checkonchain.com/btconchain/realised/lthsopr_indicator/lthsopr_indicator_light.html,2026-10-06
2011-11-17,9.992459,https://charts-cdn.checkonchain.com/btconchain/realised/lthsopr_indicator/lthsopr_indicator_light.html,2026-10-06
2011-11-18,10.273095,https://charts-cdn.checkonchain.com/btconchain/realised/lthsopr_indicator/lthsopr_indicator_light.html,2026-10-06
2011-11-19,10.438291,https://charts-cdn.checkonchain.com/btconchain/realised/lthsopr_indicator/lthsopr_indicator_light.html,2026-10-06
2011-11-20,10.510373,https://charts-cdn.checkonchain.com/btconchain/realised/lthsopr_indicator/lthsopr_indicator_light.html,2026-10-06
2011-11-21,10.733779,https://charts-cdn.checkonchain.com/btconchain/realised/lthsopr_indicator/lthsopr_indicator_light.html,2026-10-06
2011-11-22,10.817343,https://charts-cdn.checkonchain.com/btconchain/realised/lthsopr_indicator/lthsopr_indicator_light.html,2026-10-06
2011-11-23,11.008787,https://charts-cdn.checkonchain.com/btconchain/realised/lthsopr_indicator/lthsopr_indicator_light.html,2026-10-06
2011-11-24,11.390768,https://charts-cdn.checkonchain.com/btconchain/realised/lthsopr_indicator/lthsopr_indicator_light.html,2026-10-06
2011-11-25,11.552854,https://charts-cdn.checkonchain.com/btconchain/realised/lthsopr_indicator/lthsopr_indicator_light.html,2026-10-06
2011-11-26,11.597844,https://charts-cdn.checkonchain.com/btconchain/realised/lthsopr_indicator/lthsopr_indicator_light.html,2026-10-06
2011-11-27,11.763965,https://charts-cdn.checkonchain.com/btconchain/realised/lthsopr_indicator/lthsopr_indicator_light.html,2026-10-06
2011-11-28,11.850415,https://charts-cdn.checkonchain.com/btconchain/realised/lthsopr_indicator/lthsopr_indicator_light.html,2026-10-06
2011-11-29,12.109377,https://charts-cdn.checkonchain.com/btconchain/realised/lthsopr_indicator/lthsopr_indicator_light.html,2026-10-06
2011-11-30,12.172963,https://charts-cdn.checkonchain.com/btconchain/realised/lthsopr_indicator/lthsopr_indicator_light.html,2026-10-06
2011-12-01,12.227552,https://charts-cdn.checkonchain.com/btconchain/realised/lthsopr_indicator/lthsopr_indicator_light.html,2026-10-06
2011-12-02,12.344397,https://charts-cdn.checkonchain.com/btconchain/realised/lthsopr_indicator/lthsopr_indicator_light.html,2026-10-06
2011-12-03,12.411390,https://charts-cdn.checkonchain.com/btconchain/realised/lthsopr_indicator/lthsopr_indicator_light.html,2026-10-06
2011-12-04,12.447146,https://charts-cdn.checkonchain.com/btconchain/realised/lthsopr_indicator/lthsopr_indicator_light.html,2026-10-06
2011-12-05,12.473454,https://charts-cdn.checkonchain.com/btconchain/realised/lthsopr_indicator/lthsopr_indicator_light.html,2026-10-06
2011-12-06,12.489834,https://charts-cdn.checkonchain.com/btconchain/realised/lthsopr_indicator/lthsopr_indicator_light.html,2026-10-06
2011-12-07,12.560639,https://charts-cdn.checkonchain.com/btconchain/realised/lthsopr_indicator/lthsopr_indicator_light.html,2026-10-06
2011-12-08,12.619102,https://charts-cdn.checkonchain.com/btconchain/realised/lthsopr_indicator/lthsopr_indicator_light.html,2026-10-06
2011-12-09,12.688099,https://charts-cdn.checkonchain.com/btconchain/realised/lthsopr_indicator/lthsopr_indicator_light.html,2026-10-06
2011-12-10,12.756010,https://charts-cdn.checkonchain.com/btconchain/realised/lthsopr_indicator/lthsopr_indicator_light.html,2026-10-06
2011-12-11,12.804929,https://charts-cdn.checkonchain.com/btconchain/realised/lthsopr_indicator/lthsopr_indicator_light.html,2026-10-06
2011-12-12,12.843480,https://charts-cdn.checkonchain.com/btconchain/realised/lthsopr_indicator/lthsopr_indicator_light.html,2026-10-06
2011-12-13,12.884477,https://charts-cdn.checkonchain.com/btconchain/realised/lthsopr_indicator/lthsopr_indicator_light.html,2026-10-06
2011-12-14,12.923376,https://charts-cdn.checkonchain.com/btconchain/realised/lthsopr_indicator/lthsopr_indicator_light.html,2026-10-06
2011-12-15,12.983799,https://charts-cdn.checkonchain.com/btconchain/realised/lthsopr_indicator/lthsopr_indicator_light.html,2026-10-06
2011-12-16,13.005535,https://charts-cdn.checkonchain.com/btconchain/realised/lthsopr_indicator/lthsopr_indicator_light.html,2026-10-06
2011-12-17,13.050589,https://charts-cdn.checkonchain.com/btconchain/realised/lthsopr_indicator/lthsopr_indicator_light.html,2026-10-06
2011-12-18,13.121550,https://charts-cdn.checkonchain.com/btconchain/realised/lthsopr_indicator/lthsopr_indicator_light.html,2026-10-06
2011-12-19,13.140011,https://charts-cdn.checkonchain.com/btconchain/realised/lthsopr_indicator/lthsopr_indicator_light.html,2026-10-06
2011-12-20,13.136024,https://charts-cdn.checkonchain.com/btconchain/realised/lthsopr_indicator/lthsopr_indicator_light.html,2026-10-06
2011-12-21,13.177529,https://charts-cdn.checkonchain.com/btconchain/realised/lthsopr_indicator/lthsopr_indicator_light.html,2026-10-06
2011-12-22,13.245339,https://charts-cdn.checkonchain.com/btconchain/realised/lthsopr_indicator/lthsopr_indicator_light.html,2026-10-06
2011-12-23,13.286938,https://charts-cdn.checkonchain.com/btconchain/realised/lthsopr_indicator/lthsopr_indicator_light.html,2026-10-06
2011-12-24,13.324788,https://charts-cdn.checkonchain.com/btconchain/realised/lthsopr_indicator/lthsopr_indicator_light.html,2026-10-06
2011-12-25,13.391960,https://charts-cdn.checkonchain.com/btconchain/realised/lthsopr_indicator/lthsopr_indicator_light.html,2026-10-06
2011-12-26,13.429053,https://charts-cdn.checkonchain.com/btconchain/realised/lthsopr_indicator/lthsopr_indicator_light.html,2026-10-06
2011-12-27,13.525178,https://charts-cdn.checkonchain.com/btconchain/realised/lthsopr_indicator/lthsopr_indicator_light.html,2026-10-06
2011-12-28,13.555000,https://charts-cdn.checkonchain.com/btconchain/realised/lthsopr_indicator/lthsopr_indicator_light.html,2026-10-06
2011-12-29,13.589599,https://charts-cdn.checkonchain.com/btconchain/realised/lthsopr_indicator/lthsopr_indicator_light.html,2026-10-06
2011-12-30,13.629147,https://charts-cdn.checkonchain.com/btconchain/realised/lthsopr_indicator/lthsopr_indicator_light.html,2026-10-06
2011-12-31,13.697988,https://charts-cdn.checkonchain.com/btconchain/realised/lthsopr_indicator/lthsopr_indicator_light.html,2026-10-06
2012-01-01,13.668265,https://charts-cdn.checkonchain.com/btconchain/realised/lthsopr_indicator/lthsopr_indicator_light.html,2026-10-06
2012-01-02,13.614531,https://charts-cdn.checkonchain.com/btconchain/realised/lthsopr_indicator/lthsopr_indicator_light.html,2026-10-06
2012-01-03,13.651301,https://charts-cdn.checkonchain.com/btconchain/realised/lthsopr_indicator/lthsopr_indicator_light.html,2026-10-06
2012-01-04,13.661884,https://charts-cdn.checkonchain.com/btconchain/realised/lthsopr_indicator/lthsopr_indicator_light.html,2026-10-06
2012-01-05,13.731022,https://charts-cdn.checkonchain.com/btconchain/realised/lthsopr_indicator/lthsopr_indicator_light.html,2026-10-06
2012-01-06,13.738815,https://charts-cdn.checkonchain.com/btconchain/realised/lthsopr_indicator/lthsopr_indicator_light.html,2026-10-06
2012-01-07,13.752914,https://charts-cdn.checkonchain.com/btconchain/realised/lthsopr_indicator/lthsopr_indicator_light.html,2026-10-06
2012-01-08,13.758765,https://charts-cdn.checkonchain.com/btconchain/realised/lthsopr_indicator/lthsopr_indicator_light.html,2026-10-06
2012-01-09,13.762258,https://charts-cdn.checkonchain.com/btconchain/realised/lthsopr_indicator/lthsopr_indicator_light.html,2026-10-06
2012-01-10,13.699062,https://charts-cdn.checkonchain.com/btconchain/realised/lthsopr_indicator/lthsopr_indicator_light.html,2026-10-06
2012-01-11,13.739531,https://charts-cdn.checkonchain.com/btconchain/realised/lthsopr_indicator/lthsopr_indicator_light.html,2026-10-06
2012-01-12,13.729752,https://charts-cdn.checkonchain.com/btconchain/realised/lthsopr_indicator/lthsopr_indicator_light.html,2026-10-06
2012-01-13,13.759606,https://charts-cdn.checkonchain.com/btconchain/realised/lthsopr_indicator/lthsopr_indicator_light.html,2026-10-06
2012-01-14,13.769680,https://charts-cdn.checkonchain.com/btconchain/realised/lthsopr_indicator/lthsopr_indicator_light.html,2026-10-06
2012-01-15,13.749162,https://charts-cdn.checkonchain.com/btconchain/realised/lthsopr_indicator/lthsopr_indicator_light.html,2026-10-06
2012-01-16,13.892971,https://charts-cdn.checkonchain.com/btconchain/realised/lthsopr_indicator/lthsopr_indicator_light.html,2026-10-06
2012-01-17,13.891803,https://charts-cdn.checkonchain.com/btconchain/realised/lthsopr_indicator/lthsopr_indicator_light.html,2026-10-06
2012-01-18,13.895420,https://charts-cdn.checkonchain.com/btconchain/realised/lthsopr_indicator/lthsopr_indicator_light.html,2026-10-06
2012-01-19,13.923114,https://charts-cdn.checkonchain.com/btconchain/realised/lthsopr_indicator/lthsopr_indicator_light.html,2026-10-06
2012-01-20,13.935231,https://charts-cdn.checkonchain.com/btconchain/realised/lthsopr_indicator/lthsopr_indicator_light.html,2026-10-06
2012-01-21,13.954365,https://charts-cdn.checkonchain.com/btconchain/realised/lthsopr_indicator/lthsopr_indicator_light.html,2026-10-06
2012-01-22,14.126930,https://charts-cdn.checkonchain.com/btconchain/realised/lthsopr_indicator/lthsopr_indicator_light.html,2026-10-06
2012-01-23,14.147007,https://charts-cdn.checkonchain.com/btconchain/realised/lthsopr_indicator/lthsopr_indicator_light.html,2026-10-06
2012-01-24,14.157501,https://charts-cdn.checkonchain.com/btconchain/realised/lthsopr_indicator/lthsopr_indicator_light.html,2026-10-06
2012-01-25,14.192710,https://charts-cdn.checkonchain.com/btconchain/realised/lthsopr_indicator/lthsopr_indicator_light.html,2026-10-06
2012-01-26,14.189283,https://charts-cdn.checkonchain.com/btconchain/realised/lthsopr_indicator/lthsopr_indicator_light.html,2026-10-06
2012-01-27,14.199725,https://charts-cdn.checkonchain.com/btconchain/realised/lthsopr_indicator/lthsopr_indicator_light.html,2026-10-06
2012-01-28,14.208639,https://charts-cdn.checkonchain.com/btconchain/realised/lthsopr_indicator/lthsopr_indicator_light.html,2026-10-06
2012-01-29,14.224475,https://charts-cdn.checkonchain.com/btconchain/realised/lthsopr_indicator/lthsopr_indicator_light.html,2026-10-06
2012-01-30,14.269608,https://charts-cdn.checkonchain.com/btconchain/realised/lthsopr_indicator/lthsopr_indicator_light.html,2026-10-06
2012-01-31,14.280543,https://charts-cdn.checkonchain.com/btconchain/realised/lthsopr_indicator/lthsopr_indicator_light.html,2026-10-06
2012-02-01,14.287185,https://charts-cdn.checkonchain.com/btconchain/realised/lthsopr_indicator/lthsopr_indicator_light.html,2026-10-06
2012-02-02,14.300597,https://charts-cdn.checkonchain.com/btconchain/realised/lthsopr_indicator/lthsopr_indicator_light.html,2026-10-06
2012-02-03,14.316930,https://charts-cdn.checkonchain.com/btconchain/realised/lthsopr_indicator/lthsopr_indicator_light.html,2026-10-06
2012-02-04,14.353508,https://charts-cdn.checkonchain.com/btconchain/realised/lthsopr_indicator/lthsopr_indicator_light.html,2026-10-06
2012-02-05,14.368632,https://charts-cdn.checkonchain.com/btconchain/realised/lthsopr_indicator/lthsopr_indicator_light.html,2026-10-06
2012-02-06,14.352263,https://charts-cdn.checkonchain.com/btconchain/realised/lthsopr_indicator/lthsopr_indicator_light.html,2026-10-06
2012-02-07,14.361719,https://charts-cdn.checkonchain.com/btconchain/realised/lthsopr_indicator/lthsopr_indicator_light.html,2026-10-06
2012-02-08,14.376884,https://charts-cdn.checkonchain.com/btconchain/realised/lthsopr_indicator/lthsopr_indicator_light.html,2026-10-06
2012-02-09,14.395667,https://charts-cdn.checkonchain.com/btconchain/realised/lthsopr_indicator/lthsopr_indicator_light.html,2026-10-06
2012-02-10,14.374694,https://charts-cdn.checkonchain.com/btconchain/realised/lthsopr_indicator/lthsopr_indicator_light.html,2026-10-06
2012-02-11,14.327947,https://charts-cdn.checkonchain.com/btconchain/realised/lthsopr_indicator/lthsopr_indicator_light.html,2026-10-06
2012-02-12,14.343341,https://charts-cdn.checkonchain.com/btconchain/realised/lthsopr_indicator/lthsopr_indicator_light.html,2026-10-06
2012-02-13,14.085918,https://charts-cdn.checkonchain.com/btconchain/realised/lthsopr_indicator/lthsopr_indicator_light.html,2026-10-06
2012-02-14,13.807274,https://charts-cdn.checkonchain.com/btconchain/realised/lthsopr_indicator/lthsopr_indicator_light.html,2026-10-06
2012-02-15,13.816074,https://charts-cdn.checkonchain.com/btconchain/realised/lthsopr_indicator/lthsopr_indicator_light.html,2026-10-06
2012-02-16,13.819044,https://charts-cdn.checkonchain.com/btconchain/realised/lthsopr_indicator/lthsopr_indicator_light.html,2026-10-06
2012-02-17,13.835449,https://charts-cdn.checkonchain.com/btconchain/realised/lthsopr_indicator/lthsopr_indicator_light.html,2026-10-06
2012-02-18,13.817364,https://charts-cdn.checkonchain.com/btconchain/realised/lthsopr_indicator/lthsopr_indicator_light.html,2026-10-06
2012-02-19,13.836164,https://charts-cdn.checkonchain.com/btconchain/realised/lthsopr_indicator/lthsopr_indicator_light.html,2026-10-06
2012-02-20,13.849195,https://charts-cdn.checkonchain.com/btconchain/realised/lthsopr_indicator/lthsopr_indicator_light.html,2026-10-06
2012-02-21,13.861118,https://charts-cdn.checkonchain.com/btconchain/realised/lthsopr_indicator/lthsopr_indicator_light.html,2026-10-06
2012-02-22,13.873985,https://charts-cdn.checkonchain.com/btconchain/realised/lthsopr_indicator/lthsopr_indicator_light.html,2026-10-06
2012-02-23,13.862130,https://charts-cdn.checkonchain.com/btconchain/realised/lthsopr_indicator/lthsopr_indicator_light.html,2026-10-06
2012-02-24,13.863284,https://charts-cdn.checkonchain.com/btconchain/realised/lthsopr_indicator/lthsopr_indicator_light.html,2026-10-06
2012-02-25,13.879067,https://charts-cdn.checkonchain.com/btconchain/realised/lthsopr_indicator/lthsopr_indicator_light.html,2026-10-06
2012-02-26,13.895500,https://charts-cdn.checkonchain.com/btconchain/realised/lthsopr_indicator/lthsopr_indicator_light.html,2026-10-06
2012-02-27,13.910328,https://charts-cdn.checkonchain.com/btconchain/realised/lthsopr_indicator/lthsopr_indicator_light.html,2026-10-06
2012-02-28,13.923812,https://charts-cdn.checkonchain.com/btconchain/realised/lthsopr_indicator/lthsopr_indicator_light.html,2026-10-06
2012-02-29,13.747709,https://charts-cdn.checkonchain.com/btconchain/realised/lthsopr_indicator/lthsopr_indicator_light.html,2026-10-06
2012-03-01,13.754354,https://charts-cdn.checkonchain.com/btconchain/realised/lthsopr_indicator/lthsopr_indicator_light.html,2026-10-06
2012-03-02,13.758022,https://charts-cdn.checkonchain.com/btconchain/realised/lthsopr_indicator/lthsopr_indicator_light.html,2026-10-06
2012-03-03,13.754747,https://charts-cdn.checkonchain.com/btconchain/realised/lthsopr_indicator/lthsopr_indicator_light.html,2026-10-06
2012-03-04,13.735215,https://charts-cdn.checkonchain.com/btconchain/realised/lthsopr_indicator/lthsopr_indicator_light.html,2026-10-06
2012-03-05,13.748318,https://charts-cdn.checkonchain.com/btconchain/realised/lthsopr_indicator/lthsopr_indicator_light.html,2026-10-06
2012-03-06,13.761000,https://charts-cdn.checkonchain.com/btconchain/realised/lthsopr_indicator/lthsopr_indicator_light.html,2026-10-06
2012-03-07,13.776245,https://charts-cdn.checkonchain.com/btconchain/realised/lthsopr_indicator/lthsopr_indicator_light.html,2026-10-06
2012-03-08,13.760885,https://charts-cdn.checkonchain.com/btconchain/realised/lthsopr_indicator/lthsopr_indicator_light.html,2026-10-06
2012-03-09,13.775527,https://charts-cdn.checkonchain.com/btconchain/realised/lthsopr_indicator/lthsopr_indicator_light.html,2026-10-06
2012-03-10,13.788054,https://charts-cdn.checkonchain.com/btconchain/realised/lthsopr_indicator/lthsopr_indicator_light.html,2026-10-06
2012-03-11,13.768456,https://charts-cdn.checkonchain.com/btconchain/realised/lthsopr_indicator/lthsopr_indicator_light.html,2026-10-06
2012-03-12,13.786105,https://charts-cdn.checkonchain.com/btconchain/realised/lthsopr_indicator/lthsopr_indicator_light.html,2026-10-06
2012-03-13,13.796517,https://charts-cdn.checkonchain.com/btconchain/realised/lthsopr_indicator/lthsopr_indicator_light.html,2026-10-06
2012-03-14,13.771402,https://charts-cdn.checkonchain.com/btconchain/realised/lthsopr_indicator/lthsopr_indicator_light.html,2026-10-06
2012-03-15,13.754155,https://charts-cdn.checkonchain.com/btconchain/realised/lthsopr_indicator/lthsopr_indicator_light.html,2026-10-06
2012-03-16,13.744277,https://charts-cdn.checkonchain.com/btconchain/realised/lthsopr_indicator/lthsopr_indicator_light.html,2026-10-06
2012-03-17,13.733942,https://charts-cdn.checkonchain.com/btconchain/realised/lthsopr_indicator/lthsopr_indicator_light.html,2026-10-06
2012-03-18,13.701416,https://charts-cdn.checkonchain.com/btconchain/realised/lthsopr_indicator/lthsopr_indicator_light.html,2026-10-06
2012-03-19,13.683626,https://charts-cdn.checkonchain.com/btconchain/realised/lthsopr_indicator/lthsopr_indicator_light.html,2026-10-06
2012-03-20,13.693737,https://charts-cdn.checkonchain.com/btconchain/realised/lthsopr_indicator/lthsopr_indicator_light.html,2026-10-06
2012-03-21,13.643175,https://charts-cdn.checkonchain.com/btconchain/realised/lthsopr_indicator/lthsopr_indicator_light.html,2026-10-06
2012-03-22,13.656493,https://charts-cdn.checkonchain.com/btconchain/realised/lthsopr_indicator/lthsopr_indicator_light.html,2026-10-06
2012-03-23,13.642930,https://charts-cdn.checkonchain.com/btconchain/realised/lthsopr_indicator/lthsopr_indicator_light.html,2026-10-06
2012-03-24,13.632447,https://charts-cdn.checkonchain.com/btconchain/realised/lthsopr_indicator/lthsopr_indicator_light.html,2026-10-06
2012-03-25,13.646645,https://charts-cdn.checkonchain.com/btconchain/realised/lthsopr_indicator/lthsopr_indicator_light.html,2026-10-06
2012-03-26,13.632786,https://charts-cdn.checkonchain.com/btconchain/realised/lthsopr_indicator/lthsopr_indicator_light.html,2026-10-06
2012-03-27,13.617299,https://charts-cdn.checkonchain.com/btconchain/realised/lthsopr_indicator/lthsopr_indicator_light.html,2026-10-06
2012-03-28,13.629412,https://charts-cdn.checkonchain.com/btconchain/realised/lthsopr_indicator/lthsopr_indicator_light.html,2026-10-06
2012-03-29,13.639121,https://charts-cdn.checkonchain.com/btconchain/realised/lthsopr_indicator/lthsopr_indicator_light.html,2026-10-06
2012-03-30,13.206035,https://charts-cdn.checkonchain.com/btconchain/realised/lthsopr_indicator/lthsopr_indicator_light.html,2026-10-06
2012-03-31,13.223848,https://charts-cdn.checkonchain.com/btconchain/realised/lthsopr_indicator/lthsopr_indicator_light.html,2026-10-06
2012-04-01,13.237807,https://charts-cdn.checkonchain.com/btconchain/realised/lthsopr_indicator/lthsopr_indicator_light.html,2026-10-06
2012-04-02,13.245065,https://charts-cdn.checkonchain.com/btconchain/realised/lthsopr_indicator/lthsopr_indicator_light.html,2026-10-06
2012-04-03,13.151455,https://charts-cdn.checkonchain.com/btconchain/realised/lthsopr_indicator/lthsopr_indicator_light.html,2026-10-06
2012-04-04,13.148270,https://charts-cdn.checkonchain.com/btconchain/realised/lthsopr_indicator/lthsopr_indicator_light.html,2026-10-06
2012-04-05,13.150561,https://charts-cdn.checkonchain.com/btconchain/realised/lthsopr_indicator/lthsopr_indicator_light.html,2026-10-06
2012-04-06,13.148334,https://charts-cdn.checkonchain.com/btconchain/realised/lthsopr_indicator/lthsopr_indicator_light.html,2026-10-06
2012-04-07,13.049964,https://charts-cdn.checkonchain.com/btconchain/realised/lthsopr_indicator/lthsopr_indicator_light.html,2026-10-06
2012-04-08,13.066625,https://charts-cdn.checkonchain.com/btconchain/realised/lthsopr_indicator/lthsopr_indicator_light.html,2026-10-06
2012-04-09,13.052161,https://charts-cdn.checkonchain.com/btconchain/realised/lthsopr_indicator/lthsopr_indicator_light.html,2026-10-06
2012-04-10,13.037426,https://charts-cdn.checkonchain.com/btconchain/realised/lthsopr_indicator/lthsopr_indicator_light.html,2026-10-06
2012-04-11,13.018618,https://charts-cdn.checkonchain.com/btconchain/realised/lthsopr_indicator/lthsopr_indicator_light.html,2026-10-06
2012-04-12,12.999385,https://charts-cdn.checkonchain.com/btconchain/realised/lthsopr_indicator/lthsopr_indicator_light.html,2026-10-06
2012-04-13,13.001100,https://charts-cdn.checkonchain.com/btconchain/realised/lthsopr_indicator/lthsopr_indicator_light.html,2026-10-06
2012-04-14,12.772080,https://charts-cdn.checkonchain.com/btconchain/realised/lthsopr_indicator/lthsopr_indicator_light.html,2026-10-06
2012-04-15,12.768541,https://charts-cdn.checkonchain.com/btconchain/realised/lthsopr_indicator/lthsopr_indicator_light.html,2026-10-06
2012-04-16,12.742022,https://charts-cdn.checkonchain.com/btconchain/realised/lthsopr_indicator/lthsopr_indicator_light.html,2026-10-06
2012-04-17,12.750205,https://charts-cdn.checkonchain.com/btconchain/realised/lthsopr_indicator/lthsopr_indicator_light.html,2026-10-06
2012-04-18,12.753463,https://charts-cdn.checkonchain.com/btconchain/realised/lthsopr_indicator/lthsopr_indicator_light.html,2026-10-06
2012-04-19,12.736864,https://charts-cdn.checkonchain.com/btconchain/realised/lthsopr_indicator/lthsopr_indicator_light.html,2026-10-06
2012-04-20,12.741217,https://charts-cdn.checkonchain.com/btconchain/realised/lthsopr_indicator/lthsopr_indicator_light.html,2026-10-06
2012-04-21,12.726405,https://charts-cdn.checkonchain.com/btconchain/realised/lthsopr_indicator/lthsopr_indicator_light.html,2026-10-06
2012-04-22,12.728104,https://charts-cdn.checkonchain.com/btconchain/realised/lthsopr_indicator/lthsopr_indicator_light.html,2026-10-06
2012-04-23,12.707578,https://charts-cdn.checkonchain.com/btconchain/realised/lthsopr_indicator/lthsopr_indicator_light.html,2026-10-06
2012-04-24,12.658627,https://charts-cdn.checkonchain.com/btconchain/realised/lthsopr_indicator/lthsopr_indicator_light.html,2026-10-06
2012-04-25,12.627596,https://charts-cdn.checkonchain.com/btconchain/realised/lthsopr_indicator/lthsopr_indicator_light.html,2026-10-06
2012-04-26,12.607328,https://charts-cdn.checkonchain.com/btconchain/realised/lthsopr_indicator/lthsopr_indicator_light.html,2026-10-06
2012-04-27,12.592908,https://charts-cdn.checkonchain.com/btconchain/realised/lthsopr_indicator/lthsopr_indicator_light.html,2026-10-06
2012-04-28,12.606935,https://charts-cdn.checkonchain.com/btconchain/realised/lthsopr_indicator/lthsopr_indicator_light.html,2026-10-06
2012-04-29,12.626429,https://charts-cdn.checkonchain.com/btconchain/realised/lthsopr_indicator/lthsopr_indicator_light.html,2026-10-06
2012-04-30,12.544209,https://charts-cdn.checkonchain.com/btconchain/realised/lthsopr_indicator/lthsopr_indicator_light.html,2026-10-06
2012-05-01,12.552233,https://charts-cdn.checkonchain.com/btconchain/realised/lthsopr_indicator/lthsopr_indicator_light.html,2026-10-06
2012-05-02,12.563468,https://charts-cdn.checkonchain.com/btconchain/realised/lthsopr_indicator/lthsopr_indicator_light.html,2026-10-06
2012-05-03,12.574506,https://charts-cdn.checkonchain.com/btconchain/realised/lthsopr_indicator/lthsopr_indicator_light.html,2026-10-06
2012-05-04,12.553637,https://charts-cdn.checkonchain.com/btconchain/realised/lthsopr_indicator/lthsopr_indicator_light.html,2026-10-06
2012-05-05,12.569445,https://charts-cdn.checkonchain.com/btconchain/realised/lthsopr_indicator/lthsopr_indicator_light.html,2026-10-06
2012-05-06,12.495136,https://charts-cdn.checkonchain.com/btconchain/realised/lthsopr_indicator/lthsopr_indicator_light.html,2026-10-06
2012-05-07,12.508317,https://charts-cdn.checkonchain.com/btconchain/realised/lthsopr_indicator/lthsopr_indicator_light.html,2026-10-06
2012-05-08,12.518271,https://charts-cdn.checkonchain.com/btconchain/realised/lthsopr_indicator/lthsopr_indicator_light.html,2026-10-06
2012-05-09,12.525147,https://charts-cdn.checkonchain.com/btconchain/realised/lthsopr_indicator/lthsopr_indicator_light.html,2026-10-06
2012-05-10,12.525895,https://charts-cdn.checkonchain.com/btconchain/realised/lthsopr_indicator/lthsopr_indicator_light.html,2026-10-06
2012-05-11,12.503374,https://charts-cdn.checkonchain.com/btconchain/realised/lthsopr_indicator/lthsopr_indicator_light.html,2026-10-06
2012-05-12,12.468700,https://charts-cdn.checkonchain.com/btconchain/realised/lthsopr_indicator/lthsopr_indicator_light.html,2026-10-06
2012-05-13,12.442592,https://charts-cdn.checkonchain.com/btconchain/realised/lthsopr_indicator/lthsopr_indicator_light.html,2026-10-06
2012-05-14,12.418438,https://charts-cdn.checkonchain.com/btconchain/realised/lthsopr_indicator/lthsopr_indicator_light.html,2026-10-06
2012-05-15,12.391017,https://charts-cdn.checkonchain.com/btconchain/realised/lthsopr_indicator/lthsopr_indicator_light.html,2026-10-06
2012-05-16,12.362346,https://charts-cdn.checkonchain.com/btconchain/realised/lthsopr_indicator/lthsopr_indicator_light.html,2026-10-06
2012-05-17,12.319809,https://charts-cdn.checkonchain.com/btconchain/realised/lthsopr_indicator/lthsopr_indicator_light.html,2026-10-06
2012-05-18,12.270411,https://charts-cdn.checkonchain.com/btconchain/realised/lthsopr_indicator/lthsopr_indicator_light.html,2026-10-06
2012-05-19,12.270051,https://charts-cdn.checkonchain.com/btconchain/realised/lthsopr_indicator/lthsopr_indicator_light.html,2026-10-06
2012-05-20,12.185797,https://charts-cdn.checkonchain.com/btconchain/realised/lthsopr_indicator/lthsopr_indicator_light.html,2026-10-06
2012-05-21,12.101810,https://charts-cdn.checkonchain.com/btconchain/realised/lthsopr_indicator/lthsopr_indicator_light.html,2026-10-06
2012-05-22,12.090168,https://charts-cdn.checkonchain.com/btconchain/realised/lthsopr_indicator/lthsopr_indicator_light.html,2026-10-06
2012-05-23,12.092553,https://charts-cdn.checkonchain.com/btconchain/realised/lthsopr_indicator/lthsopr_indicator_light.html,2026-10-06
2012-05-24,12.012955,https://charts-cdn.checkonchain.com/btconchain/realised/lthsopr_indicator/lthsopr_indicator_light.html,2026-10-06
2012-05-25,12.021255,https://charts-cdn.checkonchain.com/btconchain/realised/lthsopr_indicator/lthsopr_indicator_light.html,2026-10-06
2012-05-26,11.969166,https://charts-cdn.checkonchain.com/btconchain/realised/lthsopr_indicator/lthsopr_indicator_light.html,2026-10-06
2012-05-27,11.977291,https://charts-cdn.checkonchain.com/btconchain/realised/lthsopr_indicator/lthsopr_indicator_light.html,2026-10-06
2012-05-28,11.984466,https://charts-cdn.checkonchain.com/btconchain/realised/lthsopr_indicator/lthsopr_indicator_light.html,2026-10-06
2012-05-29,11.990075,https://charts-cdn.checkonchain.com/btconchain/realised/lthsopr_indicator/lthsopr_indicator_light.html,2026-10-06
2012-05-30,11.998454,https://charts-cdn.checkonchain.com/btconchain/realised/lthsopr_indicator/lthsopr_indicator_light.html,2026-10-06
2012-05-31,11.831482,https://charts-cdn.checkonchain.com/btconchain/realised/lthsopr_indicator/lthsopr_indicator_light.html,2026-10-06
2012-06-01,11.840564,https://charts-cdn.checkonchain.com/btconchain/realised/lthsopr_indicator/lthsopr_indicator_light.html,2026-10-06
2012-06-02,11.852809,https://charts-cdn.checkonchain.com/btconchain/realised/lthsopr_indicator/lthsopr_indicator_light.html,2026-10-06
2012-06-03,11.888610,https://charts-cdn.checkonchain.com/btconchain/realised/lthsopr_indicator/lthsopr_indicator_light.html,2026-10-06
2012-06-04,11.880217,https://charts-cdn.checkonchain.com/btconchain/realised/lthsopr_indicator/lthsopr_indicator_light.html,2026-10-06
2012-06-05,11.887497,https://charts-cdn.checkonchain.com/btconchain/realised/lthsopr_indicator/lthsopr_indicator_light.html,2026-10-06
2012-06-06,11.916896,https://charts-cdn.checkonchain.com/btconchain/realised/lthsopr_indicator/lthsopr_indicator_light.html,2026-10-06
2012-06-07,11.951318,https://charts-cdn.checkonchain.com/btconchain/realised/lthsopr_indicator/lthsopr_indicator_light.html,2026-10-06
2012-06-08,11.985542,https://charts-cdn.checkonchain.com/btconchain/realised/lthsopr_indicator/lthsopr_indicator_light.html,2026-10-06
2012-06-09,12.000650,https://charts-cdn.checkonchain.com/btconchain/realised/lthsopr_indicator/lthsopr_indicator_light.html,2026-10-06
2012-06-10,12.016852,https://charts-cdn.checkonchain.com/btconchain/realised/lthsopr_indicator/lthsopr_indicator_light.html,2026-10-06
2012-06-11,12.075369,https://charts-cdn.checkonchain.com/btconchain/realised/lthsopr_indicator/lthsopr_indicator_light.html,2026-10-06
2012-06-12,12.073754,https://charts-cdn.checkonchain.com/btconchain/realised/lthsopr_indicator/lthsopr_indicator_light.html,2026-10-06
2012-06-13,12.083919,https://charts-cdn.checkonchain.com/btconchain/realised/lthsopr_indicator/lthsopr_indicator_light.html,2026-10-06
2012-06-14,12.092498,https://charts-cdn.checkonchain.com/btconchain/realised/lthsopr_indicator/lthsopr_indicator_light.html,2026-10-06
2012-06-15,12.128121,https://charts-cdn.checkonchain.com/btconchain/realised/lthsopr_indicator/lthsopr_indicator_light.html,2026-10-06
2012-06-16,12.136302,https://charts-cdn.checkonchain.com/btconchain/realised/lthsopr_indicator/lthsopr_indicator_light.html,2026-10-06
2012-06-17,12.169961,https://charts-cdn.checkonchain.com/btconchain/realised/lthsopr_indicator/lthsopr_indicator_light.html,2026-10-06
2012-06-18,12.180859,https://charts-cdn.checkonchain.com/btconchain/realised/lthsopr_indicator/lthsopr_indicator_light.html,2026-10-06
2012-06-19,12.184389,https://charts-cdn.checkonchain.com/btconchain/realised/lthsopr_indicator/lthsopr_indicator_light.html,2026-10-06
2012-06-20,12.111600,https://charts-cdn.checkonchain.com/btconchain/realised/lthsopr_indicator/lthsopr_indicator_light.html,2026-10-06
2012-06-21,12.147827,https://charts-cdn.checkonchain.com/btconchain/realised/lthsopr_indicator/lthsopr_indicator_light.html,2026-10-06
2012-06-22,12.149664,https://charts-cdn.checkonchain.com/btconchain/realised/lthsopr_indicator/lthsopr_indicator_light.html,2026-10-06
2012-06-23,12.162129,https://charts-cdn.checkonchain.com/btconchain/realised/lthsopr_indicator/lthsopr_indicator_light.html,2026-10-06
2012-06-24,12.141915,https://charts-cdn.checkonchain.com/btconchain/realised/lthsopr_indicator/lthsopr_indicator_light.html,2026-10-06
2012-06-25,12.175594,https://charts-cdn.checkonchain.com/btconchain/realised/lthsopr_indicator/lthsopr_indicator_light.html,2026-10-06
2012-06-26,12.177317,https://charts-cdn.checkonchain.com/btconchain/realised/lthsopr_indicator/lthsopr_indicator_light.html,2026-10-06
2012-06-27,12.187197,https://charts-cdn.checkonchain.com/btconchain/realised/lthsopr_indicator/lthsopr_indicator_light.html,2026-10-06
2012-06-28,12.195316,https://charts-cdn.checkonchain.com/btconchain/realised/lthsopr_indicator/lthsopr_indicator_light.html,2026-10-06
2012-06-29,12.206010,https://charts-cdn.checkonchain.com/btconchain/realised/lthsopr_indicator/lthsopr_indicator_light.html,2026-10-06
2012-06-30,12.213159,https://charts-cdn.checkonchain.com/btconchain/realised/lthsopr_indicator/lthsopr_indicator_light.html,2026-10-06
2012-07-01,12.225097,https://charts-cdn.checkonchain.com/btconchain/realised/lthsopr_indicator/lthsopr_indicator_light.html,2026-10-06
2012-07-02,12.259519,https://charts-cdn.checkonchain.com/btconchain/realised/lthsopr_indicator/lthsopr_indicator_light.html,2026-10-06
2012-07-03,12.268346,https://charts-cdn.checkonchain.com/btconchain/realised/lthsopr_indicator/lthsopr_indicator_light.html,2026-10-06
2012-07-04,12.269918,https://charts-cdn.checkonchain.com/btconchain/realised/lthsopr_indicator/lthsopr_indicator_light.html,2026-10-06
2012-07-05,12.280833,https://charts-cdn.checkonchain.com/btconchain/realised/lthsopr_indicator/lthsopr_indicator_light.html,2026-10-06
2012-07-06,12.285509,https://charts-cdn.checkonchain.com/btconchain/realised/lthsopr_indicator/lthsopr_indicator_light.html,2026-10-06
2012-07-07,12.251619,https://charts-cdn.checkonchain.com/btconchain/realised/lthsopr_indicator/lthsopr_indicator_light.html,2026-10-06
2012-07-08,12.256026,https://charts-cdn.checkonchain.com/btconchain/realised/lthsopr_indicator/lthsopr_indicator_light.html,2026-10-06
2012-07-09,12.260203,https://charts-cdn.checkonchain.com/btconchain/realised/lthsopr_indicator/lthsopr_indicator_light.html,2026-10-06
2012-07-10,11.873411,https://charts-cdn.checkonchain.com/btconchain/realised/lthsopr_indicator/lthsopr_indicator_light.html,2026-10-06
2012-07-11,11.865157,https://charts-cdn.checkonchain.com/btconchain/realised/lthsopr_indicator/lthsopr_indicator_light.html,2026-10-06
2012-07-12,11.876858,https://charts-cdn.checkonchain.com/btconchain/realised/lthsopr_indicator/lthsopr_indicator_light.html,2026-10-06
2012-07-13,11.874087,https://charts-cdn.checkonchain.com/btconchain/realised/lthsopr_indicator/lthsopr_indicator_light.html,2026-10-06
2012-07-14,11.600327,https://charts-cdn.checkonchain.com/btconchain/realised/lthsopr_indicator/lthsopr_indicator_light.html,2026-10-06
2012-07-15,11.608579,https://charts-cdn.checkonchain.com/btconchain/realised/lthsopr_indicator/lthsopr_indicator_light.html,2026-10-06
2012-07-16,11.603493,https://charts-cdn.checkonchain.com/btconchain/realised/lthsopr_indicator/lthsopr_indicator_light.html,2026-10-06
2012-07-17,11.490691,https://charts-cdn.checkonchain.com/btconchain/realised/lthsopr_indicator/lthsopr_indicator_light.html,2026-10-06
2012-07-18,11.487932,https://charts-cdn.checkonchain.com/btconchain/realised/lthsopr_indicator/lthsopr_indicator_light.html,2026-10-06
2012-07-19,11.485286,https://charts-cdn.checkonchain.com/btconchain/realised/lthsopr_indicator/lthsopr_indicator_light.html,2026-10-06
2012-07-20,11.486388,https://charts-cdn.checkonchain.com/btconchain/realised/lthsopr_indicator/lthsopr_indicator_light.html,2026-10-06
2012-07-21,11.487987,https://charts-cdn.checkonchain.com/btconchain/realised/lthsopr_indicator/lthsopr_indicator_light.html,2026-10-06
2012-07-22,11.496991,https://charts-cdn.checkonchain.com/btconchain/realised/lthsopr_indicator/lthsopr_indicator_light.html,2026-10-06
2012-07-23,11.498139,https://charts-cdn.checkonchain.com/btconchain/realised/lthsopr_indicator/lthsopr_indicator_light.html,2026-10-06
2012-07-24,11.507304,https://charts-cdn.checkonchain.com/btconchain/realised/lthsopr_indicator/lthsopr_indicator_light.html,2026-10-06
2012-07-25,11.513655,https://charts-cdn.checkonchain.com/btconchain/realised/lthsopr_indicator/lthsopr_indicator_light.html,2026-10-06
2012-07-26,11.517582,https://charts-cdn.checkonchain.com/btconchain/realised/lthsopr_indicator/lthsopr_indicator_light.html,2026-10-06
2012-07-27,11.526346,https://charts-cdn.checkonchain.com/btconchain/realised/lthsopr_indicator/lthsopr_indicator_light.html,2026-10-06
2012-07-28,11.531883,https://charts-cdn.checkonchain.com/btconchain/realised/lthsopr_indicator/lthsopr_indicator_light.html,2026-10-06
2012-07-29,11.537250,https://charts-cdn.checkonchain.com/btconchain/realised/lthsopr_indicator/lthsopr_indicator_light.html,2026-10-06
2012-07-30,11.547066,https://charts-cdn.checkonchain.com/btconchain/realised/lthsopr_indicator/lthsopr_indicator_light.html,2026-10-06
2012-07-31,11.544257,https://charts-cdn.checkonchain.com/btconchain/realised/lthsopr_indicator/lthsopr_indicator_light.html,2026-10-06
2012-08-01,11.545742,https://charts-cdn.checkonchain.com/btconchain/realised/lthsopr_indicator/lthsopr_indicator_light.html,2026-10-06
2012-08-02,11.542123,https://charts-cdn.checkonchain.com/btconchain/realised/lthsopr_indicator/lthsopr_indicator_light.html,2026-10-06
2012-08-03,11.543143,https://charts-cdn.checkonchain.com/btconchain/realised/lthsopr_indicator/lthsopr_indicator_light.html,2026-10-06
2012-08-04,11.540536,https://charts-cdn.checkonchain.com/btconchain/realised/lthsopr_indicator/lthsopr_indicator_light.html,2026-10-06
2012-08-05,11.542522,https://charts-cdn.checkonchain.com/btconchain/realised/lthsopr_indicator/lthsopr_indicator_light.html,2026-10-06
2012-08-06,11.545320,https://charts-cdn.checkonchain.com/btconchain/realised/lthsopr_indicator/lthsopr_indicator_light.html,2026-10-06
2012-08-07,11.520164,https://charts-cdn.checkonchain.com/btconchain/realised/lthsopr_indicator/lthsopr_indicator_light.html,2026-10-06
2012-08-08,11.478620,https://charts-cdn.checkonchain.com/btconchain/realised/lthsopr_indicator/lthsopr_indicator_light.html,2026-10-06
2012-08-09,11.486978,https://charts-cdn.checkonchain.com/btconchain/realised/lthsopr_indicator/lthsopr_indicator_light.html,2026-10-06
2012-08-10,11.493405,https://charts-cdn.checkonchain.com/btconchain/realised/lthsopr_indicator/lthsopr_indicator_light.html,2026-10-06
2012-08-11,11.504908,https://charts-cdn.checkonchain.com/btconchain/realised/lthsopr_indicator/lthsopr_indicator_light.html,2026-10-06
2012-08-12,11.515007,https://charts-cdn.checkonchain.com/btconchain/realised/lthsopr_indicator/lthsopr_indicator_light.html,2026-10-06
2012-08-13,11.520486,https://charts-cdn.checkonchain.com/btconchain/realised/lthsopr_indicator/lthsopr_indicator_light.html,2026-10-06
2012-08-14,11.520399,https://charts-cdn.checkonchain.com/btconchain/realised/lthsopr_indicator/lthsopr_indicator_light.html,2026-10-06
2012-08-15,11.520157,https://charts-cdn.checkonchain.com/btconchain/realised/lthsopr_indicator/lthsopr_indicator_light.html,2026-10-06
2012-08-16,11.517574,https://charts-cdn.checkonchain.com/btconchain/realised/lthsopr_indicator/lthsopr_indicator_light.html,2026-10-06
2012-08-17,11.456436,https://charts-cdn.checkonchain.com/btconchain/realised/lthsopr_indicator/lthsopr_indicator_light.html,2026-10-06
2012-08-18,11.409270,https://charts-cdn.checkonchain.com/btconchain/realised/lthsopr_indicator/lthsopr_indicator_light.html,2026-10-06
2012-08-19,11.331749,https://charts-cdn.checkonchain.com/btconchain/realised/lthsopr_indicator/lthsopr_indicator_light.html,2026-10-06
2012-08-20,11.297185,https://charts-cdn.checkonchain.com/btconchain/realised/lthsopr_indicator/lthsopr_indicator_light.html,2026-10-06
2012-08-21,11.300789,https://charts-cdn.checkonchain.com/btconchain/realised/lthsopr_indicator/lthsopr_indicator_light.html,2026-10-06
2012-08-22,11.319966,https://charts-cdn.checkonchain.com/btconchain/realised/lthsopr_indicator/lthsopr_indicator_light.html,2026-10-06
2012-08-23,11.291706,https://charts-cdn.checkonchain.com/btconchain/realised/lthsopr_indicator/lthsopr_indicator_light.html,2026-10-06
2012-08-24,11.302209,https://charts-cdn.checkonchain.com/btconchain/realised/lthsopr_indicator/lthsopr_indicator_light.html,2026-10-06
2012-08-25,11.310496,https://charts-cdn.checkonchain.com/btconchain/realised/lthsopr_indicator/lthsopr_indicator_light.html,2026-10-06
2012-08-26,11.322167,https://charts-cdn.checkonchain.com/btconchain/realised/lthsopr_indicator/lthsopr_indicator_light.html,2026-10-06
2012-08-27,11.269694,https://charts-cdn.checkonchain.com/btconchain/realised/lthsopr_indicator/lthsopr_indicator_light.html,2026-10-06
2012-08-28,11.256999,https://charts-cdn.checkonchain.com/btconchain/realised/lthsopr_indicator/lthsopr_indicator_light.html,2026-10-06
2012-08-29,11.267267,https://charts-cdn.checkonchain.com/btconchain/realised/lthsopr_indicator/lthsopr_indicator_light.html,2026-10-06
2012-08-30,11.277492,https://charts-cdn.checkonchain.com/btconchain/realised/lthsopr_indicator/lthsopr_indicator_light.html,2026-10-06
2012-08-31,11.169987,https://charts-cdn.checkonchain.com/btconchain/realised/lthsopr_indicator/lthsopr_indicator_light.html,2026-10-06
2012-09-01,11.181843,https://charts-cdn.checkonchain.com/btconchain/realised/lthsopr_indicator/lthsopr_indicator_light.html,2026-10-06
2012-09-02,11.190325,https://charts-cdn.checkonchain.com/btconchain/realised/lthsopr_indicator/lthsopr_indicator_light.html,2026-10-06
2012-09-03,11.201293,https://charts-cdn.checkonchain.com/btconchain/realised/lthsopr_indicator/lthsopr_indicator_light.html,2026-10-06
2012-09-04,11.206834,https://charts-cdn.checkonchain.com/btconchain/realised/lthsopr_indicator/lthsopr_indicator_light.html,2026-10-06
2012-09-05,11.220327,https://charts-cdn.checkonchain.com/btconchain/realised/lthsopr_indicator/lthsopr_indicator_light.html,2026-10-06
2012-09-06,11.198563,https://charts-cdn.checkonchain.com/btconchain/realised/lthsopr_indicator/lthsopr_indicator_light.html,2026-10-06
2012-09-07,11.209316,https://charts-cdn.checkonchain.com/btconchain/realised/lthsopr_indicator/lthsopr_indicator_light.html,2026-10-06
2012-09-08,11.218093,https://charts-cdn.checkonchain.com/btconchain/realised/lthsopr_indicator/lthsopr_indicator_light.html,2026-10-06
2012-09-09,11.219464,https://charts-cdn.checkonchain.com/btconchain/realised/lthsopr_indicator/lthsopr_indicator_light.html,2026-10-06
2012-09-10,11.138722,https://charts-cdn.checkonchain.com/btconchain/realised/lthsopr_indicator/lthsopr_indicator_light.html,2026-10-06
2012-09-11,11.149860,https://charts-cdn.checkonchain.com/btconchain/realised/lthsopr_indicator/lthsopr_indicator_light.html,2026-10-06
2012-09-12,11.155554,https://charts-cdn.checkonchain.com/btconchain/realised/lthsopr_indicator/lthsopr_indicator_light.html,2026-10-06
2012-09-13,11.162152,https://charts-cdn.checkonchain.com/btconchain/realised/lthsopr_indicator/lthsopr_indicator_light.html,2026-10-06
2012-09-14,11.173125,https://charts-cdn.checkonchain.com/btconchain/realised/lthsopr_indicator/lthsopr_indicator_light.html,2026-10-06
2012-09-15,11.147349,https://charts-cdn.checkonchain.com/btconchain/realised/lthsopr_indicator/lthsopr_indicator_light.html,2026-10-06
2012-09-16,11.156317,https://charts-cdn.checkonchain.com/btconchain/realised/lthsopr_indicator/lthsopr_indicator_light.html,2026-10-06
2012-09-17,11.113536,https://charts-cdn.checkonchain.com/btconchain/realised/lthsopr_indicator/lthsopr_indicator_light.html,2026-10-06
2012-09-18,11.036408,https://charts-cdn.checkonchain.com/btconchain/realised/lthsopr_indicator/lthsopr_indicator_light.html,2026-10-06
2012-09-19,11.035375,https://charts-cdn.checkonchain.com/btconchain/realised/lthsopr_indicator/lthsopr_indicator_light.html,2026-10-06
2012-09-20,11.022257,https://charts-cdn.checkonchain.com/btconchain/realised/lthsopr_indicator/lthsopr_indicator_light.html,2026-10-06
2012-09-21,10.989451,https://charts-cdn.checkonchain.com/btconchain/realised/lthsopr_indicator/lthsopr_indicator_light.html,2026-10-06
2012-09-22,10.988588,https://charts-cdn.checkonchain.com/btconchain/realised/lthsopr_indicator/lthsopr_indicator_light.html,2026-10-06
2012-09-23,10.997370,https://charts-cdn.checkonchain.com/btconchain/realised/lthsopr_indicator/lthsopr_indicator_light.html,2026-10-06
2012-09-24,10.961108,https://charts-cdn.checkonchain.com/btconchain/realised/lthsopr_indicator/lthsopr_indicator_light.html,2026-10-06
2012-09-25,10.929290,https://charts-cdn.checkonchain.com/btconchain/realised/lthsopr_indicator/lthsopr_indicator_light.html,2026-10-06
2012-09-26,10.931457,https://charts-cdn.checkonchain.com/btconchain/realised/lthsopr_indicator/lthsopr_indicator_light.html,2026-10-06
2012-09-27,10.935483,https://charts-cdn.checkonchain.com/btconchain/realised/lthsopr_indicator/lthsopr_indicator_light.html,2026-10-06
2012-09-28,10.928099,https://charts-cdn.checkonchain.com/btconchain/realised/lthsopr_indicator/lthsopr_indicator_light.html,2026-10-06
2012-09-29,10.933580,https://charts-cdn.checkonchain.com/btconchain/realised/lthsopr_indicator/lthsopr_indicator_light.html,2026-10-06
2012-09-30,10.941790,https://charts-cdn.checkonchain.com/btconchain/realised/lthsopr_indicator/lthsopr_indicator_light.html,2026-10-06
2012-10-01,10.944018,https://charts-cdn.checkonchain.com/btconchain/realised/lthsopr_indicator/lthsopr_indicator_light.html,2026-10-06
2012-10-02,10.946948,https://charts-cdn.checkonchain.com/btconchain/realised/lthsopr_indicator/lthsopr_indicator_light.html,2026-10-06
2012-10-03,10.927487,https://charts-cdn.checkonchain.com/btconchain/realised/lthsopr_indicator/lthsopr_indicator_light.html,2026-10-06
2012-10-04,10.923448,https://charts-cdn.checkonchain.com/btconchain/realised/lthsopr_indicator/lthsopr_indicator_light.html,2026-10-06
2012-10-05,10.929951,https://charts-cdn.checkonchain.com/btconchain/realised/lthsopr_indicator/lthsopr_indicator_light.html,2026-10-06
2012-10-06,10.940981,https://charts-cdn.checkonchain.com/btconchain/realised/lthsopr_indicator/lthsopr_indicator_light.html,2026-10-06
2012-10-07,10.947864,https://charts-cdn.checkonchain.com/btconchain/realised/lthsopr_indicator/lthsopr_indicator_light.html,2026-10-06
2012-10-08,10.894940,https://charts-cdn.checkonchain.com/btconchain/realised/lthsopr_indicator/lthsopr_indicator_light.html,2026-10-06
2012-10-09,10.926951,https://charts-cdn.checkonchain.com/btconchain/realised/lthsopr_indicator/lthsopr_indicator_light.html,2026-10-06
2012-10-10,10.927946,https://charts-cdn.checkonchain.com/btconchain/realised/lthsopr_indicator/lthsopr_indicator_light.html,2026-10-06
2012-10-11,10.932211,https://charts-cdn.checkonchain.com/btconchain/realised/lthsopr_indicator/lthsopr_indicator_light.html,2026-10-06
2012-10-12,10.935302,https://charts-cdn.checkonchain.com/btconchain/realised/lthsopr_indicator/lthsopr_indicator_light.html,2026-10-06
2012-10-13,10.946448,https://charts-cdn.checkonchain.com/btconchain/realised/lthsopr_indicator/lthsopr_indicator_light.html,2026-10-06
2012-10-14,10.927748,https://charts-cdn.checkonchain.com/btconchain/realised/lthsopr_indicator/lthsopr_indicator_light.html,2026-10-06
2012-10-15,10.933291,https://charts-cdn.checkonchain.com/btconchain/realised/lthsopr_indicator/lthsopr_indicator_light.html,2026-10-06
2012-10-16,10.936276,https://charts-cdn.checkonchain.com/btconchain/realised/lthsopr_indicator/lthsopr_indicator_light.html,2026-10-06
2012-10-17,10.929424,https://charts-cdn.checkonchain.com/btconchain/realised/lthsopr_indicator/lthsopr_indicator_light.html,2026-10-06
2012-10-18,10.930971,https://charts-cdn.checkonchain.com/btconchain/realised/lthsopr_indicator/lthsopr_indicator_light.html,2026-10-06
2012-10-19,10.932443,https://charts-cdn.checkonchain.com/btconchain/realised/lthsopr_indicator/lthsopr_indicator_light.html,2026-10-06
2012-10-20,10.941473,https://charts-cdn.checkonchain.com/btconchain/realised/lthsopr_indicator/lthsopr_indicator_light.html,2026-10-06
2012-10-21,10.934175,https://charts-cdn.checkonchain.com/btconchain/realised/lthsopr_indicator/lthsopr_indicator_light.html,2026-10-06
2012-10-22,10.944121,https://charts-cdn.checkonchain.com/btconchain/realised/lthsopr_indicator/lthsopr_indicator_light.html,2026-10-06
2012-10-23,10.946314,https://charts-cdn.checkonchain.com/btconchain/realised/lthsopr_indicator/lthsopr_indicator_light.html,2026-10-06
2012-10-24,10.952204,https://charts-cdn.checkonchain.com/btconchain/realised/lthsopr_indicator/lthsopr_indicator_light.html,2026-10-06
2012-10-25,10.933580,https://charts-cdn.checkonchain.com/btconchain/realised/lthsopr_indicator/lthsopr_indicator_light.html,2026-10-06
2012-10-26,10.921749,https://charts-cdn.checkonchain.com/btconchain/realised/lthsopr_indicator/lthsopr_indicator_light.html,2026-10-06
2012-10-27,10.932954,https://charts-cdn.checkonchain.com/btconchain/realised/lthsopr_indicator/lthsopr_indicator_light.html,2026-10-06
2012-10-28,10.945805,https://charts-cdn.checkonchain.com/btconchain/realised/lthsopr_indicator/lthsopr_indicator_light.html,2026-10-06
2012-10-29,10.953443,https://charts-cdn.checkonchain.com/btconchain/realised/lthsopr_indicator/lthsopr_indicator_light.html,2026-10-06
2012-10-30,10.948541,https://charts-cdn.checkonchain.com/btconchain/realised/lthsopr_indicator/lthsopr_indicator_light.html,2026-10-06
2012-10-31,10.953327,https://charts-cdn.checkonchain.com/btconchain/realised/lthsopr_indicator/lthsopr_indicator_light.html,2026-10-06
2012-11-01,10.950639,https://charts-cdn.checkonchain.com/btconchain/realised/lthsopr_indicator/lthsopr_indicator_light.html,2026-10-06
2012-11-02,10.956984,https://charts-cdn.checkonchain.com/btconchain/realised/lthsopr_indicator/lthsopr_indicator_light.html,2026-10-06
2012-11-03,10.967124,https://charts-cdn.checkonchain.com/btconchain/realised/lthsopr_indicator/lthsopr_indicator_light.html,2026-10-06
2012-11-04,10.969206,https://charts-cdn.checkonchain.com/btconchain/realised/lthsopr_indicator/lthsopr_indicator_light.html,2026-10-06
2012-11-05,10.974143,https://charts-cdn.checkonchain.com/btconchain/realised/lthsopr_indicator/lthsopr_indicator_light.html,2026-10-06
2012-11-06,10.981081,https://charts-cdn.checkonchain.com/btconchain/realised/lthsopr_indicator/lthsopr_indicator_light.html,2026-10-06
2012-11-07,10.977383,https://charts-cdn.checkonchain.com/btconchain/realised/lthsopr_indicator/lthsopr_indicator_light.html,2026-10-06
2012-11-08,10.986493,https://charts-cdn.checkonchain.com/btconchain/realised/lthsopr_indicator/lthsopr_indicator_light.html,2026-10-06
2012-11-09,10.991319,https://charts-cdn.checkonchain.com/btconchain/realised/lthsopr_indicator/lthsopr_indicator_light.html,2026-10-06
2012-11-10,11.026236,https://charts-cdn.checkonchain.com/btconchain/realised/lthsopr_indicator/lthsopr_indicator_light.html,2026-10-06
2012-11-11,11.027976,https://charts-cdn.checkonchain.com/btconchain/realised/lthsopr_indicator/lthsopr_indicator_light.html,2026-10-06
2012-11-12,11.025017,https://charts-cdn.checkonchain.com/btconchain/realised/lthsopr_indicator/lthsopr_indicator_light.html,2026-10-06
2012-11-13,11.021804,https://charts-cdn.checkonchain.com/btconchain/realised/lthsopr_indicator/lthsopr_indicator_light.html,2026-10-06
2012-11-14,11.024864,https://charts-cdn.checkonchain.com/btconchain/realised/lthsopr_indicator/lthsopr_indicator_light.html,2026-10-06
2012-11-15,11.053731,https://charts-cdn.checkonchain.com/btconchain/realised/lthsopr_indicator/lthsopr_indicator_light.html,2026-10-06
2012-11-16,11.043707,https://charts-cdn.checkonchain.com/btconchain/realised/lthsopr_indicator/lthsopr_indicator_light.html,2026-10-06
2012-11-17,11.044990,https://charts-cdn.checkonchain.com/btconchain/realised/lthsopr_indicator/lthsopr_indicator_light.html,2026-10-06
2012-11-18,11.052239,https://charts-cdn.checkonchain.com/btconchain/realised/lthsopr_indicator/lthsopr_indicator_light.html,2026-10-06
2012-11-19,11.078388,https://charts-cdn.checkonchain.com/btconchain/realised/lthsopr_indicator/lthsopr_indicator_light.html,2026-10-06
2012-11-20,11.084726,https://charts-cdn.checkonchain.com/btconchain/realised/lthsopr_indicator/lthsopr_indicator_light.html,2026-10-06
2012-11-21,11.089334,https://charts-cdn.checkonchain.com/btconchain/realised/lthsopr_indicator/lthsopr_indicator_light.html,2026-10-06
2012-11-22,11.095076,https://charts-cdn.checkonchain.com/btconchain/realised/lthsopr_indicator/lthsopr_indicator_light.html,2026-10-06
2012-11-23,11.124029,https://charts-cdn.checkonchain.com/btconchain/realised/lthsopr_indicator/lthsopr_indicator_light.html,2026-10-06
2012-11-24,11.133442,https://charts-cdn.checkonchain.com/btconchain/realised/lthsopr_indicator/lthsopr_indicator_light.html,2026-10-06
2012-11-25,11.133581,https://charts-cdn.checkonchain.com/btconchain/realised/lthsopr_indicator/lthsopr_indicator_light.html,2026-10-06
2012-11-26,11.129435,https://charts-cdn.checkonchain.com/btconchain/realised/lthsopr_indicator/lthsopr_indicator_light.html,2026-10-06
2012-11-27,11.130730,https://charts-cdn.checkonchain.com/btconchain/realised/lthsopr_indicator/lthsopr_indicator_light.html,2026-10-06
2012-11-28,11.136366,https://charts-cdn.checkonchain.com/btconchain/realised/lthsopr_indicator/lthsopr_indicator_light.html,2026-10-06
2012-11-29,11.170767,https://charts-cdn.checkonchain.com/btconchain/realised/lthsopr_indicator/lthsopr_indicator_light.html,2026-10-06
2012-11-30,11.165257,https://charts-cdn.checkonchain.com/btconchain/realised/lthsopr_indicator/lthsopr_indicator_light.html,2026-10-06
2012-12-01,11.173001,https://charts-cdn.checkonchain.com/btconchain/realised/lthsopr_indicator/lthsopr_indicator_light.html,2026-10-06
2012-12-02,11.181851,https://charts-cdn.checkonchain.com/btconchain/realised/lthsopr_indicator/lthsopr_indicator_light.html,2026-10-06
2012-12-03,11.209411,https://charts-cdn.checkonchain.com/btconchain/realised/lthsopr_indicator/lthsopr_indicator_light.html,2026-10-06
2012-12-04,11.184685,https://charts-cdn.checkonchain.com/btconchain/realised/lthsopr_indicator/lthsopr_indicator_light.html,2026-10-06
2012-12-05,11.180846,https://charts-cdn.checkonchain.com/btconchain/realised/lthsopr_indicator/lthsopr_indicator_light.html,2026-10-06
2012-12-06,11.187233,https://charts-cdn.checkonchain.com/btconchain/realised/lthsopr_indicator/lthsopr_indicator_light.html,2026-10-06
2012-12-07,11.189493,https://charts-cdn.checkonchain.com/btconchain/realised/lthsopr_indicator/lthsopr_indicator_light.html,2026-10-06
2012-12-08,11.198721,https://charts-cdn.checkonchain.com/btconchain/realised/lthsopr_indicator/lthsopr_indicator_light.html,2026-10-06
2012-12-09,11.197558,https://charts-cdn.checkonchain.com/btconchain/realised/lthsopr_indicator/lthsopr_indicator_light.html,2026-10-06
2012-12-10,11.219352,https://charts-cdn.checkonchain.com/btconchain/realised/lthsopr_indicator/lthsopr_indicator_light.html,2026-10-06
2012-12-11,11.297795,https://charts-cdn.checkonchain.com/btconchain/realised/lthsopr_indicator/lthsopr_indicator_light.html,2026-10-06
2012-12-12,11.289336,https://charts-cdn.checkonchain.com/btconchain/realised/lthsopr_indicator/lthsopr_indicator_light.html,2026-10-06
2012-12-13,11.292303,https://charts-cdn.checkonchain.com/btconchain/realised/lthsopr_indicator/lthsopr_indicator_light.html,2026-10-06
2012-12-14,11.341932,https://charts-cdn.checkonchain.com/btconchain/realised/lthsopr_indicator/lthsopr_indicator_light.html,2026-10-06
2012-12-15,11.373513,https://charts-cdn.checkonchain.com/btconchain/realised/lthsopr_indicator/lthsopr_indicator_light.html,2026-10-06
2012-12-16,11.375116,https://charts-cdn.checkonchain.com/btconchain/realised/lthsopr_indicator/lthsopr_indicator_light.html,2026-10-06
2012-12-17,11.407896,https://charts-cdn.checkonchain.com/btconchain/realised/lthsopr_indicator/lthsopr_indicator_light.html,2026-10-06
2012-12-18,11.433562,https://charts-cdn.checkonchain.com/btconchain/realised/lthsopr_indicator/lthsopr_indicator_light.html,2026-10-06
2012-12-19,11.459571,https://charts-cdn.checkonchain.com/btconchain/realised/lthsopr_indicator/lthsopr_indicator_light.html,2026-10-06
2012-12-20,11.474372,https://charts-cdn.checkonchain.com/btconchain/realised/lthsopr_indicator/lthsopr_indicator_light.html,2026-10-06
2012-12-21,11.499835,https://charts-cdn.checkonchain.com/btconchain/realised/lthsopr_indicator/lthsopr_indicator_light.html,2026-10-06
2012-12-22,11.536036,https://charts-cdn.checkonchain.com/btconchain/realised/lthsopr_indicator/lthsopr_indicator_light.html,2026-10-06
2012-12-23,11.568873,https://charts-cdn.checkonchain.com/btconchain/realised/lthsopr_indicator/lthsopr_indicator_light.html,2026-10-06
2012-12-24,11.601698,https://charts-cdn.checkonchain.com/btconchain/realised/lthsopr_indicator/lthsopr_indicator_light.html,2026-10-06
2012-12-25,11.636077,https://charts-cdn.checkonchain.com/btconchain/realised/lthsopr_indicator/lthsopr_indicator_light.html,2026-10-06
2012-12-26,11.646973,https://charts-cdn.checkonchain.com/btconchain/realised/lthsopr_indicator/lthsopr_indicator_light.html,2026-10-06
2012-12-27,11.683921,https://charts-cdn.checkonchain.com/btconchain/realised/lthsopr_indicator/lthsopr_indicator_light.html,2026-10-06
2012-12-28,11.718867,https://charts-cdn.checkonchain.com/btconchain/realised/lthsopr_indicator/lthsopr_indicator_light.html,2026-10-06
2012-12-29,11.725971,https://charts-cdn.checkonchain.com/btconchain/realised/lthsopr_indicator/lthsopr_indicator_light.html,2026-10-06
2012-12-30,11.760729,https://charts-cdn.checkonchain.com/btconchain/realised/lthsopr_indicator/lthsopr_indicator_light.html,2026-10-06
2012-12-31,11.779369,https://charts-cdn.checkonchain.com/btconchain/realised/lthsopr_indicator/lthsopr_indicator_light.html,2026-10-06
2013-01-01,11.814160,https://charts-cdn.checkonchain.com/btconchain/realised/lthsopr_indicator/lthsopr_indicator_light.html,2026-10-06
2013-01-02,11.847013,https://charts-cdn.checkonchain.com/btconchain/realised/lthsopr_indicator/lthsopr_indicator_light.html,2026-10-06
2013-01-03,11.853647,https://charts-cdn.checkonchain.com/btconchain/realised/lthsopr_indicator/lthsopr_indicator_light.html,2026-10-06
2013-01-04,11.876361,https://charts-cdn.checkonchain.com/btconchain/realised/lthsopr_indicator/lthsopr_indicator_light.html,2026-10-06
2013-01-05,11.961169,https://charts-cdn.checkonchain.com/btconchain/realised/lthsopr_indicator/lthsopr_indicator_light.html,2026-10-06
2013-01-06,11.997546,https://charts-cdn.checkonchain.com/btconchain/realised/lthsopr_indicator/lthsopr_indicator_light.html,2026-10-06
2013-01-07,12.033521,https://charts-cdn.checkonchain.com/btconchain/realised/lthsopr_indicator/lthsopr_indicator_light.html,2026-10-06
2013-01-08,12.051233,https://charts-cdn.checkonchain.com/btconchain/realised/lthsopr_indicator/lthsopr_indicator_light.html,2026-10-06
2013-01-09,12.022638,https://charts-cdn.checkonchain.com/btconchain/realised/lthsopr_indicator/lthsopr_indicator_light.html,2026-10-06
2013-01-10,12.045868,https://charts-cdn.checkonchain.com/btconchain/realised/lthsopr_indicator/lthsopr_indicator_light.html,2026-10-06
2013-01-11,12.071814,https://charts-cdn.checkonchain.com/btconchain/realised/lthsopr_indicator/lthsopr_indicator_light.html,2026-10-06
2013-01-12,12.104327,https://charts-cdn.checkonchain.com/btconchain/realised/lthsopr_indicator/lthsopr_indicator_light.html,2026-10-06
2013-01-13,12.179963,https://charts-cdn.checkonchain.com/btconchain/realised/lthsopr_indicator/lthsopr_indicator_light.html,2026-10-06
2013-01-14,12.317071,https://charts-cdn.checkonchain.com/btconchain/realised/lthsopr_indicator/lthsopr_indicator_light.html,2026-10-06
2013-01-15,12.393164,https://charts-cdn.checkonchain.com/btconchain/realised/lthsopr_indicator/lthsopr_indicator_light.html,2026-10-06
2013-01-16,12.392718,https://charts-cdn.checkonchain.com/btconchain/realised/lthsopr_indicator/lthsopr_indicator_light.html,2026-10-06
2013-01-17,12.410179,https://charts-cdn.checkonchain.com/btconchain/realised/lthsopr_indicator/lthsopr_indicator_light.html,2026-10-06
2013-01-18,12.432915,https://charts-cdn.checkonchain.com/btconchain/realised/lthsopr_indicator/lthsopr_indicator_light.html,2026-10-06
2013-01-19,12.466164,https://charts-cdn.checkonchain.com/btconchain/realised/lthsopr_indicator/lthsopr_indicator_light.html,2026-10-06
2013-01-20,12.496249,https://charts-cdn.checkonchain.com/btconchain/realised/lthsopr_indicator/lthsopr_indicator_light.html,2026-10-06
2013-01-21,12.485226,https://charts-cdn.checkonchain.com/btconchain/realised/lthsopr_indicator/lthsopr_indicator_light.html,2026-10-06
2013-01-22,12.425103,https://charts-cdn.checkonchain.com/btconchain/realised/lthsopr_indicator/lthsopr_indicator_light.html,2026-10-06
2013-01-23,12.475772,https://charts-cdn.checkonchain.com/btconchain/realised/lthsopr_indicator/lthsopr_indicator_light.html,2026-10-06
2013-01-24,12.455987,https://charts-cdn.checkonchain.com/btconchain/realised/lthsopr_indicator/lthsopr_indicator_light.html,2026-10-06
2013-01-25,12.474260,https://charts-cdn.checkonchain.com/btconchain/realised/lthsopr_indicator/lthsopr_indicator_light.html,2026-10-06
2013-01-26,12.471003,https://charts-cdn.checkonchain.com/btconchain/realised/lthsopr_indicator/lthsopr_indicator_light.html,2026-10-06
2013-01-27,12.464847,https://charts-cdn.checkonchain.com/btconchain/realised/lthsopr_indicator/lthsopr_indicator_light.html,2026-10-06
2013-01-28,12.459453,https://charts-cdn.checkonchain.com/btconchain/realised/lthsopr_indicator/lthsopr_indicator_light.html,2026-10-06
2013-01-29,12.422141,https://charts-cdn.checkonchain.com/btconchain/realised/lthsopr_indicator/lthsopr_indicator_light.html,2026-10-06
2013-01-30,12.375741,https://charts-cdn.checkonchain.com/btconchain/realised/lthsopr_indicator/lthsopr_indicator_light.html,2026-10-06
2013-01-31,12.333258,https://charts-cdn.checkonchain.com/btconchain/realised/lthsopr_indicator/lthsopr_indicator_light.html,2026-10-06
2013-02-01,12.259340,https://charts-cdn.checkonchain.com/btconchain/realised/lthsopr_indicator/lthsopr_indicator_light.html,2026-10-06
2013-02-02,12.209106,https://charts-cdn.checkonchain.com/btconchain/realised/lthsopr_indicator/lthsopr_indicator_light.html,2026-10-06
2013-02-03,12.215284,https://charts-cdn.checkonchain.com/btconchain/realised/lthsopr_indicator/lthsopr_indicator_light.html,2026-10-06
2013-02-04,12.173794,https://charts-cdn.checkonchain.com/btconchain/realised/lthsopr_indicator/lthsopr_indicator_light.html,2026-10-06
2013-02-05,12.188020,https://charts-cdn.checkonchain.com/btconchain/realised/lthsopr_indicator/lthsopr_indicator_light.html,2026-10-06
2013-02-06,12.213464,https://charts-cdn.checkonchain.com/btconchain/realised/lthsopr_indicator/lthsopr_indicator_light.html,2026-10-06
2013-02-07,12.209493,https://charts-cdn.checkonchain.com/btconchain/realised/lthsopr_indicator/lthsopr_indicator_light.html,2026-10-06
2013-02-08,12.193918,https://charts-cdn.checkonchain.com/btconchain/realised/lthsopr_indicator/lthsopr_indicator_light.html,2026-10-06
2013-02-09,12.118762,https://charts-cdn.checkonchain.com/btconchain/realised/lthsopr_indicator/lthsopr_indicator_light.html,2026-10-06
2013-02-10,12.149658,https://charts-cdn.checkonchain.com/btconchain/realised/lthsopr_indicator/lthsopr_indicator_light.html,2026-10-06
2013-02-11,12.146282,https://charts-cdn.checkonchain.com/btconchain/realised/lthsopr_indicator/lthsopr_indicator_light.html,2026-10-06
2013-02-12,12.191590,https://charts-cdn.checkonchain.com/btconchain/realised/lthsopr_indicator/lthsopr_indicator_light.html,2026-10-06
2013-02-13,12.157287,https://charts-cdn.checkonchain.com/btconchain/realised/lthsopr_indicator/lthsopr_indicator_light.html,2026-10-06
2013-02-14,12.221507,https://charts-cdn.checkonchain.com/btconchain/realised/lthsopr_indicator/lthsopr_indicator_light.html,2026-10-06
2013-02-15,12.226484,https://charts-cdn.checkonchain.com/btconchain/realised/lthsopr_indicator/lthsopr_indicator_light.html,2026-10-06
2013-02-16,12.249471,https://charts-cdn.checkonchain.com/btconchain/realised/lthsopr_indicator/lthsopr_indicator_light.html,2026-10-06
2013-02-17,12.272353,https://charts-cdn.checkonchain.com/btconchain/realised/lthsopr_indicator/lthsopr_indicator_light.html,2026-10-06
2013-02-18,12.264110,https://charts-cdn.checkonchain.com/btconchain/realised/lthsopr_indicator/lthsopr_indicator_light.html,2026-10-06
2013-02-19,12.306325,https://charts-cdn.checkonchain.com/btconchain/realised/lthsopr_indicator/lthsopr_indicator_light.html,2026-10-06
2013-02-20,12.291416,https://charts-cdn.checkonchain.com/btconchain/realised/lthsopr_indicator/lthsopr_indicator_light.html,2026-10-06
2013-02-21,12.345426,https://charts-cdn.checkonchain.com/btconchain/realised/lthsopr_indicator/lthsopr_indicator_light.html,2026-10-06
2013-02-22,12.367802,https://charts-cdn.checkonchain.com/btconchain/realised/lthsopr_indicator/lthsopr_indicator_light.html,2026-10-06
2013-02-23,12.416103,https://charts-cdn.checkonchain.com/btconchain/realised/lthsopr_indicator/lthsopr_indicator_light.html,2026-10-06
2013-02-24,12.436092,https://charts-cdn.checkonchain.com/btconchain/realised/lthsopr_indicator/lthsopr_indicator_light.html,2026-10-06
2013-02-25,12.411209,https://charts-cdn.checkonchain.com/btconchain/realised/lthsopr_indicator/lthsopr_indicator_light.html,2026-10-06
2013-02-26,12.401651,https://charts-cdn.checkonchain.com/btconchain/realised/lthsopr_indicator/lthsopr_indicator_light.html,2026-10-06
2013-02-27,12.461955,https://charts-cdn.checkonchain.com/btconchain/realised/lthsopr_indicator/lthsopr_indicator_light.html,2026-10-06
2013-02-28,12.395155,https://charts-cdn.checkonchain.com/btconchain/realised/lthsopr_indicator/lthsopr_indicator_light.html,2026-10-06
2013-03-01,12.412328,https://charts-cdn.checkonchain.com/btconchain/realised/lthsopr_indicator/lthsopr_indicator_light.html,2026-10-06
2013-03-02,12.486381,https://charts-cdn.checkonchain.com/btconchain/realised/lthsopr_indicator/lthsopr_indicator_light.html,2026-10-06
2013-03-03,12.489570,https://charts-cdn.checkonchain.com/btconchain/realised/lthsopr_indicator/lthsopr_indicator_light.html,2026-10-06
2013-03-04,12.516678,https://charts-cdn.checkonchain.com/btconchain/realised/lthsopr_indicator/lthsopr_indicator_light.html,2026-10-06
2013-03-05,12.463048,https://charts-cdn.checkonchain.com/btconchain/realised/lthsopr_indicator/lthsopr_indicator_light.html,2026-10-06
2013-03-06,12.374318,https://charts-cdn.checkonchain.com/btconchain/realised/lthsopr_indicator/lthsopr_indicator_light.html,2026-10-06
2013-03-07,12.319647,https://charts-cdn.checkonchain.com/btconchain/realised/lthsopr_indicator/lthsopr_indicator_light.html,2026-10-06
2013-03-08,12.346912,https://charts-cdn.checkonchain.com/btconchain/realised/lthsopr_indicator/lthsopr_indicator_light.html,2026-10-06
2013-03-09,12.351993,https://charts-cdn.checkonchain.com/btconchain/realised/lthsopr_indicator/lthsopr_indicator_light.html,2026-10-06
2013-03-10,12.359008,https://charts-cdn.checkonchain.com/btconchain/realised/lthsopr_indicator/lthsopr_indicator_light.html,2026-10-06
2013-03-11,12.377074,https://charts-cdn.checkonchain.com/btconchain/realised/lthsopr_indicator/lthsopr_indicator_light.html,2026-10-06
2013-03-12,12.362302,https://charts-cdn.checkonchain.com/btconchain/realised/lthsopr_indicator/lthsopr_indicator_light.html,2026-10-06
2013-03-13,12.351480,https://charts-cdn.checkonchain.com/btconchain/realised/lthsopr_indicator/lthsopr_indicator_light.html,2026-10-06
2013-03-14,12.370601,https://charts-cdn.checkonchain.com/btconchain/realised/lthsopr_indicator/lthsopr_indicator_light.html,2026-10-06
2013-03-15,12.386886,https://charts-cdn.checkonchain.com/btconchain/realised/lthsopr_indicator/lthsopr_indicator_light.html,2026-10-06
2013-03-16,12.415902,https://charts-cdn.checkonchain.com/btconchain/realised/lthsopr_indicator/lthsopr_indicator_light.html,2026-10-06
2013-03-17,12.442364,https://charts-cdn.checkonchain.com/btconchain/realised/lthsopr_indicator/lthsopr_indicator_light.html,2026-10-06
2013-03-18,12.447883,https://charts-cdn.checkonchain.com/btconchain/realised/lthsopr_indicator/lthsopr_indicator_light.html,2026-10-06
2013-03-19,12.456652,https://charts-cdn.checkonchain.com/btconchain/realised/lthsopr_indicator/lthsopr_indicator_light.html,2026-10-06
2013-03-20,12.450835,https://charts-cdn.checkonchain.com/btconchain/realised/lthsopr_indicator/lthsopr_indicator_light.html,2026-10-06
2013-03-21,12.398131,https://charts-cdn.checkonchain.com/btconchain/realised/lthsopr_indicator/lthsopr_indicator_light.html,2026-10-06
2013-03-22,12.344835,https://charts-cdn.checkonchain.com/btconchain/realised/lthsopr_indicator/lthsopr_indicator_light.html,2026-10-06
2013-03-23,12.334122,https://charts-cdn.checkonchain.com/btconchain/realised/lthsopr_indicator/lthsopr_indicator_light.html,2026-10-06
2013-03-24,12.295596,https://charts-cdn.checkonchain.com/btconchain/realised/lthsopr_indicator/lthsopr_indicator_light.html,2026-10-06
2013-03-25,12.216811,https://charts-cdn.checkonchain.com/btconchain/realised/lthsopr_indicator/lthsopr_indicator_light.html,2026-10-06
2013-03-26,12.200058,https://charts-cdn.checkonchain.com/btconchain/realised/lthsopr_indicator/lthsopr_indicator_light.html,2026-10-06
2013-03-27,12.153742,https://charts-cdn.checkonchain.com/btconchain/realised/lthsopr_indicator/lthsopr_indicator_light.html,2026-10-06
2013-03-28,12.136457,https://charts-cdn.checkonchain.com/btconchain/realised/lthsopr_indicator/lthsopr_indicator_light.html,2026-10-06
2013-03-29,12.148786,https://charts-cdn.checkonchain.com/btconchain/realised/lthsopr_indicator/lthsopr_indicator_light.html,2026-10-06
2013-03-30,12.064692,https://charts-cdn.checkonchain.com/btconchain/realised/lthsopr_indicator/lthsopr_indicator_light.html,2026-10-06
2013-03-31,12.070556,https://charts-cdn.checkonchain.com/btconchain/realised/lthsopr_indicator/lthsopr_indicator_light.html,2026-10-06
2013-04-01,12.005764,https://charts-cdn.checkonchain.com/btconchain/realised/lthsopr_indicator/lthsopr_indicator_light.html,2026-10-06
2013-04-02,11.958619,https://charts-cdn.checkonchain.com/btconchain/realised/lthsopr_indicator/lthsopr_indicator_light.html,2026-10-06
2013-04-03,11.694330,https://charts-cdn.checkonchain.com/btconchain/realised/lthsopr_indicator/lthsopr_indicator_light.html,2026-10-06
2013-04-04,11.650225,https://charts-cdn.checkonchain.com/btconchain/realised/lthsopr_indicator/lthsopr_indicator_light.html,2026-10-06
2013-04-05,11.464372,https://charts-cdn.checkonchain.com/btconchain/realised/lthsopr_indicator/lthsopr_indicator_light.html,2026-10-06
2013-04-06,11.443826,https://charts-cdn.checkonchain.com/btconchain/realised/lthsopr_indicator/lthsopr_indicator_light.html,2026-10-06
2013-04-07,11.444863,https://charts-cdn.checkonchain.com/btconchain/realised/lthsopr_indicator/lthsopr_indicator_light.html,2026-10-06
2013-04-08,11.402613,https://charts-cdn.checkonchain.com/btconchain/realised/lthsopr_indicator/lthsopr_indicator_light.html,2026-10-06
2013-04-09,11.201141,https://charts-cdn.checkonchain.com/btconchain/realised/lthsopr_indicator/lthsopr_indicator_light.html,2026-10-06
2013-04-10,11.043593,https://charts-cdn.checkonchain.com/btconchain/realised/lthsopr_indicator/lthsopr_indicator_light.html,2026-10-06
2013-04-11,10.903068,https://charts-cdn.checkonchain.com/btconchain/realised/lthsopr_indicator/lthsopr_indicator_light.html,2026-10-06
2013-04-12,10.881902,https://charts-cdn.checkonchain.com/btconchain/realised/lthsopr_indicator/lthsopr_indicator_light.html,2026-10-06
2013-04-13,10.845840,https://charts-cdn.checkonchain.com/btconchain/realised/lthsopr_indicator/lthsopr_indicator_light.html,2026-10-06
2013-04-14,10.833478,https://charts-cdn.checkonchain.com/btconchain/realised/lthsopr_indicator/lthsopr_indicator_light.html,2026-10-06
2013-04-15,10.841425,https://charts-cdn.checkonchain.com/btconchain/realised/lthsopr_indicator/lthsopr_indicator_light.html,2026-10-06
2013-04-16,10.764834,https://charts-cdn.checkonchain.com/btconchain/realised/lthsopr_indicator/lthsopr_indicator_light.html,2026-10-06
2013-04-17,10.709899,https://charts-cdn.checkonchain.com/btconchain/realised/lthsopr_indicator/lthsopr_indicator_light.html,2026-10-06
2013-04-18,10.734546,https://charts-cdn.checkonchain.com/btconchain/realised/lthsopr_indicator/lthsopr_indicator_light.html,2026-10-06
2013-04-19,10.732418,https://charts-cdn.checkonchain.com/btconchain/realised/lthsopr_indicator/lthsopr_indicator_light.html,2026-10-06
2013-04-20,10.731313,https://charts-cdn.checkonchain.com/btconchain/realised/lthsopr_indicator/lthsopr_indicator_light.html,2026-10-06
2013-04-21,10.676556,https://charts-cdn.checkonchain.com/btconchain/realised/lthsopr_indicator/lthsopr_indicator_light.html,2026-10-06
2013-04-22,10.674984,https://charts-cdn.checkonchain.com/btconchain/realised/lthsopr_indicator/lthsopr_indicator_light.html,2026-10-06
2013-04-23,10.770480,https://charts-cdn.checkonchain.com/btconchain/realised/lthsopr_indicator/lthsopr_indicator_light.html,2026-10-06
2013-04-24,10.728126,https://charts-cdn.checkonchain.com/btconchain/realised/lthsopr_indicator/lthsopr_indicator_light.html,2026-10-06
2013-04-25,10.743842,https://charts-cdn.checkonchain.com/btconchain/realised/lthsopr_indicator/lthsopr_indicator_light.html,2026-10-06
2013-04-26,10.750085,https://charts-cdn.checkonchain.com/btconchain/realised/lthsopr_indicator/lthsopr_indicator_light.html,2026-10-06
2013-04-27,10.766548,https://charts-cdn.checkonchain.com/btconchain/realised/lthsopr_indicator/lthsopr_indicator_light.html,2026-10-06
2013-04-28,10.773162,https://charts-cdn.checkonchain.com/btconchain/realised/lthsopr_indicator/lthsopr_indicator_light.html,2026-10-06
2013-04-29,10.795268,https://charts-cdn.checkonchain.com/btconchain/realised/lthsopr_indicator/lthsopr_indicator_light.html,2026-10-06
2013-04-30,10.797777,https://charts-cdn.checkonchain.com/btconchain/realised/lthsopr_indicator/lthsopr_indicator_light.html,2026-10-06
2013-05-01,10.784033,https://charts-cdn.checkonchain.com/btconchain/realised/lthsopr_indicator/lthsopr_indicator_light.html,2026-10-06
2013-05-02,10.802765,https://charts-cdn.checkonchain.com/btconchain/realised/lthsopr_indicator/lthsopr_indicator_light.html,2026-10-06
2013-05-03,10.795934,https://charts-cdn.checkonchain.com/btconchain/realised/lthsopr_indicator/lthsopr_indicator_light.html,2026-10-06
2013-05-04,10.825881,https://charts-cdn.checkonchain.com/btconchain/realised/lthsopr_indicator/lthsopr_indicator_light.html,2026-10-06
2013-05-05,10.827383,https://charts-cdn.checkonchain.com/btconchain/realised/lthsopr_indicator/lthsopr_indicator_light.html,2026-10-06
2013-05-06,10.834268,https://charts-cdn.checkonchain.com/btconchain/realised/lthsopr_indicator/lthsopr_indicator_light.html,2026-10-06
2013-05-07,10.859350,https://charts-cdn.checkonchain.com/btconchain/realised/lthsopr_indicator/lthsopr_indicator_light.html,2026-10-06
2013-05-08,10.888810,https://charts-cdn.checkonchain.com/btconchain/realised/lthsopr_indicator/lthsopr_indicator_light.html,2026-10-06
2013-05-09,10.914609,https://charts-cdn.checkonchain.com/btconchain/realised/lthsopr_indicator/lthsopr_indicator_light.html,2026-10-06
2013-05-10,10.935579,https://charts-cdn.checkonchain.com/btconchain/realised/lthsopr_indicator/lthsopr_indicator_light.html,2026-10-06
2013-05-11,10.933806,https://charts-cdn.checkonchain.com/btconchain/realised/lthsopr_indicator/lthsopr_indicator_light.html,2026-10-06
2013-05-12,10.964610,https://charts-cdn.checkonchain.com/btconchain/realised/lthsopr_indicator/lthsopr_indicator_light.html,2026-10-06
2013-05-13,11.017534,https://charts-cdn.checkonchain.com/btconchain/realised/lthsopr_indicator/lthsopr_indicator_light.html,2026-10-06
2013-05-14,11.019640,https://charts-cdn.checkonchain.com/btconchain/realised/lthsopr_indicator/lthsopr_indicator_light.html,2026-10-06
2013-05-15,11.035150,https://charts-cdn.checkonchain.com/btconchain/realised/lthsopr_indicator/lthsopr_indicator_light.html,2026-10-06
2013-05-16,11.084859,https://charts-cdn.checkonchain.com/btconchain/realised/lthsopr_indicator/lthsopr_indicator_light.html,2026-10-06
2013-05-17,11.246157,https://charts-cdn.checkonchain.com/btconchain/realised/lthsopr_indicator/lthsopr_indicator_light.html,2026-10-06
2013-05-18,11.219252,https://charts-cdn.checkonchain.com/btconchain/realised/lthsopr_indicator/lthsopr_indicator_light.html,2026-10-06
2013-05-19,11.272979,https://charts-cdn.checkonchain.com/btconchain/realised/lthsopr_indicator/lthsopr_indicator_light.html,2026-10-06
2013-05-20,11.300436,https://charts-cdn.checkonchain.com/btconchain/realised/lthsopr_indicator/lthsopr_indicator_light.html,2026-10-06
2013-05-21,11.307828,https://charts-cdn.checkonchain.com/btconchain/realised/lthsopr_indicator/lthsopr_indicator_light.html,2026-10-06
2013-05-22,11.314636,https://charts-cdn.checkonchain.com/btconchain/realised/lthsopr_indicator/lthsopr_indicator_light.html,2026-10-06
2013-05-23,11.345650,https://charts-cdn.checkonchain.com/btconchain/realised/lthsopr_indicator/lthsopr_indicator_light.html,2026-10-06
2013-05-24,11.352503,https://charts-cdn.checkonchain.com/btconchain/realised/lthsopr_indicator/lthsopr_indicator_light.html,2026-10-06
2013-05-25,11.260208,https://charts-cdn.checkonchain.com/btconchain/realised/lthsopr_indicator/lthsopr_indicator_light.html,2026-10-06
2013-05-26,11.294349,https://charts-cdn.checkonchain.com/btconchain/realised/lthsopr_indicator/lthsopr_indicator_light.html,2026-10-06
2013-05-27,11.323952,https://charts-cdn.checkonchain.com/btconchain/realised/lthsopr_indicator/lthsopr_indicator_light.html,2026-10-06
2013-05-28,11.352184,https://charts-cdn.checkonchain.com/btconchain/realised/lthsopr_indicator/lthsopr_indicator_light.html,2026-10-06
2013-05-29,11.330397,https://charts-cdn.checkonchain.com/btconchain/realised/lthsopr_indicator/lthsopr_indicator_light.html,2026-10-06
2013-05-30,11.356213,https://charts-cdn.checkonchain.com/btconchain/realised/lthsopr_indicator/lthsopr_indicator_light.html,2026-10-06
2013-05-31,11.371851,https://charts-cdn.checkonchain.com/btconchain/realised/lthsopr_indicator/lthsopr_indicator_light.html,2026-10-06
2013-06-01,11.406365,https://charts-cdn.checkonchain.com/btconchain/realised/lthsopr_indicator/lthsopr_indicator_light.html,2026-10-06
2013-06-02,11.436595,https://charts-cdn.checkonchain.com/btconchain/realised/lthsopr_indicator/lthsopr_indicator_light.html,2026-10-06
2013-06-03,11.579935,https://charts-cdn.checkonchain.com/btconchain/realised/lthsopr_indicator/lthsopr_indicator_light.html,2026-10-06
2013-06-04,11.626973,https://charts-cdn.checkonchain.com/btconchain/realised/lthsopr_indicator/lthsopr_indicator_light.html,2026-10-06
2013-06-05,11.571403,https://charts-cdn.checkonchain.com/btconchain/realised/lthsopr_indicator/lthsopr_indicator_light.html,2026-10-06
2013-06-06,11.537737,https://charts-cdn.checkonchain.com/btconchain/realised/lthsopr_indicator/lthsopr_indicator_light.html,2026-10-06
2013-06-07,11.558124,https://charts-cdn.checkonchain.com/btconchain/realised/lthsopr_indicator/lthsopr_indicator_light.html,2026-10-06
2013-06-08,11.567138,https://charts-cdn.checkonchain.com/btconchain/realised/lthsopr_indicator/lthsopr_indicator_light.html,2026-10-06
2013-06-09,11.556529,https://charts-cdn.checkonchain.com/btconchain/realised/lthsopr_indicator/lthsopr_indicator_light.html,2026-10-06
2013-06-10,11.589108,https://charts-cdn.checkonchain.com/btconchain/realised/lthsopr_indicator/lthsopr_indicator_light.html,2026-10-06
2013-06-11,11.610703,https://charts-cdn.checkonchain.com/btconchain/realised/lthsopr_indicator/lthsopr_indicator_light.html,2026-10-06
2013-06-12,11.646469,https://charts-cdn.checkonchain.com/btconchain/realised/lthsopr_indicator/lthsopr_indicator_light.html,2026-10-06
2013-06-13,11.701560,https://charts-cdn.checkonchain.com/btconchain/realised/lthsopr_indicator/lthsopr_indicator_light.html,2026-10-06
2013-06-14,11.766532,https://charts-cdn.checkonchain.com/btconchain/realised/lthsopr_indicator/lthsopr_indicator_light.html,2026-10-06
2013-06-15,11.797204,https://charts-cdn.checkonchain.com/btconchain/realised/lthsopr_indicator/lthsopr_indicator_light.html,2026-10-06
2013-06-16,11.827708,https://charts-cdn.checkonchain.com/btconchain/realised/lthsopr_indicator/lthsopr_indicator_light.html,2026-10-06
2013-06-17,11.903922,https://charts-cdn.checkonchain.com/btconchain/realised/lthsopr_indicator/lthsopr_indicator_light.html,2026-10-06
2013-06-18,11.933244,https://charts-cdn.checkonchain.com/btconchain/realised/lthsopr_indicator/lthsopr_indicator_light.html,2026-10-06
2013-06-19,11.937326,https://charts-cdn.checkonchain.com/btconchain/realised/lthsopr_indicator/lthsopr_indicator_light.html,2026-10-06
2013-06-20,11.990047,https://charts-cdn.checkonchain.com/btconchain/realised/lthsopr_indicator/lthsopr_indicator_light.html,2026-10-06
2013-06-21,12.090169,https://charts-cdn.checkonchain.com/btconchain/realised/lthsopr_indicator/lthsopr_indicator_light.html,2026-10-06
2013-06-22,12.145587,https://charts-cdn.checkonchain.com/btconchain/realised/lthsopr_indicator/lthsopr_indicator_light.html,2026-10-06
2013-06-23,12.199591,https://charts-cdn.checkonchain.com/btconchain/realised/lthsopr_indicator/lthsopr_indicator_light.html,2026-10-06
2013-06-24,12.247677,https://charts-cdn.checkonchain.com/btconchain/realised/lthsopr_indicator/lthsopr_indicator_light.html,2026-10-06
2013-06-25,12.288668,https://charts-cdn.checkonchain.com/btconchain/realised/lthsopr_indicator/lthsopr_indicator_light.html,2026-10-06
2013-06-26,12.295367,https://charts-cdn.checkonchain.com/btconchain/realised/lthsopr_indicator/lthsopr_indicator_light.html,2026-10-06
2013-06-27,12.321709,https://charts-cdn.checkonchain.com/btconchain/realised/lthsopr_indicator/lthsopr_indicator_light.html,2026-10-06
2013-06-28,12.611567,https://charts-cdn.checkonchain.com/btconchain/realised/lthsopr_indicator/lthsopr_indicator_light.html,2026-10-06
2013-06-29,12.718864,https://charts-cdn.checkonchain.com/btconchain/realised/lthsopr_indicator/lthsopr_indicator_light.html,2026-10-06
2013-06-30,12.789682,https://charts-cdn.checkonchain.com/btconchain/realised/lthsopr_indicator/lthsopr_indicator_light.html,2026-10-06
2013-07-01,13.092296,https://charts-cdn.checkonchain.com/btconchain/realised/lthsopr_indicator/lthsopr_indicator_light.html,2026-10-06
2013-07-02,13.154154,https://charts-cdn.checkonchain.com/btconchain/realised/lthsopr_indicator/lthsopr_indicator_light.html,2026-10-06
2013-07-03,13.185490,https://charts-cdn.checkonchain.com/btconchain/realised/lthsopr_indicator/lthsopr_indicator_light.html,2026-10-06
2013-07-04,13.257663,https://charts-cdn.checkonchain.com/btconchain/realised/lthsopr_indicator/lthsopr_indicator_light.html,2026-10-06
2013-07-05,13.272499,https://charts-cdn.checkonchain.com/btconchain/realised/lthsopr_indicator/lthsopr_indicator_light.html,2026-10-06
2013-07-06,13.303836,https://charts-cdn.checkonchain.com/btconchain/realised/lthsopr_indicator/lthsopr_indicator_light.html,2026-10-06
2013-07-07,13.336600,https://charts-cdn.checkonchain.com/btconchain/realised/lthsopr_indicator/lthsopr_indicator_light.html,2026-10-06
2013-07-08,13.616225,https://charts-cdn.checkonchain.com/btconchain/realised/lthsopr_indicator/lthsopr_indicator_light.html,2026-10-06
2013-07-09,13.694238,https://charts-cdn.checkonchain.com/btconchain/realised/lthsopr_indicator/lthsopr_indicator_light.html,2026-10-06
2013-07-10,13.641924,https://charts-cdn.checkonchain.com/btconchain/realised/lthsopr_indicator/lthsopr_indicator_light.html,2026-10-06
2013-07-11,13.693519,https://charts-cdn.checkonchain.com/btconchain/realised/lthsopr_indicator/lthsopr_indicator_light.html,2026-10-06
2013-07-12,13.732024,https://charts-cdn.checkonchain.com/btconchain/realised/lthsopr_indicator/lthsopr_indicator_light.html,2026-10-06
2013-07-13,13.685663,https://charts-cdn.checkonchain.com/btconchain/realised/lthsopr_indicator/lthsopr_indicator_light.html,2026-10-06
2013-07-14,13.743032,https://charts-cdn.checkonchain.com/btconchain/realised/lthsopr_indicator/lthsopr_indicator_light.html,2026-10-06
2013-07-15,13.841851,https://charts-cdn.checkonchain.com/btconchain/realised/lthsopr_indicator/lthsopr_indicator_light.html,2026-10-06
2013-07-16,13.916307,https://charts-cdn.checkonchain.com/btconchain/realised/lthsopr_indicator/lthsopr_indicator_light.html,2026-10-06
2013-07-17,14.011536,https://charts-cdn.checkonchain.com/btconchain/realised/lthsopr_indicator/lthsopr_indicator_light.html,2026-10-06
2013-07-18,14.085439,https://charts-cdn.checkonchain.com/btconchain/realised/lthsopr_indicator/lthsopr_indicator_light.html,2026-10-06
2013-07-19,14.140232,https://charts-cdn.checkonchain.com/btconchain/realised/lthsopr_indicator/lthsopr_indicator_light.html,2026-10-06
2013-07-20,14.217392,https://charts-cdn.checkonchain.com/btconchain/realised/lthsopr_indicator/lthsopr_indicator_light.html,2026-10-06
2013-07-21,14.274334,https://charts-cdn.checkonchain.com/btconchain/realised/lthsopr_indicator/lthsopr_indicator_light.html,2026-10-06
2013-07-22,14.324594,https://charts-cdn.checkonchain.com/btconchain/realised/lthsopr_indicator/lthsopr_indicator_light.html,2026-10-06
2013-07-23,14.420020,https://charts-cdn.checkonchain.com/btconchain/realised/lthsopr_indicator/lthsopr_indicator_light.html,2026-10-06
2013-07-24,14.496796,https://charts-cdn.checkonchain.com/btconchain/realised/lthsopr_indicator/lthsopr_indicator_light.html,2026-10-06
2013-07-25,15.084940,https://charts-cdn.checkonchain.com/btconchain/realised/lthsopr_indicator/lthsopr_indicator_light.html,2026-10-06
2013-07-26,15.229451,https://charts-cdn.checkonchain.com/btconchain/realised/lthsopr_indicator/lthsopr_indicator_light.html,2026-10-06
2013-07-27,15.311870,https://charts-cdn.checkonchain.com/btconchain/realised/lthsopr_indicator/lthsopr_indicator_light.html,2026-10-06
2013-07-28,15.386450,https://charts-cdn.checkonchain.com/btconchain/realised/lthsopr_indicator/lthsopr_indicator_light.html,2026-10-06
2013-07-29,15.476962,https://charts-cdn.checkonchain.com/btconchain/realised/lthsopr_indicator/lthsopr_indicator_light.html,2026-10-06
2013-07-30,15.501346,https://charts-cdn.checkonchain.com/btconchain/realised/lthsopr_indicator/lthsopr_indicator_light.html,2026-10-06
2013-07-31,15.636992,https://charts-cdn.checkonchain.com/btconchain/realised/lthsopr_indicator/lthsopr_indicator_light.html,2026-10-06
2013-08-01,15.757616,https://charts-cdn.checkonchain.com/btconchain/realised/lthsopr_indicator/lthsopr_indicator_light.html,2026-10-06
2013-08-02,16.076734,https://charts-cdn.checkonchain.com/btconchain/realised/lthsopr_indicator/lthsopr_indicator_light.html,2026-10-06
2013-08-03,16.318287,https://charts-cdn.checkonchain.com/btconchain/realised/lthsopr_indicator/lthsopr_indicator_light.html,2026-10-06
2013-08-04,16.512599,https://charts-cdn.checkonchain.com/btconchain/realised/lthsopr_indicator/lthsopr_indicator_light.html,2026-10-06
2013-08-05,16.741946,https://charts-cdn.checkonchain.com/btconchain/realised/lthsopr_indicator/lthsopr_indicator_light.html,2026-10-06
2013-08-06,16.981105,https://charts-cdn.checkonchain.com/btconchain/realised/lthsopr_indicator/lthsopr_indicator_light.html,2026-10-06
2013-08-07,17.080279,https://charts-cdn.checkonchain.com/btconchain/realised/lthsopr_indicator/lthsopr_indicator_light.html,2026-10-06
2013-08-08,17.247474,https://charts-cdn.checkonchain.com/btconchain/realised/lthsopr_indicator/lthsopr_indicator_light.html,2026-10-06
2013-08-09,17.374986,https://charts-cdn.checkonchain.com/btconchain/realised/lthsopr_indicator/lthsopr_indicator_light.html,2026-10-06
2013-08-10,17.545902,https://charts-cdn.checkonchain.com/btconchain/realised/lthsopr_indicator/lthsopr_indicator_light.html,2026-10-06
2013-08-11,17.740792,https://charts-cdn.checkonchain.com/btconchain/realised/lthsopr_indicator/lthsopr_indicator_light.html,2026-10-06
2013-08-12,17.954690,https://charts-cdn.checkonchain.com/btconchain/realised/lthsopr_indicator/lthsopr_indicator_light.html,2026-10-06
2013-08-13,17.967236,https://charts-cdn.checkonchain.com/btconchain/realised/lthsopr_indicator/lthsopr_indicator_light.html,2026-10-06
2013-08-14,18.036037,https://charts-cdn.checkonchain.com/btconchain/realised/lthsopr_indicator/lthsopr_indicator_light.html,2026-10-06
2013-08-15,18.118715,https://charts-cdn.checkonchain.com/btconchain/realised/lthsopr_indicator/lthsopr_indicator_light.html,2026-10-06
2013-08-16,18.321443,https://charts-cdn.checkonchain.com/btconchain/realised/lthsopr_indicator/lthsopr_indicator_light.html,2026-10-06
2013-08-17,18.672345,https://charts-cdn.checkonchain.com/btconchain/realised/lthsopr_indicator/lthsopr_indicator_light.html,2026-10-06
2013-08-18,19.184963,https://charts-cdn.checkonchain.com/btconchain/realised/lthsopr_indicator/lthsopr_indicator_light.html,2026-10-06
2013-08-19,19.890745,https://charts-cdn.checkonchain.com/btconchain/realised/lthsopr_indicator/lthsopr_indicator_light.html,2026-10-06
2013-08-20,20.116886,https://charts-cdn.checkonchain.com/btconchain/realised/lthsopr_indicator/lthsopr_indicator_light.html,2026-10-06
2013-08-21,20.304982,https://charts-cdn.checkonchain.com/btconchain/realised/lthsopr_indicator/lthsopr_indicator_light.html,2026-10-06
2013-08-22,20.707566,https://charts-cdn.checkonchain.com/btconchain/realised/lthsopr_indicator/lthsopr_indicator_light.html,2026-10-06
2013-08-23,21.079056,https://charts-cdn.checkonchain.com/btconchain/realised/lthsopr_indicator/lthsopr_indicator_light.html,2026-10-06
2013-08-24,21.687829,https://charts-cdn.checkonchain.com/btconchain/realised/lthsopr_indicator/lthsopr_indicator_light.html,2026-10-06
2013-08-25,22.177321,https://charts-cdn.checkonchain.com/btconchain/realised/lthsopr_indicator/lthsopr_indicator_light.html,2026-10-06
2013-08-26,22.935092,https://charts-cdn.checkonchain.com/btconchain/realised/lthsopr_indicator/lthsopr_indicator_light.html,2026-10-06
2013-08-27,24.892392,https://charts-cdn.checkonchain.com/btconchain/realised/lthsopr_indicator/lthsopr_indicator_light.html,2026-10-06
2013-08-28,25.402094,https://charts-cdn.checkonchain.com/btconchain/realised/lthsopr_indicator/lthsopr_indicator_light.html,2026-10-06
2013-08-29,26.411417,https://charts-cdn.checkonchain.com/btconchain/realised/lthsopr_indicator/lthsopr_indicator_light.html,2026-10-06
2013-08-30,27.804302,https://charts-cdn.checkonchain.com/btconchain/realised/lthsopr_indicator/lthsopr_indicator_light.html,2026-10-06
2013-08-31,29.423004,https://charts-cdn.checkonchain.com/btconchain/realised/lthsopr_indicator/lthsopr_indicator_light.html,2026-10-06
2013-09-01,30.666177,https://charts-cdn.checkonchain.com/btconchain/realised/lthsopr_indicator/lthsopr_indicator_light.html,2026-10-06
2013-09-02,31.655930,https://charts-cdn.checkonchain.com/btconchain/realised/lthsopr_indicator/lthsopr_indicator_light.html,2026-10-06
2013-09-03,32.687447,https://charts-cdn.checkonchain.com/btconchain/realised/lthsopr_indicator/lthsopr_indicator_light.html,2026-10-06
2013-09-04,33.808039,https://charts-cdn.checkonchain.com/btconchain/realised/lthsopr_indicator/lthsopr_indicator_light.html,2026-10-06
2013-09-05,35.554720,https://charts-cdn.checkonchain.com/btconchain/realised/lthsopr_indicator/lthsopr_indicator_light.html,2026-10-06
2013-09-06,43.272907,https://charts-cdn.checkonchain.com/btconchain/realised/lthsopr_indicator/lthsopr_indicator_light.html,2026-10-06
2013-09-07,47.917491,https://charts-cdn.checkonchain.com/btconchain/realised/lthsopr_indicator/lthsopr_indicator_light.html,2026-10-06
2013-09-08,49.613163,https://charts-cdn.checkonchain.com/btconchain/realised/lthsopr_indicator/lthsopr_indicator_light.html,2026-10-06
2013-09-09,50.233246,https://charts-cdn.checkonchain.com/btconchain/realised/lthsopr_indicator/lthsopr_indicator_light.html,2026-10-06
2013-09-10,50.885524,https://charts-cdn.checkonchain.com/btconchain/realised/lthsopr_indicator/lthsopr_indicator_light.html,2026-10-06
2013-09-11,51.359086,https://charts-cdn.checkonchain.com/btconchain/realised/lthsopr_indicator/lthsopr_indicator_light.html,2026-10-06
2013-09-12,52.011315,https://charts-cdn.checkonchain.com/btconchain/realised/lthsopr_indicator/lthsopr_indicator_light.html,2026-10-06
2013-09-13,52.399470,https://charts-cdn.checkonchain.com/btconchain/realised/lthsopr_indicator/lthsopr_indicator_light.html,2026-10-06
2013-09-14,53.086567,https://charts-cdn.checkonchain.com/btconchain/realised/lthsopr_indicator/lthsopr_indicator_light.html,2026-10-06
2013-09-15,53.968516,https://charts-cdn.checkonchain.com/btconchain/realised/lthsopr_indicator/lthsopr_indicator_light.html,2026-10-06
2013-09-16,54.804383,https://charts-cdn.checkonchain.com/btconchain/realised/lthsopr_indicator/lthsopr_indicator_light.html,2026-10-06
2013-09-17,55.184630,https://charts-cdn.checkonchain.com/btconchain/realised/lthsopr_indicator/lthsopr_indicator_light.html,2026-10-06
2013-09-18,55.916946,https://charts-cdn.checkonchain.com/btconchain/realised/lthsopr_indicator/lthsopr_indicator_light.html,2026-10-06
2013-09-19,56.347058,https://charts-cdn.checkonchain.com/btconchain/realised/lthsopr_indicator/lthsopr_indicator_light.html,2026-10-06
2013-09-20,57.404602,https://charts-cdn.checkonchain.com/btconchain/realised/lthsopr_indicator/lthsopr_indicator_light.html,2026-10-06
2013-09-21,59.161846,https://charts-cdn.checkonchain.com/btconchain/realised/lthsopr_indicator/lthsopr_indicator_light.html,2026-10-06
2013-09-22,61.428302,https://charts-cdn.checkonchain.com/btconchain/realised/lthsopr_indicator/lthsopr_indicator_light.html,2026-10-06
2013-09-23,62.646917,https://charts-cdn.checkonchain.com/btconchain/realised/lthsopr_indicator/lthsopr_indicator_light.html,2026-10-06
2013-09-24,63.206355,https://charts-cdn.checkonchain.com/btconchain/realised/lthsopr_indicator/lthsopr_indicator_light.html,2026-10-06
2013-09-25,63.773215,https://charts-cdn.checkonchain.com/btconchain/realised/lthsopr_indicator/lthsopr_indicator_light.html,2026-10-06
2013-09-26,65.088410,https://charts-cdn.checkonchain.com/btconchain/realised/lthsopr_indicator/lthsopr_indicator_light.html,2026-10-06
2013-09-27,66.461768,https://charts-cdn.checkonchain.com/btconchain/realised/lthsopr_indicator/lthsopr_indicator_light.html,2026-10-06
2013-09-28,69.766809,https://charts-cdn.checkonchain.com/btconchain/realised/lthsopr_indicator/lthsopr_indicator_light.html,2026-10-06
2013-09-29,70.033023,https://charts-cdn.checkonchain.com/btconchain/realised/lthsopr_indicator/lthsopr_indicator_light.html,2026-10-06
2013-09-30,71.122297,https://charts-cdn.checkonchain.com/btconchain/realised/lthsopr_indicator/lthsopr_indicator_light.html,2026-10-06
2013-10-01,71.333872,https://charts-cdn.checkonchain.com/btconchain/realised/lthsopr_indicator/lthsopr_indicator_light.html,2026-10-06
2013-10-02,71.305972,https://charts-cdn.checkonchain.com/btconchain/realised/lthsopr_indicator/lthsopr_indicator_light.html,2026-10-06
2013-10-03,71.821764,https://charts-cdn.checkonchain.com/btconchain/realised/lthsopr_indicator/lthsopr_indicator_light.html,2026-10-06
2013-10-04,72.180655,https://charts-cdn.checkonchain.com/btconchain/realised/lthsopr_indicator/lthsopr_indicator_light.html,2026-10-06
2013-10-05,72.444163,https://charts-cdn.checkonchain.com/btconchain/realised/lthsopr_indicator/lthsopr_indicator_light.html,2026-10-06
2013-10-06,72.884606,https://charts-cdn.checkonchain.com/btconchain/realised/lthsopr_indicator/lthsopr_indicator_light.html,2026-10-06
2013-10-07,73.306996,https://charts-cdn.checkonchain.com/btconchain/realised/lthsopr_indicator/lthsopr_indicator_light.html,2026-10-06
2013-10-08,74.123949,https://charts-cdn.checkonchain.com/btconchain/realised/lthsopr_indicator/lthsopr_indicator_light.html,2026-10-06
2013-10-09,74.280918,https://charts-cdn.checkonchain.com/btconchain/realised/lthsopr_indicator/lthsopr_indicator_light.html,2026-10-06
2013-10-10,74.504727,https://charts-cdn.checkonchain.com/btconchain/realised/lthsopr_indicator/lthsopr_indicator_light.html,2026-10-06
2013-10-11,74.983890,https://charts-cdn.checkonchain.com/btconchain/realised/lthsopr_indicator/lthsopr_indicator_light.html,2026-10-06
2013-10-12,76.186594,https://charts-cdn.checkonchain.com/btconchain/realised/lthsopr_indicator/lthsopr_indicator_light.html,2026-10-06
2013-10-13,76.729893,https://charts-cdn.checkonchain.com/btconchain/realised/lthsopr_indicator/lthsopr_indicator_light.html,2026-10-06
2013-10-14,77.185590,https://charts-cdn.checkonchain.com/btconchain/realised/lthsopr_indicator/lthsopr_indicator_light.html,2026-10-06
2013-10-15,77.568635,https://charts-cdn.checkonchain.com/btconchain/realised/lthsopr_indicator/lthsopr_indicator_light.html,2026-10-06
2013-10-16,77.527397,https://charts-cdn.checkonchain.com/btconchain/realised/lthsopr_indicator/lthsopr_indicator_light.html,2026-10-06
2013-10-17,77.719198,https://charts-cdn.checkonchain.com/btconchain/realised/lthsopr_indicator/lthsopr_indicator_light.html,2026-10-06
2013-10-18,77.853954,https://charts-cdn.checkonchain.com/btconchain/realised/lthsopr_indicator/lthsopr_indicator_light.html,2026-10-06
2013-10-19,78.053973,https://charts-cdn.checkonchain.com/btconchain/realised/lthsopr_indicator/lthsopr_indicator_light.html,2026-10-06
2013-10-20,78.447947,https://charts-cdn.checkonchain.com/btconchain/realised/lthsopr_indicator/lthsopr_indicator_light.html,2026-10-06
2013-10-21,78.594800,https://charts-cdn.checkonchain.com/btconchain/realised/lthsopr_indicator/lthsopr_indicator_light.html,2026-10-06
2013-10-22,80.409094,https://charts-cdn.checkonchain.com/btconchain/realised/lthsopr_indicator/lthsopr_indicator_light.html,2026-10-06
2013-10-23,78.029518,https://charts-cdn.checkonchain.com/btconchain/realised/lthsopr_indicator/lthsopr_indicator_light.html,2026-10-06
2013-10-24,78.088451,https://charts-cdn.checkonchain.com/btconchain/realised/lthsopr_indicator/lthsopr_indicator_light.html,2026-10-06
2013-10-25,75.477790,https://charts-cdn.checkonchain.com/btconchain/realised/lthsopr_indicator/lthsopr_indicator_light.html,2026-10-06
2013-10-26,75.922899,https://charts-cdn.checkonchain.com/btconchain/realised/lthsopr_indicator/lthsopr_indicator_light.html,2026-10-06
2013-10-27,76.262242,https://charts-cdn.checkonchain.com/btconchain/realised/lthsopr_indicator/lthsopr_indicator_light.html,2026-10-06
2013-10-28,76.477970,https://charts-cdn.checkonchain.com/btconchain/realised/lthsopr_indicator/lthsopr_indicator_light.html,2026-10-06
2013-10-29,76.532906,https://charts-cdn.checkonchain.com/btconchain/realised/lthsopr_indicator/lthsopr_indicator_light.html,2026-10-06
2013-10-30,77.206123,https://charts-cdn.checkonchain.com/btconchain/realised/lthsopr_indicator/lthsopr_indicator_light.html,2026-10-06
2013-10-31,77.671075,https://charts-cdn.checkonchain.com/btconchain/realised/lthsopr_indicator/lthsopr_indicator_light.html,2026-10-06
2013-11-01,77.976954,https://charts-cdn.checkonchain.com/btconchain/realised/lthsopr_indicator/lthsopr_indicator_light.html,2026-10-06
2013-11-02,78.236507,https://charts-cdn.checkonchain.com/btconchain/realised/lthsopr_indicator/lthsopr_indicator_light.html,2026-10-06
2013-11-03,79.021032,https://charts-cdn.checkonchain.com/btconchain/realised/lthsopr_indicator/lthsopr_indicator_light.html,2026-10-06
2013-11-04,78.817817,https://charts-cdn.checkonchain.com/btconchain/realised/lthsopr_indicator/lthsopr_indicator_light.html,2026-10-06
2013-11-05,78.634754,https://charts-cdn.checkonchain.com/btconchain/realised/lthsopr_indicator/lthsopr_indicator_light.html,2026-10-06
2013-11-06,78.351491,https://charts-cdn.checkonchain.com/btconchain/realised/lthsopr_indicator/lthsopr_indicator_light.html,2026-10-06
2013-11-07,77.980251,https://charts-cdn.checkonchain.com/btconchain/realised/lthsopr_indicator/lthsopr_indicator_light.html,2026-10-06
2013-11-08,77.566046,https://charts-cdn.checkonchain.com/btconchain/realised/lthsopr_indicator/lthsopr_indicator_light.html,2026-10-06
2013-11-09,77.409399,https://charts-cdn.checkonchain.com/btconchain/realised/lthsopr_indicator/lthsopr_indicator_light.html,2026-10-06
2013-11-10,77.190326,https://charts-cdn.checkonchain.com/btconchain/realised/lthsopr_indicator/lthsopr_indicator_light.html,2026-10-06
2013-11-11,77.195520,https://charts-cdn.checkonchain.com/btconchain/realised/lthsopr_indicator/lthsopr_indicator_light.html,2026-10-06
2013-11-12,77.030092,https://charts-cdn.checkonchain.com/btconchain/realised/lthsopr_indicator/lthsopr_indicator_light.html,2026-10-06
2013-11-13,76.809016,https://charts-cdn.checkonchain.com/btconchain/realised/lthsopr_indicator/lthsopr_indicator_light.html,2026-10-06
2013-11-14,75.524952,https://charts-cdn.checkonchain.com/btconchain/realised/lthsopr_indicator/lthsopr_indicator_light.html,2026-10-06
2013-11-15,75.271795,https://charts-cdn.checkonchain.com/btconchain/realised/lthsopr_indicator/lthsopr_indicator_light.html,2026-10-06
2013-11-16,75.217830,https://charts-cdn.checkonchain.com/btconchain/realised/lthsopr_indicator/lthsopr_indicator_light.html,2026-10-06
2013-11-17,75.264961,https://charts-cdn.checkonchain.com/btconchain/realised/lthsopr_indicator/lthsopr_indicator_light.html,2026-10-06
2013-11-18,74.845334,https://charts-cdn.checkonchain.com/btconchain/realised/lthsopr_indicator/lthsopr_indicator_light.html,2026-10-06
2013-11-19,74.098796,https://charts-cdn.checkonchain.com/btconchain/realised/lthsopr_indicator/lthsopr_indicator_light.html,2026-10-06
2013-11-20,73.849964,https://charts-cdn.checkonchain.com/btconchain/realised/lthsopr_indicator/lthsopr_indicator_light.html,2026-10-06
2013-11-21,73.547133,https://charts-cdn.checkonchain.com/btconchain/realised/lthsopr_indicator/lthsopr_indicator_light.html,2026-10-06
2013-11-22,73.369871,https://charts-cdn.checkonchain.com/btconchain/realised/lthsopr_indicator/lthsopr_indicator_light.html,2026-10-06
2013-11-23,72.784935,https://charts-cdn.checkonchain.com/btconchain/realised/lthsopr_indicator/lthsopr_indicator_light.html,2026-10-06
2013-11-24,72.792270,https://charts-cdn.checkonchain.com/btconchain/realised/lthsopr_indicator/lthsopr_indicator_light.html,2026-10-06
2013-11-25,72.227725,https://charts-cdn.checkonchain.com/btconchain/realised/lthsopr_indicator/lthsopr_indicator_light.html,2026-10-06
2013-11-26,69.735041,https://charts-cdn.checkonchain.com/btconchain/realised/lthsopr_indicator/lthsopr_indicator_light.html,2026-10-06
2013-11-27,69.207910,https://charts-cdn.checkonchain.com/btconchain/realised/lthsopr_indicator/lthsopr_indicator_light.html,2026-10-06
2013-11-28,68.813923,https://charts-cdn.checkonchain.com/btconchain/realised/lthsopr_indicator/lthsopr_indicator_light.html,2026-10-06
2013-11-29,68.570413,https://charts-cdn.checkonchain.com/btconchain/realised/lthsopr_indicator/lthsopr_indicator_light.html,2026-10-06
2013-11-30,68.428740,https://charts-cdn.checkonchain.com/btconchain/realised/lthsopr_indicator/lthsopr_indicator_light.html,2026-10-06
2013-12-01,68.392066,https://charts-cdn.checkonchain.com/btconchain/realised/lthsopr_indicator/lthsopr_indicator_light.html,2026-10-06
2013-12-02,68.459873,https://charts-cdn.checkonchain.com/btconchain/realised/lthsopr_indicator/lthsopr_indicator_light.html,2026-10-06
2013-12-03,68.189307,https://charts-cdn.checkonchain.com/btconchain/realised/lthsopr_indicator/lthsopr_indicator_light.html,2026-10-06
2013-12-04,68.092878,https://charts-cdn.checkonchain.com/btconchain/realised/lthsopr_indicator/lthsopr_indicator_light.html,2026-10-06
2013-12-05,67.819252,https://charts-cdn.checkonchain.com/btconchain/realised/lthsopr_indicator/lthsopr_indicator_light.html,2026-10-06
2013-12-06,67.742337,https://charts-cdn.checkonchain.com/btconchain/realised/lthsopr_indicator/lthsopr_indicator_light.html,2026-10-06
2013-12-07,67.640225,https://charts-cdn.checkonchain.com/btconchain/realised/lthsopr_indicator/lthsopr_indicator_light.html,2026-10-06
2013-12-08,67.850777,https://charts-cdn.checkonchain.com/btconchain/realised/lthsopr_indicator/lthsopr_indicator_light.html,2026-10-06
2013-12-09,67.942217,https://charts-cdn.checkonchain.com/btconchain/realised/lthsopr_indicator/lthsopr_indicator_light.html,2026-10-06
2013-12-10,68.008114,https://charts-cdn.checkonchain.com/btconchain/realised/lthsopr_indicator/lthsopr_indicator_light.html,2026-10-06
2013-12-11,67.915672,https://charts-cdn.checkonchain.com/btconchain/realised/lthsopr_indicator/lthsopr_indicator_light.html,2026-10-06
2013-12-12,68.131919,https://charts-cdn.checkonchain.com/btconchain/realised/lthsopr_indicator/lthsopr_indicator_light.html,2026-10-06
2013-12-13,68.308990,https://charts-cdn.checkonchain.com/btconchain/realised/lthsopr_indicator/lthsopr_indicator_light.html,2026-10-06
2013-12-14,69.030197,https://charts-cdn.checkonchain.com/btconchain/realised/lthsopr_indicator/lthsopr_indicator_light.html,2026-10-06
2013-12-15,68.950075,https://charts-cdn.checkonchain.com/btconchain/realised/lthsopr_indicator/lthsopr_indicator_light.html,2026-10-06
2013-12-16,69.004908,https://charts-cdn.checkonchain.com/btconchain/realised/lthsopr_indicator/lthsopr_indicator_light.html,2026-10-06
2013-12-17,69.087575,https://charts-cdn.checkonchain.com/btconchain/realised/lthsopr_indicator/lthsopr_indicator_light.html,2026-10-06
2013-12-18,68.978296,https://charts-cdn.checkonchain.com/btconchain/realised/lthsopr_indicator/lthsopr_indicator_light.html,2026-10-06
2013-12-19,69.118786,https://charts-cdn.checkonchain.com/btconchain/realised/lthsopr_indicator/lthsopr_indicator_light.html,2026-10-06
2013-12-20,69.187846,https://charts-cdn.checkonchain.com/btconchain/realised/lthsopr_indicator/lthsopr_indicator_light.html,2026-10-06
2013-12-21,68.958572,https://charts-cdn.checkonchain.com/btconchain/realised/lthsopr_indicator/lthsopr_indicator_light.html,2026-10-06
2013-12-22,69.003837,https://charts-cdn.checkonchain.com/btconchain/realised/lthsopr_indicator/lthsopr_indicator_light.html,2026-10-06
2013-12-23,69.102934,https://charts-cdn.checkonchain.com/btconchain/realised/lthsopr_indicator/lthsopr_indicator_light.html,2026-10-06
2013-12-24,69.181001,https://charts-cdn.checkonchain.com/btconchain/realised/lthsopr_indicator/lthsopr_indicator_light.html,2026-10-06
2013-12-25,67.803609,https://charts-cdn.checkonchain.com/btconchain/realised/lthsopr_indicator/lthsopr_indicator_light.html,2026-10-06
2013-12-26,67.909179,https://charts-cdn.checkonchain.com/btconchain/realised/lthsopr_indicator/lthsopr_indicator_light.html,2026-10-06
2013-12-27,68.126383,https://charts-cdn.checkonchain.com/btconchain/realised/lthsopr_indicator/lthsopr_indicator_light.html,2026-10-06
2013-12-28,68.321735,https://charts-cdn.checkonchain.com/btconchain/realised/lthsopr_indicator/lthsopr_indicator_light.html,2026-10-06
2013-12-29,68.563409,https://charts-cdn.checkonchain.com/btconchain/realised/lthsopr_indicator/lthsopr_indicator_light.html,2026-10-06
2013-12-30,68.611234,https://charts-cdn.checkonchain.com/btconchain/realised/lthsopr_indicator/lthsopr_indicator_light.html,2026-10-06
2013-12-31,68.884943,https://charts-cdn.checkonchain.com/btconchain/realised/lthsopr_indicator/lthsopr_indicator_light.html,2026-10-06
2014-01-01,69.010736,https://charts-cdn.checkonchain.com/btconchain/realised/lthsopr_indicator/lthsopr_indicator_light.html,2026-10-06
2014-01-02,69.140386,https://charts-cdn.checkonchain.com/btconchain/realised/lthsopr_indicator/lthsopr_indicator_light.html,2026-10-06
2014-01-03,69.157984,https://charts-cdn.checkonchain.com/btconchain/realised/lthsopr_indicator/lthsopr_indicator_light.html,2026-10-06
2014-01-04,69.000772,https://charts-cdn.checkonchain.com/btconchain/realised/lthsopr_indicator/lthsopr_indicator_light.html,2026-10-06
2014-01-05,68.967856,https://charts-cdn.checkonchain.com/btconchain/realised/lthsopr_indicator/lthsopr_indicator_light.html,2026-10-06
2014-01-06,68.982151,https://charts-cdn.checkonchain.com/btconchain/realised/lthsopr_indicator/lthsopr_indicator_light.html,2026-10-06
2014-01-07,69.187043,https://charts-cdn.checkonchain.com/btconchain/realised/lthsopr_indicator/lthsopr_indicator_light.html,2026-10-06
2014-01-08,69.210800,https://charts-cdn.checkonchain.com/btconchain/realised/lthsopr_indicator/lthsopr_indicator_light.html,2026-10-06
2014-01-09,69.715055,https://charts-cdn.checkonchain.com/btconchain/realised/lthsopr_indicator/lthsopr_indicator_light.html,2026-10-06
2014-01-10,69.913252,https://charts-cdn.checkonchain.com/btconchain/realised/lthsopr_indicator/lthsopr_indicator_light.html,2026-10-06
2014-01-11,70.053803,https://charts-cdn.checkonchain.com/btconchain/realised/lthsopr_indicator/lthsopr_indicator_light.html,2026-10-06
2014-01-12,70.296979,https://charts-cdn.checkonchain.com/btconchain/realised/lthsopr_indicator/lthsopr_indicator_light.html,2026-10-06
2014-01-13,70.332553,https://charts-cdn.checkonchain.com/btconchain/realised/lthsopr_indicator/lthsopr_indicator_light.html,2026-10-06
2014-01-14,70.198254,https://charts-cdn.checkonchain.com/btconchain/realised/lthsopr_indicator/lthsopr_indicator_light.html,2026-10-06
2014-01-15,70.297573,https://charts-cdn.checkonchain.com/btconchain/realised/lthsopr_indicator/lthsopr_indicator_light.html,2026-10-06
2014-01-16,70.497522,https://charts-cdn.checkonchain.com/btconchain/realised/lthsopr_indicator/lthsopr_indicator_light.html,2026-10-06
2014-01-17,70.835627,https://charts-cdn.checkonchain.com/btconchain/realised/lthsopr_indicator/lthsopr_indicator_light.html,2026-10-06
2014-01-18,71.132679,https://charts-cdn.checkonchain.com/btconchain/realised/lthsopr_indicator/lthsopr_indicator_light.html,2026-10-06
2014-01-19,71.262683,https://charts-cdn.checkonchain.com/btconchain/realised/lthsopr_indicator/lthsopr_indicator_light.html,2026-10-06
2014-01-20,71.470347,https://charts-cdn.checkonchain.com/btconchain/realised/lthsopr_indicator/lthsopr_indicator_light.html,2026-10-06
2014-01-21,71.786333,https://charts-cdn.checkonchain.com/btconchain/realised/lthsopr_indicator/lthsopr_indicator_light.html,2026-10-06
2014-01-22,71.821925,https://charts-cdn.checkonchain.com/btconchain/realised/lthsopr_indicator/lthsopr_indicator_light.html,2026-10-06
2014-01-23,71.995212,https://charts-cdn.checkonchain.com/btconchain/realised/lthsopr_indicator/lthsopr_indicator_light.html,2026-10-06
2014-01-24,72.113032,https://charts-cdn.checkonchain.com/btconchain/realised/lthsopr_indicator/lthsopr_indicator_light.html,2026-10-06
2014-01-25,72.304240,https://charts-cdn.checkonchain.com/btconchain/realised/lthsopr_indicator/lthsopr_indicator_light.html,2026-10-06
2014-01-26,72.494322,https://charts-cdn.checkonchain.com/btconchain/realised/lthsopr_indicator/lthsopr_indicator_light.html,2026-10-06
2014-01-27,72.627612,https://charts-cdn.checkonchain.com/btconchain/realised/lthsopr_indicator/lthsopr_indicator_light.html,2026-10-06
2014-01-28,72.967532,https://charts-cdn.checkonchain.com/btconchain/realised/lthsopr_indicator/lthsopr_indicator_light.html,2026-10-06
2014-01-29,73.020987,https://charts-cdn.checkonchain.com/btconchain/realised/lthsopr_indicator/lthsopr_indicator_light.html,2026-10-06
2014-01-30,73.254963,https://charts-cdn.checkonchain.com/btconchain/realised/lthsopr_indicator/lthsopr_indicator_light.html,2026-10-06
2014-01-31,73.580190,https://charts-cdn.checkonchain.com/btconchain/realised/lthsopr_indicator/lthsopr_indicator_light.html,2026-10-06
2014-02-01,73.687830,https://charts-cdn.checkonchain.com/btconchain/realised/lthsopr_indicator/lthsopr_indicator_light.html,2026-10-06
2014-02-02,73.924801,https://charts-cdn.checkonchain.com/btconchain/realised/lthsopr_indicator/lthsopr_indicator_light.html,2026-10-06
2014-02-03,74.129633,https://charts-cdn.checkonchain.com/btconchain/realised/lthsopr_indicator/lthsopr_indicator_light.html,2026-10-06
2014-02-04,74.150158,https://charts-cdn.checkonchain.com/btconchain/realised/lthsopr_indicator/lthsopr_indicator_light.html,2026-10-06
2014-02-05,73.146903,https://charts-cdn.checkonchain.com/btconchain/realised/lthsopr_indicator/lthsopr_indicator_light.html,2026-10-06
2014-02-06,73.383799,https://charts-cdn.checkonchain.com/btconchain/realised/lthsopr_indicator/lthsopr_indicator_light.html,2026-10-06
2014-02-07,73.544336,https://charts-cdn.checkonchain.com/btconchain/realised/lthsopr_indicator/lthsopr_indicator_light.html,2026-10-06
2014-02-08,73.750098,https://charts-cdn.checkonchain.com/btconchain/realised/lthsopr_indicator/lthsopr_indicator_light.html,2026-10-06
2014-02-09,73.911233,https://charts-cdn.checkonchain.com/btconchain/realised/lthsopr_indicator/lthsopr_indicator_light.html,2026-10-06
2014-02-10,74.049463,https://charts-cdn.checkonchain.com/btconchain/realised/lthsopr_indicator/lthsopr_indicator_light.html,2026-10-06
2014-02-11,74.101878,https://charts-cdn.checkonchain.com/btconchain/realised/lthsopr_indicator/lthsopr_indicator_light.html,2026-10-06
2014-02-12,74.110365,https://charts-cdn.checkonchain.com/btconchain/realised/lthsopr_indicator/lthsopr_indicator_light.html,2026-10-06
2014-02-13,74.194647,https://charts-cdn.checkonchain.com/btconchain/realised/lthsopr_indicator/lthsopr_indicator_light.html,2026-10-06
2014-02-14,74.231386,https://charts-cdn.checkonchain.com/btconchain/realised/lthsopr_indicator/lthsopr_indicator_light.html,2026-10-06
2014-02-15,74.564574,https://charts-cdn.checkonchain.com/btconchain/realised/lthsopr_indicator/lthsopr_indicator_light.html,2026-10-06
2014-02-16,75.264099,https://charts-cdn.checkonchain.com/btconchain/realised/lthsopr_indicator/lthsopr_indicator_light.html,2026-10-06
2014-02-17,75.447934,https://charts-cdn.checkonchain.com/btconchain/realised/lthsopr_indicator/lthsopr_indicator_light.html,2026-10-06
2014-02-18,75.530258,https://charts-cdn.checkonchain.com/btconchain/realised/lthsopr_indicator/lthsopr_indicator_light.html,2026-10-06
2014-02-19,75.873310,https://charts-cdn.checkonchain.com/btconchain/realised/lthsopr_indicator/lthsopr_indicator_light.html,2026-10-06
2014-02-20,75.974833,https://charts-cdn.checkonchain.com/btconchain/realised/lthsopr_indicator/lthsopr_indicator_light.html,2026-10-06
2014-02-21,76.161937,https://charts-cdn.checkonchain.com/btconchain/realised/lthsopr_indicator/lthsopr_indicator_light.html,2026-10-06
2014-02-22,76.408222,https://charts-cdn.checkonchain.com/btconchain/realised/lthsopr_indicator/lthsopr_indicator_light.html,2026-10-06
2014-02-23,76.564472,https://charts-cdn.checkonchain.com/btconchain/realised/lthsopr_indicator/lthsopr_indicator_light.html,2026-10-06
2014-02-24,76.626699,https://charts-cdn.checkonchain.com/btconchain/realised/lthsopr_indicator/lthsopr_indicator_light.html,2026-10-06
2014-02-25,76.566177,https://charts-cdn.checkonchain.com/btconchain/realised/lthsopr_indicator/lthsopr_indicator_light.html,2026-10-06
2014-02-26,76.797543,https://charts-cdn.checkonchain.com/btconchain/realised/lthsopr_indicator/lthsopr_indicator_light.html,2026-10-06
2014-02-27,76.986618,https://charts-cdn.checkonchain.com/btconchain/realised/lthsopr_indicator/lthsopr_indicator_light.html,2026-10-06
2014-02-28,77.323822,https://charts-cdn.checkonchain.com/btconchain/realised/lthsopr_indicator/lthsopr_indicator_light.html,2026-10-06
2014-03-01,78.180814,https://charts-cdn.checkonchain.com/btconchain/realised/lthsopr_indicator/lthsopr_indicator_light.html,2026-10-06
2014-03-02,78.343186,https://charts-cdn.checkonchain.com/btconchain/realised/lthsopr_indicator/lthsopr_indicator_light.html,2026-10-06
2014-03-03,78.312887,https://charts-cdn.checkonchain.com/btconchain/realised/lthsopr_indicator/lthsopr_indicator_light.html,2026-10-06
2014-03-04,78.378683,https://charts-cdn.checkonchain.com/btconchain/realised/lthsopr_indicator/lthsopr_indicator_light.html,2026-10-06
2014-03-05,78.279011,https://charts-cdn.checkonchain.com/btconchain/realised/lthsopr_indicator/lthsopr_indicator_light.html,2026-10-06
2014-03-06,79.557763,https://charts-cdn.checkonchain.com/btconchain/realised/lthsopr_indicator/lthsopr_indicator_light.html,2026-10-06
2014-03-07,79.672130,https://charts-cdn.checkonchain.com/btconchain/realised/lthsopr_indicator/lthsopr_indicator_light.html,2026-10-06
2014-03-08,79.961192,https://charts-cdn.checkonchain.com/btconchain/realised/lthsopr_indicator/lthsopr_indicator_light.html,2026-10-06
2014-03-09,79.912409,https://charts-cdn.checkonchain.com/btconchain/realised/lthsopr_indicator/lthsopr_indicator_light.html,2026-10-06
2014-03-10,80.179096,https://charts-cdn.checkonchain.com/btconchain/realised/lthsopr_indicator/lthsopr_indicator_light.html,2026-10-06
2014-03-11,80.227192,https://charts-cdn.checkonchain.com/btconchain/realised/lthsopr_indicator/lthsopr_indicator_light.html,2026-10-06
2014-03-12,80.045728,https://charts-cdn.checkonchain.com/btconchain/realised/lthsopr_indicator/lthsopr_indicator_light.html,2026-10-06
2014-03-13,80.190946,https://charts-cdn.checkonchain.com/btconchain/realised/lthsopr_indicator/lthsopr_indicator_light.html,2026-10-06
2014-03-14,80.612950,https://charts-cdn.checkonchain.com/btconchain/realised/lthsopr_indicator/lthsopr_indicator_light.html,2026-10-06
2014-03-15,80.980098,https://charts-cdn.checkonchain.com/btconchain/realised/lthsopr_indicator/lthsopr_indicator_light.html,2026-10-06
2014-03-16,81.211612,https://charts-cdn.checkonchain.com/btconchain/realised/lthsopr_indicator/lthsopr_indicator_light.html,2026-10-06
2014-03-17,81.735748,https://charts-cdn.checkonchain.com/btconchain/realised/lthsopr_indicator/lthsopr_indicator_light.html,2026-10-06
2014-03-18,82.178309,https://charts-cdn.checkonchain.com/btconchain/realised/lthsopr_indicator/lthsopr_indicator_light.html,2026-10-06
2014-03-19,82.385662,https://charts-cdn.checkonchain.com/btconchain/realised/lthsopr_indicator/lthsopr_indicator_light.html,2026-10-06
2014-03-20,82.756154,https://charts-cdn.checkonchain.com/btconchain/realised/lthsopr_indicator/lthsopr_indicator_light.html,2026-10-06
2014-03-21,82.549433,https://charts-cdn.checkonchain.com/btconchain/realised/lthsopr_indicator/lthsopr_indicator_light.html,2026-10-06
2014-03-22,86.469374,https://charts-cdn.checkonchain.com/btconchain/realised/lthsopr_indicator/lthsopr_indicator_light.html,2026-10-06
2014-03-23,87.525064,https://charts-cdn.checkonchain.com/btconchain/realised/lthsopr_indicator/lthsopr_indicator_light.html,2026-10-06
2014-03-24,93.662454,https://charts-cdn.checkonchain.com/btconchain/realised/lthsopr_indicator/lthsopr_indicator_light.html,2026-10-06
2014-03-25,96.646330,https://charts-cdn.checkonchain.com/btconchain/realised/lthsopr_indicator/lthsopr_indicator_light.html,2026-10-06
2014-03-26,96.888607,https://charts-cdn.checkonchain.com/btconchain/realised/lthsopr_indicator/lthsopr_indicator_light.html,2026-10-06
2014-03-27,97.010603,https://charts-cdn.checkonchain.com/btconchain/realised/lthsopr_indicator/lthsopr_indicator_light.html,2026-10-06
2014-03-28,98.125581,https://charts-cdn.checkonchain.com/btconchain/realised/lthsopr_indicator/lthsopr_indicator_light.html,2026-10-06
2014-03-29,98.576793,https://charts-cdn.checkonchain.com/btconchain/realised/lthsopr_indicator/lthsopr_indicator_light.html,2026-10-06
2014-03-30,98.904882,https://charts-cdn.checkonchain.com/btconchain/realised/lthsopr_indicator/lthsopr_indicator_light.html,2026-10-06
2014-03-31,99.128693,https://charts-cdn.checkonchain.com/btconchain/realised/lthsopr_indicator/lthsopr_indicator_light.html,2026-10-06
2014-04-01,99.440711,https://charts-cdn.checkonchain.com/btconchain/realised/lthsopr_indicator/lthsopr_indicator_light.html,2026-10-06
2014-04-02,99.672959,https://charts-cdn.checkonchain.com/btconchain/realised/lthsopr_indicator/lthsopr_indicator_light.html,2026-10-06
2014-04-03,100.421028,https://charts-cdn.checkonchain.com/btconchain/realised/lthsopr_indicator/lthsopr_indicator_light.html,2026-10-06
2014-04-04,102.106697,https://charts-cdn.checkonchain.com/btconchain/realised/lthsopr_indicator/lthsopr_indicator_light.html,2026-10-06
2014-04-05,102.781676,https://charts-cdn.checkonchain.com/btconchain/realised/lthsopr_indicator/lthsopr_indicator_light.html,2026-10-06
2014-04-06,104.357715,https://charts-cdn.checkonchain.com/btconchain/realised/lthsopr_indicator/lthsopr_indicator_light.html,2026-10-06
2014-04-07,106.710788,https://charts-cdn.checkonchain.com/btconchain/realised/lthsopr_indicator/lthsopr_indicator_light.html,2026-10-06
2014-04-08,109.237453,https://charts-cdn.checkonchain.com/btconchain/realised/lthsopr_indicator/lthsopr_indicator_light.html,2026-10-06
2014-04-09,110.487361,https://charts-cdn.checkonchain.com/btconchain/realised/lthsopr_indicator/lthsopr_indicator_light.html,2026-10-06
2014-04-10,112.619397,https://charts-cdn.checkonchain.com/btconchain/realised/lthsopr_indicator/lthsopr_indicator_light.html,2026-10-06
2014-04-11,114.580937,https://charts-cdn.checkonchain.com/btconchain/realised/lthsopr_indicator/lthsopr_indicator_light.html,2026-10-06
2014-04-12,116.905245,https://charts-cdn.checkonchain.com/btconchain/realised/lthsopr_indicator/lthsopr_indicator_light.html,2026-10-06
2014-04-13,121.185710,https://charts-cdn.checkonchain.com/btconchain/realised/lthsopr_indicator/lthsopr_indicator_light.html,2026-10-06
2014-04-14,124.049067,https://charts-cdn.checkonchain.com/btconchain/realised/lthsopr_indicator/lthsopr_indicator_light.html,2026-10-06
2014-04-15,126.699439,https://charts-cdn.checkonchain.com/btconchain/realised/lthsopr_indicator/lthsopr_indicator_light.html,2026-10-06
2014-04-16,129.550190,https://charts-cdn.checkonchain.com/btconchain/realised/lthsopr_indicator/lthsopr_indicator_light.html,2026-10-06
2014-04-17,133.873657,https://charts-cdn.checkonchain.com/btconchain/realised/lthsopr_indicator/lthsopr_indicator_light.html,2026-10-06
2014-04-18,141.232627,https://charts-cdn.checkonchain.com/btconchain/realised/lthsopr_indicator/lthsopr_indicator_light.html,2026-10-06
2014-04-19,146.692151,https://charts-cdn.checkonchain.com/btconchain/realised/lthsopr_indicator/lthsopr_indicator_light.html,2026-10-06
2014-04-20,151.049243,https://charts-cdn.checkonchain.com/btconchain/realised/lthsopr_indicator/lthsopr_indicator_light.html,2026-10-06
2014-04-21,158.267577,https://charts-cdn.checkonchain.com/btconchain/realised/lthsopr_indicator/lthsopr_indicator_light.html,2026-10-06
2014-04-22,172.317106,https://charts-cdn.checkonchain.com/btconchain/realised/lthsopr_indicator/lthsopr_indicator_light.html,2026-10-06
2014-04-23,176.210365,https://charts-cdn.checkonchain.com/btconchain/realised/lthsopr_indicator/lthsopr_indicator_light.html,2026-10-06
2014-04-24,186.011235,https://charts-cdn.checkonchain.com/btconchain/realised/lthsopr_indicator/lthsopr_indicator_light.html,2026-10-06
2014-04-25,219.866900,https://charts-cdn.checkonchain.com/btconchain/realised/lthsopr_indicator/lthsopr_indicator_light.html,2026-10-06
2014-04-26,229.772325,https://charts-cdn.checkonchain.com/btconchain/realised/lthsopr_indicator/lthsopr_indicator_light.html,2026-10-06
2014-04-27,239.507374,https://charts-cdn.checkonchain.com/btconchain/realised/lthsopr_indicator/lthsopr_indicator_light.html,2026-10-06
2014-04-28,249.918803,https://charts-cdn.checkonchain.com/btconchain/realised/lthsopr_indicator/lthsopr_indicator_light.html,2026-10-06
2014-04-29,254.582747,https://charts-cdn.checkonchain.com/btconchain/realised/lthsopr_indicator/lthsopr_indicator_light.html,2026-10-06
2014-04-30,259.508293,https://charts-cdn.checkonchain.com/btconchain/realised/lthsopr_indicator/lthsopr_indicator_light.html,2026-10-06
2014-05-01,265.730610,https://charts-cdn.checkonchain.com/btconchain/realised/lthsopr_indicator/lthsopr_indicator_light.html,2026-10-06
2014-05-02,274.905041,https://charts-cdn.checkonchain.com/btconchain/realised/lthsopr_indicator/lthsopr_indicator_light.html,2026-10-06
2014-05-03,281.758180,https://charts-cdn.checkonchain.com/btconchain/realised/lthsopr_indicator/lthsopr_indicator_light.html,2026-10-06
2014-05-04,289.564934,https://charts-cdn.checkonchain.com/btconchain/realised/lthsopr_indicator/lthsopr_indicator_light.html,2026-10-06
2014-05-05,295.138924,https://charts-cdn.checkonchain.com/btconchain/realised/lthsopr_indicator/lthsopr_indicator_light.html,2026-10-06
2014-05-06,298.498581,https://charts-cdn.checkonchain.com/btconchain/realised/lthsopr_indicator/lthsopr_indicator_light.html,2026-10-06
2014-05-07,302.009623,https://charts-cdn.checkonchain.com/btconchain/realised/lthsopr_indicator/lthsopr_indicator_light.html,2026-10-06
2014-05-08,306.454140,https://charts-cdn.checkonchain.com/btconchain/realised/lthsopr_indicator/lthsopr_indicator_light.html,2026-10-06
2014-05-09,310.393640,https://charts-cdn.checkonchain.com/btconchain/realised/lthsopr_indicator/lthsopr_indicator_light.html,2026-10-06
2014-05-10,314.331664,https://charts-cdn.checkonchain.com/btconchain/realised/lthsopr_indicator/lthsopr_indicator_light.html,2026-10-06
2014-05-11,317.648591,https://charts-cdn.checkonchain.com/btconchain/realised/lthsopr_indicator/lthsopr_indicator_light.html,2026-10-06
2014-05-12,322.115195,https://charts-cdn.checkonchain.com/btconchain/realised/lthsopr_indicator/lthsopr_indicator_light.html,2026-10-06
2014-05-13,324.107528,https://charts-cdn.checkonchain.com/btconchain/realised/lthsopr_indicator/lthsopr_indicator_light.html,2026-10-06
2014-05-14,324.868850,https://charts-cdn.checkonchain.com/btconchain/realised/lthsopr_indicator/lthsopr_indicator_light.html,2026-10-06
2014-05-15,329.939087,https://charts-cdn.checkonchain.com/btconchain/realised/lthsopr_indicator/lthsopr_indicator_light.html,2026-10-06
2014-05-16,332.342533,https://charts-cdn.checkonchain.com/btconchain/realised/lthsopr_indicator/lthsopr_indicator_light.html,2026-10-06
2014-05-17,335.432594,https://charts-cdn.checkonchain.com/btconchain/realised/lthsopr_indicator/lthsopr_indicator_light.html,2026-10-06
2014-05-18,342.967696,https://charts-cdn.checkonchain.com/btconchain/realised/lthsopr_indicator/lthsopr_indicator_light.html,2026-10-06
2014-05-19,345.790274,https://charts-cdn.checkonchain.com/btconchain/realised/lthsopr_indicator/lthsopr_indicator_light.html,2026-10-06
2014-05-20,361.727559,https://charts-cdn.checkonchain.com/btconchain/realised/lthsopr_indicator/lthsopr_indicator_light.html,2026-10-06
2014-05-21,363.226572,https://charts-cdn.checkonchain.com/btconchain/realised/lthsopr_indicator/lthsopr_indicator_light.html,2026-10-06
2014-05-22,367.412070,https://charts-cdn.checkonchain.com/btconchain/realised/lthsopr_indicator/lthsopr_indicator_light.html,2026-10-06
2014-05-23,369.652026,https://charts-cdn.checkonchain.com/btconchain/realised/lthsopr_indicator/lthsopr_indicator_light.html,2026-10-06
2014-05-24,381.491470,https://charts-cdn.checkonchain.com/btconchain/realised/lthsopr_indicator/lthsopr_indicator_light.html,2026-10-06
2014-05-25,383.950930,https://charts-cdn.checkonchain.com/btconchain/realised/lthsopr_indicator/lthsopr_indicator_light.html,2026-10-06
2014-05-26,386.201584,https://charts-cdn.checkonchain.com/btconchain/realised/lthsopr_indicator/lthsopr_indicator_light.html,2026-10-06
2014-05-27,387.709631,https://charts-cdn.checkonchain.com/btconchain/realised/lthsopr_indicator/lthsopr_indicator_light.html,2026-10-06
2014-05-28,389.452016,https://charts-cdn.checkonchain.com/btconchain/realised/lthsopr_indicator/lthsopr_indicator_light.html,2026-10-06
2014-05-29,392.871408,https://charts-cdn.checkonchain.com/btconchain/realised/lthsopr_indicator/lthsopr_indicator_light.html,2026-10-06
2014-05-30,394.563014,https://charts-cdn.checkonchain.com/btconchain/realised/lthsopr_indicator/lthsopr_indicator_light.html,2026-10-06
2014-05-31,395.125371,https://charts-cdn.checkonchain.com/btconchain/realised/lthsopr_indicator/lthsopr_indicator_light.html,2026-10-06
2014-06-01,395.278323,https://charts-cdn.checkonchain.com/btconchain/realised/lthsopr_indicator/lthsopr_indicator_light.html,2026-10-06
2014-06-02,398.189871,https://charts-cdn.checkonchain.com/btconchain/realised/lthsopr_indicator/lthsopr_indicator_light.html,2026-10-06
2014-06-03,399.631722,https://charts-cdn.checkonchain.com/btconchain/realised/lthsopr_indicator/lthsopr_indicator_light.html,2026-10-06
2014-06-04,402.805139,https://charts-cdn.checkonchain.com/btconchain/realised/lthsopr_indicator/lthsopr_indicator_light.html,2026-10-06
2014-06-05,406.610745,https://charts-cdn.checkonchain.com/btconchain/realised/lthsopr_indicator/lthsopr_indicator_light.html,2026-10-06
2014-06-06,409.401125,https://charts-cdn.checkonchain.com/btconchain/realised/lthsopr_indicator/lthsopr_indicator_light.html,2026-10-06
2014-06-07,410.635452,https://charts-cdn.checkonchain.com/btconchain/realised/lthsopr_indicator/lthsopr_indicator_light.html,2026-10-06
2014-06-08,412.429615,https://charts-cdn.checkonchain.com/btconchain/realised/lthsopr_indicator/lthsopr_indicator_light.html,2026-10-06
2014-06-09,413.430614,https://charts-cdn.checkonchain.com/btconchain/realised/lthsopr_indicator/lthsopr_indicator_light.html,2026-10-06
2014-06-10,416.768168,https://charts-cdn.checkonchain.com/btconchain/realised/lthsopr_indicator/lthsopr_indicator_light.html,2026-10-06
2014-06-11,418.584061,https://charts-cdn.checkonchain.com/btconchain/realised/lthsopr_indicator/lthsopr_indicator_light.html,2026-10-06
2014-06-12,418.782905,https://charts-cdn.checkonchain.com/btconchain/realised/lthsopr_indicator/lthsopr_indicator_light.html,2026-10-06
2014-06-13,423.592407,https://charts-cdn.checkonchain.com/btconchain/realised/lthsopr_indicator/lthsopr_indicator_light.html,2026-10-06
2014-06-14,428.480829,https://charts-cdn.checkonchain.com/btconchain/realised/lthsopr_indicator/lthsopr_indicator_light.html,2026-10-06
2014-06-15,431.460697,https://charts-cdn.checkonchain.com/btconchain/realised/lthsopr_indicator/lthsopr_indicator_light.html,2026-10-06
2014-06-16,432.900692,https://charts-cdn.checkonchain.com/btconchain/realised/lthsopr_indicator/lthsopr_indicator_light.html,2026-10-06
2014-06-17,433.294569,https://charts-cdn.checkonchain.com/btconchain/realised/lthsopr_indicator/lthsopr_indicator_light.html,2026-10-06
2014-06-18,434.518633,https://charts-cdn.checkonchain.com/btconchain/realised/lthsopr_indicator/lthsopr_indicator_light.html,2026-10-06
2014-06-19,435.569626,https://charts-cdn.checkonchain.com/btconchain/realised/lthsopr_indicator/lthsopr_indicator_light.html,2026-10-06
2014-06-20,437.282787,https://charts-cdn.checkonchain.com/btconchain/realised/lthsopr_indicator/lthsopr_indicator_light.html,2026-10-06
2014-06-21,439.126452,https://charts-cdn.checkonchain.com/btconchain/realised/lthsopr_indicator/lthsopr_indicator_light.html,2026-10-06
2014-06-22,440.434435,https://charts-cdn.checkonchain.com/btconchain/realised/lthsopr_indicator/lthsopr_indicator_light.html,2026-10-06
2014-06-23,442.270638,https://charts-cdn.checkonchain.com/btconchain/realised/lthsopr_indicator/lthsopr_indicator_light.html,2026-10-06
2014-06-24,443.114769,https://charts-cdn.checkonchain.com/btconchain/realised/lthsopr_indicator/lthsopr_indicator_light.html,2026-10-06
2014-06-25,444.246222,https://charts-cdn.checkonchain.com/btconchain/realised/lthsopr_indicator/lthsopr_indicator_light.html,2026-10-06
2014-06-26,447.575249,https://charts-cdn.checkonchain.com/btconchain/realised/lthsopr_indicator/lthsopr_indicator_light.html,2026-10-06
2014-06-27,449.269271,https://charts-cdn.checkonchain.com/btconchain/realised/lthsopr_indicator/lthsopr_indicator_light.html,2026-10-06
2014-06-28,451.231556,https://charts-cdn.checkonchain.com/btconchain/realised/lthsopr_indicator/lthsopr_indicator_light.html,2026-10-06
2014-06-29,452.763037,https://charts-cdn.checkonchain.com/btconchain/realised/lthsopr_indicator/lthsopr_indicator_light.html,2026-10-06
2014-06-30,453.924444,https://charts-cdn.checkonchain.com/btconchain/realised/lthsopr_indicator/lthsopr_indicator_light.html,2026-10-06
2014-07-01,454.630626,https://charts-cdn.checkonchain.com/btconchain/realised/lthsopr_indicator/lthsopr_indicator_light.html,2026-10-06
2014-07-02,455.566045,https://charts-cdn.checkonchain.com/btconchain/realised/lthsopr_indicator/lthsopr_indicator_light.html,2026-10-06
2014-07-03,456.546876,https://charts-cdn.checkonchain.com/btconchain/realised/lthsopr_indicator/lthsopr_indicator_light.html,2026-10-06
2014-07-04,458.918536,https://charts-cdn.checkonchain.com/btconchain/realised/lthsopr_indicator/lthsopr_indicator_light.html,2026-10-06
2014-07-05,470.696946,https://charts-cdn.checkonchain.com/btconchain/realised/lthsopr_indicator/lthsopr_indicator_light.html,2026-10-06
2014-07-06,476.875583,https://charts-cdn.checkonchain.com/btconchain/realised/lthsopr_indicator/lthsopr_indicator_light.html,2026-10-06
2014-07-07,479.301389,https://charts-cdn.checkonchain.com/btconchain/realised/lthsopr_indicator/lthsopr_indicator_light.html,2026-10-06
2014-07-08,481.345632,https://charts-cdn.checkonchain.com/btconchain/realised/lthsopr_indicator/lthsopr_indicator_light.html,2026-10-06
2014-07-09,482.542966,https://charts-cdn.checkonchain.com/btconchain/realised/lthsopr_indicator/lthsopr_indicator_light.html,2026-10-06
2014-07-10,484.007551,https://charts-cdn.checkonchain.com/btconchain/realised/lthsopr_indicator/lthsopr_indicator_light.html,2026-10-06
2014-07-11,486.308587,https://charts-cdn.checkonchain.com/btconchain/realised/lthsopr_indicator/lthsopr_indicator_light.html,2026-10-06
2014-07-12,487.849503,https://charts-cdn.checkonchain.com/btconchain/realised/lthsopr_indicator/lthsopr_indicator_light.html,2026-10-06
2014-07-13,489.194750,https://charts-cdn.checkonchain.com/btconchain/realised/lthsopr_indicator/lthsopr_indicator_light.html,2026-10-06
2014-07-14,490.249889,https://charts-cdn.checkonchain.com/btconchain/realised/lthsopr_indicator/lthsopr_indicator_light.html,2026-10-06
2014-07-15,491.726502,https://charts-cdn.checkonchain.com/btconchain/realised/lthsopr_indicator/lthsopr_indicator_light.html,2026-10-06
2014-07-16,493.301896,https://charts-cdn.checkonchain.com/btconchain/realised/lthsopr_indicator/lthsopr_indicator_light.html,2026-10-06
2014-07-17,495.108227,https://charts-cdn.checkonchain.com/btconchain/realised/lthsopr_indicator/lthsopr_indicator_light.html,2026-10-06
2014-07-18,499.030551,https://charts-cdn.checkonchain.com/btconchain/realised/lthsopr_indicator/lthsopr_indicator_light.html,2026-10-06
2014-07-19,498.559780,https://charts-cdn.checkonchain.com/btconchain/realised/lthsopr_indicator/lthsopr_indicator_light.html,2026-10-06
2014-07-20,499.482282,https://charts-cdn.checkonchain.com/btconchain/realised/lthsopr_indicator/lthsopr_indicator_light.html,2026-10-06
2014-07-21,499.975175,https://charts-cdn.checkonchain.com/btconchain/realised/lthsopr_indicator/lthsopr_indicator_light.html,2026-10-06
2014-07-22,500.948414,https://charts-cdn.checkonchain.com/btconchain/realised/lthsopr_indicator/lthsopr_indicator_light.html,2026-10-06
2014-07-23,501.337976,https://charts-cdn.checkonchain.com/btconchain/realised/lthsopr_indicator/lthsopr_indicator_light.html,2026-10-06
2014-07-24,502.420269,https://charts-cdn.checkonchain.com/btconchain/realised/lthsopr_indicator/lthsopr_indicator_light.html,2026-10-06
2014-07-25,505.502436,https://charts-cdn.checkonchain.com/btconchain/realised/lthsopr_indicator/lthsopr_indicator_light.html,2026-10-06
2014-07-26,506.534099,https://charts-cdn.checkonchain.com/btconchain/realised/lthsopr_indicator/lthsopr_indicator_light.html,2026-10-06
2014-07-27,507.557720,https://charts-cdn.checkonchain.com/btconchain/realised/lthsopr_indicator/lthsopr_indicator_light.html,2026-10-06
2014-07-28,509.728019,https://charts-cdn.checkonchain.com/btconchain/realised/lthsopr_indicator/lthsopr_indicator_light.html,2026-10-06
2014-07-29,510.266036,https://charts-cdn.checkonchain.com/btconchain/realised/lthsopr_indicator/lthsopr_indicator_light.html,2026-10-06
2014-07-30,512.594594,https://charts-cdn.checkonchain.com/btconchain/realised/lthsopr_indicator/lthsopr_indicator_light.html,2026-10-06
2014-07-31,516.065217,https://charts-cdn.checkonchain.com/btconchain/realised/lthsopr_indicator/lthsopr_indicator_light.html,2026-10-06
2014-08-01,522.768808,https://charts-cdn.checkonchain.com/btconchain/realised/lthsopr_indicator/lthsopr_indicator_light.html,2026-10-06
2014-08-02,527.883554,https://charts-cdn.checkonchain.com/btconchain/realised/lthsopr_indicator/lthsopr_indicator_light.html,2026-10-06
2014-08-03,531.922377,https://charts-cdn.checkonchain.com/btconchain/realised/lthsopr_indicator/lthsopr_indicator_light.html,2026-10-06
2014-08-04,533.302166,https://charts-cdn.checkonchain.com/btconchain/realised/lthsopr_indicator/lthsopr_indicator_light.html,2026-10-06
2014-08-05,533.197521,https://charts-cdn.checkonchain.com/btconchain/realised/lthsopr_indicator/lthsopr_indicator_light.html,2026-10-06
2014-08-06,534.109090,https://charts-cdn.checkonchain.com/btconchain/realised/lthsopr_indicator/lthsopr_indicator_light.html,2026-10-06
2014-08-07,535.548404,https://charts-cdn.checkonchain.com/btconchain/realised/lthsopr_indicator/lthsopr_indicator_light.html,2026-10-06
2014-08-08,536.675771,https://charts-cdn.checkonchain.com/btconchain/realised/lthsopr_indicator/lthsopr_indicator_light.html,2026-10-06
2014-08-09,542.469025,https://charts-cdn.checkonchain.com/btconchain/realised/lthsopr_indicator/lthsopr_indicator_light.html,2026-10-06
2014-08-10,544.579774,https://charts-cdn.checkonchain.com/btconchain/realised/lthsopr_indicator/lthsopr_indicator_light.html,2026-10-06
2014-08-11,545.765856,https://charts-cdn.checkonchain.com/btconchain/realised/lthsopr_indicator/lthsopr_indicator_light.html,2026-10-06
2014-08-12,554.324636,https://charts-cdn.checkonchain.com/btconchain/realised/lthsopr_indicator/lthsopr_indicator_light.html,2026-10-06
2014-08-13,555.495214,https://charts-cdn.checkonchain.com/btconchain/realised/lthsopr_indicator/lthsopr_indicator_light.html,2026-10-06
2014-08-14,556.426933,https://charts-cdn.checkonchain.com/btconchain/realised/lthsopr_indicator/lthsopr_indicator_light.html,2026-10-06
2014-08-15,557.398343,https://charts-cdn.checkonchain.com/btconchain/realised/lthsopr_indicator/lthsopr_indicator_light.html,2026-10-06
2014-08-16,559.487931,https://charts-cdn.checkonchain.com/btconchain/realised/lthsopr_indicator/lthsopr_indicator_light.html,2026-10-06
2014-08-17,561.663387,https://charts-cdn.checkonchain.com/btconchain/realised/lthsopr_indicator/lthsopr_indicator_light.html,2026-10-06
2014-08-18,564.556815,https://charts-cdn.checkonchain.com/btconchain/realised/lthsopr_indicator/lthsopr_indicator_light.html,2026-10-06
2014-08-19,565.266613,https://charts-cdn.checkonchain.com/btconchain/realised/lthsopr_indicator/lthsopr_indicator_light.html,2026-10-06
2014-08-20,566.028281,https://charts-cdn.checkonchain.com/btconchain/realised/lthsopr_indicator/lthsopr_indicator_light.html,2026-10-06
2014-08-21,565.023209,https://charts-cdn.checkonchain.com/btconchain/realised/lthsopr_indicator/lthsopr_indicator_light.html,2026-10-06
2014-08-22,566.159429,https://charts-cdn.checkonchain.com/btconchain/realised/lthsopr_indicator/lthsopr_indicator_light.html,2026-10-06
2014-08-23,567.030600,https://charts-cdn.checkonchain.com/btconchain/realised/lthsopr_indicator/lthsopr_indicator_light.html,2026-10-06
2014-08-24,567.989076,https://charts-cdn.checkonchain.com/btconchain/realised/lthsopr_indicator/lthsopr_indicator_light.html,2026-10-06
2014-08-25,568.702467,https://charts-cdn.checkonchain.com/btconchain/realised/lthsopr_indicator/lthsopr_indicator_light.html,2026-10-06
2014-08-26,569.158496,https://charts-cdn.checkonchain.com/btconchain/realised/lthsopr_indicator/lthsopr_indicator_light.html,2026-10-06
2014-08-27,569.745795,https://charts-cdn.checkonchain.com/btconchain/realised/lthsopr_indicator/lthsopr_indicator_light.html,2026-10-06
2014-08-28,570.122557,https://charts-cdn.checkonchain.com/btconchain/realised/lthsopr_indicator/lthsopr_indicator_light.html,2026-10-06
2014-08-29,568.483791,https://charts-cdn.checkonchain.com/btconchain/realised/lthsopr_indicator/lthsopr_indicator_light.html,2026-10-06
2014-08-30,568.964686,https://charts-cdn.checkonchain.com/btconchain/realised/lthsopr_indicator/lthsopr_indicator_light.html,2026-10-06
2014-08-31,569.605427,https://charts-cdn.checkonchain.com/btconchain/realised/lthsopr_indicator/lthsopr_indicator_light.html,2026-10-06
2014-09-01,569.866359,https://charts-cdn.checkonchain.com/btconchain/realised/lthsopr_indicator/lthsopr_indicator_light.html,2026-10-06
2014-09-02,569.646979,https://charts-cdn.checkonchain.com/btconchain/realised/lthsopr_indicator/lthsopr_indicator_light.html,2026-10-06
2014-09-03,570.313765,https://charts-cdn.checkonchain.com/btconchain/realised/lthsopr_indicator/lthsopr_indicator_light.html,2026-10-06
2014-09-04,570.707216,https://charts-cdn.checkonchain.com/btconchain/realised/lthsopr_indicator/lthsopr_indicator_light.html,2026-10-06
2014-09-05,571.061491,https://charts-cdn.checkonchain.com/btconchain/realised/lthsopr_indicator/lthsopr_indicator_light.html,2026-10-06
2014-09-06,571.734374,https://charts-cdn.checkonchain.com/btconchain/realised/lthsopr_indicator/lthsopr_indicator_light.html,2026-10-06
2014-09-07,571.826952,https://charts-cdn.checkonchain.com/btconchain/realised/lthsopr_indicator/lthsopr_indicator_light.html,2026-10-06
2014-09-08,572.209603,https://charts-cdn.checkonchain.com/btconchain/realised/lthsopr_indicator/lthsopr_indicator_light.html,2026-10-06
2014-09-09,570.315833,https://charts-cdn.checkonchain.com/btconchain/realised/lthsopr_indicator/lthsopr_indicator_light.html,2026-10-06
2014-09-10,570.217205,https://charts-cdn.checkonchain.com/btconchain/realised/lthsopr_indicator/lthsopr_indicator_light.html,2026-10-06
2014-09-11,570.653905,https://charts-cdn.checkonchain.com/btconchain/realised/lthsopr_indicator/lthsopr_indicator_light.html,2026-10-06
2014-09-12,570.393442,https://charts-cdn.checkonchain.com/btconchain/realised/lthsopr_indicator/lthsopr_indicator_light.html,2026-10-06
2014-09-13,572.930740,https://charts-cdn.checkonchain.com/btconchain/realised/lthsopr_indicator/lthsopr_indicator_light.html,2026-10-06
2014-09-14,574.325563,https://charts-cdn.checkonchain.com/btconchain/realised/lthsopr_indicator/lthsopr_indicator_light.html,2026-10-06
2014-09-15,574.173619,https://charts-cdn.checkonchain.com/btconchain/realised/lthsopr_indicator/lthsopr_indicator_light.html,2026-10-06
2014-09-16,574.536740,https://charts-cdn.checkonchain.com/btconchain/realised/lthsopr_indicator/lthsopr_indicator_light.html,2026-10-06
2014-09-17,574.892891,https://charts-cdn.checkonchain.com/btconchain/realised/lthsopr_indicator/lthsopr_indicator_light.html,2026-10-06
2014-09-18,575.134287,https://charts-cdn.checkonchain.com/btconchain/realised/lthsopr_indicator/lthsopr_indicator_light.html,2026-10-06
2014-09-19,575.391070,https://charts-cdn.checkonchain.com/btconchain/realised/lthsopr_indicator/lthsopr_indicator_light.html,2026-10-06
2014-09-20,573.531562,https://charts-cdn.checkonchain.com/btconchain/realised/lthsopr_indicator/lthsopr_indicator_light.html,2026-10-06
2014-09-21,574.020427,https://charts-cdn.checkonchain.com/btconchain/realised/lthsopr_indicator/lthsopr_indicator_light.html,2026-10-06
2014-09-22,574.517655,https://charts-cdn.checkonchain.com/btconchain/realised/lthsopr_indicator/lthsopr_indicator_light.html,2026-10-06
2014-09-23,574.628429,https://charts-cdn.checkonchain.com/btconchain/realised/lthsopr_indicator/lthsopr_indicator_light.html,2026-10-06
2014-09-24,574.844788,https://charts-cdn.checkonchain.com/btconchain/realised/lthsopr_indicator/lthsopr_indicator_light.html,2026-10-06
2014-09-25,575.215387,https://charts-cdn.checkonchain.com/btconchain/realised/lthsopr_indicator/lthsopr_indicator_light.html,2026-10-06
2014-09-26,574.794615,https://charts-cdn.checkonchain.com/btconchain/realised/lthsopr_indicator/lthsopr_indicator_light.html,2026-10-06
2014-09-27,574.974866,https://charts-cdn.checkonchain.com/btconchain/realised/lthsopr_indicator/lthsopr_indicator_light.html,2026-10-06
2014-09-28,575.312656,https://charts-cdn.checkonchain.com/btconchain/realised/lthsopr_indicator/lthsopr_indicator_light.html,2026-10-06
2014-09-29,573.562399,https://charts-cdn.checkonchain.com/btconchain/realised/lthsopr_indicator/lthsopr_indicator_light.html,2026-10-06
2014-09-30,573.580919,https://charts-cdn.checkonchain.com/btconchain/realised/lthsopr_indicator/lthsopr_indicator_light.html,2026-10-06
2014-10-01,573.100339,https://charts-cdn.checkonchain.com/btconchain/realised/lthsopr_indicator/lthsopr_indicator_light.html,2026-10-06
2014-10-02,572.854301,https://charts-cdn.checkonchain.com/btconchain/realised/lthsopr_indicator/lthsopr_indicator_light.html,2026-10-06
2014-10-03,571.781744,https://charts-cdn.checkonchain.com/btconchain/realised/lthsopr_indicator/lthsopr_indicator_light.html,2026-10-06
2014-10-04,571.644743,https://charts-cdn.checkonchain.com/btconchain/realised/lthsopr_indicator/lthsopr_indicator_light.html,2026-10-06
2014-10-05,571.539227,https://charts-cdn.checkonchain.com/btconchain/realised/lthsopr_indicator/lthsopr_indicator_light.html,2026-10-06
2014-10-06,570.101079,https://charts-cdn.checkonchain.com/btconchain/realised/lthsopr_indicator/lthsopr_indicator_light.html,2026-10-06
2014-10-07,569.382037,https://charts-cdn.checkonchain.com/btconchain/realised/lthsopr_indicator/lthsopr_indicator_light.html,2026-10-06
2014-10-08,568.807387,https://charts-cdn.checkonchain.com/btconchain/realised/lthsopr_indicator/lthsopr_indicator_light.html,2026-10-06
2014-10-09,569.001486,https://charts-cdn.checkonchain.com/btconchain/realised/lthsopr_indicator/lthsopr_indicator_light.html,2026-10-06
2014-10-10,568.133515,https://charts-cdn.checkonchain.com/btconchain/realised/lthsopr_indicator/lthsopr_indicator_light.html,2026-10-06
2014-10-11,568.651059,https://charts-cdn.checkonchain.com/btconchain/realised/lthsopr_indicator/lthsopr_indicator_light.html,2026-10-06
2014-10-12,566.930504,https://charts-cdn.checkonchain.com/btconchain/realised/lthsopr_indicator/lthsopr_indicator_light.html,2026-10-06
2014-10-13,567.334394,https://charts-cdn.checkonchain.com/btconchain/realised/lthsopr_indicator/lthsopr_indicator_light.html,2026-10-06
2014-10-14,566.999903,https://charts-cdn.checkonchain.com/btconchain/realised/lthsopr_indicator/lthsopr_indicator_light.html,2026-10-06
2014-10-15,566.806231,https://charts-cdn.checkonchain.com/btconchain/realised/lthsopr_indicator/lthsopr_indicator_light.html,2026-10-06
2014-10-16,567.362876,https://charts-cdn.checkonchain.com/btconchain/realised/lthsopr_indicator/lthsopr_indicator_light.html,2026-10-06
2014-10-17,567.247735,https://charts-cdn.checkonchain.com/btconchain/realised/lthsopr_indicator/lthsopr_indicator_light.html,2026-10-06
2014-10-18,568.212315,https://charts-cdn.checkonchain.com/btconchain/realised/lthsopr_indicator/lthsopr_indicator_light.html,2026-10-06
2014-10-19,568.923234,https://charts-cdn.checkonchain.com/btconchain/realised/lthsopr_indicator/lthsopr_indicator_light.html,2026-10-06
2014-10-20,569.486761,https://charts-cdn.checkonchain.com/btconchain/realised/lthsopr_indicator/lthsopr_indicator_light.html,2026-10-06
2014-10-21,569.991030,https://charts-cdn.checkonchain.com/btconchain/realised/lthsopr_indicator/lthsopr_indicator_light.html,2026-10-06
2014-10-22,570.243914,https://charts-cdn.checkonchain.com/btconchain/realised/lthsopr_indicator/lthsopr_indicator_light.html,2026-10-06
2014-10-23,570.679190,https://charts-cdn.checkonchain.com/btconchain/realised/lthsopr_indicator/lthsopr_indicator_light.html,2026-10-06
2014-10-24,574.106136,https://charts-cdn.checkonchain.com/btconchain/realised/lthsopr_indicator/lthsopr_indicator_light.html,2026-10-06
2014-10-25,574.914876,https://charts-cdn.checkonchain.com/btconchain/realised/lthsopr_indicator/lthsopr_indicator_light.html,2026-10-06
2014-10-26,575.573015,https://charts-cdn.checkonchain.com/btconchain/realised/lthsopr_indicator/lthsopr_indicator_light.html,2026-10-06
2014-10-27,577.086545,https://charts-cdn.checkonchain.com/btconchain/realised/lthsopr_indicator/lthsopr_indicator_light.html,2026-10-06
2014-10-28,577.712411,https://charts-cdn.checkonchain.com/btconchain/realised/lthsopr_indicator/lthsopr_indicator_light.html,2026-10-06
2014-10-29,578.247902,https://charts-cdn.checkonchain.com/btconchain/realised/lthsopr_indicator/lthsopr_indicator_light.html,2026-10-06
2014-10-30,579.180677,https://charts-cdn.checkonchain.com/btconchain/realised/lthsopr_indicator/lthsopr_indicator_light.html,2026-10-06
2014-10-31,580.660083,https://charts-cdn.checkonchain.com/btconchain/realised/lthsopr_indicator/lthsopr_indicator_light.html,2026-10-06
2014-11-01,583.000465,https://charts-cdn.checkonchain.com/btconchain/realised/lthsopr_indicator/lthsopr_indicator_light.html,2026-10-06
2014-11-02,583.942650,https://charts-cdn.checkonchain.com/btconchain/realised/lthsopr_indicator/lthsopr_indicator_light.html,2026-10-06
2014-11-03,584.802947,https://charts-cdn.checkonchain.com/btconchain/realised/lthsopr_indicator/lthsopr_indicator_light.html,2026-10-06
2014-11-04,585.297868,https://charts-cdn.checkonchain.com/btconchain/realised/lthsopr_indicator/lthsopr_indicator_light.html,2026-10-06
2014-11-05,585.819260,https://charts-cdn.checkonchain.com/btconchain/realised/lthsopr_indicator/lthsopr_indicator_light.html,2026-10-06
2014-11-06,588.115116,https://charts-cdn.checkonchain.com/btconchain/realised/lthsopr_indicator/lthsopr_indicator_light.html,2026-10-06
2014-11-07,594.083065,https://charts-cdn.checkonchain.com/btconchain/realised/lthsopr_indicator/lthsopr_indicator_light.html,2026-10-06
2014-11-08,600.493351,https://charts-cdn.checkonchain.com/btconchain/realised/lthsopr_indicator/lthsopr_indicator_light.html,2026-10-06
2014-11-09,613.837373,https://charts-cdn.checkonchain.com/btconchain/realised/lthsopr_indicator/lthsopr_indicator_light.html,2026-10-06
2014-11-10,614.485019,https://charts-cdn.checkonchain.com/btconchain/realised/lthsopr_indicator/lthsopr_indicator_light.html,2026-10-06
2014-11-11,614.560088,https://charts-cdn.checkonchain.com/btconchain/realised/lthsopr_indicator/lthsopr_indicator_light.html,2026-10-06
2014-11-12,614.223405,https://charts-cdn.checkonchain.com/btconchain/realised/lthsopr_indicator/lthsopr_indicator_light.html,2026-10-06
2014-11-13,613.442434,https://charts-cdn.checkonchain.com/btconchain/realised/lthsopr_indicator/lthsopr_indicator_light.html,2026-10-06
2014-11-14,613.641561,https://charts-cdn.checkonchain.com/btconchain/realised/lthsopr_indicator/lthsopr_indicator_light.html,2026-10-06
2014-11-15,614.248172,https://charts-cdn.checkonchain.com/btconchain/realised/lthsopr_indicator/lthsopr_indicator_light.html,2026-10-06
2014-11-16,615.194031,https://charts-cdn.checkonchain.com/btconchain/realised/lthsopr_indicator/lthsopr_indicator_light.html,2026-10-06
2014-11-17,615.408088,https://charts-cdn.checkonchain.com/btconchain/realised/lthsopr_indicator/lthsopr_indicator_light.html,2026-10-06
2014-11-18,615.866687,https://charts-cdn.checkonchain.com/btconchain/realised/lthsopr_indicator/lthsopr_indicator_light.html,2026-10-06
2014-11-19,615.338317,https://charts-cdn.checkonchain.com/btconchain/realised/lthsopr_indicator/lthsopr_indicator_light.html,2026-10-06
2014-11-20,615.648929,https://charts-cdn.checkonchain.com/btconchain/realised/lthsopr_indicator/lthsopr_indicator_light.html,2026-10-06
2014-11-21,618.000323,https://charts-cdn.checkonchain.com/btconchain/realised/lthsopr_indicator/lthsopr_indicator_light.html,2026-10-06
2014-11-22,618.857199,https://charts-cdn.checkonchain.com/btconchain/realised/lthsopr_indicator/lthsopr_indicator_light.html,2026-10-06
2014-11-23,619.977777,https://charts-cdn.checkonchain.com/btconchain/realised/lthsopr_indicator/lthsopr_indicator_light.html,2026-10-06
2014-11-24,620.518406,https://charts-cdn.checkonchain.com/btconchain/realised/lthsopr_indicator/lthsopr_indicator_light.html,2026-10-06
2014-11-25,620.402354,https://charts-cdn.checkonchain.com/btconchain/realised/lthsopr_indicator/lthsopr_indicator_light.html,2026-10-06
2014-11-26,621.231179,https://charts-cdn.checkonchain.com/btconchain/realised/lthsopr_indicator/lthsopr_indicator_light.html,2026-10-06
2014-11-27,622.467572,https://charts-cdn.checkonchain.com/btconchain/realised/lthsopr_indicator/lthsopr_indicator_light.html,2026-10-06
2014-11-28,609.111036,https://charts-cdn.checkonchain.com/btconchain/realised/lthsopr_indicator/lthsopr_indicator_light.html,2026-10-06
2014-11-29,609.930403,https://charts-cdn.checkonchain.com/btconchain/realised/lthsopr_indicator/lthsopr_indicator_light.html,2026-10-06
2014-11-30,611.991440,https://charts-cdn.checkonchain.com/btconchain/realised/lthsopr_indicator/lthsopr_indicator_light.html,2026-10-06
2014-12-01,612.546651,https://charts-cdn.checkonchain.com/btconchain/realised/lthsopr_indicator/lthsopr_indicator_light.html,2026-10-06
2014-12-02,612.884100,https://charts-cdn.checkonchain.com/btconchain/realised/lthsopr_indicator/lthsopr_indicator_light.html,2026-10-06
2014-12-03,613.223650,https://charts-cdn.checkonchain.com/btconchain/realised/lthsopr_indicator/lthsopr_indicator_light.html,2026-10-06
2014-12-04,609.383437,https://charts-cdn.checkonchain.com/btconchain/realised/lthsopr_indicator/lthsopr_indicator_light.html,2026-10-06
2014-12-05,609.971946,https://charts-cdn.checkonchain.com/btconchain/realised/lthsopr_indicator/lthsopr_indicator_light.html,2026-10-06
2014-12-06,610.925386,https://charts-cdn.checkonchain.com/btconchain/realised/lthsopr_indicator/lthsopr_indicator_light.html,2026-10-06
2014-12-07,611.301388,https://charts-cdn.checkonchain.com/btconchain/realised/lthsopr_indicator/lthsopr_indicator_light.html,2026-10-06
2014-12-08,600.500518,https://charts-cdn.checkonchain.com/btconchain/realised/lthsopr_indicator/lthsopr_indicator_light.html,2026-10-06
2014-12-09,599.821157,https://charts-cdn.checkonchain.com/btconchain/realised/lthsopr_indicator/lthsopr_indicator_light.html,2026-10-06
2014-12-10,600.269878,https://charts-cdn.checkonchain.com/btconchain/realised/lthsopr_indicator/lthsopr_indicator_light.html,2026-10-06
2014-12-11,600.737898,https://charts-cdn.checkonchain.com/btconchain/realised/lthsopr_indicator/lthsopr_indicator_light.html,2026-10-06
2014-12-12,601.143161,https://charts-cdn.checkonchain.com/btconchain/realised/lthsopr_indicator/lthsopr_indicator_light.html,2026-10-06
2014-12-13,601.899092,https://charts-cdn.checkonchain.com/btconchain/realised/lthsopr_indicator/lthsopr_indicator_light.html,2026-10-06
2014-12-14,602.567186,https://charts-cdn.checkonchain.com/btconchain/realised/lthsopr_indicator/lthsopr_indicator_light.html,2026-10-06
2014-12-15,602.743769,https://charts-cdn.checkonchain.com/btconchain/realised/lthsopr_indicator/lthsopr_indicator_light.html,2026-10-06
2014-12-16,604.423059,https://charts-cdn.checkonchain.com/btconchain/realised/lthsopr_indicator/lthsopr_indicator_light.html,2026-10-06
2014-12-17,604.709023,https://charts-cdn.checkonchain.com/btconchain/realised/lthsopr_indicator/lthsopr_indicator_light.html,2026-10-06
2014-12-18,606.170605,https://charts-cdn.checkonchain.com/btconchain/realised/lthsopr_indicator/lthsopr_indicator_light.html,2026-10-06
2014-12-19,606.985897,https://charts-cdn.checkonchain.com/btconchain/realised/lthsopr_indicator/lthsopr_indicator_light.html,2026-10-06
2014-12-20,607.426352,https://charts-cdn.checkonchain.com/btconchain/realised/lthsopr_indicator/lthsopr_indicator_light.html,2026-10-06
2014-12-21,607.363368,https://charts-cdn.checkonchain.com/btconchain/realised/lthsopr_indicator/lthsopr_indicator_light.html,2026-10-06
2014-12-22,607.899251,https://charts-cdn.checkonchain.com/btconchain/realised/lthsopr_indicator/lthsopr_indicator_light.html,2026-10-06
2014-12-23,608.347041,https://charts-cdn.checkonchain.com/btconchain/realised/lthsopr_indicator/lthsopr_indicator_light.html,2026-10-06
2014-12-24,602.364146,https://charts-cdn.checkonchain.com/btconchain/realised/lthsopr_indicator/lthsopr_indicator_light.html,2026-10-06
2014-12-25,603.302720,https://charts-cdn.checkonchain.com/btconchain/realised/lthsopr_indicator/lthsopr_indicator_light.html,2026-10-06
2014-12-26,604.505732,https://charts-cdn.checkonchain.com/btconchain/realised/lthsopr_indicator/lthsopr_indicator_light.html,2026-10-06
2014-12-27,605.292165,https://charts-cdn.checkonchain.com/btconchain/realised/lthsopr_indicator/lthsopr_indicator_light.html,2026-10-06
2014-12-28,606.236466,https://charts-cdn.checkonchain.com/btconchain/realised/lthsopr_indicator/lthsopr_indicator_light.html,2026-10-06
2014-12-29,606.736618,https://charts-cdn.checkonchain.com/btconchain/realised/lthsopr_indicator/lthsopr_indicator_light.html,2026-10-06
2014-12-30,603.391295,https://charts-cdn.checkonchain.com/btconchain/realised/lthsopr_indicator/lthsopr_indicator_light.html,2026-10-06
2014-12-31,602.331935,https://charts-cdn.checkonchain.com/btconchain/realised/lthsopr_indicator/lthsopr_indicator_light.html,2026-10-06
2015-01-01,603.784971,https://charts-cdn.checkonchain.com/btconchain/realised/lthsopr_indicator/lthsopr_indicator_light.html,2026-10-06
2015-01-02,608.971291,https://charts-cdn.checkonchain.com/btconchain/realised/lthsopr_indicator/lthsopr_indicator_light.html,2026-10-06
2015-01-03,609.808057,https://charts-cdn.checkonchain.com/btconchain/realised/lthsopr_indicator/lthsopr_indicator_light.html,2026-10-06
2015-01-04,610.169964,https://charts-cdn.checkonchain.com/btconchain/realised/lthsopr_indicator/lthsopr_indicator_light.html,2026-10-06
2015-01-05,610.097100,https://charts-cdn.checkonchain.com/btconchain/realised/lthsopr_indicator/lthsopr_indicator_light.html,2026-10-06
2015-01-06,609.862706,https://charts-cdn.checkonchain.com/btconchain/realised/lthsopr_indicator/lthsopr_indicator_light.html,2026-10-06
2015-01-07,610.096795,https://charts-cdn.checkonchain.com/btconchain/realised/lthsopr_indicator/lthsopr_indicator_light.html,2026-10-06
2015-01-08,609.772634,https://charts-cdn.checkonchain.com/btconchain/realised/lthsopr_indicator/lthsopr_indicator_light.html,2026-10-06
2015-01-09,609.912960,https://charts-cdn.checkonchain.com/btconchain/realised/lthsopr_indicator/lthsopr_indicator_light.html,2026-10-06
2015-01-10,610.752217,https://charts-cdn.checkonchain.com/btconchain/realised/lthsopr_indicator/lthsopr_indicator_light.html,2026-10-06
2015-01-11,611.465662,https://charts-cdn.checkonchain.com/btconchain/realised/lthsopr_indicator/lthsopr_indicator_light.html,2026-10-06
2015-01-12,611.605132,https://charts-cdn.checkonchain.com/btconchain/realised/lthsopr_indicator/lthsopr_indicator_light.html,2026-10-06
2015-01-13,611.158475,https://charts-cdn.checkonchain.com/btconchain/realised/lthsopr_indicator/lthsopr_indicator_light.html,2026-10-06
2015-01-14,610.365397,https://charts-cdn.checkonchain.com/btconchain/realised/lthsopr_indicator/lthsopr_indicator_light.html,2026-10-06
2015-01-15,610.619045,https://charts-cdn.checkonchain.com/btconchain/realised/lthsopr_indicator/lthsopr_indicator_light.html,2026-10-06
2015-01-16,610.629240,https://charts-cdn.checkonchain.com/btconchain/realised/lthsopr_indicator/lthsopr_indicator_light.html,2026-10-06
2015-01-17,610.951981,https://charts-cdn.checkonchain.com/btconchain/realised/lthsopr_indicator/lthsopr_indicator_light.html,2026-10-06
2015-01-18,612.288696,https://charts-cdn.checkonchain.com/btconchain/realised/lthsopr_indicator/lthsopr_indicator_light.html,2026-10-06
2015-01-19,612.897678,https://charts-cdn.checkonchain.com/btconchain/realised/lthsopr_indicator/lthsopr_indicator_light.html,2026-10-06
2015-01-20,613.446606,https://charts-cdn.checkonchain.com/btconchain/realised/lthsopr_indicator/lthsopr_indicator_light.html,2026-10-06
2015-01-21,612.225963,https://charts-cdn.checkonchain.com/btconchain/realised/lthsopr_indicator/lthsopr_indicator_light.html,2026-10-06
2015-01-22,612.557263,https://charts-cdn.checkonchain.com/btconchain/realised/lthsopr_indicator/lthsopr_indicator_light.html,2026-10-06
2015-01-23,612.974859,https://charts-cdn.checkonchain.com/btconchain/realised/lthsopr_indicator/lthsopr_indicator_light.html,2026-10-06
2015-01-24,613.510905,https://charts-cdn.checkonchain.com/btconchain/realised/lthsopr_indicator/lthsopr_indicator_light.html,2026-10-06
2015-01-25,614.089565,https://charts-cdn.checkonchain.com/btconchain/realised/lthsopr_indicator/lthsopr_indicator_light.html,2026-10-06
2015-01-26,611.018397,https://charts-cdn.checkonchain.com/btconchain/realised/lthsopr_indicator/lthsopr_indicator_light.html,2026-10-06
2015-01-27,611.674077,https://charts-cdn.checkonchain.com/btconchain/realised/lthsopr_indicator/lthsopr_indicator_light.html,2026-10-06
2015-01-28,611.901187,https://charts-cdn.checkonchain.com/btconchain/realised/lthsopr_indicator/lthsopr_indicator_light.html,2026-10-06
2015-01-29,612.553916,https://charts-cdn.checkonchain.com/btconchain/realised/lthsopr_indicator/lthsopr_indicator_light.html,2026-10-06
2015-01-30,613.099532,https://charts-cdn.checkonchain.com/btconchain/realised/lthsopr_indicator/lthsopr_indicator_light.html,2026-10-06
2015-01-31,613.596683,https://charts-cdn.checkonchain.com/btconchain/realised/lthsopr_indicator/lthsopr_indicator_light.html,2026-10-06
2015-02-01,614.146121,https://charts-cdn.checkonchain.com/btconchain/realised/lthsopr_indicator/lthsopr_indicator_light.html,2026-10-06
2015-02-02,614.399130,https://charts-cdn.checkonchain.com/btconchain/realised/lthsopr_indicator/lthsopr_indicator_light.html,2026-10-06
2015-02-03,615.144477,https://charts-cdn.checkonchain.com/btconchain/realised/lthsopr_indicator/lthsopr_indicator_light.html,2026-10-06
2015-02-04,615.189309,https://charts-cdn.checkonchain.com/btconchain/realised/lthsopr_indicator/lthsopr_indicator_light.html,2026-10-06
2015-02-05,615.338094,https://charts-cdn.checkonchain.com/btconchain/realised/lthsopr_indicator/lthsopr_indicator_light.html,2026-10-06
2015-02-06,616.232013,https://charts-cdn.checkonchain.com/btconchain/realised/lthsopr_indicator/lthsopr_indicator_light.html,2026-10-06
2015-02-07,616.749537,https://charts-cdn.checkonchain.com/btconchain/realised/lthsopr_indicator/lthsopr_indicator_light.html,2026-10-06
2015-02-08,617.242384,https://charts-cdn.checkonchain.com/btconchain/realised/lthsopr_indicator/lthsopr_indicator_light.html,2026-10-06
2015-02-09,617.570226,https://charts-cdn.checkonchain.com/btconchain/realised/lthsopr_indicator/lthsopr_indicator_light.html,2026-10-06
2015-02-10,617.979897,https://charts-cdn.checkonchain.com/btconchain/realised/lthsopr_indicator/lthsopr_indicator_light.html,2026-10-06
2015-02-11,618.245078,https://charts-cdn.checkonchain.com/btconchain/realised/lthsopr_indicator/lthsopr_indicator_light.html,2026-10-06
2015-02-12,618.842648,https://charts-cdn.checkonchain.com/btconchain/realised/lthsopr_indicator/lthsopr_indicator_light.html,2026-10-06
2015-02-13,618.978060,https://charts-cdn.checkonchain.com/btconchain/realised/lthsopr_indicator/lthsopr_indicator_light.html,2026-10-06
2015-02-14,619.165248,https://charts-cdn.checkonchain.com/btconchain/realised/lthsopr_indicator/lthsopr_indicator_light.html,2026-10-06
2015-02-15,619.902851,https://charts-cdn.checkonchain.com/btconchain/realised/lthsopr_indicator/lthsopr_indicator_light.html,2026-10-06
2015-02-16,620.303502,https://charts-cdn.checkonchain.com/btconchain/realised/lthsopr_indicator/lthsopr_indicator_light.html,2026-10-06
2015-02-17,621.105234,https://charts-cdn.checkonchain.com/btconchain/realised/lthsopr_indicator/lthsopr_indicator_light.html,2026-10-06
2015-02-18,621.541496,https://charts-cdn.checkonchain.com/btconchain/realised/lthsopr_indicator/lthsopr_indicator_light.html,2026-10-06
2015-02-19,619.985595,https://charts-cdn.checkonchain.com/btconchain/realised/lthsopr_indicator/lthsopr_indicator_light.html,2026-10-06
2015-02-20,620.102748,https://charts-cdn.checkonchain.com/btconchain/realised/lthsopr_indicator/lthsopr_indicator_light.html,2026-10-06
2015-02-21,620.536336,https://charts-cdn.checkonchain.com/btconchain/realised/lthsopr_indicator/lthsopr_indicator_light.html,2026-10-06
2015-02-22,620.894095,https://charts-cdn.checkonchain.com/btconchain/realised/lthsopr_indicator/lthsopr_indicator_light.html,2026-10-06
2015-02-23,620.806693,https://charts-cdn.checkonchain.com/btconchain/realised/lthsopr_indicator/lthsopr_indicator_light.html,2026-10-06
2015-02-24,620.830425,https://charts-cdn.checkonchain.com/btconchain/realised/lthsopr_indicator/lthsopr_indicator_light.html,2026-10-06
2015-02-25,620.074516,https://charts-cdn.checkonchain.com/btconchain/realised/lthsopr_indicator/lthsopr_indicator_light.html,2026-10-06
2015-02-26,620.506262,https://charts-cdn.checkonchain.com/btconchain/realised/lthsopr_indicator/lthsopr_indicator_light.html,2026-10-06
2015-02-27,620.652201,https://charts-cdn.checkonchain.com/btconchain/realised/lthsopr_indicator/lthsopr_indicator_light.html,2026-10-06
2015-02-28,620.435535,https://charts-cdn.checkonchain.com/btconchain/realised/lthsopr_indicator/lthsopr_indicator_light.html,2026-10-06
2015-03-01,620.042714,https://charts-cdn.checkonchain.com/btconchain/realised/lthsopr_indicator/lthsopr_indicator_light.html,2026-10-06
2015-03-02,620.122694,https://charts-cdn.checkonchain.com/btconchain/realised/lthsopr_indicator/lthsopr_indicator_light.html,2026-10-06
2015-03-03,618.196725,https://charts-cdn.checkonchain.com/btconchain/realised/lthsopr_indicator/lthsopr_indicator_light.html,2026-10-06
2015-03-04,618.114103,https://charts-cdn.checkonchain.com/btconchain/realised/lthsopr_indicator/lthsopr_indicator_light.html,2026-10-06
2015-03-05,617.378000,https://charts-cdn.checkonchain.com/btconchain/realised/lthsopr_indicator/lthsopr_indicator_light.html,2026-10-06
2015-03-06,617.558469,https://charts-cdn.checkonchain.com/btconchain/realised/lthsopr_indicator/lthsopr_indicator_light.html,2026-10-06
2015-03-07,616.291482,https://charts-cdn.checkonchain.com/btconchain/realised/lthsopr_indicator/lthsopr_indicator_light.html,2026-10-06
2015-03-08,615.389622,https://charts-cdn.checkonchain.com/btconchain/realised/lthsopr_indicator/lthsopr_indicator_light.html,2026-10-06
2015-03-09,615.235160,https://charts-cdn.checkonchain.com/btconchain/realised/lthsopr_indicator/lthsopr_indicator_light.html,2026-10-06
2015-03-10,615.304963,https://charts-cdn.checkonchain.com/btconchain/realised/lthsopr_indicator/lthsopr_indicator_light.html,2026-10-06
2015-03-11,615.512251,https://charts-cdn.checkonchain.com/btconchain/realised/lthsopr_indicator/lthsopr_indicator_light.html,2026-10-06
2015-03-12,615.340304,https://charts-cdn.checkonchain.com/btconchain/realised/lthsopr_indicator/lthsopr_indicator_light.html,2026-10-06
2015-03-13,614.330416,https://charts-cdn.checkonchain.com/btconchain/realised/lthsopr_indicator/lthsopr_indicator_light.html,2026-10-06
2015-03-14,615.269651,https://charts-cdn.checkonchain.com/btconchain/realised/lthsopr_indicator/lthsopr_indicator_light.html,2026-10-06
2015-03-15,615.594378,https://charts-cdn.checkonchain.com/btconchain/realised/lthsopr_indicator/lthsopr_indicator_light.html,2026-10-06
2015-03-16,615.643321,https://charts-cdn.checkonchain.com/btconchain/realised/lthsopr_indicator/lthsopr_indicator_light.html,2026-10-06
2015-03-17,615.909810,https://charts-cdn.checkonchain.com/btconchain/realised/lthsopr_indicator/lthsopr_indicator_light.html,2026-10-06
2015-03-18,615.730636,https://charts-cdn.checkonchain.com/btconchain/realised/lthsopr_indicator/lthsopr_indicator_light.html,2026-10-06
2015-03-19,615.646175,https://charts-cdn.checkonchain.com/btconchain/realised/lthsopr_indicator/lthsopr_indicator_light.html,2026-10-06
2015-03-20,615.790378,https://charts-cdn.checkonchain.com/btconchain/realised/lthsopr_indicator/lthsopr_indicator_light.html,2026-10-06
2015-03-21,616.099086,https://charts-cdn.checkonchain.com/btconchain/realised/lthsopr_indicator/lthsopr_indicator_light.html,2026-10-06
2015-03-22,616.354277,https://charts-cdn.checkonchain.com/btconchain/realised/lthsopr_indicator/lthsopr_indicator_light.html,2026-10-06
2015-03-23,616.522647,https://charts-cdn.checkonchain.com/btconchain/realised/lthsopr_indicator/lthsopr_indicator_light.html,2026-10-06
2015-03-24,616.775392,https://charts-cdn.checkonchain.com/btconchain/realised/lthsopr_indicator/lthsopr_indicator_light.html,2026-10-06
2015-03-25,616.682356,https://charts-cdn.checkonchain.com/btconchain/realised/lthsopr_indicator/lthsopr_indicator_light.html,2026-10-06
2015-03-26,616.938266,https://charts-cdn.checkonchain.com/btconchain/realised/lthsopr_indicator/lthsopr_indicator_light.html,2026-10-06
2015-03-27,617.125897,https://charts-cdn.checkonchain.com/btconchain/realised/lthsopr_indicator/lthsopr_indicator_light.html,2026-10-06
2015-03-28,617.484806,https://charts-cdn.checkonchain.com/btconchain/realised/lthsopr_indicator/lthsopr_indicator_light.html,2026-10-06
2015-03-29,617.894808,https://charts-cdn.checkonchain.com/btconchain/realised/lthsopr_indicator/lthsopr_indicator_light.html,2026-10-06
2015-03-30,618.126268,https://charts-cdn.checkonchain.com/btconchain/realised/lthsopr_indicator/lthsopr_indicator_light.html,2026-10-06
2015-03-31,618.392975,https://charts-cdn.checkonchain.com/btconchain/realised/lthsopr_indicator/lthsopr_indicator_light.html,2026-10-06
2015-04-01,616.608232,https://charts-cdn.checkonchain.com/btconchain/realised/lthsopr_indicator/lthsopr_indicator_light.html,2026-10-06
2015-04-02,616.412347,https://charts-cdn.checkonchain.com/btconchain/realised/lthsopr_indicator/lthsopr_indicator_light.html,2026-10-06
2015-04-03,616.363749,https://charts-cdn.checkonchain.com/btconchain/realised/lthsopr_indicator/lthsopr_indicator_light.html,2026-10-06
2015-04-04,616.800631,https://charts-cdn.checkonchain.com/btconchain/realised/lthsopr_indicator/lthsopr_indicator_light.html,2026-10-06
2015-04-05,617.172858,https://charts-cdn.checkonchain.com/btconchain/realised/lthsopr_indicator/lthsopr_indicator_light.html,2026-10-06
2015-04-06,617.356307,https://charts-cdn.checkonchain.com/btconchain/realised/lthsopr_indicator/lthsopr_indicator_light.html,2026-10-06
2015-04-07,617.549356,https://charts-cdn.checkonchain.com/btconchain/realised/lthsopr_indicator/lthsopr_indicator_light.html,2026-10-06
2015-04-08,617.812348,https://charts-cdn.checkonchain.com/btconchain/realised/lthsopr_indicator/lthsopr_indicator_light.html,2026-10-06
2015-04-09,617.781247,https://charts-cdn.checkonchain.com/btconchain/realised/lthsopr_indicator/lthsopr_indicator_light.html,2026-10-06
2015-04-10,616.502246,https://charts-cdn.checkonchain.com/btconchain/realised/lthsopr_indicator/lthsopr_indicator_light.html,2026-10-06
2015-04-11,617.082464,https://charts-cdn.checkonchain.com/btconchain/realised/lthsopr_indicator/lthsopr_indicator_light.html,2026-10-06
2015-04-12,617.255969,https://charts-cdn.checkonchain.com/btconchain/realised/lthsopr_indicator/lthsopr_indicator_light.html,2026-10-06
2015-04-13,617.396003,https://charts-cdn.checkonchain.com/btconchain/realised/lthsopr_indicator/lthsopr_indicator_light.html,2026-10-06
2015-04-14,617.583881,https://charts-cdn.checkonchain.com/btconchain/realised/lthsopr_indicator/lthsopr_indicator_light.html,2026-10-06
2015-04-15,615.003089,https://charts-cdn.checkonchain.com/btconchain/realised/lthsopr_indicator/lthsopr_indicator_light.html,2026-10-06
2015-04-16,615.276516,https://charts-cdn.checkonchain.com/btconchain/realised/lthsopr_indicator/lthsopr_indicator_light.html,2026-10-06
2015-04-17,615.489023,https://charts-cdn.checkonchain.com/btconchain/realised/lthsopr_indicator/lthsopr_indicator_light.html,2026-10-06
2015-04-18,615.962791,https://charts-cdn.checkonchain.com/btconchain/realised/lthsopr_indicator/lthsopr_indicator_light.html,2026-10-06
2015-04-19,616.581419,https://charts-cdn.checkonchain.com/btconchain/realised/lthsopr_indicator/lthsopr_indicator_light.html,2026-10-06
2015-04-20,616.826691,https://charts-cdn.checkonchain.com/btconchain/realised/lthsopr_indicator/lthsopr_indicator_light.html,2026-10-06
2015-04-21,616.885191,https://charts-cdn.checkonchain.com/btconchain/realised/lthsopr_indicator/lthsopr_indicator_light.html,2026-10-06
2015-04-22,617.047569,https://charts-cdn.checkonchain.com/btconchain/realised/lthsopr_indicator/lthsopr_indicator_light.html,2026-10-06
2015-04-23,614.551426,https://charts-cdn.checkonchain.com/btconchain/realised/lthsopr_indicator/lthsopr_indicator_light.html,2026-10-06
2015-04-24,614.775275,https://charts-cdn.checkonchain.com/btconchain/realised/lthsopr_indicator/lthsopr_indicator_light.html,2026-10-06
2015-04-25,615.086694,https://charts-cdn.checkonchain.com/btconchain/realised/lthsopr_indicator/lthsopr_indicator_light.html,2026-10-06
2015-04-26,615.348102,https://charts-cdn.checkonchain.com/btconchain/realised/lthsopr_indicator/lthsopr_indicator_light.html,2026-10-06
2015-04-27,616.450819,https://charts-cdn.checkonchain.com/btconchain/realised/lthsopr_indicator/lthsopr_indicator_light.html,2026-10-06
2015-04-28,616.773337,https://charts-cdn.checkonchain.com/btconchain/realised/lthsopr_indicator/lthsopr_indicator_light.html,2026-10-06
2015-04-29,617.036730,https://charts-cdn.checkonchain.com/btconchain/realised/lthsopr_indicator/lthsopr_indicator_light.html,2026-10-06
2015-04-30,617.364389,https://charts-cdn.checkonchain.com/btconchain/realised/lthsopr_indicator/lthsopr_indicator_light.html,2026-10-06
2015-05-01,617.777206,https://charts-cdn.checkonchain.com/btconchain/realised/lthsopr_indicator/lthsopr_indicator_light.html,2026-10-06
2015-05-02,618.248540,https://charts-cdn.checkonchain.com/btconchain/realised/lthsopr_indicator/lthsopr_indicator_light.html,2026-10-06
2015-05-03,619.392102,https://charts-cdn.checkonchain.com/btconchain/realised/lthsopr_indicator/lthsopr_indicator_light.html,2026-10-06
2015-05-04,619.904122,https://charts-cdn.checkonchain.com/btconchain/realised/lthsopr_indicator/lthsopr_indicator_light.html,2026-10-06
2015-05-05,620.521116,https://charts-cdn.checkonchain.com/btconchain/realised/lthsopr_indicator/lthsopr_indicator_light.html,2026-10-06
2015-05-06,620.917339,https://charts-cdn.checkonchain.com/btconchain/realised/lthsopr_indicator/lthsopr_indicator_light.html,2026-10-06
2015-05-07,621.733105,https://charts-cdn.checkonchain.com/btconchain/realised/lthsopr_indicator/lthsopr_indicator_light.html,2026-10-06
2015-05-08,622.288073,https://charts-cdn.checkonchain.com/btconchain/realised/lthsopr_indicator/lthsopr_indicator_light.html,2026-10-06
2015-05-09,622.524129,https://charts-cdn.checkonchain.com/btconchain/realised/lthsopr_indicator/lthsopr_indicator_light.html,2026-10-06
2015-05-10,622.786553,https://charts-cdn.checkonchain.com/btconchain/realised/lthsopr_indicator/lthsopr_indicator_light.html,2026-10-06
2015-05-11,622.320984,https://charts-cdn.checkonchain.com/btconchain/realised/lthsopr_indicator/lthsopr_indicator_light.html,2026-10-06
2015-05-12,622.366283,https://charts-cdn.checkonchain.com/btconchain/realised/lthsopr_indicator/lthsopr_indicator_light.html,2026-10-06
2015-05-13,622.647594,https://charts-cdn.checkonchain.com/btconchain/realised/lthsopr_indicator/lthsopr_indicator_light.html,2026-10-06
2015-05-14,622.882703,https://charts-cdn.checkonchain.com/btconchain/realised/lthsopr_indicator/lthsopr_indicator_light.html,2026-10-06
2015-05-15,623.124213,https://charts-cdn.checkonchain.com/btconchain/realised/lthsopr_indicator/lthsopr_indicator_light.html,2026-10-06
2015-05-16,623.365811,https://charts-cdn.checkonchain.com/btconchain/realised/lthsopr_indicator/lthsopr_indicator_light.html,2026-10-06
2015-05-17,623.790142,https://charts-cdn.checkonchain.com/btconchain/realised/lthsopr_indicator/lthsopr_indicator_light.html,2026-10-06
2015-05-18,623.914822,https://charts-cdn.checkonchain.com/btconchain/realised/lthsopr_indicator/lthsopr_indicator_light.html,2026-10-06
2015-05-19,624.019332,https://charts-cdn.checkonchain.com/btconchain/realised/lthsopr_indicator/lthsopr_indicator_light.html,2026-10-06
2015-05-20,624.239103,https://charts-cdn.checkonchain.com/btconchain/realised/lthsopr_indicator/lthsopr_indicator_light.html,2026-10-06
2015-05-21,624.564266,https://charts-cdn.checkonchain.com/btconchain/realised/lthsopr_indicator/lthsopr_indicator_light.html,2026-10-06
2015-05-22,624.392453,https://charts-cdn.checkonchain.com/btconchain/realised/lthsopr_indicator/lthsopr_indicator_light.html,2026-10-06
2015-05-23,624.825170,https://charts-cdn.checkonchain.com/btconchain/realised/lthsopr_indicator/lthsopr_indicator_light.html,2026-10-06
2015-05-24,625.167640,https://charts-cdn.checkonchain.com/btconchain/realised/lthsopr_indicator/lthsopr_indicator_light.html,2026-10-06
2015-05-25,625.101444,https://charts-cdn.checkonchain.com/btconchain/realised/lthsopr_indicator/lthsopr_indicator_light.html,2026-10-06
2015-05-26,625.279860,https://charts-cdn.checkonchain.com/btconchain/realised/lthsopr_indicator/lthsopr_indicator_light.html,2026-10-06
2015-05-27,625.299258,https://charts-cdn.checkonchain.com/btconchain/realised/lthsopr_indicator/lthsopr_indicator_light.html,2026-10-06
2015-05-28,625.210813,https://charts-cdn.checkonchain.com/btconchain/realised/lthsopr_indicator/lthsopr_indicator_light.html,2026-10-06
2015-05-29,625.495313,https://charts-cdn.checkonchain.com/btconchain/realised/lthsopr_indicator/lthsopr_indicator_light.html,2026-10-06
2015-05-30,623.150186,https://charts-cdn.checkonchain.com/btconchain/realised/lthsopr_indicator/lthsopr_indicator_light.html,2026-10-06
2015-05-31,623.131525,https://charts-cdn.checkonchain.com/btconchain/realised/lthsopr_indicator/lthsopr_indicator_light.html,2026-10-06
2015-06-01,622.837137,https://charts-cdn.checkonchain.com/btconchain/realised/lthsopr_indicator/lthsopr_indicator_light.html,2026-10-06
2015-06-02,622.769647,https://charts-cdn.checkonchain.com/btconchain/realised/lthsopr_indicator/lthsopr_indicator_light.html,2026-10-06
2015-06-03,622.821560,https://charts-cdn.checkonchain.com/btconchain/realised/lthsopr_indicator/lthsopr_indicator_light.html,2026-10-06
2015-06-04,622.819089,https://charts-cdn.checkonchain.com/btconchain/realised/lthsopr_indicator/lthsopr_indicator_light.html,2026-10-06
2015-06-05,622.964411,https://charts-cdn.checkonchain.com/btconchain/realised/lthsopr_indicator/lthsopr_indicator_light.html,2026-10-06
2015-06-06,623.356771,https://charts-cdn.checkonchain.com/btconchain/realised/lthsopr_indicator/lthsopr_indicator_light.html,2026-10-06
2015-06-07,622.776587,https://charts-cdn.checkonchain.com/btconchain/realised/lthsopr_indicator/lthsopr_indicator_light.html,2026-10-06
2015-06-08,623.011265,https://charts-cdn.checkonchain.com/btconchain/realised/lthsopr_indicator/lthsopr_indicator_light.html,2026-10-06
2015-06-09,623.180703,https://charts-cdn.checkonchain.com/btconchain/realised/lthsopr_indicator/lthsopr_indicator_light.html,2026-10-06
2015-06-10,623.147209,https://charts-cdn.checkonchain.com/btconchain/realised/lthsopr_indicator/lthsopr_indicator_light.html,2026-10-06
2015-06-11,622.993595,https://charts-cdn.checkonchain.com/btconchain/realised/lthsopr_indicator/lthsopr_indicator_light.html,2026-10-06
2015-06-12,622.802412,https://charts-cdn.checkonchain.com/btconchain/realised/lthsopr_indicator/lthsopr_indicator_light.html,2026-10-06
2015-06-13,621.843887,https://charts-cdn.checkonchain.com/btconchain/realised/lthsopr_indicator/lthsopr_indicator_light.html,2026-10-06
2015-06-14,620.862051,https://charts-cdn.checkonchain.com/btconchain/realised/lthsopr_indicator/lthsopr_indicator_light.html,2026-10-06
2015-06-15,620.598725,https://charts-cdn.checkonchain.com/btconchain/realised/lthsopr_indicator/lthsopr_indicator_light.html,2026-10-06
2015-06-16,620.257374,https://charts-cdn.checkonchain.com/btconchain/realised/lthsopr_indicator/lthsopr_indicator_light.html,2026-10-06
2015-06-17,619.867874,https://charts-cdn.checkonchain.com/btconchain/realised/lthsopr_indicator/lthsopr_indicator_light.html,2026-10-06
2015-06-18,619.941538,https://charts-cdn.checkonchain.com/btconchain/realised/lthsopr_indicator/lthsopr_indicator_light.html,2026-10-06
2015-06-19,619.388357,https://charts-cdn.checkonchain.com/btconchain/realised/lthsopr_indicator/lthsopr_indicator_light.html,2026-10-06
2015-06-20,619.043655,https://charts-cdn.checkonchain.com/btconchain/realised/lthsopr_indicator/lthsopr_indicator_light.html,2026-10-06
2015-06-21,618.886783,https://charts-cdn.checkonchain.com/btconchain/realised/lthsopr_indicator/lthsopr_indicator_light.html,2026-10-06
2015-06-22,618.981659,https://charts-cdn.checkonchain.com/btconchain/realised/lthsopr_indicator/lthsopr_indicator_light.html,2026-10-06
2015-06-23,618.946085,https://charts-cdn.checkonchain.com/btconchain/realised/lthsopr_indicator/lthsopr_indicator_light.html,2026-10-06
2015-06-24,618.828352,https://charts-cdn.checkonchain.com/btconchain/realised/lthsopr_indicator/lthsopr_indicator_light.html,2026-10-06
2015-06-25,618.860115,https://charts-cdn.checkonchain.com/btconchain/realised/lthsopr_indicator/lthsopr_indicator_light.html,2026-10-06
2015-06-26,618.963616,https://charts-cdn.checkonchain.com/btconchain/realised/lthsopr_indicator/lthsopr_indicator_light.html,2026-10-06
2015-06-27,619.076643,https://charts-cdn.checkonchain.com/btconchain/realised/lthsopr_indicator/lthsopr_indicator_light.html,2026-10-06
2015-06-28,619.227182,https://charts-cdn.checkonchain.com/btconchain/realised/lthsopr_indicator/lthsopr_indicator_light.html,2026-10-06
2015-06-29,619.100147,https://charts-cdn.checkonchain.com/btconchain/realised/lthsopr_indicator/lthsopr_indicator_light.html,2026-10-06
2015-06-30,618.690616,https://charts-cdn.checkonchain.com/btconchain/realised/lthsopr_indicator/lthsopr_indicator_light.html,2026-10-06
2015-07-01,618.671734,https://charts-cdn.checkonchain.com/btconchain/realised/lthsopr_indicator/lthsopr_indicator_light.html,2026-10-06
2015-07-02,618.524578,https://charts-cdn.checkonchain.com/btconchain/realised/lthsopr_indicator/lthsopr_indicator_light.html,2026-10-06
2015-07-03,617.236421,https://charts-cdn.checkonchain.com/btconchain/realised/lthsopr_indicator/lthsopr_indicator_light.html,2026-10-06
2015-07-04,617.361402,https://charts-cdn.checkonchain.com/btconchain/realised/lthsopr_indicator/lthsopr_indicator_light.html,2026-10-06
2015-07-05,616.916675,https://charts-cdn.checkonchain.com/btconchain/realised/lthsopr_indicator/lthsopr_indicator_light.html,2026-10-06
2015-07-06,616.522912,https://charts-cdn.checkonchain.com/btconchain/realised/lthsopr_indicator/lthsopr_indicator_light.html,2026-10-06
2015-07-07,616.494691,https://charts-cdn.checkonchain.com/btconchain/realised/lthsopr_indicator/lthsopr_indicator_light.html,2026-10-06
2015-07-08,615.954647,https://charts-cdn.checkonchain.com/btconchain/realised/lthsopr_indicator/lthsopr_indicator_light.html,2026-10-06
2015-07-09,614.938234,https://charts-cdn.checkonchain.com/btconchain/realised/lthsopr_indicator/lthsopr_indicator_light.html,2026-10-06
2015-07-10,614.498851,https://charts-cdn.checkonchain.com/btconchain/realised/lthsopr_indicator/lthsopr_indicator_light.html,2026-10-06
2015-07-11,614.122326,https://charts-cdn.checkonchain.com/btconchain/realised/lthsopr_indicator/lthsopr_indicator_light.html,2026-10-06
2015-07-12,613.887472,https://charts-cdn.checkonchain.com/btconchain/realised/lthsopr_indicator/lthsopr_indicator_light.html,2026-10-06
2015-07-13,613.810291,https://charts-cdn.checkonchain.com/btconchain/realised/lthsopr_indicator/lthsopr_indicator_light.html,2026-10-06
2015-07-14,613.777587,https://charts-cdn.checkonchain.com/btconchain/realised/lthsopr_indicator/lthsopr_indicator_light.html,2026-10-06
2015-07-15,613.789735,https://charts-cdn.checkonchain.com/btconchain/realised/lthsopr_indicator/lthsopr_indicator_light.html,2026-10-06
2015-07-16,613.658342,https://charts-cdn.checkonchain.com/btconchain/realised/lthsopr_indicator/lthsopr_indicator_light.html,2026-10-06
2015-07-17,613.478535,https://charts-cdn.checkonchain.com/btconchain/realised/lthsopr_indicator/lthsopr_indicator_light.html,2026-10-06
2015-07-18,613.451122,https://charts-cdn.checkonchain.com/btconchain/realised/lthsopr_indicator/lthsopr_indicator_light.html,2026-10-06
2015-07-19,613.643393,https://charts-cdn.checkonchain.com/btconchain/realised/lthsopr_indicator/lthsopr_indicator_light.html,2026-10-06
2015-07-20,612.619971,https://charts-cdn.checkonchain.com/btconchain/realised/lthsopr_indicator/lthsopr_indicator_light.html,2026-10-06
2015-07-21,612.488734,https://charts-cdn.checkonchain.com/btconchain/realised/lthsopr_indicator/lthsopr_indicator_light.html,2026-10-06
2015-07-22,612.616201,https://charts-cdn.checkonchain.com/btconchain/realised/lthsopr_indicator/lthsopr_indicator_light.html,2026-10-06
2015-07-23,612.774538,https://charts-cdn.checkonchain.com/btconchain/realised/lthsopr_indicator/lthsopr_indicator_light.html,2026-10-06
2015-07-24,612.943327,https://charts-cdn.checkonchain.com/btconchain/realised/lthsopr_indicator/lthsopr_indicator_light.html,2026-10-06
2015-07-25,612.820344,https://charts-cdn.checkonchain.com/btconchain/realised/lthsopr_indicator/lthsopr_indicator_light.html,2026-10-06
2015-07-26,612.949351,https://charts-cdn.checkonchain.com/btconchain/realised/lthsopr_indicator/lthsopr_indicator_light.html,2026-10-06
2015-07-27,612.919194,https://charts-cdn.checkonchain.com/btconchain/realised/lthsopr_indicator/lthsopr_indicator_light.html,2026-10-06
2015-07-28,612.820784,https://charts-cdn.checkonchain.com/btconchain/realised/lthsopr_indicator/lthsopr_indicator_light.html,2026-10-06
2015-07-29,612.718279,https://charts-cdn.checkonchain.com/btconchain/realised/lthsopr_indicator/lthsopr_indicator_light.html,2026-10-06
2015-07-30,612.582041,https://charts-cdn.checkonchain.com/btconchain/realised/lthsopr_indicator/lthsopr_indicator_light.html,2026-10-06
2015-07-31,612.708012,https://charts-cdn.checkonchain.com/btconchain/realised/lthsopr_indicator/lthsopr_indicator_light.html,2026-10-06
2015-08-01,612.982644,https://charts-cdn.checkonchain.com/btconchain/realised/lthsopr_indicator/lthsopr_indicator_light.html,2026-10-06
2015-08-02,613.215575,https://charts-cdn.checkonchain.com/btconchain/realised/lthsopr_indicator/lthsopr_indicator_light.html,2026-10-06
2015-08-03,613.428099,https://charts-cdn.checkonchain.com/btconchain/realised/lthsopr_indicator/lthsopr_indicator_light.html,2026-10-06
2015-08-04,613.050145,https://charts-cdn.checkonchain.com/btconchain/realised/lthsopr_indicator/lthsopr_indicator_light.html,2026-10-06
2015-08-05,612.828144,https://charts-cdn.checkonchain.com/btconchain/realised/lthsopr_indicator/lthsopr_indicator_light.html,2026-10-06
2015-08-06,612.896293,https://charts-cdn.checkonchain.com/btconchain/realised/lthsopr_indicator/lthsopr_indicator_light.html,2026-10-06
2015-08-07,613.053279,https://charts-cdn.checkonchain.com/btconchain/realised/lthsopr_indicator/lthsopr_indicator_light.html,2026-10-06
2015-08-08,612.917324,https://charts-cdn.checkonchain.com/btconchain/realised/lthsopr_indicator/lthsopr_indicator_light.html,2026-10-06
2015-08-09,607.499054,https://charts-cdn.checkonchain.com/btconchain/realised/lthsopr_indicator/lthsopr_indicator_light.html,2026-10-06
2015-08-10,607.775121,https://charts-cdn.checkonchain.com/btconchain/realised/lthsopr_indicator/lthsopr_indicator_light.html,2026-10-06
2015-08-11,607.975311,https://charts-cdn.checkonchain.com/btconchain/realised/lthsopr_indicator/lthsopr_indicator_light.html,2026-10-06
2015-08-12,608.084673,https://charts-cdn.checkonchain.com/btconchain/realised/lthsopr_indicator/lthsopr_indicator_light.html,2026-10-06
2015-08-13,608.228413,https://charts-cdn.checkonchain.com/btconchain/realised/lthsopr_indicator/lthsopr_indicator_light.html,2026-10-06
2015-08-14,607.934209,https://charts-cdn.checkonchain.com/btconchain/realised/lthsopr_indicator/lthsopr_indicator_light.html,2026-10-06
2015-08-15,607.868415,https://charts-cdn.checkonchain.com/btconchain/realised/lthsopr_indicator/lthsopr_indicator_light.html,2026-10-06
2015-08-16,607.512024,https://charts-cdn.checkonchain.com/btconchain/realised/lthsopr_indicator/lthsopr_indicator_light.html,2026-10-06
2015-08-17,607.414862,https://charts-cdn.checkonchain.com/btconchain/realised/lthsopr_indicator/lthsopr_indicator_light.html,2026-10-06
2015-08-18,607.467935,https://charts-cdn.checkonchain.com/btconchain/realised/lthsopr_indicator/lthsopr_indicator_light.html,2026-10-06
2015-08-19,607.081670,https://charts-cdn.checkonchain.com/btconchain/realised/lthsopr_indicator/lthsopr_indicator_light.html,2026-10-06
2015-08-20,606.762623,https://charts-cdn.checkonchain.com/btconchain/realised/lthsopr_indicator/lthsopr_indicator_light.html,2026-10-06
2015-08-21,606.616910,https://charts-cdn.checkonchain.com/btconchain/realised/lthsopr_indicator/lthsopr_indicator_light.html,2026-10-06
2015-08-22,606.530192,https://charts-cdn.checkonchain.com/btconchain/realised/lthsopr_indicator/lthsopr_indicator_light.html,2026-10-06
2015-08-23,606.332455,https://charts-cdn.checkonchain.com/btconchain/realised/lthsopr_indicator/lthsopr_indicator_light.html,2026-10-06
2015-08-24,604.858589,https://charts-cdn.checkonchain.com/btconchain/realised/lthsopr_indicator/lthsopr_indicator_light.html,2026-10-06
2015-08-25,600.427157,https://charts-cdn.checkonchain.com/btconchain/realised/lthsopr_indicator/lthsopr_indicator_light.html,2026-10-06
2015-08-26,599.123928,https://charts-cdn.checkonchain.com/btconchain/realised/lthsopr_indicator/lthsopr_indicator_light.html,2026-10-06
2015-08-27,599.044125,https://charts-cdn.checkonchain.com/btconchain/realised/lthsopr_indicator/lthsopr_indicator_light.html,2026-10-06
2015-08-28,599.143638,https://charts-cdn.checkonchain.com/btconchain/realised/lthsopr_indicator/lthsopr_indicator_light.html,2026-10-06
2015-08-29,599.097585,https://charts-cdn.checkonchain.com/btconchain/realised/lthsopr_indicator/lthsopr_indicator_light.html,2026-10-06
2015-08-30,599.118845,https://charts-cdn.checkonchain.com/btconchain/realised/lthsopr_indicator/lthsopr_indicator_light.html,2026-10-06
2015-08-31,599.200123,https://charts-cdn.checkonchain.com/btconchain/realised/lthsopr_indicator/lthsopr_indicator_light.html,2026-10-06
2015-09-01,599.258272,https://charts-cdn.checkonchain.com/btconchain/realised/lthsopr_indicator/lthsopr_indicator_light.html,2026-10-06
2015-09-02,599.178761,https://charts-cdn.checkonchain.com/btconchain/realised/lthsopr_indicator/lthsopr_indicator_light.html,2026-10-06
2015-09-03,598.893444,https://charts-cdn.checkonchain.com/btconchain/realised/lthsopr_indicator/lthsopr_indicator_light.html,2026-10-06
2015-09-04,598.978651,https://charts-cdn.checkonchain.com/btconchain/realised/lthsopr_indicator/lthsopr_indicator_light.html,2026-10-06
2015-09-05,599.112947,https://charts-cdn.checkonchain.com/btconchain/realised/lthsopr_indicator/lthsopr_indicator_light.html,2026-10-06
2015-09-06,599.136980,https://charts-cdn.checkonchain.com/btconchain/realised/lthsopr_indicator/lthsopr_indicator_light.html,2026-10-06
2015-09-07,598.931794,https://charts-cdn.checkonchain.com/btconchain/realised/lthsopr_indicator/lthsopr_indicator_light.html,2026-10-06
2015-09-08,598.867424,https://charts-cdn.checkonchain.com/btconchain/realised/lthsopr_indicator/lthsopr_indicator_light.html,2026-10-06
2015-09-09,598.754878,https://charts-cdn.checkonchain.com/btconchain/realised/lthsopr_indicator/lthsopr_indicator_light.html,2026-10-06
2015-09-10,597.842332,https://charts-cdn.checkonchain.com/btconchain/realised/lthsopr_indicator/lthsopr_indicator_light.html,2026-10-06
2015-09-11,597.922716,https://charts-cdn.checkonchain.com/btconchain/realised/lthsopr_indicator/lthsopr_indicator_light.html,2026-10-06
2015-09-12,597.884800,https://charts-cdn.checkonchain.com/btconchain/realised/lthsopr_indicator/lthsopr_indicator_light.html,2026-10-06
2015-09-13,598.097756,https://charts-cdn.checkonchain.com/btconchain/realised/lthsopr_indicator/lthsopr_indicator_light.html,2026-10-06
2015-09-14,598.213463,https://charts-cdn.checkonchain.com/btconchain/realised/lthsopr_indicator/lthsopr_indicator_light.html,2026-10-06
2015-09-15,598.258418,https://charts-cdn.checkonchain.com/btconchain/realised/lthsopr_indicator/lthsopr_indicator_light.html,2026-10-06
2015-09-16,598.358212,https://charts-cdn.checkonchain.com/btconchain/realised/lthsopr_indicator/lthsopr_indicator_light.html,2026-10-06
2015-09-17,598.506220,https://charts-cdn.checkonchain.com/btconchain/realised/lthsopr_indicator/lthsopr_indicator_light.html,2026-10-06
2015-09-18,598.614990,https://charts-cdn.checkonchain.com/btconchain/realised/lthsopr_indicator/lthsopr_indicator_light.html,2026-10-06
2015-09-19,598.626784,https://charts-cdn.checkonchain.com/btconchain/realised/lthsopr_indicator/lthsopr_indicator_light.html,2026-10-06
2015-09-20,598.077908,https://charts-cdn.checkonchain.com/btconchain/realised/lthsopr_indicator/lthsopr_indicator_light.html,2026-10-06
2015-09-21,597.882029,https://charts-cdn.checkonchain.com/btconchain/realised/lthsopr_indicator/lthsopr_indicator_light.html,2026-10-06
2015-09-22,597.983811,https://charts-cdn.checkonchain.com/btconchain/realised/lthsopr_indicator/lthsopr_indicator_light.html,2026-10-06
2015-09-23,597.450766,https://charts-cdn.checkonchain.com/btconchain/realised/lthsopr_indicator/lthsopr_indicator_light.html,2026-10-06
2015-09-24,597.549932,https://charts-cdn.checkonchain.com/btconchain/realised/lthsopr_indicator/lthsopr_indicator_light.html,2026-10-06
2015-09-25,597.603163,https://charts-cdn.checkonchain.com/btconchain/realised/lthsopr_indicator/lthsopr_indicator_light.html,2026-10-06
2015-09-26,597.775395,https://charts-cdn.checkonchain.com/btconchain/realised/lthsopr_indicator/lthsopr_indicator_light.html,2026-10-06
2015-09-27,598.038545,https://charts-cdn.checkonchain.com/btconchain/realised/lthsopr_indicator/lthsopr_indicator_light.html,2026-10-06
2015-09-28,597.805181,https://charts-cdn.checkonchain.com/btconchain/realised/lthsopr_indicator/lthsopr_indicator_light.html,2026-10-06
2015-09-29,598.092214,https://charts-cdn.checkonchain.com/btconchain/realised/lthsopr_indicator/lthsopr_indicator_light.html,2026-10-06
2015-09-30,598.184787,https://charts-cdn.checkonchain.com/btconchain/realised/lthsopr_indicator/lthsopr_indicator_light.html,2026-10-06
2015-10-01,598.058797,https://charts-cdn.checkonchain.com/btconchain/realised/lthsopr_indicator/lthsopr_indicator_light.html,2026-10-06
2015-10-02,598.239740,https://charts-cdn.checkonchain.com/btconchain/realised/lthsopr_indicator/lthsopr_indicator_light.html,2026-10-06
2015-10-03,598.448298,https://charts-cdn.checkonchain.com/btconchain/realised/lthsopr_indicator/lthsopr_indicator_light.html,2026-10-06
2015-10-04,598.583218,https://charts-cdn.checkonchain.com/btconchain/realised/lthsopr_indicator/lthsopr_indicator_light.html,2026-10-06
2015-10-05,598.688754,https://charts-cdn.checkonchain.com/btconchain/realised/lthsopr_indicator/lthsopr_indicator_light.html,2026-10-06
2015-10-06,598.660014,https://charts-cdn.checkonchain.com/btconchain/realised/lthsopr_indicator/lthsopr_indicator_light.html,2026-10-06
2015-10-07,598.040810,https://charts-cdn.checkonchain.com/btconchain/realised/lthsopr_indicator/lthsopr_indicator_light.html,2026-10-06
2015-10-08,597.810127,https://charts-cdn.checkonchain.com/btconchain/realised/lthsopr_indicator/lthsopr_indicator_light.html,2026-10-06
2015-10-09,597.888217,https://charts-cdn.checkonchain.com/btconchain/realised/lthsopr_indicator/lthsopr_indicator_light.html,2026-10-06
2015-10-10,597.931687,https://charts-cdn.checkonchain.com/btconchain/realised/lthsopr_indicator/lthsopr_indicator_light.html,2026-10-06
2015-10-11,597.998256,https://charts-cdn.checkonchain.com/btconchain/realised/lthsopr_indicator/lthsopr_indicator_light.html,2026-10-06
2015-10-12,597.002974,https://charts-cdn.checkonchain.com/btconchain/realised/lthsopr_indicator/lthsopr_indicator_light.html,2026-10-06
2015-10-13,597.010191,https://charts-cdn.checkonchain.com/btconchain/realised/lthsopr_indicator/lthsopr_indicator_light.html,2026-10-06
2015-10-14,596.137674,https://charts-cdn.checkonchain.com/btconchain/realised/lthsopr_indicator/lthsopr_indicator_light.html,2026-10-06
2015-10-15,596.111458,https://charts-cdn.checkonchain.com/btconchain/realised/lthsopr_indicator/lthsopr_indicator_light.html,2026-10-06
2015-10-16,596.158294,https://charts-cdn.checkonchain.com/btconchain/realised/lthsopr_indicator/lthsopr_indicator_light.html,2026-10-06
2015-10-17,596.117465,https://charts-cdn.checkonchain.com/btconchain/realised/lthsopr_indicator/lthsopr_indicator_light.html,2026-10-06
2015-10-18,596.299124,https://charts-cdn.checkonchain.com/btconchain/realised/lthsopr_indicator/lthsopr_indicator_light.html,2026-10-06
2015-10-19,596.144875,https://charts-cdn.checkonchain.com/btconchain/realised/lthsopr_indicator/lthsopr_indicator_light.html,2026-10-06
2015-10-20,596.112161,https://charts-cdn.checkonchain.com/btconchain/realised/lthsopr_indicator/lthsopr_indicator_light.html,2026-10-06
2015-10-21,596.103421,https://charts-cdn.checkonchain.com/btconchain/realised/lthsopr_indicator/lthsopr_indicator_light.html,2026-10-06
2015-10-22,595.928374,https://charts-cdn.checkonchain.com/btconchain/realised/lthsopr_indicator/lthsopr_indicator_light.html,2026-10-06
2015-10-23,595.993517,https://charts-cdn.checkonchain.com/btconchain/realised/lthsopr_indicator/lthsopr_indicator_light.html,2026-10-06
2015-10-24,596.166104,https://charts-cdn.checkonchain.com/btconchain/realised/lthsopr_indicator/lthsopr_indicator_light.html,2026-10-06
2015-10-25,596.246619,https://charts-cdn.checkonchain.com/btconchain/realised/lthsopr_indicator/lthsopr_indicator_light.html,2026-10-06
2015-10-26,596.327844,https://charts-cdn.checkonchain.com/btconchain/realised/lthsopr_indicator/lthsopr_indicator_light.html,2026-10-06
2015-10-27,596.053507,https://charts-cdn.checkonchain.com/btconchain/realised/lthsopr_indicator/lthsopr_indicator_light.html,2026-10-06
2015-10-28,593.563243,https://charts-cdn.checkonchain.com/btconchain/realised/lthsopr_indicator/lthsopr_indicator_light.html,2026-10-06
2015-10-29,593.326733,https://charts-cdn.checkonchain.com/btconchain/realised/lthsopr_indicator/lthsopr_indicator_light.html,2026-10-06
2015-10-30,592.935991,https://charts-cdn.checkonchain.com/btconchain/realised/lthsopr_indicator/lthsopr_indicator_light.html,2026-10-06
2015-10-31,592.620864,https://charts-cdn.checkonchain.com/btconchain/realised/lthsopr_indicator/lthsopr_indicator_light.html,2026-10-06
2015-11-01,592.496395,https://charts-cdn.checkonchain.com/btconchain/realised/lthsopr_indicator/lthsopr_indicator_light.html,2026-10-06
2015-11-02,592.318900,https://charts-cdn.checkonchain.com/btconchain/realised/lthsopr_indicator/lthsopr_indicator_light.html,2026-10-06
2015-11-03,590.015534,https://charts-cdn.checkonchain.com/btconchain/realised/lthsopr_indicator/lthsopr_indicator_light.html,2026-10-06
2015-11-04,588.600150,https://charts-cdn.checkonchain.com/btconchain/realised/lthsopr_indicator/lthsopr_indicator_light.html,2026-10-06
2015-11-05,588.091889,https://charts-cdn.checkonchain.com/btconchain/realised/lthsopr_indicator/lthsopr_indicator_light.html,2026-10-06
2015-11-06,587.973327,https://charts-cdn.checkonchain.com/btconchain/realised/lthsopr_indicator/lthsopr_indicator_light.html,2026-10-06
2015-11-07,587.193653,https://charts-cdn.checkonchain.com/btconchain/realised/lthsopr_indicator/lthsopr_indicator_light.html,2026-10-06
2015-11-08,586.889094,https://charts-cdn.checkonchain.com/btconchain/realised/lthsopr_indicator/lthsopr_indicator_light.html,2026-10-06
2015-11-09,585.727370,https://charts-cdn.checkonchain.com/btconchain/realised/lthsopr_indicator/lthsopr_indicator_light.html,2026-10-06
2015-11-10,584.487149,https://charts-cdn.checkonchain.com/btconchain/realised/lthsopr_indicator/lthsopr_indicator_light.html,2026-10-06
2015-11-11,584.102856,https://charts-cdn.checkonchain.com/btconchain/realised/lthsopr_indicator/lthsopr_indicator_light.html,2026-10-06
2015-11-12,584.107031,https://charts-cdn.checkonchain.com/btconchain/realised/lthsopr_indicator/lthsopr_indicator_light.html,2026-10-06
2015-11-13,583.808899,https://charts-cdn.checkonchain.com/btconchain/realised/lthsopr_indicator/lthsopr_indicator_light.html,2026-10-06
2015-11-14,583.775535,https://charts-cdn.checkonchain.com/btconchain/realised/lthsopr_indicator/lthsopr_indicator_light.html,2026-10-06
2015-11-15,583.882337,https://charts-cdn.checkonchain.com/btconchain/realised/lthsopr_indicator/lthsopr_indicator_light.html,2026-10-06
2015-11-16,583.946143,https://charts-cdn.checkonchain.com/btconchain/realised/lthsopr_indicator/lthsopr_indicator_light.html,2026-10-06
2015-11-17,583.676952,https://charts-cdn.checkonchain.com/btconchain/realised/lthsopr_indicator/lthsopr_indicator_light.html,2026-10-06
2015-11-18,583.754944,https://charts-cdn.checkonchain.com/btconchain/realised/lthsopr_indicator/lthsopr_indicator_light.html,2026-10-06
2015-11-19,583.592242,https://charts-cdn.checkonchain.com/btconchain/realised/lthsopr_indicator/lthsopr_indicator_light.html,2026-10-06
2015-11-20,583.655421,https://charts-cdn.checkonchain.com/btconchain/realised/lthsopr_indicator/lthsopr_indicator_light.html,2026-10-06
2015-11-21,583.844562,https://charts-cdn.checkonchain.com/btconchain/realised/lthsopr_indicator/lthsopr_indicator_light.html,2026-10-06
2015-11-22,584.082033,https://charts-cdn.checkonchain.com/btconchain/realised/lthsopr_indicator/lthsopr_indicator_light.html,2026-10-06
2015-11-23,584.184243,https://charts-cdn.checkonchain.com/btconchain/realised/lthsopr_indicator/lthsopr_indicator_light.html,2026-10-06
2015-11-24,584.258919,https://charts-cdn.checkonchain.com/btconchain/realised/lthsopr_indicator/lthsopr_indicator_light.html,2026-10-06
2015-11-25,584.464048,https://charts-cdn.checkonchain.com/btconchain/realised/lthsopr_indicator/lthsopr_indicator_light.html,2026-10-06
2015-11-26,584.589561,https://charts-cdn.checkonchain.com/btconchain/realised/lthsopr_indicator/lthsopr_indicator_light.html,2026-10-06
2015-11-27,584.199476,https://charts-cdn.checkonchain.com/btconchain/realised/lthsopr_indicator/lthsopr_indicator_light.html,2026-10-06
2015-11-28,584.399194,https://charts-cdn.checkonchain.com/btconchain/realised/lthsopr_indicator/lthsopr_indicator_light.html,2026-10-06
2015-11-29,584.587130,https://charts-cdn.checkonchain.com/btconchain/realised/lthsopr_indicator/lthsopr_indicator_light.html,2026-10-06
2015-11-30,584.454217,https://charts-cdn.checkonchain.com/btconchain/realised/lthsopr_indicator/lthsopr_indicator_light.html,2026-10-06
2015-12-01,584.474018,https://charts-cdn.checkonchain.com/btconchain/realised/lthsopr_indicator/lthsopr_indicator_light.html,2026-10-06
2015-12-02,584.049266,https://charts-cdn.checkonchain.com/btconchain/realised/lthsopr_indicator/lthsopr_indicator_light.html,2026-10-06
2015-12-03,584.000598,https://charts-cdn.checkonchain.com/btconchain/realised/lthsopr_indicator/lthsopr_indicator_light.html,2026-10-06
2015-12-04,584.068985,https://charts-cdn.checkonchain.com/btconchain/realised/lthsopr_indicator/lthsopr_indicator_light.html,2026-10-06
2015-12-05,583.843109,https://charts-cdn.checkonchain.com/btconchain/realised/lthsopr_indicator/lthsopr_indicator_light.html,2026-10-06
2015-12-06,583.571115,https://charts-cdn.checkonchain.com/btconchain/realised/lthsopr_indicator/lthsopr_indicator_light.html,2026-10-06
2015-12-07,583.521105,https://charts-cdn.checkonchain.com/btconchain/realised/lthsopr_indicator/lthsopr_indicator_light.html,2026-10-06
2015-12-08,583.703027,https://charts-cdn.checkonchain.com/btconchain/realised/lthsopr_indicator/lthsopr_indicator_light.html,2026-10-06
2015-12-09,583.346014,https://charts-cdn.checkonchain.com/btconchain/realised/lthsopr_indicator/lthsopr_indicator_light.html,2026-10-06
2015-12-10,583.587174,https://charts-cdn.checkonchain.com/btconchain/realised/lthsopr_indicator/lthsopr_indicator_light.html,2026-10-06
2015-12-11,583.173312,https://charts-cdn.checkonchain.com/btconchain/realised/lthsopr_indicator/lthsopr_indicator_light.html,2026-10-06
2015-12-12,583.150115,https://charts-cdn.checkonchain.com/btconchain/realised/lthsopr_indicator/lthsopr_indicator_light.html,2026-10-06
2015-12-13,583.002830,https://charts-cdn.checkonchain.com/btconchain/realised/lthsopr_indicator/lthsopr_indicator_light.html,2026-10-06
2015-12-14,582.484501,https://charts-cdn.checkonchain.com/btconchain/realised/lthsopr_indicator/lthsopr_indicator_light.html,2026-10-06
2015-12-15,582.433214,https://charts-cdn.checkonchain.com/btconchain/realised/lthsopr_indicator/lthsopr_indicator_light.html,2026-10-06
2015-12-16,582.547618,https://charts-cdn.checkonchain.com/btconchain/realised/lthsopr_indicator/lthsopr_indicator_light.html,2026-10-06
2015-12-17,582.581221,https://charts-cdn.checkonchain.com/btconchain/realised/lthsopr_indicator/lthsopr_indicator_light.html,2026-10-06
2015-12-18,582.784210,https://charts-cdn.checkonchain.com/btconchain/realised/lthsopr_indicator/lthsopr_indicator_light.html,2026-10-06
2015-12-19,582.138825,https://charts-cdn.checkonchain.com/btconchain/realised/lthsopr_indicator/lthsopr_indicator_light.html,2026-10-06
2015-12-20,582.346239,https://charts-cdn.checkonchain.com/btconchain/realised/lthsopr_indicator/lthsopr_indicator_light.html,2026-10-06
2015-12-21,582.224143,https://charts-cdn.checkonchain.com/btconchain/realised/lthsopr_indicator/lthsopr_indicator_light.html,2026-10-06
2015-12-22,582.346848,https://charts-cdn.checkonchain.com/btconchain/realised/lthsopr_indicator/lthsopr_indicator_light.html,2026-10-06
2015-12-23,582.282941,https://charts-cdn.checkonchain.com/btconchain/realised/lthsopr_indicator/lthsopr_indicator_light.html,2026-10-06
2015-12-24,582.195583,https://charts-cdn.checkonchain.com/btconchain/realised/lthsopr_indicator/lthsopr_indicator_light.html,2026-10-06
2015-12-25,581.795474,https://charts-cdn.checkonchain.com/btconchain/realised/lthsopr_indicator/lthsopr_indicator_light.html,2026-10-06
2015-12-26,581.945382,https://charts-cdn.checkonchain.com/btconchain/realised/lthsopr_indicator/lthsopr_indicator_light.html,2026-10-06
2015-12-27,582.189308,https://charts-cdn.checkonchain.com/btconchain/realised/lthsopr_indicator/lthsopr_indicator_light.html,2026-10-06
2015-12-28,582.324575,https://charts-cdn.checkonchain.com/btconchain/realised/lthsopr_indicator/lthsopr_indicator_light.html,2026-10-06
2015-12-29,582.527449,https://charts-cdn.checkonchain.com/btconchain/realised/lthsopr_indicator/lthsopr_indicator_light.html,2026-10-06
2015-12-30,582.680409,https://charts-cdn.checkonchain.com/btconchain/realised/lthsopr_indicator/lthsopr_indicator_light.html,2026-10-06
2015-12-31,582.747748,https://charts-cdn.checkonchain.com/btconchain/realised/lthsopr_indicator/lthsopr_indicator_light.html,2026-10-06
2016-01-01,582.996530,https://charts-cdn.checkonchain.com/btconchain/realised/lthsopr_indicator/lthsopr_indicator_light.html,2026-10-06
2016-01-02,583.222759,https://charts-cdn.checkonchain.com/btconchain/realised/lthsopr_indicator/lthsopr_indicator_light.html,2026-10-06
2016-01-03,583.236894,https://charts-cdn.checkonchain.com/btconchain/realised/lthsopr_indicator/lthsopr_indicator_light.html,2026-10-06
2016-01-04,583.440463,https://charts-cdn.checkonchain.com/btconchain/realised/lthsopr_indicator/lthsopr_indicator_light.html,2026-10-06
2016-01-05,583.398184,https://charts-cdn.checkonchain.com/btconchain/realised/lthsopr_indicator/lthsopr_indicator_light.html,2026-10-06
2016-01-06,583.243709,https://charts-cdn.checkonchain.com/btconchain/realised/lthsopr_indicator/lthsopr_indicator_light.html,2026-10-06
2016-01-07,581.991807,https://charts-cdn.checkonchain.com/btconchain/realised/lthsopr_indicator/lthsopr_indicator_light.html,2026-10-06
2016-01-08,581.251645,https://charts-cdn.checkonchain.com/btconchain/realised/lthsopr_indicator/lthsopr_indicator_light.html,2026-10-06
2016-01-09,581.439606,https://charts-cdn.checkonchain.com/btconchain/realised/lthsopr_indicator/lthsopr_indicator_light.html,2026-10-06
2016-01-10,581.402268,https://charts-cdn.checkonchain.com/btconchain/realised/lthsopr_indicator/lthsopr_indicator_light.html,2026-10-06
2016-01-11,581.376820,https://charts-cdn.checkonchain.com/btconchain/realised/lthsopr_indicator/lthsopr_indicator_light.html,2026-10-06
2016-01-12,581.488860,https://charts-cdn.checkonchain.com/btconchain/realised/lthsopr_indicator/lthsopr_indicator_light.html,2026-10-06
2016-01-13,580.669252,https://charts-cdn.checkonchain.com/btconchain/realised/lthsopr_indicator/lthsopr_indicator_light.html,2026-10-06
2016-01-14,580.805318,https://charts-cdn.checkonchain.com/btconchain/realised/lthsopr_indicator/lthsopr_indicator_light.html,2026-10-06
2016-01-15,579.769645,https://charts-cdn.checkonchain.com/btconchain/realised/lthsopr_indicator/lthsopr_indicator_light.html,2026-10-06
2016-01-16,579.479055,https://charts-cdn.checkonchain.com/btconchain/realised/lthsopr_indicator/lthsopr_indicator_light.html,2026-10-06
2016-01-17,579.497923,https://charts-cdn.checkonchain.com/btconchain/realised/lthsopr_indicator/lthsopr_indicator_light.html,2026-10-06
2016-01-18,579.605063,https://charts-cdn.checkonchain.com/btconchain/realised/lthsopr_indicator/lthsopr_indicator_light.html,2026-10-06
2016-01-19,579.460781,https://charts-cdn.checkonchain.com/btconchain/realised/lthsopr_indicator/lthsopr_indicator_light.html,2026-10-06
2016-01-20,579.354841,https://charts-cdn.checkonchain.com/btconchain/realised/lthsopr_indicator/lthsopr_indicator_light.html,2026-10-06
2016-01-21,579.073414,https://charts-cdn.checkonchain.com/btconchain/realised/lthsopr_indicator/lthsopr_indicator_light.html,2026-10-06
2016-01-22,572.950575,https://charts-cdn.checkonchain.com/btconchain/realised/lthsopr_indicator/lthsopr_indicator_light.html,2026-10-06
2016-01-23,570.956575,https://charts-cdn.checkonchain.com/btconchain/realised/lthsopr_indicator/lthsopr_indicator_light.html,2026-10-06
2016-01-24,570.966114,https://charts-cdn.checkonchain.com/btconchain/realised/lthsopr_indicator/lthsopr_indicator_light.html,2026-10-06
2016-01-25,570.356094,https://charts-cdn.checkonchain.com/btconchain/realised/lthsopr_indicator/lthsopr_indicator_light.html,2026-10-06
2016-01-26,569.876819,https://charts-cdn.checkonchain.com/btconchain/realised/lthsopr_indicator/lthsopr_indicator_light.html,2026-10-06
2016-01-27,569.780903,https://charts-cdn.checkonchain.com/btconchain/realised/lthsopr_indicator/lthsopr_indicator_light.html,2026-10-06
2016-01-28,569.024647,https://charts-cdn.checkonchain.com/btconchain/realised/lthsopr_indicator/lthsopr_indicator_light.html,2026-10-06
2016-01-29,569.016352,https://charts-cdn.checkonchain.com/btconchain/realised/lthsopr_indicator/lthsopr_indicator_light.html,2026-10-06
2016-01-30,568.867139,https://charts-cdn.checkonchain.com/btconchain/realised/lthsopr_indicator/lthsopr_indicator_light.html,2026-10-06
2016-01-31,569.032459,https://charts-cdn.checkonchain.com/btconchain/realised/lthsopr_indicator/lthsopr_indicator_light.html,2026-10-06
2016-02-01,567.751902,https://charts-cdn.checkonchain.com/btconchain/realised/lthsopr_indicator/lthsopr_indicator_light.html,2026-10-06
2016-02-02,567.906367,https://charts-cdn.checkonchain.com/btconchain/realised/lthsopr_indicator/lthsopr_indicator_light.html,2026-10-06
2016-02-03,567.994995,https://charts-cdn.checkonchain.com/btconchain/realised/lthsopr_indicator/lthsopr_indicator_light.html,2026-10-06
2016-02-04,567.810700,https://charts-cdn.checkonchain.com/btconchain/realised/lthsopr_indicator/lthsopr_indicator_light.html,2026-10-06
2016-02-05,567.695759,https://charts-cdn.checkonchain.com/btconchain/realised/lthsopr_indicator/lthsopr_indicator_light.html,2026-10-06
2016-02-06,567.717765,https://charts-cdn.checkonchain.com/btconchain/realised/lthsopr_indicator/lthsopr_indicator_light.html,2026-10-06
2016-02-07,567.774468,https://charts-cdn.checkonchain.com/btconchain/realised/lthsopr_indicator/lthsopr_indicator_light.html,2026-10-06
2016-02-08,567.829678,https://charts-cdn.checkonchain.com/btconchain/realised/lthsopr_indicator/lthsopr_indicator_light.html,2026-10-06
2016-02-09,567.340029,https://charts-cdn.checkonchain.com/btconchain/realised/lthsopr_indicator/lthsopr_indicator_light.html,2026-10-06
2016-02-10,567.296148,https://charts-cdn.checkonchain.com/btconchain/realised/lthsopr_indicator/lthsopr_indicator_light.html,2026-10-06
2016-02-11,567.141439,https://charts-cdn.checkonchain.com/btconchain/realised/lthsopr_indicator/lthsopr_indicator_light.html,2026-10-06
2016-02-12,567.105999,https://charts-cdn.checkonchain.com/btconchain/realised/lthsopr_indicator/lthsopr_indicator_light.html,2026-10-06
2016-02-13,567.130996,https://charts-cdn.checkonchain.com/btconchain/realised/lthsopr_indicator/lthsopr_indicator_light.html,2026-10-06
2016-02-14,567.206146,https://charts-cdn.checkonchain.com/btconchain/realised/lthsopr_indicator/lthsopr_indicator_light.html,2026-10-06
2016-02-15,566.272251,https://charts-cdn.checkonchain.com/btconchain/realised/lthsopr_indicator/lthsopr_indicator_light.html,2026-10-06
2016-02-16,565.881773,https://charts-cdn.checkonchain.com/btconchain/realised/lthsopr_indicator/lthsopr_indicator_light.html,2026-10-06
2016-02-17,565.817249,https://charts-cdn.checkonchain.com/btconchain/realised/lthsopr_indicator/lthsopr_indicator_light.html,2026-10-06
2016-02-18,565.895762,https://charts-cdn.checkonchain.com/btconchain/realised/lthsopr_indicator/lthsopr_indicator_light.html,2026-10-06
2016-02-19,565.664828,https://charts-cdn.checkonchain.com/btconchain/realised/lthsopr_indicator/lthsopr_indicator_light.html,2026-10-06
2016-02-20,565.590247,https://charts-cdn.checkonchain.com/btconchain/realised/lthsopr_indicator/lthsopr_indicator_light.html,2026-10-06
2016-02-21,565.385593,https://charts-cdn.checkonchain.com/btconchain/realised/lthsopr_indicator/lthsopr_indicator_light.html,2026-10-06
2016-02-22,565.225540,https://charts-cdn.checkonchain.com/btconchain/realised/lthsopr_indicator/lthsopr_indicator_light.html,2026-10-06
2016-02-23,565.254834,https://charts-cdn.checkonchain.com/btconchain/realised/lthsopr_indicator/lthsopr_indicator_light.html,2026-10-06
2016-02-24,565.053180,https://charts-cdn.checkonchain.com/btconchain/realised/lthsopr_indicator/lthsopr_indicator_light.html,2026-10-06
2016-02-25,564.545937,https://charts-cdn.checkonchain.com/btconchain/realised/lthsopr_indicator/lthsopr_indicator_light.html,2026-10-06
2016-02-26,564.528959,https://charts-cdn.checkonchain.com/btconchain/realised/lthsopr_indicator/lthsopr_indicator_light.html,2026-10-06
2016-02-27,564.509679,https://charts-cdn.checkonchain.com/btconchain/realised/lthsopr_indicator/lthsopr_indicator_light.html,2026-10-06
2016-02-28,564.236744,https://charts-cdn.checkonchain.com/btconchain/realised/lthsopr_indicator/lthsopr_indicator_light.html,2026-10-06
2016-02-29,563.938933,https://charts-cdn.checkonchain.com/btconchain/realised/lthsopr_indicator/lthsopr_indicator_light.html,2026-10-06
2016-03-01,561.298474,https://charts-cdn.checkonchain.com/btconchain/realised/lthsopr_indicator/lthsopr_indicator_light.html,2026-10-06
2016-03-02,561.241244,https://charts-cdn.checkonchain.com/btconchain/realised/lthsopr_indicator/lthsopr_indicator_light.html,2026-10-06
2016-03-03,560.364039,https://charts-cdn.checkonchain.com/btconchain/realised/lthsopr_indicator/lthsopr_indicator_light.html,2026-10-06
2016-03-04,560.072547,https://charts-cdn.checkonchain.com/btconchain/realised/lthsopr_indicator/lthsopr_indicator_light.html,2026-10-06
2016-03-05,558.955641,https://charts-cdn.checkonchain.com/btconchain/realised/lthsopr_indicator/lthsopr_indicator_light.html,2026-10-06
2016-03-06,558.742670,https://charts-cdn.checkonchain.com/btconchain/realised/lthsopr_indicator/lthsopr_indicator_light.html,2026-10-06
2016-03-07,558.323413,https://charts-cdn.checkonchain.com/btconchain/realised/lthsopr_indicator/lthsopr_indicator_light.html,2026-10-06
2016-03-08,557.908079,https://charts-cdn.checkonchain.com/btconchain/realised/lthsopr_indicator/lthsopr_indicator_light.html,2026-10-06
2016-03-09,556.743727,https://charts-cdn.checkonchain.com/btconchain/realised/lthsopr_indicator/lthsopr_indicator_light.html,2026-10-06
2016-03-10,556.154385,https://charts-cdn.checkonchain.com/btconchain/realised/lthsopr_indicator/lthsopr_indicator_light.html,2026-10-06
2016-03-11,555.957892,https://charts-cdn.checkonchain.com/btconchain/realised/lthsopr_indicator/lthsopr_indicator_light.html,2026-10-06
2016-03-12,555.889395,https://charts-cdn.checkonchain.com/btconchain/realised/lthsopr_indicator/lthsopr_indicator_light.html,2026-10-06
2016-03-13,555.632096,https://charts-cdn.checkonchain.com/btconchain/realised/lthsopr_indicator/lthsopr_indicator_light.html,2026-10-06
2016-03-14,555.429609,https://charts-cdn.checkonchain.com/btconchain/realised/lthsopr_indicator/lthsopr_indicator_light.html,2026-10-06
2016-03-15,555.265830,https://charts-cdn.checkonchain.com/btconchain/realised/lthsopr_indicator/lthsopr_indicator_light.html,2026-10-06
2016-03-16,555.081960,https://charts-cdn.checkonchain.com/btconchain/realised/lthsopr_indicator/lthsopr_indicator_light.html,2026-10-06
2016-03-17,554.935897,https://charts-cdn.checkonchain.com/btconchain/realised/lthsopr_indicator/lthsopr_indicator_light.html,2026-10-06
2016-03-18,554.913838,https://charts-cdn.checkonchain.com/btconchain/realised/lthsopr_indicator/lthsopr_indicator_light.html,2026-10-06
2016-03-19,554.756274,https://charts-cdn.checkonchain.com/btconchain/realised/lthsopr_indicator/lthsopr_indicator_light.html,2026-10-06
2016-03-20,554.719634,https://charts-cdn.checkonchain.com/btconchain/realised/lthsopr_indicator/lthsopr_indicator_light.html,2026-10-06
2016-03-21,554.300164,https://charts-cdn.checkonchain.com/btconchain/realised/lthsopr_indicator/lthsopr_indicator_light.html,2026-10-06
2016-03-22,554.325569,https://charts-cdn.checkonchain.com/btconchain/realised/lthsopr_indicator/lthsopr_indicator_light.html,2026-10-06
2016-03-23,554.496764,https://charts-cdn.checkonchain.com/btconchain/realised/lthsopr_indicator/lthsopr_indicator_light.html,2026-10-06
2016-03-24,554.630631,https://charts-cdn.checkonchain.com/btconchain/realised/lthsopr_indicator/lthsopr_indicator_light.html,2026-10-06
2016-03-25,554.588848,https://charts-cdn.checkonchain.com/btconchain/realised/lthsopr_indicator/lthsopr_indicator_light.html,2026-10-06
2016-03-26,554.667485,https://charts-cdn.checkonchain.com/btconchain/realised/lthsopr_indicator/lthsopr_indicator_light.html,2026-10-06
2016-03-27,554.823111,https://charts-cdn.checkonchain.com/btconchain/realised/lthsopr_indicator/lthsopr_indicator_light.html,2026-10-06
2016-03-28,555.086118,https://charts-cdn.checkonchain.com/btconchain/realised/lthsopr_indicator/lthsopr_indicator_light.html,2026-10-06
2016-03-29,555.296701,https://charts-cdn.checkonchain.com/btconchain/realised/lthsopr_indicator/lthsopr_indicator_light.html,2026-10-06
2016-03-30,555.325571,https://charts-cdn.checkonchain.com/btconchain/realised/lthsopr_indicator/lthsopr_indicator_light.html,2026-10-06
2016-03-31,555.037677,https://charts-cdn.checkonchain.com/btconchain/realised/lthsopr_indicator/lthsopr_indicator_light.html,2026-10-06
2016-04-01,555.866456,https://charts-cdn.checkonchain.com/btconchain/realised/lthsopr_indicator/lthsopr_indicator_light.html,2026-10-06
2016-04-02,557.267521,https://charts-cdn.checkonchain.com/btconchain/realised/lthsopr_indicator/lthsopr_indicator_light.html,2026-10-06
2016-04-03,559.745634,https://charts-cdn.checkonchain.com/btconchain/realised/lthsopr_indicator/lthsopr_indicator_light.html,2026-10-06
2016-04-04,560.425945,https://charts-cdn.checkonchain.com/btconchain/realised/lthsopr_indicator/lthsopr_indicator_light.html,2026-10-06
2016-04-05,560.753015,https://charts-cdn.checkonchain.com/btconchain/realised/lthsopr_indicator/lthsopr_indicator_light.html,2026-10-06
2016-04-06,560.742464,https://charts-cdn.checkonchain.com/btconchain/realised/lthsopr_indicator/lthsopr_indicator_light.html,2026-10-06
2016-04-07,560.697308,https://charts-cdn.checkonchain.com/btconchain/realised/lthsopr_indicator/lthsopr_indicator_light.html,2026-10-06
2016-04-08,560.935877,https://charts-cdn.checkonchain.com/btconchain/realised/lthsopr_indicator/lthsopr_indicator_light.html,2026-10-06
2016-04-09,561.227417,https://charts-cdn.checkonchain.com/btconchain/realised/lthsopr_indicator/lthsopr_indicator_light.html,2026-10-06
2016-04-10,561.175470,https://charts-cdn.checkonchain.com/btconchain/realised/lthsopr_indicator/lthsopr_indicator_light.html,2026-10-06
2016-04-11,561.447628,https://charts-cdn.checkonchain.com/btconchain/realised/lthsopr_indicator/lthsopr_indicator_light.html,2026-10-06
2016-04-12,561.328258,https://charts-cdn.checkonchain.com/btconchain/realised/lthsopr_indicator/lthsopr_indicator_light.html,2026-10-06
2016-04-13,561.470632,https://charts-cdn.checkonchain.com/btconchain/realised/lthsopr_indicator/lthsopr_indicator_light.html,2026-10-06
2016-04-14,561.664194,https://charts-cdn.checkonchain.com/btconchain/realised/lthsopr_indicator/lthsopr_indicator_light.html,2026-10-06
2016-04-15,562.057292,https://charts-cdn.checkonchain.com/btconchain/realised/lthsopr_indicator/lthsopr_indicator_light.html,2026-10-06
2016-04-16,562.077374,https://charts-cdn.checkonchain.com/btconchain/realised/lthsopr_indicator/lthsopr_indicator_light.html,2026-10-06
2016-04-17,562.226491,https://charts-cdn.checkonchain.com/btconchain/realised/lthsopr_indicator/lthsopr_indicator_light.html,2026-10-06
2016-04-18,562.290443,https://charts-cdn.checkonchain.com/btconchain/realised/lthsopr_indicator/lthsopr_indicator_light.html,2026-10-06
2016-04-19,562.392601,https://charts-cdn.checkonchain.com/btconchain/realised/lthsopr_indicator/lthsopr_indicator_light.html,2026-10-06
2016-04-20,562.420012,https://charts-cdn.checkonchain.com/btconchain/realised/lthsopr_indicator/lthsopr_indicator_light.html,2026-10-06
2016-04-21,562.570408,https://charts-cdn.checkonchain.com/btconchain/realised/lthsopr_indicator/lthsopr_indicator_light.html,2026-10-06
2016-04-22,562.739717,https://charts-cdn.checkonchain.com/btconchain/realised/lthsopr_indicator/lthsopr_indicator_light.html,2026-10-06
2016-04-23,562.943278,https://charts-cdn.checkonchain.com/btconchain/realised/lthsopr_indicator/lthsopr_indicator_light.html,2026-10-06
2016-04-24,563.017083,https://charts-cdn.checkonchain.com/btconchain/realised/lthsopr_indicator/lthsopr_indicator_light.html,2026-10-06
2016-04-25,562.688465,https://charts-cdn.checkonchain.com/btconchain/realised/lthsopr_indicator/lthsopr_indicator_light.html,2026-10-06
2016-04-26,562.684865,https://charts-cdn.checkonchain.com/btconchain/realised/lthsopr_indicator/lthsopr_indicator_light.html,2026-10-06
2016-04-27,562.766039,https://charts-cdn.checkonchain.com/btconchain/realised/lthsopr_indicator/lthsopr_indicator_light.html,2026-10-06
2016-04-28,562.806952,https://charts-cdn.checkonchain.com/btconchain/realised/lthsopr_indicator/lthsopr_indicator_light.html,2026-10-06
2016-04-29,564.729190,https://charts-cdn.checkonchain.com/btconchain/realised/lthsopr_indicator/lthsopr_indicator_light.html,2026-10-06
2016-04-30,564.991223,https://charts-cdn.checkonchain.com/btconchain/realised/lthsopr_indicator/lthsopr_indicator_light.html,2026-10-06
2016-05-01,565.475968,https://charts-cdn.checkonchain.com/btconchain/realised/lthsopr_indicator/lthsopr_indicator_light.html,2026-10-06
2016-05-02,565.802146,https://charts-cdn.checkonchain.com/btconchain/realised/lthsopr_indicator/lthsopr_indicator_light.html,2026-10-06
2016-05-03,566.087150,https://charts-cdn.checkonchain.com/btconchain/realised/lthsopr_indicator/lthsopr_indicator_light.html,2026-10-06
2016-05-04,566.201571,https://charts-cdn.checkonchain.com/btconchain/realised/lthsopr_indicator/lthsopr_indicator_light.html,2026-10-06
2016-05-05,566.489582,https://charts-cdn.checkonchain.com/btconchain/realised/lthsopr_indicator/lthsopr_indicator_light.html,2026-10-06
2016-05-06,566.713154,https://charts-cdn.checkonchain.com/btconchain/realised/lthsopr_indicator/lthsopr_indicator_light.html,2026-10-06
2016-05-07,566.604628,https://charts-cdn.checkonchain.com/btconchain/realised/lthsopr_indicator/lthsopr_indicator_light.html,2026-10-06
2016-05-08,567.666363,https://charts-cdn.checkonchain.com/btconchain/realised/lthsopr_indicator/lthsopr_indicator_light.html,2026-10-06
2016-05-09,568.200930,https://charts-cdn.checkonchain.com/btconchain/realised/lthsopr_indicator/lthsopr_indicator_light.html,2026-10-06
2016-05-10,568.446876,https://charts-cdn.checkonchain.com/btconchain/realised/lthsopr_indicator/lthsopr_indicator_light.html,2026-10-06
2016-05-11,568.376662,https://charts-cdn.checkonchain.com/btconchain/realised/lthsopr_indicator/lthsopr_indicator_light.html,2026-10-06
2016-05-12,568.756106,https://charts-cdn.checkonchain.com/btconchain/realised/lthsopr_indicator/lthsopr_indicator_light.html,2026-10-06
2016-05-13,569.103739,https://charts-cdn.checkonchain.com/btconchain/realised/lthsopr_indicator/lthsopr_indicator_light.html,2026-10-06
2016-05-14,569.419216,https://charts-cdn.checkonchain.com/btconchain/realised/lthsopr_indicator/lthsopr_indicator_light.html,2026-10-06
2016-05-15,569.792233,https://charts-cdn.checkonchain.com/btconchain/realised/lthsopr_indicator/lthsopr_indicator_light.html,2026-10-06
2016-05-16,569.737740,https://charts-cdn.checkonchain.com/btconchain/realised/lthsopr_indicator/lthsopr_indicator_light.html,2026-10-06
2016-05-17,567.906650,https://charts-cdn.checkonchain.com/btconchain/realised/lthsopr_indicator/lthsopr_indicator_light.html,2026-10-06
2016-05-18,567.764237,https://charts-cdn.checkonchain.com/btconchain/realised/lthsopr_indicator/lthsopr_indicator_light.html,2026-10-06
2016-05-19,567.762093,https://charts-cdn.checkonchain.com/btconchain/realised/lthsopr_indicator/lthsopr_indicator_light.html,2026-10-06
2016-05-20,567.812451,https://charts-cdn.checkonchain.com/btconchain/realised/lthsopr_indicator/lthsopr_indicator_light.html,2026-10-06
2016-05-21,568.051389,https://charts-cdn.checkonchain.com/btconchain/realised/lthsopr_indicator/lthsopr_indicator_light.html,2026-10-06
2016-05-22,568.481292,https://charts-cdn.checkonchain.com/btconchain/realised/lthsopr_indicator/lthsopr_indicator_light.html,2026-10-06
2016-05-23,569.718768,https://charts-cdn.checkonchain.com/btconchain/realised/lthsopr_indicator/lthsopr_indicator_light.html,2026-10-06
2016-05-24,569.852221,https://charts-cdn.checkonchain.com/btconchain/realised/lthsopr_indicator/lthsopr_indicator_light.html,2026-10-06
2016-05-25,569.781578,https://charts-cdn.checkonchain.com/btconchain/realised/lthsopr_indicator/lthsopr_indicator_light.html,2026-10-06
2016-05-26,569.987892,https://charts-cdn.checkonchain.com/btconchain/realised/lthsopr_indicator/lthsopr_indicator_light.html,2026-10-06
2016-05-27,569.062130,https://charts-cdn.checkonchain.com/btconchain/realised/lthsopr_indicator/lthsopr_indicator_light.html,2026-10-06
2016-05-28,568.804796,https://charts-cdn.checkonchain.com/btconchain/realised/lthsopr_indicator/lthsopr_indicator_light.html,2026-10-06
2016-05-29,568.544914,https://charts-cdn.checkonchain.com/btconchain/realised/lthsopr_indicator/lthsopr_indicator_light.html,2026-10-06
2016-05-30,568.544280,https://charts-cdn.checkonchain.com/btconchain/realised/lthsopr_indicator/lthsopr_indicator_light.html,2026-10-06
2016-05-31,568.376749,https://charts-cdn.checkonchain.com/btconchain/realised/lthsopr_indicator/lthsopr_indicator_light.html,2026-10-06
2016-06-01,568.114395,https://charts-cdn.checkonchain.com/btconchain/realised/lthsopr_indicator/lthsopr_indicator_light.html,2026-10-06
2016-06-02,568.111402,https://charts-cdn.checkonchain.com/btconchain/realised/lthsopr_indicator/lthsopr_indicator_light.html,2026-10-06
2016-06-03,568.184416,https://charts-cdn.checkonchain.com/btconchain/realised/lthsopr_indicator/lthsopr_indicator_light.html,2026-10-06
2016-06-04,568.528326,https://charts-cdn.checkonchain.com/btconchain/realised/lthsopr_indicator/lthsopr_indicator_light.html,2026-10-06
2016-06-05,569.097875,https://charts-cdn.checkonchain.com/btconchain/realised/lthsopr_indicator/lthsopr_indicator_light.html,2026-10-06
2016-06-06,568.745988,https://charts-cdn.checkonchain.com/btconchain/realised/lthsopr_indicator/lthsopr_indicator_light.html,2026-10-06
2016-06-07,568.423044,https://charts-cdn.checkonchain.com/btconchain/realised/lthsopr_indicator/lthsopr_indicator_light.html,2026-10-06
2016-06-08,568.723640,https://charts-cdn.checkonchain.com/btconchain/realised/lthsopr_indicator/lthsopr_indicator_light.html,2026-10-06
2016-06-09,569.280439,https://charts-cdn.checkonchain.com/btconchain/realised/lthsopr_indicator/lthsopr_indicator_light.html,2026-10-06
2016-06-10,569.983425,https://charts-cdn.checkonchain.com/btconchain/realised/lthsopr_indicator/lthsopr_indicator_light.html,2026-10-06
2016-06-11,570.353326,https://charts-cdn.checkonchain.com/btconchain/realised/lthsopr_indicator/lthsopr_indicator_light.html,2026-10-06
2016-06-12,568.779398,https://charts-cdn.checkonchain.com/btconchain/realised/lthsopr_indicator/lthsopr_indicator_light.html,2026-10-06
2016-06-13,568.274444,https://charts-cdn.checkonchain.com/btconchain/realised/lthsopr_indicator/lthsopr_indicator_light.html,2026-10-06
2016-06-14,567.091369,https://charts-cdn.checkonchain.com/btconchain/realised/lthsopr_indicator/lthsopr_indicator_light.html,2026-10-06
2016-06-15,566.275122,https://charts-cdn.checkonchain.com/btconchain/realised/lthsopr_indicator/lthsopr_indicator_light.html,2026-10-06
2016-06-16,565.261961,https://charts-cdn.checkonchain.com/btconchain/realised/lthsopr_indicator/lthsopr_indicator_light.html,2026-10-06
2016-06-17,565.064143,https://charts-cdn.checkonchain.com/btconchain/realised/lthsopr_indicator/lthsopr_indicator_light.html,2026-10-06
2016-06-18,565.075136,https://charts-cdn.checkonchain.com/btconchain/realised/lthsopr_indicator/lthsopr_indicator_light.html,2026-10-06
2016-06-19,565.339586,https://charts-cdn.checkonchain.com/btconchain/realised/lthsopr_indicator/lthsopr_indicator_light.html,2026-10-06
2016-06-20,564.886695,https://charts-cdn.checkonchain.com/btconchain/realised/lthsopr_indicator/lthsopr_indicator_light.html,2026-10-06
2016-06-21,565.201181,https://charts-cdn.checkonchain.com/btconchain/realised/lthsopr_indicator/lthsopr_indicator_light.html,2026-10-06
2016-06-22,565.248274,https://charts-cdn.checkonchain.com/btconchain/realised/lthsopr_indicator/lthsopr_indicator_light.html,2026-10-06
2016-06-23,565.685378,https://charts-cdn.checkonchain.com/btconchain/realised/lthsopr_indicator/lthsopr_indicator_light.html,2026-10-06
2016-06-24,565.921824,https://charts-cdn.checkonchain.com/btconchain/realised/lthsopr_indicator/lthsopr_indicator_light.html,2026-10-06
2016-06-25,564.062558,https://charts-cdn.checkonchain.com/btconchain/realised/lthsopr_indicator/lthsopr_indicator_light.html,2026-10-06
2016-06-26,564.456402,https://charts-cdn.checkonchain.com/btconchain/realised/lthsopr_indicator/lthsopr_indicator_light.html,2026-10-06
2016-06-27,564.633327,https://charts-cdn.checkonchain.com/btconchain/realised/lthsopr_indicator/lthsopr_indicator_light.html,2026-10-06
2016-06-28,564.932455,https://charts-cdn.checkonchain.com/btconchain/realised/lthsopr_indicator/lthsopr_indicator_light.html,2026-10-06
2016-06-29,565.288264,https://charts-cdn.checkonchain.com/btconchain/realised/lthsopr_indicator/lthsopr_indicator_light.html,2026-10-06
2016-06-30,564.580794,https://charts-cdn.checkonchain.com/btconchain/realised/lthsopr_indicator/lthsopr_indicator_light.html,2026-10-06
2016-07-01,564.875093,https://charts-cdn.checkonchain.com/btconchain/realised/lthsopr_indicator/lthsopr_indicator_light.html,2026-10-06
2016-07-02,565.075937,https://charts-cdn.checkonchain.com/btconchain/realised/lthsopr_indicator/lthsopr_indicator_light.html,2026-10-06
2016-07-03,565.314159,https://charts-cdn.checkonchain.com/btconchain/realised/lthsopr_indicator/lthsopr_indicator_light.html,2026-10-06
2016-07-04,566.069401,https://charts-cdn.checkonchain.com/btconchain/realised/lthsopr_indicator/lthsopr_indicator_light.html,2026-10-06
2016-07-05,566.046505,https://charts-cdn.checkonchain.com/btconchain/realised/lthsopr_indicator/lthsopr_indicator_light.html,2026-10-06
2016-07-06,566.197927,https://charts-cdn.checkonchain.com/btconchain/realised/lthsopr_indicator/lthsopr_indicator_light.html,2026-10-06
2016-07-07,566.163467,https://charts-cdn.checkonchain.com/btconchain/realised/lthsopr_indicator/lthsopr_indicator_light.html,2026-10-06
2016-07-08,566.095563,https://charts-cdn.checkonchain.com/btconchain/realised/lthsopr_indicator/lthsopr_indicator_light.html,2026-10-06
2016-07-09,565.773539,https://charts-cdn.checkonchain.com/btconchain/realised/lthsopr_indicator/lthsopr_indicator_light.html,2026-10-06
2016-07-10,566.043283,https://charts-cdn.checkonchain.com/btconchain/realised/lthsopr_indicator/lthsopr_indicator_light.html,2026-10-06
2016-07-11,566.120244,https://charts-cdn.checkonchain.com/btconchain/realised/lthsopr_indicator/lthsopr_indicator_light.html,2026-10-06
2016-07-12,566.384206,https://charts-cdn.checkonchain.com/btconchain/realised/lthsopr_indicator/lthsopr_indicator_light.html,2026-10-06
2016-07-13,566.577548,https://charts-cdn.checkonchain.com/btconchain/realised/lthsopr_indicator/lthsopr_indicator_light.html,2026-10-06
2016-07-14,567.020782,https://charts-cdn.checkonchain.com/btconchain/realised/lthsopr_indicator/lthsopr_indicator_light.html,2026-10-06
2016-07-15,567.385263,https://charts-cdn.checkonchain.com/btconchain/realised/lthsopr_indicator/lthsopr_indicator_light.html,2026-10-06
2016-07-16,568.396560,https://charts-cdn.checkonchain.com/btconchain/realised/lthsopr_indicator/lthsopr_indicator_light.html,2026-10-06
2016-07-17,568.614280,https://charts-cdn.checkonchain.com/btconchain/realised/lthsopr_indicator/lthsopr_indicator_light.html,2026-10-06
2016-07-18,569.224100,https://charts-cdn.checkonchain.com/btconchain/realised/lthsopr_indicator/lthsopr_indicator_light.html,2026-10-06
2016-07-19,568.883808,https://charts-cdn.checkonchain.com/btconchain/realised/lthsopr_indicator/lthsopr_indicator_light.html,2026-10-06
2016-07-20,569.052145,https://charts-cdn.checkonchain.com/btconchain/realised/lthsopr_indicator/lthsopr_indicator_light.html,2026-10-06
2016-07-21,569.634878,https://charts-cdn.checkonchain.com/btconchain/realised/lthsopr_indicator/lthsopr_indicator_light.html,2026-10-06
2016-07-22,569.840542,https://charts-cdn.checkonchain.com/btconchain/realised/lthsopr_indicator/lthsopr_indicator_light.html,2026-10-06
2016-07-23,570.306691,https://charts-cdn.checkonchain.com/btconchain/realised/lthsopr_indicator/lthsopr_indicator_light.html,2026-10-06
2016-07-24,570.646952,https://charts-cdn.checkonchain.com/btconchain/realised/lthsopr_indicator/lthsopr_indicator_light.html,2026-10-06
2016-07-25,570.502974,https://charts-cdn.checkonchain.com/btconchain/realised/lthsopr_indicator/lthsopr_indicator_light.html,2026-10-06
2016-07-26,570.657420,https://charts-cdn.checkonchain.com/btconchain/realised/lthsopr_indicator/lthsopr_indicator_light.html,2026-10-06
2016-07-27,570.887294,https://charts-cdn.checkonchain.com/btconchain/realised/lthsopr_indicator/lthsopr_indicator_light.html,2026-10-06
2016-07-28,571.399002,https://charts-cdn.checkonchain.com/btconchain/realised/lthsopr_indicator/lthsopr_indicator_light.html,2026-10-06
2016-07-29,573.203968,https://charts-cdn.checkonchain.com/btconchain/realised/lthsopr_indicator/lthsopr_indicator_light.html,2026-10-06
2016-07-30,573.798503,https://charts-cdn.checkonchain.com/btconchain/realised/lthsopr_indicator/lthsopr_indicator_light.html,2026-10-06
2016-07-31,574.350395,https://charts-cdn.checkonchain.com/btconchain/realised/lthsopr_indicator/lthsopr_indicator_light.html,2026-10-06
2016-08-01,574.574750,https://charts-cdn.checkonchain.com/btconchain/realised/lthsopr_indicator/lthsopr_indicator_light.html,2026-10-06
2016-08-02,574.346744,https://charts-cdn.checkonchain.com/btconchain/realised/lthsopr_indicator/lthsopr_indicator_light.html,2026-10-06
2016-08-03,574.481114,https://charts-cdn.checkonchain.com/btconchain/realised/lthsopr_indicator/lthsopr_indicator_light.html,2026-10-06
2016-08-04,573.063314,https://charts-cdn.checkonchain.com/btconchain/realised/lthsopr_indicator/lthsopr_indicator_light.html,2026-10-06
2016-08-05,573.742027,https://charts-cdn.checkonchain.com/btconchain/realised/lthsopr_indicator/lthsopr_indicator_light.html,2026-10-06
2016-08-06,574.413107,https://charts-cdn.checkonchain.com/btconchain/realised/lthsopr_indicator/lthsopr_indicator_light.html,2026-10-06
2016-08-07,574.756001,https://charts-cdn.checkonchain.com/btconchain/realised/lthsopr_indicator/lthsopr_indicator_light.html,2026-10-06
2016-08-08,575.469213,https://charts-cdn.checkonchain.com/btconchain/realised/lthsopr_indicator/lthsopr_indicator_light.html,2026-10-06
2016-08-09,575.784723,https://charts-cdn.checkonchain.com/btconchain/realised/lthsopr_indicator/lthsopr_indicator_light.html,2026-10-06
2016-08-10,576.041480,https://charts-cdn.checkonchain.com/btconchain/realised/lthsopr_indicator/lthsopr_indicator_light.html,2026-10-06
2016-08-11,576.641348,https://charts-cdn.checkonchain.com/btconchain/realised/lthsopr_indicator/lthsopr_indicator_light.html,2026-10-06
2016-08-12,577.100693,https://charts-cdn.checkonchain.com/btconchain/realised/lthsopr_indicator/lthsopr_indicator_light.html,2026-10-06
2016-08-13,577.517966,https://charts-cdn.checkonchain.com/btconchain/realised/lthsopr_indicator/lthsopr_indicator_light.html,2026-10-06
2016-08-14,577.672935,https://charts-cdn.checkonchain.com/btconchain/realised/lthsopr_indicator/lthsopr_indicator_light.html,2026-10-06
2016-08-15,578.510621,https://charts-cdn.checkonchain.com/btconchain/realised/lthsopr_indicator/lthsopr_indicator_light.html,2026-10-06
2016-08-16,578.238586,https://charts-cdn.checkonchain.com/btconchain/realised/lthsopr_indicator/lthsopr_indicator_light.html,2026-10-06
2016-08-17,578.427784,https://charts-cdn.checkonchain.com/btconchain/realised/lthsopr_indicator/lthsopr_indicator_light.html,2026-10-06
2016-08-18,579.031205,https://charts-cdn.checkonchain.com/btconchain/realised/lthsopr_indicator/lthsopr_indicator_light.html,2026-10-06
2016-08-19,579.337211,https://charts-cdn.checkonchain.com/btconchain/realised/lthsopr_indicator/lthsopr_indicator_light.html,2026-10-06
2016-08-20,578.630091,https://charts-cdn.checkonchain.com/btconchain/realised/lthsopr_indicator/lthsopr_indicator_light.html,2026-10-06
2016-08-21,578.986547,https://charts-cdn.checkonchain.com/btconchain/realised/lthsopr_indicator/lthsopr_indicator_light.html,2026-10-06
2016-08-22,579.743689,https://charts-cdn.checkonchain.com/btconchain/realised/lthsopr_indicator/lthsopr_indicator_light.html,2026-10-06
2016-08-23,580.006696,https://charts-cdn.checkonchain.com/btconchain/realised/lthsopr_indicator/lthsopr_indicator_light.html,2026-10-06
2016-08-24,580.308748,https://charts-cdn.checkonchain.com/btconchain/realised/lthsopr_indicator/lthsopr_indicator_light.html,2026-10-06
2016-08-25,580.178919,https://charts-cdn.checkonchain.com/btconchain/realised/lthsopr_indicator/lthsopr_indicator_light.html,2026-10-06
2016-08-26,580.407996,https://charts-cdn.checkonchain.com/btconchain/realised/lthsopr_indicator/lthsopr_indicator_light.html,2026-10-06
2016-08-27,580.875960,https://charts-cdn.checkonchain.com/btconchain/realised/lthsopr_indicator/lthsopr_indicator_light.html,2026-10-06
2016-08-28,581.307207,https://charts-cdn.checkonchain.com/btconchain/realised/lthsopr_indicator/lthsopr_indicator_light.html,2026-10-06
2016-08-29,581.701258,https://charts-cdn.checkonchain.com/btconchain/realised/lthsopr_indicator/lthsopr_indicator_light.html,2026-10-06
2016-08-30,581.264345,https://charts-cdn.checkonchain.com/btconchain/realised/lthsopr_indicator/lthsopr_indicator_light.html,2026-10-06
2016-08-31,581.016227,https://charts-cdn.checkonchain.com/btconchain/realised/lthsopr_indicator/lthsopr_indicator_light.html,2026-10-06
2016-09-01,582.001913,https://charts-cdn.checkonchain.com/btconchain/realised/lthsopr_indicator/lthsopr_indicator_light.html,2026-10-06
2016-09-02,582.434179,https://charts-cdn.checkonchain.com/btconchain/realised/lthsopr_indicator/lthsopr_indicator_light.html,2026-10-06
2016-09-03,583.088810,https://charts-cdn.checkonchain.com/btconchain/realised/lthsopr_indicator/lthsopr_indicator_light.html,2026-10-06
2016-09-04,584.595591,https://charts-cdn.checkonchain.com/btconchain/realised/lthsopr_indicator/lthsopr_indicator_light.html,2026-10-06
2016-09-05,585.258671,https://charts-cdn.checkonchain.com/btconchain/realised/lthsopr_indicator/lthsopr_indicator_light.html,2026-10-06
2016-09-06,585.557593,https://charts-cdn.checkonchain.com/btconchain/realised/lthsopr_indicator/lthsopr_indicator_light.html,2026-10-06
2016-09-07,586.297094,https://charts-cdn.checkonchain.com/btconchain/realised/lthsopr_indicator/lthsopr_indicator_light.html,2026-10-06
2016-09-08,586.545271,https://charts-cdn.checkonchain.com/btconchain/realised/lthsopr_indicator/lthsopr_indicator_light.html,2026-10-06
2016-09-09,586.935309,https://charts-cdn.checkonchain.com/btconchain/realised/lthsopr_indicator/lthsopr_indicator_light.html,2026-10-06
2016-09-10,587.448316,https://charts-cdn.checkonchain.com/btconchain/realised/lthsopr_indicator/lthsopr_indicator_light.html,2026-10-06
2016-09-11,587.884951,https://charts-cdn.checkonchain.com/btconchain/realised/lthsopr_indicator/lthsopr_indicator_light.html,2026-10-06
2016-09-12,588.461292,https://charts-cdn.checkonchain.com/btconchain/realised/lthsopr_indicator/lthsopr_indicator_light.html,2026-10-06
2016-09-13,588.345043,https://charts-cdn.checkonchain.com/btconchain/realised/lthsopr_indicator/lthsopr_indicator_light.html,2026-10-06
2016-09-14,588.626968,https://charts-cdn.checkonchain.com/btconchain/realised/lthsopr_indicator/lthsopr_indicator_light.html,2026-10-06
2016-09-15,588.984000,https://charts-cdn.checkonchain.com/btconchain/realised/lthsopr_indicator/lthsopr_indicator_light.html,2026-10-06
2016-09-16,589.342194,https://charts-cdn.checkonchain.com/btconchain/realised/lthsopr_indicator/lthsopr_indicator_light.html,2026-10-06
2016-09-17,589.981338,https://charts-cdn.checkonchain.com/btconchain/realised/lthsopr_indicator/lthsopr_indicator_light.html,2026-10-06
2016-09-18,591.084060,https://charts-cdn.checkonchain.com/btconchain/realised/lthsopr_indicator/lthsopr_indicator_light.html,2026-10-06
2016-09-19,591.588774,https://charts-cdn.checkonchain.com/btconchain/realised/lthsopr_indicator/lthsopr_indicator_light.html,2026-10-06
2016-09-20,591.640834,https://charts-cdn.checkonchain.com/btconchain/realised/lthsopr_indicator/lthsopr_indicator_light.html,2026-10-06
2016-09-21,591.882080,https://charts-cdn.checkonchain.com/btconchain/realised/lthsopr_indicator/lthsopr_indicator_light.html,2026-10-06
2016-09-22,592.563825,https://charts-cdn.checkonchain.com/btconchain/realised/lthsopr_indicator/lthsopr_indicator_light.html,2026-10-06
2016-09-23,593.037634,https://charts-cdn.checkonchain.com/btconchain/realised/lthsopr_indicator/lthsopr_indicator_light.html,2026-10-06
2016-09-24,592.697043,https://charts-cdn.checkonchain.com/btconchain/realised/lthsopr_indicator/lthsopr_indicator_light.html,2026-10-06
2016-09-25,592.944071,https://charts-cdn.checkonchain.com/btconchain/realised/lthsopr_indicator/lthsopr_indicator_light.html,2026-10-06
2016-09-26,593.417402,https://charts-cdn.checkonchain.com/btconchain/realised/lthsopr_indicator/lthsopr_indicator_light.html,2026-10-06
2016-09-27,593.631340,https://charts-cdn.checkonchain.com/btconchain/realised/lthsopr_indicator/lthsopr_indicator_light.html,2026-10-06
2016-09-28,593.849011,https://charts-cdn.checkonchain.com/btconchain/realised/lthsopr_indicator/lthsopr_indicator_light.html,2026-10-06
2016-09-29,594.153090,https://charts-cdn.checkonchain.com/btconchain/realised/lthsopr_indicator/lthsopr_indicator_light.html,2026-10-06
2016-09-30,594.601584,https://charts-cdn.checkonchain.com/btconchain/realised/lthsopr_indicator/lthsopr_indicator_light.html,2026-10-06
2016-10-01,595.501685,https://charts-cdn.checkonchain.com/btconchain/realised/lthsopr_indicator/lthsopr_indicator_light.html,2026-10-06
2016-10-02,595.928103,https://charts-cdn.checkonchain.com/btconchain/realised/lthsopr_indicator/lthsopr_indicator_light.html,2026-10-06
2016-10-03,596.022759,https://charts-cdn.checkonchain.com/btconchain/realised/lthsopr_indicator/lthsopr_indicator_light.html,2026-10-06
2016-10-04,596.345779,https://charts-cdn.checkonchain.com/btconchain/realised/lthsopr_indicator/lthsopr_indicator_light.html,2026-10-06
2016-10-05,596.542695,https://charts-cdn.checkonchain.com/btconchain/realised/lthsopr_indicator/lthsopr_indicator_light.html,2026-10-06
2016-10-06,596.999538,https://charts-cdn.checkonchain.com/btconchain/realised/lthsopr_indicator/lthsopr_indicator_light.html,2026-10-06
2016-10-07,597.489692,https://charts-cdn.checkonchain.com/btconchain/realised/lthsopr_indicator/lthsopr_indicator_light.html,2026-10-06
2016-10-08,598.329212,https://charts-cdn.checkonchain.com/btconchain/realised/lthsopr_indicator/lthsopr_indicator_light.html,2026-10-06
2016-10-09,598.852429,https://charts-cdn.checkonchain.com/btconchain/realised/lthsopr_indicator/lthsopr_indicator_light.html,2026-10-06
2016-10-10,599.034143,https://charts-cdn.checkonchain.com/btconchain/realised/lthsopr_indicator/lthsopr_indicator_light.html,2026-10-06
2016-10-11,599.067112,https://charts-cdn.checkonchain.com/btconchain/realised/lthsopr_indicator/lthsopr_indicator_light.html,2026-10-06
2016-10-12,598.809089,https://charts-cdn.checkonchain.com/btconchain/realised/lthsopr_indicator/lthsopr_indicator_light.html,2026-10-06
2016-10-13,599.066189,https://charts-cdn.checkonchain.com/btconchain/realised/lthsopr_indicator/lthsopr_indicator_light.html,2026-10-06
2016-10-14,602.024535,https://charts-cdn.checkonchain.com/btconchain/realised/lthsopr_indicator/lthsopr_indicator_light.html,2026-10-06
2016-10-15,602.503724,https://charts-cdn.checkonchain.com/btconchain/realised/lthsopr_indicator/lthsopr_indicator_light.html,2026-10-06
2016-10-16,603.163322,https://charts-cdn.checkonchain.com/btconchain/realised/lthsopr_indicator/lthsopr_indicator_light.html,2026-10-06
2016-10-17,602.708147,https://charts-cdn.checkonchain.com/btconchain/realised/lthsopr_indicator/lthsopr_indicator_light.html,2026-10-06
2016-10-18,602.323507,https://charts-cdn.checkonchain.com/btconchain/realised/lthsopr_indicator/lthsopr_indicator_light.html,2026-10-06
2016-10-19,602.430956,https://charts-cdn.checkonchain.com/btconchain/realised/lthsopr_indicator/lthsopr_indicator_light.html,2026-10-06
2016-10-20,602.672594,https://charts-cdn.checkonchain.com/btconchain/realised/lthsopr_indicator/lthsopr_indicator_light.html,2026-10-06
2016-10-21,602.726817,https://charts-cdn.checkonchain.com/btconchain/realised/lthsopr_indicator/lthsopr_indicator_light.html,2026-10-06
2016-10-22,603.019602,https://charts-cdn.checkonchain.com/btconchain/realised/lthsopr_indicator/lthsopr_indicator_light.html,2026-10-06
2016-10-23,603.345930,https://charts-cdn.checkonchain.com/btconchain/realised/lthsopr_indicator/lthsopr_indicator_light.html,2026-10-06
2016-10-24,602.813985,https://charts-cdn.checkonchain.com/btconchain/realised/lthsopr_indicator/lthsopr_indicator_light.html,2026-10-06
2016-10-25,602.823491,https://charts-cdn.checkonchain.com/btconchain/realised/lthsopr_indicator/lthsopr_indicator_light.html,2026-10-06
2016-10-26,602.998605,https://charts-cdn.checkonchain.com/btconchain/realised/lthsopr_indicator/lthsopr_indicator_light.html,2026-10-06
2016-10-27,603.601527,https://charts-cdn.checkonchain.com/btconchain/realised/lthsopr_indicator/lthsopr_indicator_light.html,2026-10-06
2016-10-28,604.094283,https://charts-cdn.checkonchain.com/btconchain/realised/lthsopr_indicator/lthsopr_indicator_light.html,2026-10-06
2016-10-29,604.453510,https://charts-cdn.checkonchain.com/btconchain/realised/lthsopr_indicator/lthsopr_indicator_light.html,2026-10-06
2016-10-30,604.866152,https://charts-cdn.checkonchain.com/btconchain/realised/lthsopr_indicator/lthsopr_indicator_light.html,2026-10-06
2016-10-31,605.367676,https://charts-cdn.checkonchain.com/btconchain/realised/lthsopr_indicator/lthsopr_indicator_light.html,2026-10-06
2016-11-01,605.752245,https://charts-cdn.checkonchain.com/btconchain/realised/lthsopr_indicator/lthsopr_indicator_light.html,2026-10-06
2016-11-02,606.112998,https://charts-cdn.checkonchain.com/btconchain/realised/lthsopr_indicator/lthsopr_indicator_light.html,2026-10-06
2016-11-03,606.451056,https://charts-cdn.checkonchain.com/btconchain/realised/lthsopr_indicator/lthsopr_indicator_light.html,2026-10-06
2016-11-04,606.977974,https://charts-cdn.checkonchain.com/btconchain/realised/lthsopr_indicator/lthsopr_indicator_light.html,2026-10-06
2016-11-05,607.570752,https://charts-cdn.checkonchain.com/btconchain/realised/lthsopr_indicator/lthsopr_indicator_light.html,2026-10-06
2016-11-06,608.180985,https://charts-cdn.checkonchain.com/btconchain/realised/lthsopr_indicator/lthsopr_indicator_light.html,2026-10-06
2016-11-07,609.696093,https://charts-cdn.checkonchain.com/btconchain/realised/lthsopr_indicator/lthsopr_indicator_light.html,2026-10-06
2016-11-08,610.495483,https://charts-cdn.checkonchain.com/btconchain/realised/lthsopr_indicator/lthsopr_indicator_light.html,2026-10-06
2016-11-09,610.972213,https://charts-cdn.checkonchain.com/btconchain/realised/lthsopr_indicator/lthsopr_indicator_light.html,2026-10-06
2016-11-10,613.447034,https://charts-cdn.checkonchain.com/btconchain/realised/lthsopr_indicator/lthsopr_indicator_light.html,2026-10-06
2016-11-11,614.719642,https://charts-cdn.checkonchain.com/btconchain/realised/lthsopr_indicator/lthsopr_indicator_light.html,2026-10-06
2016-11-12,616.574641,https://charts-cdn.checkonchain.com/btconchain/realised/lthsopr_indicator/lthsopr_indicator_light.html,2026-10-06
2016-11-13,620.358824,https://charts-cdn.checkonchain.com/btconchain/realised/lthsopr_indicator/lthsopr_indicator_light.html,2026-10-06
2016-11-14,624.079603,https://charts-cdn.checkonchain.com/btconchain/realised/lthsopr_indicator/lthsopr_indicator_light.html,2026-10-06
2016-11-15,624.879467,https://charts-cdn.checkonchain.com/btconchain/realised/lthsopr_indicator/lthsopr_indicator_light.html,2026-10-06
2016-11-16,624.971108,https://charts-cdn.checkonchain.com/btconchain/realised/lthsopr_indicator/lthsopr_indicator_light.html,2026-10-06
2016-11-17,626.173217,https://charts-cdn.checkonchain.com/btconchain/realised/lthsopr_indicator/lthsopr_indicator_light.html,2026-10-06
2016-11-18,628.732007,https://charts-cdn.checkonchain.com/btconchain/realised/lthsopr_indicator/lthsopr_indicator_light.html,2026-10-06
2016-11-19,631.503274,https://charts-cdn.checkonchain.com/btconchain/realised/lthsopr_indicator/lthsopr_indicator_light.html,2026-10-06
2016-11-20,632.182177,https://charts-cdn.checkonchain.com/btconchain/realised/lthsopr_indicator/lthsopr_indicator_light.html,2026-10-06
2016-11-21,632.991100,https://charts-cdn.checkonchain.com/btconchain/realised/lthsopr_indicator/lthsopr_indicator_light.html,2026-10-06
2016-11-22,632.832946,https://charts-cdn.checkonchain.com/btconchain/realised/lthsopr_indicator/lthsopr_indicator_light.html,2026-10-06
2016-11-23,633.437171,https://charts-cdn.checkonchain.com/btconchain/realised/lthsopr_indicator/lthsopr_indicator_light.html,2026-10-06
2016-11-24,633.375021,https://charts-cdn.checkonchain.com/btconchain/realised/lthsopr_indicator/lthsopr_indicator_light.html,2026-10-06
2016-11-25,634.135916,https://charts-cdn.checkonchain.com/btconchain/realised/lthsopr_indicator/lthsopr_indicator_light.html,2026-10-06
2016-11-26,634.800161,https://charts-cdn.checkonchain.com/btconchain/realised/lthsopr_indicator/lthsopr_indicator_light.html,2026-10-06
2016-11-27,635.712153,https://charts-cdn.checkonchain.com/btconchain/realised/lthsopr_indicator/lthsopr_indicator_light.html,2026-10-06
2016-11-28,636.391428,https://charts-cdn.checkonchain.com/btconchain/realised/lthsopr_indicator/lthsopr_indicator_light.html,2026-10-06
2016-11-29,636.820854,https://charts-cdn.checkonchain.com/btconchain/realised/lthsopr_indicator/lthsopr_indicator_light.html,2026-10-06
2016-11-30,637.041010,https://charts-cdn.checkonchain.com/btconchain/realised/lthsopr_indicator/lthsopr_indicator_light.html,2026-10-06
2016-12-01,637.388332,https://charts-cdn.checkonchain.com/btconchain/realised/lthsopr_indicator/lthsopr_indicator_light.html,2026-10-06
2016-12-02,637.807553,https://charts-cdn.checkonchain.com/btconchain/realised/lthsopr_indicator/lthsopr_indicator_light.html,2026-10-06
2016-12-03,635.653128,https://charts-cdn.checkonchain.com/btconchain/realised/lthsopr_indicator/lthsopr_indicator_light.html,2026-10-06
2016-12-04,636.813889,https://charts-cdn.checkonchain.com/btconchain/realised/lthsopr_indicator/lthsopr_indicator_light.html,2026-10-06
2016-12-05,637.934199,https://charts-cdn.checkonchain.com/btconchain/realised/lthsopr_indicator/lthsopr_indicator_light.html,2026-10-06
2016-12-06,638.726397,https://charts-cdn.checkonchain.com/btconchain/realised/lthsopr_indicator/lthsopr_indicator_light.html,2026-10-06
2016-12-07,639.482443,https://charts-cdn.checkonchain.com/btconchain/realised/lthsopr_indicator/lthsopr_indicator_light.html,2026-10-06
2016-12-08,640.675910,https://charts-cdn.checkonchain.com/btconchain/realised/lthsopr_indicator/lthsopr_indicator_light.html,2026-10-06
2016-12-09,641.380566,https://charts-cdn.checkonchain.com/btconchain/realised/lthsopr_indicator/lthsopr_indicator_light.html,2026-10-06
2016-12-10,641.471255,https://charts-cdn.checkonchain.com/btconchain/realised/lthsopr_indicator/lthsopr_indicator_light.html,2026-10-06
2016-12-11,642.119724,https://charts-cdn.checkonchain.com/btconchain/realised/lthsopr_indicator/lthsopr_indicator_light.html,2026-10-06
2016-12-12,642.806121,https://charts-cdn.checkonchain.com/btconchain/realised/lthsopr_indicator/lthsopr_indicator_light.html,2026-10-06
2016-12-13,642.892457,https://charts-cdn.checkonchain.com/btconchain/realised/lthsopr_indicator/lthsopr_indicator_light.html,2026-10-06
2016-12-14,643.159601,https://charts-cdn.checkonchain.com/btconchain/realised/lthsopr_indicator/lthsopr_indicator_light.html,2026-10-06
2016-12-15,643.300348,https://charts-cdn.checkonchain.com/btconchain/realised/lthsopr_indicator/lthsopr_indicator_light.html,2026-10-06
2016-12-16,643.346899,https://charts-cdn.checkonchain.com/btconchain/realised/lthsopr_indicator/lthsopr_indicator_light.html,2026-10-06
2016-12-17,643.615847,https://charts-cdn.checkonchain.com/btconchain/realised/lthsopr_indicator/lthsopr_indicator_light.html,2026-10-06
2016-12-18,643.695973,https://charts-cdn.checkonchain.com/btconchain/realised/lthsopr_indicator/lthsopr_indicator_light.html,2026-10-06
2016-12-19,644.159111,https://charts-cdn.checkonchain.com/btconchain/realised/lthsopr_indicator/lthsopr_indicator_light.html,2026-10-06
2016-12-20,644.260133,https://charts-cdn.checkonchain.com/btconchain/realised/lthsopr_indicator/lthsopr_indicator_light.html,2026-10-06
2016-12-21,645.423103,https://charts-cdn.checkonchain.com/btconchain/realised/lthsopr_indicator/lthsopr_indicator_light.html,2026-10-06
2016-12-22,644.823165,https://charts-cdn.checkonchain.com/btconchain/realised/lthsopr_indicator/lthsopr_indicator_light.html,2026-10-06
2016-12-23,644.352565,https://charts-cdn.checkonchain.com/btconchain/realised/lthsopr_indicator/lthsopr_indicator_light.html,2026-10-06
2016-12-24,644.656659,https://charts-cdn.checkonchain.com/btconchain/realised/lthsopr_indicator/lthsopr_indicator_light.html,2026-10-06
2016-12-25,644.853489,https://charts-cdn.checkonchain.com/btconchain/realised/lthsopr_indicator/lthsopr_indicator_light.html,2026-10-06
2016-12-26,645.016391,https://charts-cdn.checkonchain.com/btconchain/realised/lthsopr_indicator/lthsopr_indicator_light.html,2026-10-06
2016-12-27,645.139665,https://charts-cdn.checkonchain.com/btconchain/realised/lthsopr_indicator/lthsopr_indicator_light.html,2026-10-06
2016-12-28,644.763168,https://charts-cdn.checkonchain.com/btconchain/realised/lthsopr_indicator/lthsopr_indicator_light.html,2026-10-06
2016-12-29,644.465311,https://charts-cdn.checkonchain.com/btconchain/realised/lthsopr_indicator/lthsopr_indicator_light.html,2026-10-06
2016-12-30,651.400774,https://charts-cdn.checkonchain.com/btconchain/realised/lthsopr_indicator/lthsopr_indicator_light.html,2026-10-06
2016-12-31,652.385937,https://charts-cdn.checkonchain.com/btconchain/realised/lthsopr_indicator/lthsopr_indicator_light.html,2026-10-06
2017-01-01,652.550933,https://charts-cdn.checkonchain.com/btconchain/realised/lthsopr_indicator/lthsopr_indicator_light.html,2026-10-06
2017-01-02,651.973965,https://charts-cdn.checkonchain.com/btconchain/realised/lthsopr_indicator/lthsopr_indicator_light.html,2026-10-06
2017-01-03,651.994868,https://charts-cdn.checkonchain.com/btconchain/realised/lthsopr_indicator/lthsopr_indicator_light.html,2026-10-06
2017-01-04,650.212521,https://charts-cdn.checkonchain.com/btconchain/realised/lthsopr_indicator/lthsopr_indicator_light.html,2026-10-06
2017-01-05,645.164380,https://charts-cdn.checkonchain.com/btconchain/realised/lthsopr_indicator/lthsopr_indicator_light.html,2026-10-06
2017-01-06,644.449662,https://charts-cdn.checkonchain.com/btconchain/realised/lthsopr_indicator/lthsopr_indicator_light.html,2026-10-06
2017-01-07,645.066032,https://charts-cdn.checkonchain.com/btconchain/realised/lthsopr_indicator/lthsopr_indicator_light.html,2026-10-06
2017-01-08,645.016482,https://charts-cdn.checkonchain.com/btconchain/realised/lthsopr_indicator/lthsopr_indicator_light.html,2026-10-06
2017-01-09,644.402774,https://charts-cdn.checkonchain.com/btconchain/realised/lthsopr_indicator/lthsopr_indicator_light.html,2026-10-06
2017-01-10,644.476193,https://charts-cdn.checkonchain.com/btconchain/realised/lthsopr_indicator/lthsopr_indicator_light.html,2026-10-06
2017-01-11,643.065986,https://charts-cdn.checkonchain.com/btconchain/realised/lthsopr_indicator/lthsopr_indicator_light.html,2026-10-06
2017-01-12,643.346531,https://charts-cdn.checkonchain.com/btconchain/realised/lthsopr_indicator/lthsopr_indicator_light.html,2026-10-06
2017-01-13,643.147139,https://charts-cdn.checkonchain.com/btconchain/realised/lthsopr_indicator/lthsopr_indicator_light.html,2026-10-06
2017-01-14,643.959698,https://charts-cdn.checkonchain.com/btconchain/realised/lthsopr_indicator/lthsopr_indicator_light.html,2026-10-06
2017-01-15,644.605318,https://charts-cdn.checkonchain.com/btconchain/realised/lthsopr_indicator/lthsopr_indicator_light.html,2026-10-06
2017-01-16,645.441029,https://charts-cdn.checkonchain.com/btconchain/realised/lthsopr_indicator/lthsopr_indicator_light.html,2026-10-06
2017-01-17,645.098325,https://charts-cdn.checkonchain.com/btconchain/realised/lthsopr_indicator/lthsopr_indicator_light.html,2026-10-06
2017-01-18,645.617318,https://charts-cdn.checkonchain.com/btconchain/realised/lthsopr_indicator/lthsopr_indicator_light.html,2026-10-06
2017-01-19,645.992917,https://charts-cdn.checkonchain.com/btconchain/realised/lthsopr_indicator/lthsopr_indicator_light.html,2026-10-06
2017-01-20,646.369318,https://charts-cdn.checkonchain.com/btconchain/realised/lthsopr_indicator/lthsopr_indicator_light.html,2026-10-06
2017-01-21,648.187439,https://charts-cdn.checkonchain.com/btconchain/realised/lthsopr_indicator/lthsopr_indicator_light.html,2026-10-06
2017-01-22,649.534843,https://charts-cdn.checkonchain.com/btconchain/realised/lthsopr_indicator/lthsopr_indicator_light.html,2026-10-06
2017-01-23,650.194536,https://charts-cdn.checkonchain.com/btconchain/realised/lthsopr_indicator/lthsopr_indicator_light.html,2026-10-06
2017-01-24,649.473952,https://charts-cdn.checkonchain.com/btconchain/realised/lthsopr_indicator/lthsopr_indicator_light.html,2026-10-06
2017-01-25,649.348844,https://charts-cdn.checkonchain.com/btconchain/realised/lthsopr_indicator/lthsopr_indicator_light.html,2026-10-06
2017-01-26,649.352689,https://charts-cdn.checkonchain.com/btconchain/realised/lthsopr_indicator/lthsopr_indicator_light.html,2026-10-06
2017-01-27,649.896050,https://charts-cdn.checkonchain.com/btconchain/realised/lthsopr_indicator/lthsopr_indicator_light.html,2026-10-06
2017-01-28,650.544440,https://charts-cdn.checkonchain.com/btconchain/realised/lthsopr_indicator/lthsopr_indicator_light.html,2026-10-06
2017-01-29,649.865027,https://charts-cdn.checkonchain.com/btconchain/realised/lthsopr_indicator/lthsopr_indicator_light.html,2026-10-06
2017-01-30,650.291611,https://charts-cdn.checkonchain.com/btconchain/realised/lthsopr_indicator/lthsopr_indicator_light.html,2026-10-06
2017-01-31,650.345126,https://charts-cdn.checkonchain.com/btconchain/realised/lthsopr_indicator/lthsopr_indicator_light.html,2026-10-06
2017-02-01,650.711515,https://charts-cdn.checkonchain.com/btconchain/realised/lthsopr_indicator/lthsopr_indicator_light.html,2026-10-06
2017-02-02,650.733692,https://charts-cdn.checkonchain.com/btconchain/realised/lthsopr_indicator/lthsopr_indicator_light.html,2026-10-06
2017-02-03,649.866157,https://charts-cdn.checkonchain.com/btconchain/realised/lthsopr_indicator/lthsopr_indicator_light.html,2026-10-06
2017-02-04,650.261763,https://charts-cdn.checkonchain.com/btconchain/realised/lthsopr_indicator/lthsopr_indicator_light.html,2026-10-06
2017-02-05,650.657895,https://charts-cdn.checkonchain.com/btconchain/realised/lthsopr_indicator/lthsopr_indicator_light.html,2026-10-06
2017-02-06,650.238615,https://charts-cdn.checkonchain.com/btconchain/realised/lthsopr_indicator/lthsopr_indicator_light.html,2026-10-06
2017-02-07,649.289777,https://charts-cdn.checkonchain.com/btconchain/realised/lthsopr_indicator/lthsopr_indicator_light.html,2026-10-06
2017-02-08,649.590968,https://charts-cdn.checkonchain.com/btconchain/realised/lthsopr_indicator/lthsopr_indicator_light.html,2026-10-06
2017-02-09,649.052561,https://charts-cdn.checkonchain.com/btconchain/realised/lthsopr_indicator/lthsopr_indicator_light.html,2026-10-06
2017-02-10,649.137141,https://charts-cdn.checkonchain.com/btconchain/realised/lthsopr_indicator/lthsopr_indicator_light.html,2026-10-06
2017-02-11,649.848108,https://charts-cdn.checkonchain.com/btconchain/realised/lthsopr_indicator/lthsopr_indicator_light.html,2026-10-06
2017-02-12,650.075222,https://charts-cdn.checkonchain.com/btconchain/realised/lthsopr_indicator/lthsopr_indicator_light.html,2026-10-06
2017-02-13,650.711750,https://charts-cdn.checkonchain.com/btconchain/realised/lthsopr_indicator/lthsopr_indicator_light.html,2026-10-06
2017-02-14,650.872553,https://charts-cdn.checkonchain.com/btconchain/realised/lthsopr_indicator/lthsopr_indicator_light.html,2026-10-06
2017-02-15,651.210949,https://charts-cdn.checkonchain.com/btconchain/realised/lthsopr_indicator/lthsopr_indicator_light.html,2026-10-06
2017-02-16,651.455131,https://charts-cdn.checkonchain.com/btconchain/realised/lthsopr_indicator/lthsopr_indicator_light.html,2026-10-06
2017-02-17,651.515406,https://charts-cdn.checkonchain.com/btconchain/realised/lthsopr_indicator/lthsopr_indicator_light.html,2026-10-06
2017-02-18,651.893075,https://charts-cdn.checkonchain.com/btconchain/realised/lthsopr_indicator/lthsopr_indicator_light.html,2026-10-06
2017-02-19,652.173387,https://charts-cdn.checkonchain.com/btconchain/realised/lthsopr_indicator/lthsopr_indicator_light.html,2026-10-06
2017-02-20,652.551703,https://charts-cdn.checkonchain.com/btconchain/realised/lthsopr_indicator/lthsopr_indicator_light.html,2026-10-06
2017-02-21,652.533639,https://charts-cdn.checkonchain.com/btconchain/realised/lthsopr_indicator/lthsopr_indicator_light.html,2026-10-06
2017-02-22,652.191278,https://charts-cdn.checkonchain.com/btconchain/realised/lthsopr_indicator/lthsopr_indicator_light.html,2026-10-06
2017-02-23,651.902575,https://charts-cdn.checkonchain.com/btconchain/realised/lthsopr_indicator/lthsopr_indicator_light.html,2026-10-06
2017-02-24,651.385502,https://charts-cdn.checkonchain.com/btconchain/realised/lthsopr_indicator/lthsopr_indicator_light.html,2026-10-06
2017-02-25,651.798808,https://charts-cdn.checkonchain.com/btconchain/realised/lthsopr_indicator/lthsopr_indicator_light.html,2026-10-06
2017-02-26,653.306850,https://charts-cdn.checkonchain.com/btconchain/realised/lthsopr_indicator/lthsopr_indicator_light.html,2026-10-06
2017-02-27,653.393400,https://charts-cdn.checkonchain.com/btconchain/realised/lthsopr_indicator/lthsopr_indicator_light.html,2026-10-06
2017-02-28,653.618918,https://charts-cdn.checkonchain.com/btconchain/realised/lthsopr_indicator/lthsopr_indicator_light.html,2026-10-06
2017-03-01,653.573132,https://charts-cdn.checkonchain.com/btconchain/realised/lthsopr_indicator/lthsopr_indicator_light.html,2026-10-06
2017-03-02,653.571132,https://charts-cdn.checkonchain.com/btconchain/realised/lthsopr_indicator/lthsopr_indicator_light.html,2026-10-06
2017-03-03,652.654398,https://charts-cdn.checkonchain.com/btconchain/realised/lthsopr_indicator/lthsopr_indicator_light.html,2026-10-06
2017-03-04,653.070418,https://charts-cdn.checkonchain.com/btconchain/realised/lthsopr_indicator/lthsopr_indicator_light.html,2026-10-06
2017-03-05,653.290296,https://charts-cdn.checkonchain.com/btconchain/realised/lthsopr_indicator/lthsopr_indicator_light.html,2026-10-06
2017-03-06,652.767198,https://charts-cdn.checkonchain.com/btconchain/realised/lthsopr_indicator/lthsopr_indicator_light.html,2026-10-06
2017-03-07,652.733310,https://charts-cdn.checkonchain.com/btconchain/realised/lthsopr_indicator/lthsopr_indicator_light.html,2026-10-06
2017-03-08,652.434784,https://charts-cdn.checkonchain.com/btconchain/realised/lthsopr_indicator/lthsopr_indicator_light.html,2026-10-06
2017-03-09,652.243876,https://charts-cdn.checkonchain.com/btconchain/realised/lthsopr_indicator/lthsopr_indicator_light.html,2026-10-06
2017-03-10,652.002952,https://charts-cdn.checkonchain.com/btconchain/realised/lthsopr_indicator/lthsopr_indicator_light.html,2026-10-06
2017-03-11,652.361532,https://charts-cdn.checkonchain.com/btconchain/realised/lthsopr_indicator/lthsopr_indicator_light.html,2026-10-06
2017-03-12,652.892112,https://charts-cdn.checkonchain.com/btconchain/realised/lthsopr_indicator/lthsopr_indicator_light.html,2026-10-06
2017-03-13,651.411247,https://charts-cdn.checkonchain.com/btconchain/realised/lthsopr_indicator/lthsopr_indicator_light.html,2026-10-06
2017-03-14,651.536875,https://charts-cdn.checkonchain.com/btconchain/realised/lthsopr_indicator/lthsopr_indicator_light.html,2026-10-06
2017-03-15,651.415562,https://charts-cdn.checkonchain.com/btconchain/realised/lthsopr_indicator/lthsopr_indicator_light.html,2026-10-06
2017-03-16,650.897326,https://charts-cdn.checkonchain.com/btconchain/realised/lthsopr_indicator/lthsopr_indicator_light.html,2026-10-06
2017-03-17,651.604636,https://charts-cdn.checkonchain.com/btconchain/realised/lthsopr_indicator/lthsopr_indicator_light.html,2026-10-06
2017-03-18,649.351069,https://charts-cdn.checkonchain.com/btconchain/realised/lthsopr_indicator/lthsopr_indicator_light.html,2026-10-06
2017-03-19,649.444880,https://charts-cdn.checkonchain.com/btconchain/realised/lthsopr_indicator/lthsopr_indicator_light.html,2026-10-06
2017-03-20,649.659288,https://charts-cdn.checkonchain.com/btconchain/realised/lthsopr_indicator/lthsopr_indicator_light.html,2026-10-06
2017-03-21,649.212414,https://charts-cdn.checkonchain.com/btconchain/realised/lthsopr_indicator/lthsopr_indicator_light.html,2026-10-06
2017-03-22,648.587048,https://charts-cdn.checkonchain.com/btconchain/realised/lthsopr_indicator/lthsopr_indicator_light.html,2026-10-06
2017-03-23,648.618698,https://charts-cdn.checkonchain.com/btconchain/realised/lthsopr_indicator/lthsopr_indicator_light.html,2026-10-06
2017-03-24,640.691767,https://charts-cdn.checkonchain.com/btconchain/realised/lthsopr_indicator/lthsopr_indicator_light.html,2026-10-06
2017-03-25,638.930551,https://charts-cdn.checkonchain.com/btconchain/realised/lthsopr_indicator/lthsopr_indicator_light.html,2026-10-06
2017-03-26,640.238198,https://charts-cdn.checkonchain.com/btconchain/realised/lthsopr_indicator/lthsopr_indicator_light.html,2026-10-06
2017-03-27,640.374675,https://charts-cdn.checkonchain.com/btconchain/realised/lthsopr_indicator/lthsopr_indicator_light.html,2026-10-06
2017-03-28,640.456510,https://charts-cdn.checkonchain.com/btconchain/realised/lthsopr_indicator/lthsopr_indicator_light.html,2026-10-06
2017-03-29,640.520087,https://charts-cdn.checkonchain.com/btconchain/realised/lthsopr_indicator/lthsopr_indicator_light.html,2026-10-06
2017-03-30,640.439444,https://charts-cdn.checkonchain.com/btconchain/realised/lthsopr_indicator/lthsopr_indicator_light.html,2026-10-06
2017-03-31,640.689837,https://charts-cdn.checkonchain.com/btconchain/realised/lthsopr_indicator/lthsopr_indicator_light.html,2026-10-06
2017-04-01,641.103618,https://charts-cdn.checkonchain.com/btconchain/realised/lthsopr_indicator/lthsopr_indicator_light.html,2026-10-06
2017-04-02,641.888623,https://charts-cdn.checkonchain.com/btconchain/realised/lthsopr_indicator/lthsopr_indicator_light.html,2026-10-06
2017-04-03,642.236489,https://charts-cdn.checkonchain.com/btconchain/realised/lthsopr_indicator/lthsopr_indicator_light.html,2026-10-06
2017-04-04,642.637312,https://charts-cdn.checkonchain.com/btconchain/realised/lthsopr_indicator/lthsopr_indicator_light.html,2026-10-06
2017-04-05,642.792845,https://charts-cdn.checkonchain.com/btconchain/realised/lthsopr_indicator/lthsopr_indicator_light.html,2026-10-06
2017-04-06,642.968498,https://charts-cdn.checkonchain.com/btconchain/realised/lthsopr_indicator/lthsopr_indicator_light.html,2026-10-06
2017-04-07,644.658658,https://charts-cdn.checkonchain.com/btconchain/realised/lthsopr_indicator/lthsopr_indicator_light.html,2026-10-06
2017-04-08,645.279059,https://charts-cdn.checkonchain.com/btconchain/realised/lthsopr_indicator/lthsopr_indicator_light.html,2026-10-06
2017-04-09,646.024406,https://charts-cdn.checkonchain.com/btconchain/realised/lthsopr_indicator/lthsopr_indicator_light.html,2026-10-06
2017-04-10,646.442837,https://charts-cdn.checkonchain.com/btconchain/realised/lthsopr_indicator/lthsopr_indicator_light.html,2026-10-06
2017-04-11,646.767889,https://charts-cdn.checkonchain.com/btconchain/realised/lthsopr_indicator/lthsopr_indicator_light.html,2026-10-06
2017-04-12,646.995778,https://charts-cdn.checkonchain.com/btconchain/realised/lthsopr_indicator/lthsopr_indicator_light.html,2026-10-06
2017-04-13,647.706003,https://charts-cdn.checkonchain.com/btconchain/realised/lthsopr_indicator/lthsopr_indicator_light.html,2026-10-06
2017-04-14,647.277931,https://charts-cdn.checkonchain.com/btconchain/realised/lthsopr_indicator/lthsopr_indicator_light.html,2026-10-06
2017-04-15,648.145997,https://charts-cdn.checkonchain.com/btconchain/realised/lthsopr_indicator/lthsopr_indicator_light.html,2026-10-06
2017-04-16,649.043379,https://charts-cdn.checkonchain.com/btconchain/realised/lthsopr_indicator/lthsopr_indicator_light.html,2026-10-06
2017-04-17,649.379005,https://charts-cdn.checkonchain.com/btconchain/realised/lthsopr_indicator/lthsopr_indicator_light.html,2026-10-06
2017-04-18,649.462025,https://charts-cdn.checkonchain.com/btconchain/realised/lthsopr_indicator/lthsopr_indicator_light.html,2026-10-06
2017-04-19,649.804337,https://charts-cdn.checkonchain.com/btconchain/realised/lthsopr_indicator/lthsopr_indicator_light.html,2026-10-06
2017-04-20,650.012422,https://charts-cdn.checkonchain.com/btconchain/realised/lthsopr_indicator/lthsopr_indicator_light.html,2026-10-06
2017-04-21,650.838991,https://charts-cdn.checkonchain.com/btconchain/realised/lthsopr_indicator/lthsopr_indicator_light.html,2026-10-06
2017-04-22,652.233614,https://charts-cdn.checkonchain.com/btconchain/realised/lthsopr_indicator/lthsopr_indicator_light.html,2026-10-06
2017-04-23,653.164002,https://charts-cdn.checkonchain.com/btconchain/realised/lthsopr_indicator/lthsopr_indicator_light.html,2026-10-06
2017-04-24,653.478410,https://charts-cdn.checkonchain.com/btconchain/realised/lthsopr_indicator/lthsopr_indicator_light.html,2026-10-06
2017-04-25,654.352978,https://charts-cdn.checkonchain.com/btconchain/realised/lthsopr_indicator/lthsopr_indicator_light.html,2026-10-06
2017-04-26,654.855476,https://charts-cdn.checkonchain.com/btconchain/realised/lthsopr_indicator/lthsopr_indicator_light.html,2026-10-06
2017-04-27,655.923793,https://charts-cdn.checkonchain.com/btconchain/realised/lthsopr_indicator/lthsopr_indicator_light.html,2026-10-06
2017-04-28,657.712589,https://charts-cdn.checkonchain.com/btconchain/realised/lthsopr_indicator/lthsopr_indicator_light.html,2026-10-06
2017-04-29,658.284629,https://charts-cdn.checkonchain.com/btconchain/realised/lthsopr_indicator/lthsopr_indicator_light.html,2026-10-06
2017-04-30,658.628559,https://charts-cdn.checkonchain.com/btconchain/realised/lthsopr_indicator/lthsopr_indicator_light.html,2026-10-06
2017-05-01,658.027671,https://charts-cdn.checkonchain.com/btconchain/realised/lthsopr_indicator/lthsopr_indicator_light.html,2026-10-06
2017-05-02,664.032505,https://charts-cdn.checkonchain.com/btconchain/realised/lthsopr_indicator/lthsopr_indicator_light.html,2026-10-06
2017-05-03,663.825642,https://charts-cdn.checkonchain.com/btconchain/realised/lthsopr_indicator/lthsopr_indicator_light.html,2026-10-06
2017-05-04,663.318176,https://charts-cdn.checkonchain.com/btconchain/realised/lthsopr_indicator/lthsopr_indicator_light.html,2026-10-06
2017-05-05,662.632744,https://charts-cdn.checkonchain.com/btconchain/realised/lthsopr_indicator/lthsopr_indicator_light.html,2026-10-06
2017-05-06,663.811269,https://charts-cdn.checkonchain.com/btconchain/realised/lthsopr_indicator/lthsopr_indicator_light.html,2026-10-06
2017-05-07,664.439723,https://charts-cdn.checkonchain.com/btconchain/realised/lthsopr_indicator/lthsopr_indicator_light.html,2026-10-06
2017-05-08,664.249808,https://charts-cdn.checkonchain.com/btconchain/realised/lthsopr_indicator/lthsopr_indicator_light.html,2026-10-06
2017-05-09,663.504707,https://charts-cdn.checkonchain.com/btconchain/realised/lthsopr_indicator/lthsopr_indicator_light.html,2026-10-06
2017-05-10,663.317182,https://charts-cdn.checkonchain.com/btconchain/realised/lthsopr_indicator/lthsopr_indicator_light.html,2026-10-06
2017-05-11,662.992655,https://charts-cdn.checkonchain.com/btconchain/realised/lthsopr_indicator/lthsopr_indicator_light.html,2026-10-06
2017-05-12,663.596481,https://charts-cdn.checkonchain.com/btconchain/realised/lthsopr_indicator/lthsopr_indicator_light.html,2026-10-06
2017-05-13,663.954644,https://charts-cdn.checkonchain.com/btconchain/realised/lthsopr_indicator/lthsopr_indicator_light.html,2026-10-06
2017-05-14,664.785844,https://charts-cdn.checkonchain.com/btconchain/realised/lthsopr_indicator/lthsopr_indicator_light.html,2026-10-06
2017-05-15,664.752767,https://charts-cdn.checkonchain.com/btconchain/realised/lthsopr_indicator/lthsopr_indicator_light.html,2026-10-06
2017-05-16,665.313205,https://charts-cdn.checkonchain.com/btconchain/realised/lthsopr_indicator/lthsopr_indicator_light.html,2026-10-06
2017-05-17,664.368029,https://charts-cdn.checkonchain.com/btconchain/realised/lthsopr_indicator/lthsopr_indicator_light.html,2026-10-06
2017-05-18,664.650056,https://charts-cdn.checkonchain.com/btconchain/realised/lthsopr_indicator/lthsopr_indicator_light.html,2026-10-06
2017-05-19,664.495332,https://charts-cdn.checkonchain.com/btconchain/realised/lthsopr_indicator/lthsopr_indicator_light.html,2026-10-06
2017-05-20,665.569978,https://charts-cdn.checkonchain.com/btconchain/realised/lthsopr_indicator/lthsopr_indicator_light.html,2026-10-06
2017-05-21,666.012214,https://charts-cdn.checkonchain.com/btconchain/realised/lthsopr_indicator/lthsopr_indicator_light.html,2026-10-06
2017-05-22,664.589449,https://charts-cdn.checkonchain.com/btconchain/realised/lthsopr_indicator/lthsopr_indicator_light.html,2026-10-06
2017-05-23,664.404078,https://charts-cdn.checkonchain.com/btconchain/realised/lthsopr_indicator/lthsopr_indicator_light.html,2026-10-06
2017-05-24,663.189245,https://charts-cdn.checkonchain.com/btconchain/realised/lthsopr_indicator/lthsopr_indicator_light.html,2026-10-06
2017-05-25,660.123053,https://charts-cdn.checkonchain.com/btconchain/realised/lthsopr_indicator/lthsopr_indicator_light.html,2026-10-06
2017-05-26,661.335294,https://charts-cdn.checkonchain.com/btconchain/realised/lthsopr_indicator/lthsopr_indicator_light.html,2026-10-06
2017-05-27,662.595452,https://charts-cdn.checkonchain.com/btconchain/realised/lthsopr_indicator/lthsopr_indicator_light.html,2026-10-06
2017-05-28,663.040598,https://charts-cdn.checkonchain.com/btconchain/realised/lthsopr_indicator/lthsopr_indicator_light.html,2026-10-06
2017-05-29,663.991525,https://charts-cdn.checkonchain.com/btconchain/realised/lthsopr_indicator/lthsopr_indicator_light.html,2026-10-06
2017-05-30,664.915272,https://charts-cdn.checkonchain.com/btconchain/realised/lthsopr_indicator/lthsopr_indicator_light.html,2026-10-06
2017-05-31,665.329179,https://charts-cdn.checkonchain.com/btconchain/realised/lthsopr_indicator/lthsopr_indicator_light.html,2026-10-06
2017-06-01,666.871531,https://charts-cdn.checkonchain.com/btconchain/realised/lthsopr_indicator/lthsopr_indicator_light.html,2026-10-06
2017-06-02,668.974687,https://charts-cdn.checkonchain.com/btconchain/realised/lthsopr_indicator/lthsopr_indicator_light.html,2026-10-06
2017-06-03,670.504735,https://charts-cdn.checkonchain.com/btconchain/realised/lthsopr_indicator/lthsopr_indicator_light.html,2026-10-06
2017-06-04,672.138838,https://charts-cdn.checkonchain.com/btconchain/realised/lthsopr_indicator/lthsopr_indicator_light.html,2026-10-06
2017-06-05,673.157659,https://charts-cdn.checkonchain.com/btconchain/realised/lthsopr_indicator/lthsopr_indicator_light.html,2026-10-06
2017-06-06,673.667644,https://charts-cdn.checkonchain.com/btconchain/realised/lthsopr_indicator/lthsopr_indicator_light.html,2026-10-06
2017-06-07,674.186455,https://charts-cdn.checkonchain.com/btconchain/realised/lthsopr_indicator/lthsopr_indicator_light.html,2026-10-06
2017-06-08,673.705106,https://charts-cdn.checkonchain.com/btconchain/realised/lthsopr_indicator/lthsopr_indicator_light.html,2026-10-06
2017-06-09,673.573472,https://charts-cdn.checkonchain.com/btconchain/realised/lthsopr_indicator/lthsopr_indicator_light.html,2026-10-06
2017-06-10,675.381827,https://charts-cdn.checkonchain.com/btconchain/realised/lthsopr_indicator/lthsopr_indicator_light.html,2026-10-06
2017-06-11,676.402934,https://charts-cdn.checkonchain.com/btconchain/realised/lthsopr_indicator/lthsopr_indicator_light.html,2026-10-06
2017-06-12,676.085021,https://charts-cdn.checkonchain.com/btconchain/realised/lthsopr_indicator/lthsopr_indicator_light.html,2026-10-06
2017-06-13,674.766621,https://charts-cdn.checkonchain.com/btconchain/realised/lthsopr_indicator/lthsopr_indicator_light.html,2026-10-06
2017-06-14,674.265430,https://charts-cdn.checkonchain.com/btconchain/realised/lthsopr_indicator/lthsopr_indicator_light.html,2026-10-06
2017-06-15,674.168594,https://charts-cdn.checkonchain.com/btconchain/realised/lthsopr_indicator/lthsopr_indicator_light.html,2026-10-06
2017-06-16,674.494385,https://charts-cdn.checkonchain.com/btconchain/realised/lthsopr_indicator/lthsopr_indicator_light.html,2026-10-06
2017-06-17,675.083428,https://charts-cdn.checkonchain.com/btconchain/realised/lthsopr_indicator/lthsopr_indicator_light.html,2026-10-06
2017-06-18,674.242615,https://charts-cdn.checkonchain.com/btconchain/realised/lthsopr_indicator/lthsopr_indicator_light.html,2026-10-06
2017-06-19,674.153671,https://charts-cdn.checkonchain.com/btconchain/realised/lthsopr_indicator/lthsopr_indicator_light.html,2026-10-06
2017-06-20,673.841013,https://charts-cdn.checkonchain.com/btconchain/realised/lthsopr_indicator/lthsopr_indicator_light.html,2026-10-06
2017-06-21,675.705729,https://charts-cdn.checkonchain.com/btconchain/realised/lthsopr_indicator/lthsopr_indicator_light.html,2026-10-06
2017-06-22,675.735025,https://charts-cdn.checkonchain.com/btconchain/realised/lthsopr_indicator/lthsopr_indicator_light.html,2026-10-06
2017-06-23,676.177548,https://charts-cdn.checkonchain.com/btconchain/realised/lthsopr_indicator/lthsopr_indicator_light.html,2026-10-06
2017-06-24,676.209873,https://charts-cdn.checkonchain.com/btconchain/realised/lthsopr_indicator/lthsopr_indicator_light.html,2026-10-06
2017-06-25,677.197204,https://charts-cdn.checkonchain.com/btconchain/realised/lthsopr_indicator/lthsopr_indicator_light.html,2026-10-06
2017-06-26,677.296690,https://charts-cdn.checkonchain.com/btconchain/realised/lthsopr_indicator/lthsopr_indicator_light.html,2026-10-06
2017-06-27,676.726890,https://charts-cdn.checkonchain.com/btconchain/realised/lthsopr_indicator/lthsopr_indicator_light.html,2026-10-06
2017-06-28,677.783538,https://charts-cdn.checkonchain.com/btconchain/realised/lthsopr_indicator/lthsopr_indicator_light.html,2026-10-06
2017-06-29,677.895859,https://charts-cdn.checkonchain.com/btconchain/realised/lthsopr_indicator/lthsopr_indicator_light.html,2026-10-06
2017-06-30,677.594999,https://charts-cdn.checkonchain.com/btconchain/realised/lthsopr_indicator/lthsopr_indicator_light.html,2026-10-06
2017-07-01,677.901126,https://charts-cdn.checkonchain.com/btconchain/realised/lthsopr_indicator/lthsopr_indicator_light.html,2026-10-06
2017-07-02,678.377154,https://charts-cdn.checkonchain.com/btconchain/realised/lthsopr_indicator/lthsopr_indicator_light.html,2026-10-06
2017-07-03,679.234536,https://charts-cdn.checkonchain.com/btconchain/realised/lthsopr_indicator/lthsopr_indicator_light.html,2026-10-06
2017-07-04,679.888450,https://charts-cdn.checkonchain.com/btconchain/realised/lthsopr_indicator/lthsopr_indicator_light.html,2026-10-06
2017-07-05,679.789872,https://charts-cdn.checkonchain.com/btconchain/realised/lthsopr_indicator/lthsopr_indicator_light.html,2026-10-06
2017-07-06,680.415916,https://charts-cdn.checkonchain.com/btconchain/realised/lthsopr_indicator/lthsopr_indicator_light.html,2026-10-06
2017-07-07,681.491291,https://charts-cdn.checkonchain.com/btconchain/realised/lthsopr_indicator/lthsopr_indicator_light.html,2026-10-06
2017-07-08,681.873530,https://charts-cdn.checkonchain.com/btconchain/realised/lthsopr_indicator/lthsopr_indicator_light.html,2026-10-06
2017-07-09,683.091522,https://charts-cdn.checkonchain.com/btconchain/realised/lthsopr_indicator/lthsopr_indicator_light.html,2026-10-06
2017-07-10,684.059197,https://charts-cdn.checkonchain.com/btconchain/realised/lthsopr_indicator/lthsopr_indicator_light.html,2026-10-06
2017-07-11,684.584689,https://charts-cdn.checkonchain.com/btconchain/realised/lthsopr_indicator/lthsopr_indicator_light.html,2026-10-06
2017-07-12,685.414375,https://charts-cdn.checkonchain.com/btconchain/realised/lthsopr_indicator/lthsopr_indicator_light.html,2026-10-06
2017-07-13,686.038449,https://charts-cdn.checkonchain.com/btconchain/realised/lthsopr_indicator/lthsopr_indicator_light.html,2026-10-06
2017-07-14,686.343341,https://charts-cdn.checkonchain.com/btconchain/realised/lthsopr_indicator/lthsopr_indicator_light.html,2026-10-06
2017-07-15,686.602576,https://charts-cdn.checkonchain.com/btconchain/realised/lthsopr_indicator/lthsopr_indicator_light.html,2026-10-06
2017-07-16,687.117302,https://charts-cdn.checkonchain.com/btconchain/realised/lthsopr_indicator/lthsopr_indicator_light.html,2026-10-06
2017-07-17,687.419964,https://charts-cdn.checkonchain.com/btconchain/realised/lthsopr_indicator/lthsopr_indicator_light.html,2026-10-06
2017-07-18,687.421691,https://charts-cdn.checkonchain.com/btconchain/realised/lthsopr_indicator/lthsopr_indicator_light.html,2026-10-06
2017-07-19,690.632581,https://charts-cdn.checkonchain.com/btconchain/realised/lthsopr_indicator/lthsopr_indicator_light.html,2026-10-06
2017-07-20,690.782654,https://charts-cdn.checkonchain.com/btconchain/realised/lthsopr_indicator/lthsopr_indicator_light.html,2026-10-06
2017-07-21,692.137032,https://charts-cdn.checkonchain.com/btconchain/realised/lthsopr_indicator/lthsopr_indicator_light.html,2026-10-06
2017-07-22,693.871874,https://charts-cdn.checkonchain.com/btconchain/realised/lthsopr_indicator/lthsopr_indicator_light.html,2026-10-06
2017-07-23,695.241080,https://charts-cdn.checkonchain.com/btconchain/realised/lthsopr_indicator/lthsopr_indicator_light.html,2026-10-06
2017-07-24,697.604510,https://charts-cdn.checkonchain.com/btconchain/realised/lthsopr_indicator/lthsopr_indicator_light.html,2026-10-06
2017-07-25,692.810933,https://charts-cdn.checkonchain.com/btconchain/realised/lthsopr_indicator/lthsopr_indicator_light.html,2026-10-06
2017-07-26,692.856630,https://charts-cdn.checkonchain.com/btconchain/realised/lthsopr_indicator/lthsopr_indicator_light.html,2026-10-06
2017-07-27,692.490330,https://charts-cdn.checkonchain.com/btconchain/realised/lthsopr_indicator/lthsopr_indicator_light.html,2026-10-06
2017-07-28,690.341995,https://charts-cdn.checkonchain.com/btconchain/realised/lthsopr_indicator/lthsopr_indicator_light.html,2026-10-06
2017-07-29,682.537972,https://charts-cdn.checkonchain.com/btconchain/realised/lthsopr_indicator/lthsopr_indicator_light.html,2026-10-06
2017-07-30,675.363119,https://charts-cdn.checkonchain.com/btconchain/realised/lthsopr_indicator/lthsopr_indicator_light.html,2026-10-06
2017-07-31,661.887647,https://charts-cdn.checkonchain.com/btconchain/realised/lthsopr_indicator/lthsopr_indicator_light.html,2026-10-06
2017-08-01,659.092230,https://charts-cdn.checkonchain.com/btconchain/realised/lthsopr_indicator/lthsopr_indicator_light.html,2026-10-06
2017-08-02,657.697345,https://charts-cdn.checkonchain.com/btconchain/realised/lthsopr_indicator/lthsopr_indicator_light.html,2026-10-06
2017-08-03,657.914755,https://charts-cdn.checkonchain.com/btconchain/realised/lthsopr_indicator/lthsopr_indicator_light.html,2026-10-06
2017-08-04,658.538121,https://charts-cdn.checkonchain.com/btconchain/realised/lthsopr_indicator/lthsopr_indicator_light.html,2026-10-06
2017-08-05,655.303715,https://charts-cdn.checkonchain.com/btconchain/realised/lthsopr_indicator/lthsopr_indicator_light.html,2026-10-06
2017-08-06,652.504019,https://charts-cdn.checkonchain.com/btconchain/realised/lthsopr_indicator/lthsopr_indicator_light.html,2026-10-06
2017-08-07,650.447539,https://charts-cdn.checkonchain.com/btconchain/realised/lthsopr_indicator/lthsopr_indicator_light.html,2026-10-06
2017-08-08,646.698678,https://charts-cdn.checkonchain.com/btconchain/realised/lthsopr_indicator/lthsopr_indicator_light.html,2026-10-06
2017-08-09,643.081421,https://charts-cdn.checkonchain.com/btconchain/realised/lthsopr_indicator/lthsopr_indicator_light.html,2026-10-06
2017-08-10,642.892355,https://charts-cdn.checkonchain.com/btconchain/realised/lthsopr_indicator/lthsopr_indicator_light.html,2026-10-06
2017-08-11,643.714932,https://charts-cdn.checkonchain.com/btconchain/realised/lthsopr_indicator/lthsopr_indicator_light.html,2026-10-06
2017-08-12,643.437189,https://charts-cdn.checkonchain.com/btconchain/realised/lthsopr_indicator/lthsopr_indicator_light.html,2026-10-06
2017-08-13,645.199015,https://charts-cdn.checkonchain.com/btconchain/realised/lthsopr_indicator/lthsopr_indicator_light.html,2026-10-06
2017-08-14,648.992642,https://charts-cdn.checkonchain.com/btconchain/realised/lthsopr_indicator/lthsopr_indicator_light.html,2026-10-06
2017-08-15,650.472524,https://charts-cdn.checkonchain.com/btconchain/realised/lthsopr_indicator/lthsopr_indicator_light.html,2026-10-06
2017-08-16,650.877268,https://charts-cdn.checkonchain.com/btconchain/realised/lthsopr_indicator/lthsopr_indicator_light.html,2026-10-06
2017-08-17,650.094677,https://charts-cdn.checkonchain.com/btconchain/realised/lthsopr_indicator/lthsopr_indicator_light.html,2026-10-06
2017-08-18,650.338612,https://charts-cdn.checkonchain.com/btconchain/realised/lthsopr_indicator/lthsopr_indicator_light.html,2026-10-06
2017-08-19,650.261557,https://charts-cdn.checkonchain.com/btconchain/realised/lthsopr_indicator/lthsopr_indicator_light.html,2026-10-06
2017-08-20,648.661814,https://charts-cdn.checkonchain.com/btconchain/realised/lthsopr_indicator/lthsopr_indicator_light.html,2026-10-06
2017-08-21,648.198090,https://charts-cdn.checkonchain.com/btconchain/realised/lthsopr_indicator/lthsopr_indicator_light.html,2026-10-06
2017-08-22,648.227358,https://charts-cdn.checkonchain.com/btconchain/realised/lthsopr_indicator/lthsopr_indicator_light.html,2026-10-06
2017-08-23,648.623440,https://charts-cdn.checkonchain.com/btconchain/realised/lthsopr_indicator/lthsopr_indicator_light.html,2026-10-06
2017-08-24,648.411059,https://charts-cdn.checkonchain.com/btconchain/realised/lthsopr_indicator/lthsopr_indicator_light.html,2026-10-06
2017-08-25,651.214389,https://charts-cdn.checkonchain.com/btconchain/realised/lthsopr_indicator/lthsopr_indicator_light.html,2026-10-06
2017-08-26,651.377557,https://charts-cdn.checkonchain.com/btconchain/realised/lthsopr_indicator/lthsopr_indicator_light.html,2026-10-06
2017-08-27,651.611388,https://charts-cdn.checkonchain.com/btconchain/realised/lthsopr_indicator/lthsopr_indicator_light.html,2026-10-06
2017-08-28,652.111357,https://charts-cdn.checkonchain.com/btconchain/realised/lthsopr_indicator/lthsopr_indicator_light.html,2026-10-06
2017-08-29,651.140302,https://charts-cdn.checkonchain.com/btconchain/realised/lthsopr_indicator/lthsopr_indicator_light.html,2026-10-06
2017-08-30,650.263293,https://charts-cdn.checkonchain.com/btconchain/realised/lthsopr_indicator/lthsopr_indicator_light.html,2026-10-06
2017-08-31,650.242833,https://charts-cdn.checkonchain.com/btconchain/realised/lthsopr_indicator/lthsopr_indicator_light.html,2026-10-06
2017-09-01,648.737549,https://charts-cdn.checkonchain.com/btconchain/realised/lthsopr_indicator/lthsopr_indicator_light.html,2026-10-06
2017-09-02,648.539075,https://charts-cdn.checkonchain.com/btconchain/realised/lthsopr_indicator/lthsopr_indicator_light.html,2026-10-06
2017-09-03,650.294588,https://charts-cdn.checkonchain.com/btconchain/realised/lthsopr_indicator/lthsopr_indicator_light.html,2026-10-06
2017-09-04,651.070736,https://charts-cdn.checkonchain.com/btconchain/realised/lthsopr_indicator/lthsopr_indicator_light.html,2026-10-06
2017-09-05,651.546505,https://charts-cdn.checkonchain.com/btconchain/realised/lthsopr_indicator/lthsopr_indicator_light.html,2026-10-06
2017-09-06,652.094129,https://charts-cdn.checkonchain.com/btconchain/realised/lthsopr_indicator/lthsopr_indicator_light.html,2026-10-06
2017-09-07,652.722296,https://charts-cdn.checkonchain.com/btconchain/realised/lthsopr_indicator/lthsopr_indicator_light.html,2026-10-06
2017-09-08,653.385472,https://charts-cdn.checkonchain.com/btconchain/realised/lthsopr_indicator/lthsopr_indicator_light.html,2026-10-06
2017-09-09,653.865069,https://charts-cdn.checkonchain.com/btconchain/realised/lthsopr_indicator/lthsopr_indicator_light.html,2026-10-06
2017-09-10,652.856063,https://charts-cdn.checkonchain.com/btconchain/realised/lthsopr_indicator/lthsopr_indicator_light.html,2026-10-06
2017-09-11,653.194469,https://charts-cdn.checkonchain.com/btconchain/realised/lthsopr_indicator/lthsopr_indicator_light.html,2026-10-06
2017-09-12,654.803129,https://charts-cdn.checkonchain.com/btconchain/realised/lthsopr_indicator/lthsopr_indicator_light.html,2026-10-06
2017-09-13,654.607698,https://charts-cdn.checkonchain.com/btconchain/realised/lthsopr_indicator/lthsopr_indicator_light.html,2026-10-06
2017-09-14,656.033744,https://charts-cdn.checkonchain.com/btconchain/realised/lthsopr_indicator/lthsopr_indicator_light.html,2026-10-06
2017-09-15,654.021149,https://charts-cdn.checkonchain.com/btconchain/realised/lthsopr_indicator/lthsopr_indicator_light.html,2026-10-06
2017-09-16,654.375425,https://charts-cdn.checkonchain.com/btconchain/realised/lthsopr_indicator/lthsopr_indicator_light.html,2026-10-06
2017-09-17,656.742268,https://charts-cdn.checkonchain.com/btconchain/realised/lthsopr_indicator/lthsopr_indicator_light.html,2026-10-06
2017-09-18,657.221103,https://charts-cdn.checkonchain.com/btconchain/realised/lthsopr_indicator/lthsopr_indicator_light.html,2026-10-06
2017-09-19,656.934890,https://charts-cdn.checkonchain.com/btconchain/realised/lthsopr_indicator/lthsopr_indicator_light.html,2026-10-06
2017-09-20,657.735512,https://charts-cdn.checkonchain.com/btconchain/realised/lthsopr_indicator/lthsopr_indicator_light.html,2026-10-06
2017-09-21,658.130613,https://charts-cdn.checkonchain.com/btconchain/realised/lthsopr_indicator/lthsopr_indicator_light.html,2026-10-06
2017-09-22,658.988956,https://charts-cdn.checkonchain.com/btconchain/realised/lthsopr_indicator/lthsopr_indicator_light.html,2026-10-06
2017-09-23,659.359296,https://charts-cdn.checkonchain.com/btconchain/realised/lthsopr_indicator/lthsopr_indicator_light.html,2026-10-06
2017-09-24,661.597031,https://charts-cdn.checkonchain.com/btconchain/realised/lthsopr_indicator/lthsopr_indicator_light.html,2026-10-06
2017-09-25,657.946774,https://charts-cdn.checkonchain.com/btconchain/realised/lthsopr_indicator/lthsopr_indicator_light.html,2026-10-06
2017-09-26,658.041203,https://charts-cdn.checkonchain.com/btconchain/realised/lthsopr_indicator/lthsopr_indicator_light.html,2026-10-06
2017-09-27,660.126276,https://charts-cdn.checkonchain.com/btconchain/realised/lthsopr_indicator/lthsopr_indicator_light.html,2026-10-06
2017-09-28,660.976391,https://charts-cdn.checkonchain.com/btconchain/realised/lthsopr_indicator/lthsopr_indicator_light.html,2026-10-06
2017-09-29,662.619808,https://charts-cdn.checkonchain.com/btconchain/realised/lthsopr_indicator/lthsopr_indicator_light.html,2026-10-06
2017-09-30,663.195915,https://charts-cdn.checkonchain.com/btconchain/realised/lthsopr_indicator/lthsopr_indicator_light.html,2026-10-06
2017-10-01,668.314520,https://charts-cdn.checkonchain.com/btconchain/realised/lthsopr_indicator/lthsopr_indicator_light.html,2026-10-06
2017-10-02,669.333706,https://charts-cdn.checkonchain.com/btconchain/realised/lthsopr_indicator/lthsopr_indicator_light.html,2026-10-06
2017-10-03,670.357150,https://charts-cdn.checkonchain.com/btconchain/realised/lthsopr_indicator/lthsopr_indicator_light.html,2026-10-06
2017-10-04,672.464528,https://charts-cdn.checkonchain.com/btconchain/realised/lthsopr_indicator/lthsopr_indicator_light.html,2026-10-06
2017-10-05,671.029903,https://charts-cdn.checkonchain.com/btconchain/realised/lthsopr_indicator/lthsopr_indicator_light.html,2026-10-06
2017-10-06,673.068779,https://charts-cdn.checkonchain.com/btconchain/realised/lthsopr_indicator/lthsopr_indicator_light.html,2026-10-06
2017-10-07,676.447796,https://charts-cdn.checkonchain.com/btconchain/realised/lthsopr_indicator/lthsopr_indicator_light.html,2026-10-06
2017-10-08,678.569744,https://charts-cdn.checkonchain.com/btconchain/realised/lthsopr_indicator/lthsopr_indicator_light.html,2026-10-06
2017-10-09,681.700084,https://charts-cdn.checkonchain.com/btconchain/realised/lthsopr_indicator/lthsopr_indicator_light.html,2026-10-06
2017-10-10,682.347392,https://charts-cdn.checkonchain.com/btconchain/realised/lthsopr_indicator/lthsopr_indicator_light.html,2026-10-06
2017-10-11,685.353555,https://charts-cdn.checkonchain.com/btconchain/realised/lthsopr_indicator/lthsopr_indicator_light.html,2026-10-06
2017-10-12,688.052710,https://charts-cdn.checkonchain.com/btconchain/realised/lthsopr_indicator/lthsopr_indicator_light.html,2026-10-06
2017-10-13,689.075247,https://charts-cdn.checkonchain.com/btconchain/realised/lthsopr_indicator/lthsopr_indicator_light.html,2026-10-06
2017-10-14,693.550404,https://charts-cdn.checkonchain.com/btconchain/realised/lthsopr_indicator/lthsopr_indicator_light.html,2026-10-06
2017-10-15,696.458078,https://charts-cdn.checkonchain.com/btconchain/realised/lthsopr_indicator/lthsopr_indicator_light.html,2026-10-06
2017-10-16,700.174991,https://charts-cdn.checkonchain.com/btconchain/realised/lthsopr_indicator/lthsopr_indicator_light.html,2026-10-06
2017-10-17,700.679495,https://charts-cdn.checkonchain.com/btconchain/realised/lthsopr_indicator/lthsopr_indicator_light.html,2026-10-06
2017-10-18,702.211253,https://charts-cdn.checkonchain.com/btconchain/realised/lthsopr_indicator/lthsopr_indicator_light.html,2026-10-06
2017-10-19,709.816821,https://charts-cdn.checkonchain.com/btconchain/realised/lthsopr_indicator/lthsopr_indicator_light.html,2026-10-06
2017-10-20,715.657910,https://charts-cdn.checkonchain.com/btconchain/realised/lthsopr_indicator/lthsopr_indicator_light.html,2026-10-06
2017-10-21,720.561429,https://charts-cdn.checkonchain.com/btconchain/realised/lthsopr_indicator/lthsopr_indicator_light.html,2026-10-06
2017-10-22,731.846795,https://charts-cdn.checkonchain.com/btconchain/realised/lthsopr_indicator/lthsopr_indicator_light.html,2026-10-06
2017-10-23,736.573200,https://charts-cdn.checkonchain.com/btconchain/realised/lthsopr_indicator/lthsopr_indicator_light.html,2026-10-06
2017-10-24,738.811361,https://charts-cdn.checkonchain.com/btconchain/realised/lthsopr_indicator/lthsopr_indicator_light.html,2026-10-06
2017-10-25,739.661373,https://charts-cdn.checkonchain.com/btconchain/realised/lthsopr_indicator/lthsopr_indicator_light.html,2026-10-06
2017-10-26,744.516308,https://charts-cdn.checkonchain.com/btconchain/realised/lthsopr_indicator/lthsopr_indicator_light.html,2026-10-06
2017-10-27,747.022603,https://charts-cdn.checkonchain.com/btconchain/realised/lthsopr_indicator/lthsopr_indicator_light.html,2026-10-06
2017-10-28,751.261963,https://charts-cdn.checkonchain.com/btconchain/realised/lthsopr_indicator/lthsopr_indicator_light.html,2026-10-06
2017-10-29,758.256928,https://charts-cdn.checkonchain.com/btconchain/realised/lthsopr_indicator/lthsopr_indicator_light.html,2026-10-06
2017-10-30,759.378292,https://charts-cdn.checkonchain.com/btconchain/realised/lthsopr_indicator/lthsopr_indicator_light.html,2026-10-06
2017-10-31,761.996651,https://charts-cdn.checkonchain.com/btconchain/realised/lthsopr_indicator/lthsopr_indicator_light.html,2026-10-06
2017-11-01,768.749090,https://charts-cdn.checkonchain.com/btconchain/realised/lthsopr_indicator/lthsopr_indicator_light.html,2026-10-06
2017-11-02,770.169859,https://charts-cdn.checkonchain.com/btconchain/realised/lthsopr_indicator/lthsopr_indicator_light.html,2026-10-06
2017-11-03,776.712130,https://charts-cdn.checkonchain.com/btconchain/realised/lthsopr_indicator/lthsopr_indicator_light.html,2026-10-06
2017-11-04,782.407013,https://charts-cdn.checkonchain.com/btconchain/realised/lthsopr_indicator/lthsopr_indicator_light.html,2026-10-06
2017-11-05,789.366052,https://charts-cdn.checkonchain.com/btconchain/realised/lthsopr_indicator/lthsopr_indicator_light.html,2026-10-06
2017-11-06,796.268557,https://charts-cdn.checkonchain.com/btconchain/realised/lthsopr_indicator/lthsopr_indicator_light.html,2026-10-06
2017-11-07,799.249147,https://charts-cdn.checkonchain.com/btconchain/realised/lthsopr_indicator/lthsopr_indicator_light.html,2026-10-06
2017-11-08,802.266516,https://charts-cdn.checkonchain.com/btconchain/realised/lthsopr_indicator/lthsopr_indicator_light.html,2026-10-06
2017-11-09,813.523294,https://charts-cdn.checkonchain.com/btconchain/realised/lthsopr_indicator/lthsopr_indicator_light.html,2026-10-06
2017-11-10,830.318143,https://charts-cdn.checkonchain.com/btconchain/realised/lthsopr_indicator/lthsopr_indicator_light.html,2026-10-06
2017-11-11,835.170383,https://charts-cdn.checkonchain.com/btconchain/realised/lthsopr_indicator/lthsopr_indicator_light.html,2026-10-06
2017-11-12,835.986756,https://charts-cdn.checkonchain.com/btconchain/realised/lthsopr_indicator/lthsopr_indicator_light.html,2026-10-06
2017-11-13,837.135674,https://charts-cdn.checkonchain.com/btconchain/realised/lthsopr_indicator/lthsopr_indicator_light.html,2026-10-06
2017-11-14,840.797065,https://charts-cdn.checkonchain.com/btconchain/realised/lthsopr_indicator/lthsopr_indicator_light.html,2026-10-06
2017-11-15,842.016130,https://charts-cdn.checkonchain.com/btconchain/realised/lthsopr_indicator/lthsopr_indicator_light.html,2026-10-06
2017-11-16,847.635123,https://charts-cdn.checkonchain.com/btconchain/realised/lthsopr_indicator/lthsopr_indicator_light.html,2026-10-06
2017-11-17,852.093946,https://charts-cdn.checkonchain.com/btconchain/realised/lthsopr_indicator/lthsopr_indicator_light.html,2026-10-06
2017-11-18,855.609789,https://charts-cdn.checkonchain.com/btconchain/realised/lthsopr_indicator/lthsopr_indicator_light.html,2026-10-06
2017-11-19,861.163781,https://charts-cdn.checkonchain.com/btconchain/realised/lthsopr_indicator/lthsopr_indicator_light.html,2026-10-06
2017-11-20,863.682230,https://charts-cdn.checkonchain.com/btconchain/realised/lthsopr_indicator/lthsopr_indicator_light.html,2026-10-06
2017-11-21,865.908181,https://charts-cdn.checkonchain.com/btconchain/realised/lthsopr_indicator/lthsopr_indicator_light.html,2026-10-06
2017-11-22,866.145469,https://charts-cdn.checkonchain.com/btconchain/realised/lthsopr_indicator/lthsopr_indicator_light.html,2026-10-06
2017-11-23,868.739783,https://charts-cdn.checkonchain.com/btconchain/realised/lthsopr_indicator/lthsopr_indicator_light.html,2026-10-06
2017-11-24,869.418190,https://charts-cdn.checkonchain.com/btconchain/realised/lthsopr_indicator/lthsopr_indicator_light.html,2026-10-06
2017-11-25,872.439691,https://charts-cdn.checkonchain.com/btconchain/realised/lthsopr_indicator/lthsopr_indicator_light.html,2026-10-06
2017-11-26,875.540867,https://charts-cdn.checkonchain.com/btconchain/realised/lthsopr_indicator/lthsopr_indicator_light.html,2026-10-06
2017-11-27,885.162419,https://charts-cdn.checkonchain.com/btconchain/realised/lthsopr_indicator/lthsopr_indicator_light.html,2026-10-06
2017-11-28,893.348393,https://charts-cdn.checkonchain.com/btconchain/realised/lthsopr_indicator/lthsopr_indicator_light.html,2026-10-06
2017-11-29,895.870040,https://charts-cdn.checkonchain.com/btconchain/realised/lthsopr_indicator/lthsopr_indicator_light.html,2026-10-06
2017-11-30,902.646887,https://charts-cdn.checkonchain.com/btconchain/realised/lthsopr_indicator/lthsopr_indicator_light.html,2026-10-06
2017-12-01,907.644306,https://charts-cdn.checkonchain.com/btconchain/realised/lthsopr_indicator/lthsopr_indicator_light.html,2026-10-06
2017-12-02,914.451716,https://charts-cdn.checkonchain.com/btconchain/realised/lthsopr_indicator/lthsopr_indicator_light.html,2026-10-06
2017-12-03,919.327576,https://charts-cdn.checkonchain.com/btconchain/realised/lthsopr_indicator/lthsopr_indicator_light.html,2026-10-06
2017-12-04,922.974801,https://charts-cdn.checkonchain.com/btconchain/realised/lthsopr_indicator/lthsopr_indicator_light.html,2026-10-06
2017-12-05,924.865259,https://charts-cdn.checkonchain.com/btconchain/realised/lthsopr_indicator/lthsopr_indicator_light.html,2026-10-06
2017-12-06,922.724548,https://charts-cdn.checkonchain.com/btconchain/realised/lthsopr_indicator/lthsopr_indicator_light.html,2026-10-06
2017-12-07,917.405792,https://charts-cdn.checkonchain.com/btconchain/realised/lthsopr_indicator/lthsopr_indicator_light.html,2026-10-06
2017-12-08,918.787747,https://charts-cdn.checkonchain.com/btconchain/realised/lthsopr_indicator/lthsopr_indicator_light.html,2026-10-06
2017-12-09,922.015184,https://charts-cdn.checkonchain.com/btconchain/realised/lthsopr_indicator/lthsopr_indicator_light.html,2026-10-06
2017-12-10,923.630919,https://charts-cdn.checkonchain.com/btconchain/realised/lthsopr_indicator/lthsopr_indicator_light.html,2026-10-06
2017-12-11,924.758781,https://charts-cdn.checkonchain.com/btconchain/realised/lthsopr_indicator/lthsopr_indicator_light.html,2026-10-06
2017-12-12,921.824308,https://charts-cdn.checkonchain.com/btconchain/realised/lthsopr_indicator/lthsopr_indicator_light.html,2026-10-06
2017-12-13,920.832907,https://charts-cdn.checkonchain.com/btconchain/realised/lthsopr_indicator/lthsopr_indicator_light.html,2026-10-06
2017-12-14,921.150301,https://charts-cdn.checkonchain.com/btconchain/realised/lthsopr_indicator/lthsopr_indicator_light.html,2026-10-06
2017-12-15,920.954870,https://charts-cdn.checkonchain.com/btconchain/realised/lthsopr_indicator/lthsopr_indicator_light.html,2026-10-06
2017-12-16,922.870044,https://charts-cdn.checkonchain.com/btconchain/realised/lthsopr_indicator/lthsopr_indicator_light.html,2026-10-06
2017-12-17,924.893044,https://charts-cdn.checkonchain.com/btconchain/realised/lthsopr_indicator/lthsopr_indicator_light.html,2026-10-06
2017-12-18,928.003386,https://charts-cdn.checkonchain.com/btconchain/realised/lthsopr_indicator/lthsopr_indicator_light.html,2026-10-06
2017-12-19,931.069033,https://charts-cdn.checkonchain.com/btconchain/realised/lthsopr_indicator/lthsopr_indicator_light.html,2026-10-06
2017-12-20,932.181976,https://charts-cdn.checkonchain.com/btconchain/realised/lthsopr_indicator/lthsopr_indicator_light.html,2026-10-06
2017-12-21,934.387113,https://charts-cdn.checkonchain.com/btconchain/realised/lthsopr_indicator/lthsopr_indicator_light.html,2026-10-06
2017-12-22,936.827932,https://charts-cdn.checkonchain.com/btconchain/realised/lthsopr_indicator/lthsopr_indicator_light.html,2026-10-06
2017-12-23,942.621115,https://charts-cdn.checkonchain.com/btconchain/realised/lthsopr_indicator/lthsopr_indicator_light.html,2026-10-06
2017-12-24,942.617959,https://charts-cdn.checkonchain.com/btconchain/realised/lthsopr_indicator/lthsopr_indicator_light.html,2026-10-06
2017-12-25,956.854601,https://charts-cdn.checkonchain.com/btconchain/realised/lthsopr_indicator/lthsopr_indicator_light.html,2026-10-06
2017-12-26,977.978615,https://charts-cdn.checkonchain.com/btconchain/realised/lthsopr_indicator/lthsopr_indicator_light.html,2026-10-06
2017-12-27,1031.911350,https://charts-cdn.checkonchain.com/btconchain/realised/lthsopr_indicator/lthsopr_indicator_light.html,2026-10-06
2017-12-28,1058.941135,https://charts-cdn.checkonchain.com/btconchain/realised/lthsopr_indicator/lthsopr_indicator_light.html,2026-10-06
2017-12-29,1073.842623,https://charts-cdn.checkonchain.com/btconchain/realised/lthsopr_indicator/lthsopr_indicator_light.html,2026-10-06
2017-12-30,1094.785332,https://charts-cdn.checkonchain.com/btconchain/realised/lthsopr_indicator/lthsopr_indicator_light.html,2026-10-06
2017-12-31,1112.193073,https://charts-cdn.checkonchain.com/btconchain/realised/lthsopr_indicator/lthsopr_indicator_light.html,2026-10-06
2018-01-01,1126.302959,https://charts-cdn.checkonchain.com/btconchain/realised/lthsopr_indicator/lthsopr_indicator_light.html,2026-10-06
2018-01-02,1148.687298,https://charts-cdn.checkonchain.com/btconchain/realised/lthsopr_indicator/lthsopr_indicator_light.html,2026-10-06
2018-01-03,1157.927196,https://charts-cdn.checkonchain.com/btconchain/realised/lthsopr_indicator/lthsopr_indicator_light.html,2026-10-06
2018-01-04,1174.439355,https://charts-cdn.checkonchain.com/btconchain/realised/lthsopr_indicator/lthsopr_indicator_light.html,2026-10-06
2018-01-05,1203.350231,https://charts-cdn.checkonchain.com/btconchain/realised/lthsopr_indicator/lthsopr_indicator_light.html,2026-10-06
2018-01-06,1229.762287,https://charts-cdn.checkonchain.com/btconchain/realised/lthsopr_indicator/lthsopr_indicator_light.html,2026-10-06
2018-01-07,1239.576647,https://charts-cdn.checkonchain.com/btconchain/realised/lthsopr_indicator/lthsopr_indicator_light.html,2026-10-06
2018-01-08,1250.101519,https://charts-cdn.checkonchain.com/btconchain/realised/lthsopr_indicator/lthsopr_indicator_light.html,2026-10-06
2018-01-09,1263.012738,https://charts-cdn.checkonchain.com/btconchain/realised/lthsopr_indicator/lthsopr_indicator_light.html,2026-10-06
2018-01-10,1272.133348,https://charts-cdn.checkonchain.com/btconchain/realised/lthsopr_indicator/lthsopr_indicator_light.html,2026-10-06
2018-01-11,1280.854542,https://charts-cdn.checkonchain.com/btconchain/realised/lthsopr_indicator/lthsopr_indicator_light.html,2026-10-06
2018-01-12,1296.454263,https://charts-cdn.checkonchain.com/btconchain/realised/lthsopr_indicator/lthsopr_indicator_light.html,2026-10-06
2018-01-13,1306.015460,https://charts-cdn.checkonchain.com/btconchain/realised/lthsopr_indicator/lthsopr_indicator_light.html,2026-10-06
2018-01-14,1322.526734,https://charts-cdn.checkonchain.com/btconchain/realised/lthsopr_indicator/lthsopr_indicator_light.html,2026-10-06
2018-01-15,1334.121682,https://charts-cdn.checkonchain.com/btconchain/realised/lthsopr_indicator/lthsopr_indicator_light.html,2026-10-06
2018-01-16,1343.637046,https://charts-cdn.checkonchain.com/btconchain/realised/lthsopr_indicator/lthsopr_indicator_light.html,2026-10-06
2018-01-17,1348.470900,https://charts-cdn.checkonchain.com/btconchain/realised/lthsopr_indicator/lthsopr_indicator_light.html,2026-10-06
2018-01-18,1357.964378,https://charts-cdn.checkonchain.com/btconchain/realised/lthsopr_indicator/lthsopr_indicator_light.html,2026-10-06
2018-01-19,1371.127665,https://charts-cdn.checkonchain.com/btconchain/realised/lthsopr_indicator/lthsopr_indicator_light.html,2026-10-06
2018-01-20,1391.524742,https://charts-cdn.checkonchain.com/btconchain/realised/lthsopr_indicator/lthsopr_indicator_light.html,2026-10-06
2018-01-21,1399.665750,https://charts-cdn.checkonchain.com/btconchain/realised/lthsopr_indicator/lthsopr_indicator_light.html,2026-10-06
2018-01-22,1408.826637,https://charts-cdn.checkonchain.com/btconchain/realised/lthsopr_indicator/lthsopr_indicator_light.html,2026-10-06
2018-01-23,1415.461534,https://charts-cdn.checkonchain.com/btconchain/realised/lthsopr_indicator/lthsopr_indicator_light.html,2026-10-06
2018-01-24,1430.197955,https://charts-cdn.checkonchain.com/btconchain/realised/lthsopr_indicator/lthsopr_indicator_light.html,2026-10-06
2018-01-25,1437.940466,https://charts-cdn.checkonchain.com/btconchain/realised/lthsopr_indicator/lthsopr_indicator_light.html,2026-10-06
2018-01-26,1453.406359,https://charts-cdn.checkonchain.com/btconchain/realised/lthsopr_indicator/lthsopr_indicator_light.html,2026-10-06
2018-01-27,1465.965995,https://charts-cdn.checkonchain.com/btconchain/realised/lthsopr_indicator/lthsopr_indicator_light.html,2026-10-06
2018-01-28,1474.198233,https://charts-cdn.checkonchain.com/btconchain/realised/lthsopr_indicator/lthsopr_indicator_light.html,2026-10-06
2018-01-29,1487.000816,https://charts-cdn.checkonchain.com/btconchain/realised/lthsopr_indicator/lthsopr_indicator_light.html,2026-10-06
2018-01-30,1495.755282,https://charts-cdn.checkonchain.com/btconchain/realised/lthsopr_indicator/lthsopr_indicator_light.html,2026-10-06
2018-01-31,1506.933920,https://charts-cdn.checkonchain.com/btconchain/realised/lthsopr_indicator/lthsopr_indicator_light.html,2026-10-06
2018-02-01,1509.897773,https://charts-cdn.checkonchain.com/btconchain/realised/lthsopr_indicator/lthsopr_indicator_light.html,2026-10-06
2018-02-02,1521.142063,https://charts-cdn.checkonchain.com/btconchain/realised/lthsopr_indicator/lthsopr_indicator_light.html,2026-10-06
2018-02-03,1534.394803,https://charts-cdn.checkonchain.com/btconchain/realised/lthsopr_indicator/lthsopr_indicator_light.html,2026-10-06
2018-02-04,1541.767161,https://charts-cdn.checkonchain.com/btconchain/realised/lthsopr_indicator/lthsopr_indicator_light.html,2026-10-06
2018-02-05,1546.672367,https://charts-cdn.checkonchain.com/btconchain/realised/lthsopr_indicator/lthsopr_indicator_light.html,2026-10-06
2018-02-06,1550.085096,https://charts-cdn.checkonchain.com/btconchain/realised/lthsopr_indicator/lthsopr_indicator_light.html,2026-10-06
2018-02-07,1555.804239,https://charts-cdn.checkonchain.com/btconchain/realised/lthsopr_indicator/lthsopr_indicator_light.html,2026-10-06
2018-02-08,1569.724677,https://charts-cdn.checkonchain.com/btconchain/realised/lthsopr_indicator/lthsopr_indicator_light.html,2026-10-06
2018-02-09,1577.943050,https://charts-cdn.checkonchain.com/btconchain/realised/lthsopr_indicator/lthsopr_indicator_light.html,2026-10-06
2018-02-10,1586.014756,https://charts-cdn.checkonchain.com/btconchain/realised/lthsopr_indicator/lthsopr_indicator_light.html,2026-10-06
2018-02-11,1594.481518,https://charts-cdn.checkonchain.com/btconchain/realised/lthsopr_indicator/lthsopr_indicator_light.html,2026-10-06
2018-02-12,1603.244434,https://charts-cdn.checkonchain.com/btconchain/realised/lthsopr_indicator/lthsopr_indicator_light.html,2026-10-06
2018-02-13,1609.266945,https://charts-cdn.checkonchain.com/btconchain/realised/lthsopr_indicator/lthsopr_indicator_light.html,2026-10-06
2018-02-14,1615.402808,https://charts-cdn.checkonchain.com/btconchain/realised/lthsopr_indicator/lthsopr_indicator_light.html,2026-10-06
2018-02-15,1619.070380,https://charts-cdn.checkonchain.com/btconchain/realised/lthsopr_indicator/lthsopr_indicator_light.html,2026-10-06
2018-02-16,1626.535354,https://charts-cdn.checkonchain.com/btconchain/realised/lthsopr_indicator/lthsopr_indicator_light.html,2026-10-06
2018-02-17,1633.770725,https://charts-cdn.checkonchain.com/btconchain/realised/lthsopr_indicator/lthsopr_indicator_light.html,2026-10-06
2018-02-18,1643.880120,https://charts-cdn.checkonchain.com/btconchain/realised/lthsopr_indicator/lthsopr_indicator_light.html,2026-10-06
2018-02-19,1649.430304,https://charts-cdn.checkonchain.com/btconchain/realised/lthsopr_indicator/lthsopr_indicator_light.html,2026-10-06
2018-02-20,1656.022375,https://charts-cdn.checkonchain.com/btconchain/realised/lthsopr_indicator/lthsopr_indicator_light.html,2026-10-06
2018-02-21,1658.518623,https://charts-cdn.checkonchain.com/btconchain/realised/lthsopr_indicator/lthsopr_indicator_light.html,2026-10-06
2018-02-22,1674.168240,https://charts-cdn.checkonchain.com/btconchain/realised/lthsopr_indicator/lthsopr_indicator_light.html,2026-10-06
2018-02-23,1696.859697,https://charts-cdn.checkonchain.com/btconchain/realised/lthsopr_indicator/lthsopr_indicator_light.html,2026-10-06
2018-02-24,1704.352300,https://charts-cdn.checkonchain.com/btconchain/realised/lthsopr_indicator/lthsopr_indicator_light.html,2026-10-06
2018-02-25,1710.251957,https://charts-cdn.checkonchain.com/btconchain/realised/lthsopr_indicator/lthsopr_indicator_light.html,2026-10-06
2018-02-26,1713.715138,https://charts-cdn.checkonchain.com/btconchain/realised/lthsopr_indicator/lthsopr_indicator_light.html,2026-10-06
2018-02-27,1718.055559,https://charts-cdn.checkonchain.com/btconchain/realised/lthsopr_indicator/lthsopr_indicator_light.html,2026-10-06
2018-02-28,1703.275018,https://charts-cdn.checkonchain.com/btconchain/realised/lthsopr_indicator/lthsopr_indicator_light.html,2026-10-06
2018-03-01,1709.321232,https://charts-cdn.checkonchain.com/btconchain/realised/lthsopr_indicator/lthsopr_indicator_light.html,2026-10-06
2018-03-02,1715.847152,https://charts-cdn.checkonchain.com/btconchain/realised/lthsopr_indicator/lthsopr_indicator_light.html,2026-10-06
2018-03-03,1720.459293,https://charts-cdn.checkonchain.com/btconchain/realised/lthsopr_indicator/lthsopr_indicator_light.html,2026-10-06
2018-03-04,1723.651127,https://charts-cdn.checkonchain.com/btconchain/realised/lthsopr_indicator/lthsopr_indicator_light.html,2026-10-06
2018-03-05,1727.246274,https://charts-cdn.checkonchain.com/btconchain/realised/lthsopr_indicator/lthsopr_indicator_light.html,2026-10-06
2018-03-06,1731.785847,https://charts-cdn.checkonchain.com/btconchain/realised/lthsopr_indicator/lthsopr_indicator_light.html,2026-10-06
2018-03-07,1737.395256,https://charts-cdn.checkonchain.com/btconchain/realised/lthsopr_indicator/lthsopr_indicator_light.html,2026-10-06
2018-03-08,1750.812712,https://charts-cdn.checkonchain.com/btconchain/realised/lthsopr_indicator/lthsopr_indicator_light.html,2026-10-06
2018-03-09,1765.582885,https://charts-cdn.checkonchain.com/btconchain/realised/lthsopr_indicator/lthsopr_indicator_light.html,2026-10-06
2018-03-10,1774.436254,https://charts-cdn.checkonchain.com/btconchain/realised/lthsopr_indicator/lthsopr_indicator_light.html,2026-10-06
2018-03-11,1780.142442,https://charts-cdn.checkonchain.com/btconchain/realised/lthsopr_indicator/lthsopr_indicator_light.html,2026-10-06
2018-03-12,1801.269592,https://charts-cdn.checkonchain.com/btconchain/realised/lthsopr_indicator/lthsopr_indicator_light.html,2026-10-06
2018-03-13,1810.444446,https://charts-cdn.checkonchain.com/btconchain/realised/lthsopr_indicator/lthsopr_indicator_light.html,2026-10-06
2018-03-14,1823.582520,https://charts-cdn.checkonchain.com/btconchain/realised/lthsopr_indicator/lthsopr_indicator_light.html,2026-10-06
2018-03-15,1840.313145,https://charts-cdn.checkonchain.com/btconchain/realised/lthsopr_indicator/lthsopr_indicator_light.html,2026-10-06
2018-03-16,1854.795944,https://charts-cdn.checkonchain.com/btconchain/realised/lthsopr_indicator/lthsopr_indicator_light.html,2026-10-06
2018-03-17,1876.516623,https://charts-cdn.checkonchain.com/btconchain/realised/lthsopr_indicator/lthsopr_indicator_light.html,2026-10-06
2018-03-18,1892.727662,https://charts-cdn.checkonchain.com/btconchain/realised/lthsopr_indicator/lthsopr_indicator_light.html,2026-10-06
2018-03-19,1900.931207,https://charts-cdn.checkonchain.com/btconchain/realised/lthsopr_indicator/lthsopr_indicator_light.html,2026-10-06
2018-03-20,1909.487831,https://charts-cdn.checkonchain.com/btconchain/realised/lthsopr_indicator/lthsopr_indicator_light.html,2026-10-06
2018-03-21,1929.700274,https://charts-cdn.checkonchain.com/btconchain/realised/lthsopr_indicator/lthsopr_indicator_light.html,2026-10-06
2018-03-22,1974.048307,https://charts-cdn.checkonchain.com/btconchain/realised/lthsopr_indicator/lthsopr_indicator_light.html,2026-10-06
2018-03-23,2005.416817,https://charts-cdn.checkonchain.com/btconchain/realised/lthsopr_indicator/lthsopr_indicator_light.html,2026-10-06
2018-03-24,2021.539140,https://charts-cdn.checkonchain.com/btconchain/realised/lthsopr_indicator/lthsopr_indicator_light.html,2026-10-06
2018-03-25,2030.627921,https://charts-cdn.checkonchain.com/btconchain/realised/lthsopr_indicator/lthsopr_indicator_light.html,2026-10-06
2018-03-26,2039.861985,https://charts-cdn.checkonchain.com/btconchain/realised/lthsopr_indicator/lthsopr_indicator_light.html,2026-10-06
2018-03-27,2043.820778,https://charts-cdn.checkonchain.com/btconchain/realised/lthsopr_indicator/lthsopr_indicator_light.html,2026-10-06
2018-03-28,2052.037071,https://charts-cdn.checkonchain.com/btconchain/realised/lthsopr_indicator/lthsopr_indicator_light.html,2026-10-06
2018-03-29,2059.837283,https://charts-cdn.checkonchain.com/btconchain/realised/lthsopr_indicator/lthsopr_indicator_light.html,2026-10-06
2018-03-30,2067.796280,https://charts-cdn.checkonchain.com/btconchain/realised/lthsopr_indicator/lthsopr_indicator_light.html,2026-10-06
2018-03-31,2089.107543,https://charts-cdn.checkonchain.com/btconchain/realised/lthsopr_indicator/lthsopr_indicator_light.html,2026-10-06
2018-04-01,2118.660280,https://charts-cdn.checkonchain.com/btconchain/realised/lthsopr_indicator/lthsopr_indicator_light.html,2026-10-06
2018-04-02,2135.617766,https://charts-cdn.checkonchain.com/btconchain/realised/lthsopr_indicator/lthsopr_indicator_light.html,2026-10-06
2018-04-03,2149.893363,https://charts-cdn.checkonchain.com/btconchain/realised/lthsopr_indicator/lthsopr_indicator_light.html,2026-10-06
2018-04-04,2176.690216,https://charts-cdn.checkonchain.com/btconchain/realised/lthsopr_indicator/lthsopr_indicator_light.html,2026-10-06
2018-04-05,2196.389943,https://charts-cdn.checkonchain.com/btconchain/realised/lthsopr_indicator/lthsopr_indicator_light.html,2026-10-06
2018-04-06,2214.876474,https://charts-cdn.checkonchain.com/btconchain/realised/lthsopr_indicator/lthsopr_indicator_light.html,2026-10-06
2018-04-07,2231.194950,https://charts-cdn.checkonchain.com/btconchain/realised/lthsopr_indicator/lthsopr_indicator_light.html,2026-10-06
2018-04-08,2248.303475,https://charts-cdn.checkonchain.com/btconchain/realised/lthsopr_indicator/lthsopr_indicator_light.html,2026-10-06
2018-04-09,2269.441403,https://charts-cdn.checkonchain.com/btconchain/realised/lthsopr_indicator/lthsopr_indicator_light.html,2026-10-06
2018-04-10,2276.408571,https://charts-cdn.checkonchain.com/btconchain/realised/lthsopr_indicator/lthsopr_indicator_light.html,2026-10-06
2018-04-11,2314.342305,https://charts-cdn.checkonchain.com/btconchain/realised/lthsopr_indicator/lthsopr_indicator_light.html,2026-10-06
2018-04-12,2342.192353,https://charts-cdn.checkonchain.com/btconchain/realised/lthsopr_indicator/lthsopr_indicator_light.html,2026-10-06
2018-04-13,2365.294798,https://charts-cdn.checkonchain.com/btconchain/realised/lthsopr_indicator/lthsopr_indicator_light.html,2026-10-06
2018-04-14,2399.542651,https://charts-cdn.checkonchain.com/btconchain/realised/lthsopr_indicator/lthsopr_indicator_light.html,2026-10-06
2018-04-15,2429.234760,https://charts-cdn.checkonchain.com/btconchain/realised/lthsopr_indicator/lthsopr_indicator_light.html,2026-10-06
2018-04-16,2465.433894,https://charts-cdn.checkonchain.com/btconchain/realised/lthsopr_indicator/lthsopr_indicator_light.html,2026-10-06
2018-04-17,2510.357578,https://charts-cdn.checkonchain.com/btconchain/realised/lthsopr_indicator/lthsopr_indicator_light.html,2026-10-06
2018-04-18,2526.491009,https://charts-cdn.checkonchain.com/btconchain/realised/lthsopr_indicator/lthsopr_indicator_light.html,2026-10-06
2018-04-19,2550.694343,https://charts-cdn.checkonchain.com/btconchain/realised/lthsopr_indicator/lthsopr_indicator_light.html,2026-10-06
2018-04-20,2586.980403,https://charts-cdn.checkonchain.com/btconchain/realised/lthsopr_indicator/lthsopr_indicator_light.html,2026-10-06
2018-04-21,2607.113907,https://charts-cdn.checkonchain.com/btconchain/realised/lthsopr_indicator/lthsopr_indicator_light.html,2026-10-06
2018-04-22,2626.522479,https://charts-cdn.checkonchain.com/btconchain/realised/lthsopr_indicator/lthsopr_indicator_light.html,2026-10-06
2018-04-23,2660.169402,https://charts-cdn.checkonchain.com/btconchain/realised/lthsopr_indicator/lthsopr_indicator_light.html,2026-10-06
2018-04-24,2671.721525,https://charts-cdn.checkonchain.com/btconchain/realised/lthsopr_indicator/lthsopr_indicator_light.html,2026-10-06
2018-04-25,2697.376175,https://charts-cdn.checkonchain.com/btconchain/realised/lthsopr_indicator/lthsopr_indicator_light.html,2026-10-06
2018-04-26,2725.019337,https://charts-cdn.checkonchain.com/btconchain/realised/lthsopr_indicator/lthsopr_indicator_light.html,2026-10-06
2018-04-27,2772.763251,https://charts-cdn.checkonchain.com/btconchain/realised/lthsopr_indicator/lthsopr_indicator_light.html,2026-10-06
2018-04-28,2841.433260,https://charts-cdn.checkonchain.com/btconchain/realised/lthsopr_indicator/lthsopr_indicator_light.html,2026-10-06
2018-04-29,2869.462895,https://charts-cdn.checkonchain.com/btconchain/realised/lthsopr_indicator/lthsopr_indicator_light.html,2026-10-06
2018-04-30,2897.210854,https://charts-cdn.checkonchain.com/btconchain/realised/lthsopr_indicator/lthsopr_indicator_light.html,2026-10-06
2018-05-01,2935.846002,https://charts-cdn.checkonchain.com/btconchain/realised/lthsopr_indicator/lthsopr_indicator_light.html,2026-10-06
2018-05-02,2957.477975,https://charts-cdn.checkonchain.com/btconchain/realised/lthsopr_indicator/lthsopr_indicator_light.html,2026-10-06
2018-05-03,2982.405383,https://charts-cdn.checkonchain.com/btconchain/realised/lthsopr_indicator/lthsopr_indicator_light.html,2026-10-06
2018-05-04,3021.583564,https://charts-cdn.checkonchain.com/btconchain/realised/lthsopr_indicator/lthsopr_indicator_light.html,2026-10-06
2018-05-05,3067.685609,https://charts-cdn.checkonchain.com/btconchain/realised/lthsopr_indicator/lthsopr_indicator_light.html,2026-10-06
2018-05-06,3185.418115,https://charts-cdn.checkonchain.com/btconchain/realised/lthsopr_indicator/lthsopr_indicator_light.html,2026-10-06
2018-05-07,3295.587339,https://charts-cdn.checkonchain.com/btconchain/realised/lthsopr_indicator/lthsopr_indicator_light.html,2026-10-06
2018-05-08,3352.839085,https://charts-cdn.checkonchain.com/btconchain/realised/lthsopr_indicator/lthsopr_indicator_light.html,2026-10-06
2018-05-09,3392.833203,https://charts-cdn.checkonchain.com/btconchain/realised/lthsopr_indicator/lthsopr_indicator_light.html,2026-10-06
2018-05-10,3448.640090,https://charts-cdn.checkonchain.com/btconchain/realised/lthsopr_indicator/lthsopr_indicator_light.html,2026-10-06
2018-05-11,3566.956169,https://charts-cdn.checkonchain.com/btconchain/realised/lthsopr_indicator/lthsopr_indicator_light.html,2026-10-06
2018-05-12,3735.595553,https://charts-cdn.checkonchain.com/btconchain/realised/lthsopr_indicator/lthsopr_indicator_light.html,2026-10-06
2018-05-13,3811.852975,https://charts-cdn.checkonchain.com/btconchain/realised/lthsopr_indicator/lthsopr_indicator_light.html,2026-10-06
2018-05-14,3855.791181,https://charts-cdn.checkonchain.com/btconchain/realised/lthsopr_indicator/lthsopr_indicator_light.html,2026-10-06
2018-05-15,3969.923635,https://charts-cdn.checkonchain.com/btconchain/realised/lthsopr_indicator/lthsopr_indicator_light.html,2026-10-06
2018-05-16,4169.188860,https://charts-cdn.checkonchain.com/btconchain/realised/lthsopr_indicator/lthsopr_indicator_light.html,2026-10-06
2018-05-17,4215.540184,https://charts-cdn.checkonchain.com/btconchain/realised/lthsopr_indicator/lthsopr_indicator_light.html,2026-10-06
2018-05-18,4266.929239,https://charts-cdn.checkonchain.com/btconchain/realised/lthsopr_indicator/lthsopr_indicator_light.html,2026-10-06
2018-05-19,4349.092956,https://charts-cdn.checkonchain.com/btconchain/realised/lthsopr_indicator/lthsopr_indicator_light.html,2026-10-06
2018-05-20,4404.331184,https://charts-cdn.checkonchain.com/btconchain/realised/lthsopr_indicator/lthsopr_indicator_light.html,2026-10-06
2018-05-21,4455.440986,https://charts-cdn.checkonchain.com/btconchain/realised/lthsopr_indicator/lthsopr_indicator_light.html,2026-10-06
2018-05-22,4493.781006,https://charts-cdn.checkonchain.com/btconchain/realised/lthsopr_indicator/lthsopr_indicator_light.html,2026-10-06
2018-05-23,4535.629076,https://charts-cdn.checkonchain.com/btconchain/realised/lthsopr_indicator/lthsopr_indicator_light.html,2026-10-06
2018-05-24,4562.690244,https://charts-cdn.checkonchain.com/btconchain/realised/lthsopr_indicator/lthsopr_indicator_light.html,2026-10-06
2018-05-25,4606.034550,https://charts-cdn.checkonchain.com/btconchain/realised/lthsopr_indicator/lthsopr_indicator_light.html,2026-10-06
2018-05-26,4679.081088,https://charts-cdn.checkonchain.com/btconchain/realised/lthsopr_indicator/lthsopr_indicator_light.html,2026-10-06
2018-05-27,4729.653511,https://charts-cdn.checkonchain.com/btconchain/realised/lthsopr_indicator/lthsopr_indicator_light.html,2026-10-06
2018-05-28,4783.537496,https://charts-cdn.checkonchain.com/btconchain/realised/lthsopr_indicator/lthsopr_indicator_light.html,2026-10-06
2018-05-29,4942.403183,https://charts-cdn.checkonchain.com/btconchain/realised/lthsopr_indicator/lthsopr_indicator_light.html,2026-10-06
2018-05-30,5056.168974,https://charts-cdn.checkonchain.com/btconchain/realised/lthsopr_indicator/lthsopr_indicator_light.html,2026-10-06
2018-05-31,5109.618503,https://charts-cdn.checkonchain.com/btconchain/realised/lthsopr_indicator/lthsopr_indicator_light.html,2026-10-06
2018-06-01,5174.691882,https://charts-cdn.checkonchain.com/btconchain/realised/lthsopr_indicator/lthsopr_indicator_light.html,2026-10-06
2018-06-02,5216.727156,https://charts-cdn.checkonchain.com/btconchain/realised/lthsopr_indicator/lthsopr_indicator_light.html,2026-10-06
2018-06-03,5278.070559,https://charts-cdn.checkonchain.com/btconchain/realised/lthsopr_indicator/lthsopr_indicator_light.html,2026-10-06
2018-06-04,5347.406760,https://charts-cdn.checkonchain.com/btconchain/realised/lthsopr_indicator/lthsopr_indicator_light.html,2026-10-06
2018-06-05,5409.188341,https://charts-cdn.checkonchain.com/btconchain/realised/lthsopr_indicator/lthsopr_indicator_light.html,2026-10-06
2018-06-06,5612.233588,https://charts-cdn.checkonchain.com/btconchain/realised/lthsopr_indicator/lthsopr_indicator_light.html,2026-10-06
2018-06-07,5701.829441,https://charts-cdn.checkonchain.com/btconchain/realised/lthsopr_indicator/lthsopr_indicator_light.html,2026-10-06
2018-06-08,5757.902858,https://charts-cdn.checkonchain.com/btconchain/realised/lthsopr_indicator/lthsopr_indicator_light.html,2026-10-06
2018-06-09,5795.996545,https://charts-cdn.checkonchain.com/btconchain/realised/lthsopr_indicator/lthsopr_indicator_light.html,2026-10-06
2018-06-10,5851.348836,https://charts-cdn.checkonchain.com/btconchain/realised/lthsopr_indicator/lthsopr_indicator_light.html,2026-10-06
2018-06-11,5903.674912,https://charts-cdn.checkonchain.com/btconchain/realised/lthsopr_indicator/lthsopr_indicator_light.html,2026-10-06
2018-06-12,5944.153431,https://charts-cdn.checkonchain.com/btconchain/realised/lthsopr_indicator/lthsopr_indicator_light.html,2026-10-06
2018-06-13,5981.343864,https://charts-cdn.checkonchain.com/btconchain/realised/lthsopr_indicator/lthsopr_indicator_light.html,2026-10-06
2018-06-14,6025.502939,https://charts-cdn.checkonchain.com/btconchain/realised/lthsopr_indicator/lthsopr_indicator_light.html,2026-10-06
2018-06-15,6074.658238,https://charts-cdn.checkonchain.com/btconchain/realised/lthsopr_indicator/lthsopr_indicator_light.html,2026-10-06
2018-06-16,6125.772686,https://charts-cdn.checkonchain.com/btconchain/realised/lthsopr_indicator/lthsopr_indicator_light.html,2026-10-06
2018-06-17,6161.131155,https://charts-cdn.checkonchain.com/btconchain/realised/lthsopr_indicator/lthsopr_indicator_light.html,2026-10-06
2018-06-18,6186.673977,https://charts-cdn.checkonchain.com/btconchain/realised/lthsopr_indicator/lthsopr_indicator_light.html,2026-10-06
2018-06-19,6223.697857,https://charts-cdn.checkonchain.com/btconchain/realised/lthsopr_indicator/lthsopr_indicator_light.html,2026-10-06
2018-06-20,6251.080624,https://charts-cdn.checkonchain.com/btconchain/realised/lthsopr_indicator/lthsopr_indicator_light.html,2026-10-06
2018-06-21,6280.901475,https://charts-cdn.checkonchain.com/btconchain/realised/lthsopr_indicator/lthsopr_indicator_light.html,2026-10-06
2018-06-22,6301.213197,https://charts-cdn.checkonchain.com/btconchain/realised/lthsopr_indicator/lthsopr_indicator_light.html,2026-10-06
2018-06-23,6323.202665,https://charts-cdn.checkonchain.com/btconchain/realised/lthsopr_indicator/lthsopr_indicator_light.html,2026-10-06
2018-06-24,6341.474170,https://charts-cdn.checkonchain.com/btconchain/realised/lthsopr_indicator/lthsopr_indicator_light.html,2026-10-06
2018-06-25,6399.864274,https://charts-cdn.checkonchain.com/btconchain/realised/lthsopr_indicator/lthsopr_indicator_light.html,2026-10-06
2018-06-26,6422.166022,https://charts-cdn.checkonchain.com/btconchain/realised/lthsopr_indicator/lthsopr_indicator_light.html,2026-10-06
2018-06-27,6332.761759,https://charts-cdn.checkonchain.com/btconchain/realised/lthsopr_indicator/lthsopr_indicator_light.html,2026-10-06
2018-06-28,6353.662007,https://charts-cdn.checkonchain.com/btconchain/realised/lthsopr_indicator/lthsopr_indicator_light.html,2026-10-06
2018-06-29,6375.631689,https://charts-cdn.checkonchain.com/btconchain/realised/lthsopr_indicator/lthsopr_indicator_light.html,2026-10-06
2018-06-30,6397.377553,https://charts-cdn.checkonchain.com/btconchain/realised/lthsopr_indicator/lthsopr_indicator_light.html,2026-10-06
2018-07-01,6419.367471,https://charts-cdn.checkonchain.com/btconchain/realised/lthsopr_indicator/lthsopr_indicator_light.html,2026-10-06
2018-07-02,6439.452811,https://charts-cdn.checkonchain.com/btconchain/realised/lthsopr_indicator/lthsopr_indicator_light.html,2026-10-06
2018-07-03,6447.374347,https://charts-cdn.checkonchain.com/btconchain/realised/lthsopr_indicator/lthsopr_indicator_light.html,2026-10-06
2018-07-04,6480.676208,https://charts-cdn.checkonchain.com/btconchain/realised/lthsopr_indicator/lthsopr_indicator_light.html,2026-10-06
2018-07-05,6501.914212,https://charts-cdn.checkonchain.com/btconchain/realised/lthsopr_indicator/lthsopr_indicator_light.html,2026-10-06
2018-07-06,6515.117370,https://charts-cdn.checkonchain.com/btconchain/realised/lthsopr_indicator/lthsopr_indicator_light.html,2026-10-06
2018-07-07,6532.100222,https://charts-cdn.checkonchain.com/btconchain/realised/lthsopr_indicator/lthsopr_indicator_light.html,2026-10-06
2018-07-08,6554.566446,https://charts-cdn.checkonchain.com/btconchain/realised/lthsopr_indicator/lthsopr_indicator_light.html,2026-10-06
2018-07-09,6574.051621,https://charts-cdn.checkonchain.com/btconchain/realised/lthsopr_indicator/lthsopr_indicator_light.html,2026-10-06
2018-07-10,6581.944855,https://charts-cdn.checkonchain.com/btconchain/realised/lthsopr_indicator/lthsopr_indicator_light.html,2026-10-06
2018-07-11,6590.900389,https://charts-cdn.checkonchain.com/btconchain/realised/lthsopr_indicator/lthsopr_indicator_light.html,2026-10-06
2018-07-12,6599.909983,https://charts-cdn.checkonchain.com/btconchain/realised/lthsopr_indicator/lthsopr_indicator_light.html,2026-10-06
2018-07-13,6605.266193,https://charts-cdn.checkonchain.com/btconchain/realised/lthsopr_indicator/lthsopr_indicator_light.html,2026-10-06
2018-07-14,6630.532012,https://charts-cdn.checkonchain.com/btconchain/realised/lthsopr_indicator/lthsopr_indicator_light.html,2026-10-06
2018-07-15,6658.204766,https://charts-cdn.checkonchain.com/btconchain/realised/lthsopr_indicator/lthsopr_indicator_light.html,2026-10-06
2018-07-16,6674.733740,https://charts-cdn.checkonchain.com/btconchain/realised/lthsopr_indicator/lthsopr_indicator_light.html,2026-10-06
2018-07-17,6688.334128,https://charts-cdn.checkonchain.com/btconchain/realised/lthsopr_indicator/lthsopr_indicator_light.html,2026-10-06
2018-07-18,6690.256972,https://charts-cdn.checkonchain.com/btconchain/realised/lthsopr_indicator/lthsopr_indicator_light.html,2026-10-06
2018-07-19,6696.581046,https://charts-cdn.checkonchain.com/btconchain/realised/lthsopr_indicator/lthsopr_indicator_light.html,2026-10-06
2018-07-20,6723.427807,https://charts-cdn.checkonchain.com/btconchain/realised/lthsopr_indicator/lthsopr_indicator_light.html,2026-10-06
2018-07-21,6736.900401,https://charts-cdn.checkonchain.com/btconchain/realised/lthsopr_indicator/lthsopr_indicator_light.html,2026-10-06
2018-07-22,6845.432823,https://charts-cdn.checkonchain.com/btconchain/realised/lthsopr_indicator/lthsopr_indicator_light.html,2026-10-06
2018-07-23,6854.499135,https://charts-cdn.checkonchain.com/btconchain/realised/lthsopr_indicator/lthsopr_indicator_light.html,2026-10-06
2018-07-24,6888.304000,https://charts-cdn.checkonchain.com/btconchain/realised/lthsopr_indicator/lthsopr_indicator_light.html,2026-10-06
2018-07-25,6891.148418,https://charts-cdn.checkonchain.com/btconchain/realised/lthsopr_indicator/lthsopr_indicator_light.html,2026-10-06
2018-07-26,6902.761729,https://charts-cdn.checkonchain.com/btconchain/realised/lthsopr_indicator/lthsopr_indicator_light.html,2026-10-06
2018-07-27,6918.128950,https://charts-cdn.checkonchain.com/btconchain/realised/lthsopr_indicator/lthsopr_indicator_light.html,2026-10-06
2018-07-28,6951.322892,https://charts-cdn.checkonchain.com/btconchain/realised/lthsopr_indicator/lthsopr_indicator_light.html,2026-10-06
2018-07-29,6973.995076,https://charts-cdn.checkonchain.com/btconchain/realised/lthsopr_indicator/lthsopr_indicator_light.html,2026-10-06
2018-07-30,6987.428343,https://charts-cdn.checkonchain.com/btconchain/realised/lthsopr_indicator/lthsopr_indicator_light.html,2026-10-06
2018-07-31,7004.445206,https://charts-cdn.checkonchain.com/btconchain/realised/lthsopr_indicator/lthsopr_indicator_light.html,2026-10-06
2018-08-01,7023.502224,https://charts-cdn.checkonchain.com/btconchain/realised/lthsopr_indicator/lthsopr_indicator_light.html,2026-10-06
2018-08-02,7077.014626,https://charts-cdn.checkonchain.com/btconchain/realised/lthsopr_indicator/lthsopr_indicator_light.html,2026-10-06
2018-08-03,7088.071720,https://charts-cdn.checkonchain.com/btconchain/realised/lthsopr_indicator/lthsopr_indicator_light.html,2026-10-06
2018-08-04,7096.645263,https://charts-cdn.checkonchain.com/btconchain/realised/lthsopr_indicator/lthsopr_indicator_light.html,2026-10-06
2018-08-05,7111.464469,https://charts-cdn.checkonchain.com/btconchain/realised/lthsopr_indicator/lthsopr_indicator_light.html,2026-10-06
2018-08-06,7154.271421,https://charts-cdn.checkonchain.com/btconchain/realised/lthsopr_indicator/lthsopr_indicator_light.html,2026-10-06
2018-08-07,7161.397448,https://charts-cdn.checkonchain.com/btconchain/realised/lthsopr_indicator/lthsopr_indicator_light.html,2026-10-06
2018-08-08,7176.298237,https://charts-cdn.checkonchain.com/btconchain/realised/lthsopr_indicator/lthsopr_indicator_light.html,2026-10-06
2018-08-09,7176.467923,https://charts-cdn.checkonchain.com/btconchain/realised/lthsopr_indicator/lthsopr_indicator_light.html,2026-10-06
2018-08-10,7197.066239,https://charts-cdn.checkonchain.com/btconchain/realised/lthsopr_indicator/lthsopr_indicator_light.html,2026-10-06
2018-08-11,7202.926418,https://charts-cdn.checkonchain.com/btconchain/realised/lthsopr_indicator/lthsopr_indicator_light.html,2026-10-06
2018-08-12,7212.349302,https://charts-cdn.checkonchain.com/btconchain/realised/lthsopr_indicator/lthsopr_indicator_light.html,2026-10-06
2018-08-13,7223.141979,https://charts-cdn.checkonchain.com/btconchain/realised/lthsopr_indicator/lthsopr_indicator_light.html,2026-10-06
2018-08-14,7219.370250,https://charts-cdn.checkonchain.com/btconchain/realised/lthsopr_indicator/lthsopr_indicator_light.html,2026-10-06
2018-08-15,7214.563792,https://charts-cdn.checkonchain.com/btconchain/realised/lthsopr_indicator/lthsopr_indicator_light.html,2026-10-06
2018-08-16,7223.822398,https://charts-cdn.checkonchain.com/btconchain/realised/lthsopr_indicator/lthsopr_indicator_light.html,2026-10-06
2018-08-17,7230.105607,https://charts-cdn.checkonchain.com/btconchain/realised/lthsopr_indicator/lthsopr_indicator_light.html,2026-10-06
2018-08-18,7240.737447,https://charts-cdn.checkonchain.com/btconchain/realised/lthsopr_indicator/lthsopr_indicator_light.html,2026-10-06
2018-08-19,7253.067336,https://charts-cdn.checkonchain.com/btconchain/realised/lthsopr_indicator/lthsopr_indicator_light.html,2026-10-06
2018-08-20,7257.999525,https://charts-cdn.checkonchain.com/btconchain/realised/lthsopr_indicator/lthsopr_indicator_light.html,2026-10-06
2018-08-21,7259.744977,https://charts-cdn.checkonchain.com/btconchain/realised/lthsopr_indicator/lthsopr_indicator_light.html,2026-10-06
2018-08-22,7260.756812,https://charts-cdn.checkonchain.com/btconchain/realised/lthsopr_indicator/lthsopr_indicator_light.html,2026-10-06
2018-08-23,7268.819641,https://charts-cdn.checkonchain.com/btconchain/realised/lthsopr_indicator/lthsopr_indicator_light.html,2026-10-06
2018-08-24,7281.884333,https://charts-cdn.checkonchain.com/btconchain/realised/lthsopr_indicator/lthsopr_indicator_light.html,2026-10-06
2018-08-25,7287.248939,https://charts-cdn.checkonchain.com/btconchain/realised/lthsopr_indicator/lthsopr_indicator_light.html,2026-10-06
2018-08-26,7296.269152,https://charts-cdn.checkonchain.com/btconchain/realised/lthsopr_indicator/lthsopr_indicator_light.html,2026-10-06
2018-08-27,7305.179250,https://charts-cdn.checkonchain.com/btconchain/realised/lthsopr_indicator/lthsopr_indicator_light.html,2026-10-06
2018-08-28,7307.176462,https://charts-cdn.checkonchain.com/btconchain/realised/lthsopr_indicator/lthsopr_indicator_light.html,2026-10-06
2018-08-29,7308.906906,https://charts-cdn.checkonchain.com/btconchain/realised/lthsopr_indicator/lthsopr_indicator_light.html,2026-10-06
2018-08-30,7311.229139,https://charts-cdn.checkonchain.com/btconchain/realised/lthsopr_indicator/lthsopr_indicator_light.html,2026-10-06
2018-08-31,7311.769277,https://charts-cdn.checkonchain.com/btconchain/realised/lthsopr_indicator/lthsopr_indicator_light.html,2026-10-06
2018-09-01,7317.278666,https://charts-cdn.checkonchain.com/btconchain/realised/lthsopr_indicator/lthsopr_indicator_light.html,2026-10-06
2018-09-02,7321.634747,https://charts-cdn.checkonchain.com/btconchain/realised/lthsopr_indicator/lthsopr_indicator_light.html,2026-10-06
2018-09-03,7321.301921,https://charts-cdn.checkonchain.com/btconchain/realised/lthsopr_indicator/lthsopr_indicator_light.html,2026-10-06
2018-09-04,7322.347646,https://charts-cdn.checkonchain.com/btconchain/realised/lthsopr_indicator/lthsopr_indicator_light.html,2026-10-06
2018-09-05,7323.997191,https://charts-cdn.checkonchain.com/btconchain/realised/lthsopr_indicator/lthsopr_indicator_light.html,2026-10-06
2018-09-06,7323.551658,https://charts-cdn.checkonchain.com/btconchain/realised/lthsopr_indicator/lthsopr_indicator_light.html,2026-10-06
2018-09-07,7327.925499,https://charts-cdn.checkonchain.com/btconchain/realised/lthsopr_indicator/lthsopr_indicator_light.html,2026-10-06
2018-09-08,7330.877797,https://charts-cdn.checkonchain.com/btconchain/realised/lthsopr_indicator/lthsopr_indicator_light.html,2026-10-06
2018-09-09,7339.858510,https://charts-cdn.checkonchain.com/btconchain/realised/lthsopr_indicator/lthsopr_indicator_light.html,2026-10-06
2018-09-10,7347.127725,https://charts-cdn.checkonchain.com/btconchain/realised/lthsopr_indicator/lthsopr_indicator_light.html,2026-10-06
2018-09-11,7340.392793,https://charts-cdn.checkonchain.com/btconchain/realised/lthsopr_indicator/lthsopr_indicator_light.html,2026-10-06
2018-09-12,7343.734921,https://charts-cdn.checkonchain.com/btconchain/realised/lthsopr_indicator/lthsopr_indicator_light.html,2026-10-06
2018-09-13,7316.749861,https://charts-cdn.checkonchain.com/btconchain/realised/lthsopr_indicator/lthsopr_indicator_light.html,2026-10-06
2018-09-14,7324.494540,https://charts-cdn.checkonchain.com/btconchain/realised/lthsopr_indicator/lthsopr_indicator_light.html,2026-10-06
2018-09-15,7329.820205,https://charts-cdn.checkonchain.com/btconchain/realised/lthsopr_indicator/lthsopr_indicator_light.html,2026-10-06
2018-09-16,7338.233453,https://charts-cdn.checkonchain.com/btconchain/realised/lthsopr_indicator/lthsopr_indicator_light.html,2026-10-06
2018-09-17,7356.110703,https://charts-cdn.checkonchain.com/btconchain/realised/lthsopr_indicator/lthsopr_indicator_light.html,2026-10-06
2018-09-18,7365.131515,https://charts-cdn.checkonchain.com/btconchain/realised/lthsopr_indicator/lthsopr_indicator_light.html,2026-10-06
2018-09-19,7372.412390,https://charts-cdn.checkonchain.com/btconchain/realised/lthsopr_indicator/lthsopr_indicator_light.html,2026-10-06
2018-09-20,7377.785006,https://charts-cdn.checkonchain.com/btconchain/realised/lthsopr_indicator/lthsopr_indicator_light.html,2026-10-06
2018-09-21,7374.345130,https://charts-cdn.checkonchain.com/btconchain/realised/lthsopr_indicator/lthsopr_indicator_light.html,2026-10-06
2018-09-22,7383.275338,https://charts-cdn.checkonchain.com/btconchain/realised/lthsopr_indicator/lthsopr_indicator_light.html,2026-10-06
2018-09-23,7391.030440,https://charts-cdn.checkonchain.com/btconchain/realised/lthsopr_indicator/lthsopr_indicator_light.html,2026-10-06
2018-09-24,7398.354460,https://charts-cdn.checkonchain.com/btconchain/realised/lthsopr_indicator/lthsopr_indicator_light.html,2026-10-06
2018-09-25,7400.329409,https://charts-cdn.checkonchain.com/btconchain/realised/lthsopr_indicator/lthsopr_indicator_light.html,2026-10-06
2018-09-26,7407.601141,https://charts-cdn.checkonchain.com/btconchain/realised/lthsopr_indicator/lthsopr_indicator_light.html,2026-10-06
2018-09-27,7417.915770,https://charts-cdn.checkonchain.com/btconchain/realised/lthsopr_indicator/lthsopr_indicator_light.html,2026-10-06
2018-09-28,7417.150230,https://charts-cdn.checkonchain.com/btconchain/realised/lthsopr_indicator/lthsopr_indicator_light.html,2026-10-06
2018-09-29,7440.026456,https://charts-cdn.checkonchain.com/btconchain/realised/lthsopr_indicator/lthsopr_indicator_light.html,2026-10-06
2018-09-30,7446.135832,https://charts-cdn.checkonchain.com/btconchain/realised/lthsopr_indicator/lthsopr_indicator_light.html,2026-10-06
2018-10-01,7447.902236,https://charts-cdn.checkonchain.com/btconchain/realised/lthsopr_indicator/lthsopr_indicator_light.html,2026-10-06
2018-10-02,7448.407379,https://charts-cdn.checkonchain.com/btconchain/realised/lthsopr_indicator/lthsopr_indicator_light.html,2026-10-06
2018-10-03,7455.449655,https://charts-cdn.checkonchain.com/btconchain/realised/lthsopr_indicator/lthsopr_indicator_light.html,2026-10-06
2018-10-04,7461.930167,https://charts-cdn.checkonchain.com/btconchain/realised/lthsopr_indicator/lthsopr_indicator_light.html,2026-10-06
2018-10-05,7469.303320,https://charts-cdn.checkonchain.com/btconchain/realised/lthsopr_indicator/lthsopr_indicator_light.html,2026-10-06
2018-10-06,7483.787435,https://charts-cdn.checkonchain.com/btconchain/realised/lthsopr_indicator/lthsopr_indicator_light.html,2026-10-06
2018-10-07,7489.605998,https://charts-cdn.checkonchain.com/btconchain/realised/lthsopr_indicator/lthsopr_indicator_light.html,2026-10-06
2018-10-08,7497.191887,https://charts-cdn.checkonchain.com/btconchain/realised/lthsopr_indicator/lthsopr_indicator_light.html,2026-10-06
2018-10-09,7499.119736,https://charts-cdn.checkonchain.com/btconchain/realised/lthsopr_indicator/lthsopr_indicator_light.html,2026-10-06
2018-10-10,7500.753547,https://charts-cdn.checkonchain.com/btconchain/realised/lthsopr_indicator/lthsopr_indicator_light.html,2026-10-06
2018-10-11,7484.586872,https://charts-cdn.checkonchain.com/btconchain/realised/lthsopr_indicator/lthsopr_indicator_light.html,2026-10-06
2018-10-12,7497.381225,https://charts-cdn.checkonchain.com/btconchain/realised/lthsopr_indicator/lthsopr_indicator_light.html,2026-10-06
2018-10-13,7509.688980,https://charts-cdn.checkonchain.com/btconchain/realised/lthsopr_indicator/lthsopr_indicator_light.html,2026-10-06
2018-10-14,7552.953257,https://charts-cdn.checkonchain.com/btconchain/realised/lthsopr_indicator/lthsopr_indicator_light.html,2026-10-06
2018-10-15,7576.049623,https://charts-cdn.checkonchain.com/btconchain/realised/lthsopr_indicator/lthsopr_indicator_light.html,2026-10-06
2018-10-16,7565.603840,https://charts-cdn.checkonchain.com/btconchain/realised/lthsopr_indicator/lthsopr_indicator_light.html,2026-10-06
2018-10-17,7561.822048,https://charts-cdn.checkonchain.com/btconchain/realised/lthsopr_indicator/lthsopr_indicator_light.html,2026-10-06
2018-10-18,7562.535255,https://charts-cdn.checkonchain.com/btconchain/realised/lthsopr_indicator/lthsopr_indicator_light.html,2026-10-06
2018-10-19,7568.152694,https://charts-cdn.checkonchain.com/btconchain/realised/lthsopr_indicator/lthsopr_indicator_light.html,2026-10-06
2018-10-20,7505.518749,https://charts-cdn.checkonchain.com/btconchain/realised/lthsopr_indicator/lthsopr_indicator_light.html,2026-10-06
2018-10-21,7513.571821,https://charts-cdn.checkonchain.com/btconchain/realised/lthsopr_indicator/lthsopr_indicator_light.html,2026-10-06
2018-10-22,7511.225892,https://charts-cdn.checkonchain.com/btconchain/realised/lthsopr_indicator/lthsopr_indicator_light.html,2026-10-06
2018-10-23,7509.480430,https://charts-cdn.checkonchain.com/btconchain/realised/lthsopr_indicator/lthsopr_indicator_light.html,2026-10-06
2018-10-24,7509.199665,https://charts-cdn.checkonchain.com/btconchain/realised/lthsopr_indicator/lthsopr_indicator_light.html,2026-10-06
2018-10-25,7507.621999,https://charts-cdn.checkonchain.com/btconchain/realised/lthsopr_indicator/lthsopr_indicator_light.html,2026-10-06
2018-10-26,7495.620874,https://charts-cdn.checkonchain.com/btconchain/realised/lthsopr_indicator/lthsopr_indicator_light.html,2026-10-06
2018-10-27,7501.822272,https://charts-cdn.checkonchain.com/btconchain/realised/lthsopr_indicator/lthsopr_indicator_light.html,2026-10-06
2018-10-28,7506.214360,https://charts-cdn.checkonchain.com/btconchain/realised/lthsopr_indicator/lthsopr_indicator_light.html,2026-10-06
2018-10-29,7511.027570,https://charts-cdn.checkonchain.com/btconchain/realised/lthsopr_indicator/lthsopr_indicator_light.html,2026-10-06
2018-10-30,7513.170211,https://charts-cdn.checkonchain.com/btconchain/realised/lthsopr_indicator/lthsopr_indicator_light.html,2026-10-06
2018-10-31,7509.700849,https://charts-cdn.checkonchain.com/btconchain/realised/lthsopr_indicator/lthsopr_indicator_light.html,2026-10-06
2018-11-01,7507.540402,https://charts-cdn.checkonchain.com/btconchain/realised/lthsopr_indicator/lthsopr_indicator_light.html,2026-10-06
2018-11-02,7513.381999,https://charts-cdn.checkonchain.com/btconchain/realised/lthsopr_indicator/lthsopr_indicator_light.html,2026-10-06
2018-11-03,7519.861856,https://charts-cdn.checkonchain.com/btconchain/realised/lthsopr_indicator/lthsopr_indicator_light.html,2026-10-06
2018-11-04,7523.708014,https://charts-cdn.checkonchain.com/btconchain/realised/lthsopr_indicator/lthsopr_indicator_light.html,2026-10-06
2018-11-05,7529.787178,https://charts-cdn.checkonchain.com/btconchain/realised/lthsopr_indicator/lthsopr_indicator_light.html,2026-10-06
2018-11-06,7530.829377,https://charts-cdn.checkonchain.com/btconchain/realised/lthsopr_indicator/lthsopr_indicator_light.html,2026-10-06
2018-11-07,7535.243995,https://charts-cdn.checkonchain.com/btconchain/realised/lthsopr_indicator/lthsopr_indicator_light.html,2026-10-06
2018-11-08,7540.689266,https://charts-cdn.checkonchain.com/btconchain/realised/lthsopr_indicator/lthsopr_indicator_light.html,2026-10-06
2018-11-09,7542.982484,https://charts-cdn.checkonchain.com/btconchain/realised/lthsopr_indicator/lthsopr_indicator_light.html,2026-10-06
2018-11-10,7548.335938,https://charts-cdn.checkonchain.com/btconchain/realised/lthsopr_indicator/lthsopr_indicator_light.html,2026-10-06
2018-11-11,7552.698877,https://charts-cdn.checkonchain.com/btconchain/realised/lthsopr_indicator/lthsopr_indicator_light.html,2026-10-06
2018-11-12,7554.895208,https://charts-cdn.checkonchain.com/btconchain/realised/lthsopr_indicator/lthsopr_indicator_light.html,2026-10-06
2018-11-13,7549.857298,https://charts-cdn.checkonchain.com/btconchain/realised/lthsopr_indicator/lthsopr_indicator_light.html,2026-10-06
2018-11-14,7548.186239,https://charts-cdn.checkonchain.com/btconchain/realised/lthsopr_indicator/lthsopr_indicator_light.html,2026-10-06
2018-11-15,7463.294335,https://charts-cdn.checkonchain.com/btconchain/realised/lthsopr_indicator/lthsopr_indicator_light.html,2026-10-06
2018-11-16,7459.664218,https://charts-cdn.checkonchain.com/btconchain/realised/lthsopr_indicator/lthsopr_indicator_light.html,2026-10-06
2018-11-17,7463.127022,https://charts-cdn.checkonchain.com/btconchain/realised/lthsopr_indicator/lthsopr_indicator_light.html,2026-10-06
2018-11-18,7468.806295,https://charts-cdn.checkonchain.com/btconchain/realised/lthsopr_indicator/lthsopr_indicator_light.html,2026-10-06
2018-11-19,7460.008726,https://charts-cdn.checkonchain.com/btconchain/realised/lthsopr_indicator/lthsopr_indicator_light.html,2026-10-06
2018-11-20,7438.280799,https://charts-cdn.checkonchain.com/btconchain/realised/lthsopr_indicator/lthsopr_indicator_light.html,2026-10-06
2018-11-21,7434.460615,https://charts-cdn.checkonchain.com/btconchain/realised/lthsopr_indicator/lthsopr_indicator_light.html,2026-10-06
2018-11-22,7428.543079,https://charts-cdn.checkonchain.com/btconchain/realised/lthsopr_indicator/lthsopr_indicator_light.html,2026-10-06
2018-11-23,7424.319824,https://charts-cdn.checkonchain.com/btconchain/realised/lthsopr_indicator/lthsopr_indicator_light.html,2026-10-06
2018-11-24,7433.751953,https://charts-cdn.checkonchain.com/btconchain/realised/lthsopr_indicator/lthsopr_indicator_light.html,2026-10-06
2018-11-25,7427.884453,https://charts-cdn.checkonchain.com/btconchain/realised/lthsopr_indicator/lthsopr_indicator_light.html,2026-10-06
2018-11-26,7418.049934,https://charts-cdn.checkonchain.com/btconchain/realised/lthsopr_indicator/lthsopr_indicator_light.html,2026-10-06
2018-11-27,7405.869358,https://charts-cdn.checkonchain.com/btconchain/realised/lthsopr_indicator/lthsopr_indicator_light.html,2026-10-06
2018-11-28,7425.887692,https://charts-cdn.checkonchain.com/btconchain/realised/lthsopr_indicator/lthsopr_indicator_light.html,2026-10-06
2018-11-29,7428.814377,https://charts-cdn.checkonchain.com/btconchain/realised/lthsopr_indicator/lthsopr_indicator_light.html,2026-10-06
2018-11-30,7399.316695,https://charts-cdn.checkonchain.com/btconchain/realised/lthsopr_indicator/lthsopr_indicator_light.html,2026-10-06
2018-12-01,7407.307243,https://charts-cdn.checkonchain.com/btconchain/realised/lthsopr_indicator/lthsopr_indicator_light.html,2026-10-06
2018-12-02,7408.551656,https://charts-cdn.checkonchain.com/btconchain/realised/lthsopr_indicator/lthsopr_indicator_light.html,2026-10-06
2018-12-03,7415.146821,https://charts-cdn.checkonchain.com/btconchain/realised/lthsopr_indicator/lthsopr_indicator_light.html,2026-10-06
2018-12-04,7399.166115,https://charts-cdn.checkonchain.com/btconchain/realised/lthsopr_indicator/lthsopr_indicator_light.html,2026-10-06
2018-12-05,7294.859831,https://charts-cdn.checkonchain.com/btconchain/realised/lthsopr_indicator/lthsopr_indicator_light.html,2026-10-06
2018-12-06,7249.787441,https://charts-cdn.checkonchain.com/btconchain/realised/lthsopr_indicator/lthsopr_indicator_light.html,2026-10-06
2018-12-07,7246.621366,https://charts-cdn.checkonchain.com/btconchain/realised/lthsopr_indicator/lthsopr_indicator_light.html,2026-10-06
2018-12-08,7250.769563,https://charts-cdn.checkonchain.com/btconchain/realised/lthsopr_indicator/lthsopr_indicator_light.html,2026-10-06
2018-12-09,7255.071774,https://charts-cdn.checkonchain.com/btconchain/realised/lthsopr_indicator/lthsopr_indicator_light.html,2026-10-06
2018-12-10,7249.367410,https://charts-cdn.checkonchain.com/btconchain/realised/lthsopr_indicator/lthsopr_indicator_light.html,2026-10-06
2018-12-11,7223.959763,https://charts-cdn.checkonchain.com/btconchain/realised/lthsopr_indicator/lthsopr_indicator_light.html,2026-10-06
2018-12-12,7219.763674,https://charts-cdn.checkonchain.com/btconchain/realised/lthsopr_indicator/lthsopr_indicator_light.html,2026-10-06
2018-12-13,7220.667156,https://charts-cdn.checkonchain.com/btconchain/realised/lthsopr_indicator/lthsopr_indicator_light.html,2026-10-06
2018-12-14,7214.933116,https://charts-cdn.checkonchain.com/btconchain/realised/lthsopr_indicator/lthsopr_indicator_light.html,2026-10-06
2018-12-15,7217.132357,https://charts-cdn.checkonchain.com/btconchain/realised/lthsopr_indicator/lthsopr_indicator_light.html,2026-10-06
2018-12-16,7222.019647,https://charts-cdn.checkonchain.com/btconchain/realised/lthsopr_indicator/lthsopr_indicator_light.html,2026-10-06
2018-12-17,7225.586733,https://charts-cdn.checkonchain.com/btconchain/realised/lthsopr_indicator/lthsopr_indicator_light.html,2026-10-06
2018-12-18,7223.118647,https://charts-cdn.checkonchain.com/btconchain/realised/lthsopr_indicator/lthsopr_indicator_light.html,2026-10-06
2018-12-19,7221.282498,https://charts-cdn.checkonchain.com/btconchain/realised/lthsopr_indicator/lthsopr_indicator_light.html,2026-10-06
2018-12-20,7223.833790,https://charts-cdn.checkonchain.com/btconchain/realised/lthsopr_indicator/lthsopr_indicator_light.html,2026-10-06
2018-12-21,7221.257670,https://charts-cdn.checkonchain.com/btconchain/realised/lthsopr_indicator/lthsopr_indicator_light.html,2026-10-06
2018-12-22,7227.992077,https://charts-cdn.checkonchain.com/btconchain/realised/lthsopr_indicator/lthsopr_indicator_light.html,2026-10-06
2018-12-23,7231.317012,https://charts-cdn.checkonchain.com/btconchain/realised/lthsopr_indicator/lthsopr_indicator_light.html,2026-10-06
2018-12-24,7231.706597,https://charts-cdn.checkonchain.com/btconchain/realised/lthsopr_indicator/lthsopr_indicator_light.html,2026-10-06
2018-12-25,7233.737370,https://charts-cdn.checkonchain.com/btconchain/realised/lthsopr_indicator/lthsopr_indicator_light.html,2026-10-06
2018-12-26,7256.017447,https://charts-cdn.checkonchain.com/btconchain/realised/lthsopr_indicator/lthsopr_indicator_light.html,2026-10-06
2018-12-27,7262.124092,https://charts-cdn.checkonchain.com/btconchain/realised/lthsopr_indicator/lthsopr_indicator_light.html,2026-10-06
2018-12-28,7261.302752,https://charts-cdn.checkonchain.com/btconchain/realised/lthsopr_indicator/lthsopr_indicator_light.html,2026-10-06
2018-12-29,7249.069070,https://charts-cdn.checkonchain.com/btconchain/realised/lthsopr_indicator/lthsopr_indicator_light.html,2026-10-06
2018-12-30,7249.487281,https://charts-cdn.checkonchain.com/btconchain/realised/lthsopr_indicator/lthsopr_indicator_light.html,2026-10-06
2018-12-31,7252.146481,https://charts-cdn.checkonchain.com/btconchain/realised/lthsopr_indicator/lthsopr_indicator_light.html,2026-10-06
2019-01-01,7252.695905,https://charts-cdn.checkonchain.com/btconchain/realised/lthsopr_indicator/lthsopr_indicator_light.html,2026-10-06
2019-01-02,7254.695162,https://charts-cdn.checkonchain.com/btconchain/realised/lthsopr_indicator/lthsopr_indicator_light.html,2026-10-06
2019-01-03,7253.402834,https://charts-cdn.checkonchain.com/btconchain/realised/lthsopr_indicator/lthsopr_indicator_light.html,2026-10-06
2019-01-04,7256.377510,https://charts-cdn.checkonchain.com/btconchain/realised/lthsopr_indicator/lthsopr_indicator_light.html,2026-10-06
2019-01-05,7263.138679,https://charts-cdn.checkonchain.com/btconchain/realised/lthsopr_indicator/lthsopr_indicator_light.html,2026-10-06
2019-01-06,7266.361857,https://charts-cdn.checkonchain.com/btconchain/realised/lthsopr_indicator/lthsopr_indicator_light.html,2026-10-06
2019-01-07,7267.510292,https://charts-cdn.checkonchain.com/btconchain/realised/lthsopr_indicator/lthsopr_indicator_light.html,2026-10-06
2019-01-08,7263.857322,https://charts-cdn.checkonchain.com/btconchain/realised/lthsopr_indicator/lthsopr_indicator_light.html,2026-10-06
2019-01-09,7266.243903,https://charts-cdn.checkonchain.com/btconchain/realised/lthsopr_indicator/lthsopr_indicator_light.html,2026-10-06
2019-01-10,7243.963245,https://charts-cdn.checkonchain.com/btconchain/realised/lthsopr_indicator/lthsopr_indicator_light.html,2026-10-06
2019-01-11,7187.385171,https://charts-cdn.checkonchain.com/btconchain/realised/lthsopr_indicator/lthsopr_indicator_light.html,2026-10-06
2019-01-12,7192.069208,https://charts-cdn.checkonchain.com/btconchain/realised/lthsopr_indicator/lthsopr_indicator_light.html,2026-10-06
2019-01-13,7195.162066,https://charts-cdn.checkonchain.com/btconchain/realised/lthsopr_indicator/lthsopr_indicator_light.html,2026-10-06
2019-01-14,7203.335967,https://charts-cdn.checkonchain.com/btconchain/realised/lthsopr_indicator/lthsopr_indicator_light.html,2026-10-06
2019-01-15,7194.597407,https://charts-cdn.checkonchain.com/btconchain/realised/lthsopr_indicator/lthsopr_indicator_light.html,2026-10-06
2019-01-16,7196.901113,https://charts-cdn.checkonchain.com/btconchain/realised/lthsopr_indicator/lthsopr_indicator_light.html,2026-10-06
2019-01-17,7196.777970,https://charts-cdn.checkonchain.com/btconchain/realised/lthsopr_indicator/lthsopr_indicator_light.html,2026-10-06
2019-01-18,7201.845949,https://charts-cdn.checkonchain.com/btconchain/realised/lthsopr_indicator/lthsopr_indicator_light.html,2026-10-06
2019-01-19,7206.469946,https://charts-cdn.checkonchain.com/btconchain/realised/lthsopr_indicator/lthsopr_indicator_light.html,2026-10-06
2019-01-20,7212.745352,https://charts-cdn.checkonchain.com/btconchain/realised/lthsopr_indicator/lthsopr_indicator_light.html,2026-10-06
2019-01-21,7218.133112,https://charts-cdn.checkonchain.com/btconchain/realised/lthsopr_indicator/lthsopr_indicator_light.html,2026-10-06
2019-01-22,7210.198425,https://charts-cdn.checkonchain.com/btconchain/realised/lthsopr_indicator/lthsopr_indicator_light.html,2026-10-06
2019-01-23,7212.230673,https://charts-cdn.checkonchain.com/btconchain/realised/lthsopr_indicator/lthsopr_indicator_light.html,2026-10-06
2019-01-24,7220.727940,https://charts-cdn.checkonchain.com/btconchain/realised/lthsopr_indicator/lthsopr_indicator_light.html,2026-10-06
2019-01-25,7229.488139,https://charts-cdn.checkonchain.com/btconchain/realised/lthsopr_indicator/lthsopr_indicator_light.html,2026-10-06
2019-01-26,7236.122362,https://charts-cdn.checkonchain.com/btconchain/realised/lthsopr_indicator/lthsopr_indicator_light.html,2026-10-06
2019-01-27,7240.984590,https://charts-cdn.checkonchain.com/btconchain/realised/lthsopr_indicator/lthsopr_indicator_light.html,2026-10-06
2019-01-28,7240.438623,https://charts-cdn.checkonchain.com/btconchain/realised/lthsopr_indicator/lthsopr_indicator_light.html,2026-10-06
2019-01-29,7239.273486,https://charts-cdn.checkonchain.com/btconchain/realised/lthsopr_indicator/lthsopr_indicator_light.html,2026-10-06
2019-01-30,7234.911393,https://charts-cdn.checkonchain.com/btconchain/realised/lthsopr_indicator/lthsopr_indicator_light.html,2026-10-06
2019-01-31,7239.232574,https://charts-cdn.checkonchain.com/btconchain/realised/lthsopr_indicator/lthsopr_indicator_light.html,2026-10-06
2019-02-01,7244.099014,https://charts-cdn.checkonchain.com/btconchain/realised/lthsopr_indicator/lthsopr_indicator_light.html,2026-10-06
2019-02-02,7248.387115,https://charts-cdn.checkonchain.com/btconchain/realised/lthsopr_indicator/lthsopr_indicator_light.html,2026-10-06
2019-02-03,7251.644928,https://charts-cdn.checkonchain.com/btconchain/realised/lthsopr_indicator/lthsopr_indicator_light.html,2026-10-06
2019-02-04,7252.809309,https://charts-cdn.checkonchain.com/btconchain/realised/lthsopr_indicator/lthsopr_indicator_light.html,2026-10-06
2019-02-05,7253.750026,https://charts-cdn.checkonchain.com/btconchain/realised/lthsopr_indicator/lthsopr_indicator_light.html,2026-10-06
2019-02-06,7254.859742,https://charts-cdn.checkonchain.com/btconchain/realised/lthsopr_indicator/lthsopr_indicator_light.html,2026-10-06
2019-02-07,7257.199120,https://charts-cdn.checkonchain.com/btconchain/realised/lthsopr_indicator/lthsopr_indicator_light.html,2026-10-06
2019-02-08,7260.979964,https://charts-cdn.checkonchain.com/btconchain/realised/lthsopr_indicator/lthsopr_indicator_light.html,2026-10-06
2019-02-09,7264.704805,https://charts-cdn.checkonchain.com/btconchain/realised/lthsopr_indicator/lthsopr_indicator_light.html,2026-10-06
2019-02-10,7282.652818,https://charts-cdn.checkonchain.com/btconchain/realised/lthsopr_indicator/lthsopr_indicator_light.html,2026-10-06
2019-02-11,7282.849148,https://charts-cdn.checkonchain.com/btconchain/realised/lthsopr_indicator/lthsopr_indicator_light.html,2026-10-06
2019-02-12,7283.173956,https://charts-cdn.checkonchain.com/btconchain/realised/lthsopr_indicator/lthsopr_indicator_light.html,2026-10-06
2019-02-13,7269.780354,https://charts-cdn.checkonchain.com/btconchain/realised/lthsopr_indicator/lthsopr_indicator_light.html,2026-10-06
2019-02-14,7273.774013,https://charts-cdn.checkonchain.com/btconchain/realised/lthsopr_indicator/lthsopr_indicator_light.html,2026-10-06
2019-02-15,7274.633601,https://charts-cdn.checkonchain.com/btconchain/realised/lthsopr_indicator/lthsopr_indicator_light.html,2026-10-06
2019-02-16,7273.124384,https://charts-cdn.checkonchain.com/btconchain/realised/lthsopr_indicator/lthsopr_indicator_light.html,2026-10-06
2019-02-17,7276.970603,https://charts-cdn.checkonchain.com/btconchain/realised/lthsopr_indicator/lthsopr_indicator_light.html,2026-10-06
2019-02-18,7275.128492,https://charts-cdn.checkonchain.com/btconchain/realised/lthsopr_indicator/lthsopr_indicator_light.html,2026-10-06
2019-02-19,7273.066302,https://charts-cdn.checkonchain.com/btconchain/realised/lthsopr_indicator/lthsopr_indicator_light.html,2026-10-06
2019-02-20,7276.890463,https://charts-cdn.checkonchain.com/btconchain/realised/lthsopr_indicator/lthsopr_indicator_light.html,2026-10-06
2019-02-21,7273.030944,https://charts-cdn.checkonchain.com/btconchain/realised/lthsopr_indicator/lthsopr_indicator_light.html,2026-10-06
2019-02-22,7275.950108,https://charts-cdn.checkonchain.com/btconchain/realised/lthsopr_indicator/lthsopr_indicator_light.html,2026-10-06
2019-02-23,7271.237960,https://charts-cdn.checkonchain.com/btconchain/realised/lthsopr_indicator/lthsopr_indicator_light.html,2026-10-06
2019-02-24,7271.873653,https://charts-cdn.checkonchain.com/btconchain/realised/lthsopr_indicator/lthsopr_indicator_light.html,2026-10-06
2019-02-25,7272.121013,https://charts-cdn.checkonchain.com/btconchain/realised/lthsopr_indicator/lthsopr_indicator_light.html,2026-10-06
2019-02-26,7274.436053,https://charts-cdn.checkonchain.com/btconchain/realised/lthsopr_indicator/lthsopr_indicator_light.html,2026-10-06
2019-02-27,7276.510147,https://charts-cdn.checkonchain.com/btconchain/realised/lthsopr_indicator/lthsopr_indicator_light.html,2026-10-06
2019-02-28,7271.630396,https://charts-cdn.checkonchain.com/btconchain/realised/lthsopr_indicator/lthsopr_indicator_light.html,2026-10-06
2019-03-01,7276.104030,https://charts-cdn.checkonchain.com/btconchain/realised/lthsopr_indicator/lthsopr_indicator_light.html,2026-10-06
2019-03-02,7272.192480,https://charts-cdn.checkonchain.com/btconchain/realised/lthsopr_indicator/lthsopr_indicator_light.html,2026-10-06
2019-03-03,7275.905361,https://charts-cdn.checkonchain.com/btconchain/realised/lthsopr_indicator/lthsopr_indicator_light.html,2026-10-06
2019-03-04,7277.300216,https://charts-cdn.checkonchain.com/btconchain/realised/lthsopr_indicator/lthsopr_indicator_light.html,2026-10-06
2019-03-05,7279.230062,https://charts-cdn.checkonchain.com/btconchain/realised/lthsopr_indicator/lthsopr_indicator_light.html,2026-10-06
2019-03-06,7279.546977,https://charts-cdn.checkonchain.com/btconchain/realised/lthsopr_indicator/lthsopr_indicator_light.html,2026-10-06
2019-03-07,7282.632154,https://charts-cdn.checkonchain.com/btconchain/realised/lthsopr_indicator/lthsopr_indicator_light.html,2026-10-06
2019-03-08,7282.913007,https://charts-cdn.checkonchain.com/btconchain/realised/lthsopr_indicator/lthsopr_indicator_light.html,2026-10-06
2019-03-09,7288.697488,https://charts-cdn.checkonchain.com/btconchain/realised/lthsopr_indicator/lthsopr_indicator_light.html,2026-10-06
2019-03-10,7290.392252,https://charts-cdn.checkonchain.com/btconchain/realised/lthsopr_indicator/lthsopr_indicator_light.html,2026-10-06
2019-03-11,7292.044665,https://charts-cdn.checkonchain.com/btconchain/realised/lthsopr_indicator/lthsopr_indicator_light.html,2026-10-06
2019-03-12,7289.640379,https://charts-cdn.checkonchain.com/btconchain/realised/lthsopr_indicator/lthsopr_indicator_light.html,2026-10-06
2019-03-13,7291.350085,https://charts-cdn.checkonchain.com/btconchain/realised/lthsopr_indicator/lthsopr_indicator_light.html,2026-10-06
2019-03-14,7297.102150,https://charts-cdn.checkonchain.com/btconchain/realised/lthsopr_indicator/lthsopr_indicator_light.html,2026-10-06
2019-03-15,7297.740655,https://charts-cdn.checkonchain.com/btconchain/realised/lthsopr_indicator/lthsopr_indicator_light.html,2026-10-06
2019-03-16,7299.587035,https://charts-cdn.checkonchain.com/btconchain/realised/lthsopr_indicator/lthsopr_indicator_light.html,2026-10-06
2019-03-17,7304.185017,https://charts-cdn.checkonchain.com/btconchain/realised/lthsopr_indicator/lthsopr_indicator_light.html,2026-10-06
2019-03-18,7305.523338,https://charts-cdn.checkonchain.com/btconchain/realised/lthsopr_indicator/lthsopr_indicator_light.html,2026-10-06
2019-03-19,7308.295886,https://charts-cdn.checkonchain.com/btconchain/realised/lthsopr_indicator/lthsopr_indicator_light.html,2026-10-06
2019-03-20,7309.617156,https://charts-cdn.checkonchain.com/btconchain/realised/lthsopr_indicator/lthsopr_indicator_light.html,2026-10-06
2019-03-21,7313.239715,https://charts-cdn.checkonchain.com/btconchain/realised/lthsopr_indicator/lthsopr_indicator_light.html,2026-10-06
2019-03-22,7316.954227,https://charts-cdn.checkonchain.com/btconchain/realised/lthsopr_indicator/lthsopr_indicator_light.html,2026-10-06
2019-03-23,7320.084073,https://charts-cdn.checkonchain.com/btconchain/realised/lthsopr_indicator/lthsopr_indicator_light.html,2026-10-06
2019-03-24,7324.569688,https://charts-cdn.checkonchain.com/btconchain/realised/lthsopr_indicator/lthsopr_indicator_light.html,2026-10-06
2019-03-25,7333.886569,https://charts-cdn.checkonchain.com/btconchain/realised/lthsopr_indicator/lthsopr_indicator_light.html,2026-10-06
2019-03-26,7331.940245,https://charts-cdn.checkonchain.com/btconchain/realised/lthsopr_indicator/lthsopr_indicator_light.html,2026-10-06
2019-03-27,7333.348883,https://charts-cdn.checkonchain.com/btconchain/realised/lthsopr_indicator/lthsopr_indicator_light.html,2026-10-06
2019-03-28,7336.001327,https://charts-cdn.checkonchain.com/btconchain/realised/lthsopr_indicator/lthsopr_indicator_light.html,2026-10-06
2019-03-29,7339.781790,https://charts-cdn.checkonchain.com/btconchain/realised/lthsopr_indicator/lthsopr_indicator_light.html,2026-10-06
2019-03-30,7352.712488,https://charts-cdn.checkonchain.com/btconchain/realised/lthsopr_indicator/lthsopr_indicator_light.html,2026-10-06
2019-03-31,7345.738833,https://charts-cdn.checkonchain.com/btconchain/realised/lthsopr_indicator/lthsopr_indicator_light.html,2026-10-06
2019-04-01,7351.636875,https://charts-cdn.checkonchain.com/btconchain/realised/lthsopr_indicator/lthsopr_indicator_light.html,2026-10-06
2019-04-02,7347.684185,https://charts-cdn.checkonchain.com/btconchain/realised/lthsopr_indicator/lthsopr_indicator_light.html,2026-10-06
2019-04-03,7344.316115,https://charts-cdn.checkonchain.com/btconchain/realised/lthsopr_indicator/lthsopr_indicator_light.html,2026-10-06
2019-04-04,7345.877920,https://charts-cdn.checkonchain.com/btconchain/realised/lthsopr_indicator/lthsopr_indicator_light.html,2026-10-06
2019-04-05,7336.671764,https://charts-cdn.checkonchain.com/btconchain/realised/lthsopr_indicator/lthsopr_indicator_light.html,2026-10-06
2019-04-06,7338.569060,https://charts-cdn.checkonchain.com/btconchain/realised/lthsopr_indicator/lthsopr_indicator_light.html,2026-10-06
2019-04-07,7340.097149,https://charts-cdn.checkonchain.com/btconchain/realised/lthsopr_indicator/lthsopr_indicator_light.html,2026-10-06
2019-04-08,7339.689100,https://charts-cdn.checkonchain.com/btconchain/realised/lthsopr_indicator/lthsopr_indicator_light.html,2026-10-06
2019-04-09,7339.420578,https://charts-cdn.checkonchain.com/btconchain/realised/lthsopr_indicator/lthsopr_indicator_light.html,2026-10-06
2019-04-10,7340.467953,https://charts-cdn.checkonchain.com/btconchain/realised/lthsopr_indicator/lthsopr_indicator_light.html,2026-10-06
2019-04-11,7342.555418,https://charts-cdn.checkonchain.com/btconchain/realised/lthsopr_indicator/lthsopr_indicator_light.html,2026-10-06
2019-04-12,7346.763659,https://charts-cdn.checkonchain.com/btconchain/realised/lthsopr_indicator/lthsopr_indicator_light.html,2026-10-06
2019-04-13,7350.822707,https://charts-cdn.checkonchain.com/btconchain/realised/lthsopr_indicator/lthsopr_indicator_light.html,2026-10-06
2019-04-14,7334.909928,https://charts-cdn.checkonchain.com/btconchain/realised/lthsopr_indicator/lthsopr_indicator_light.html,2026-10-06
2019-04-15,7335.226818,https://charts-cdn.checkonchain.com/btconchain/realised/lthsopr_indicator/lthsopr_indicator_light.html,2026-10-06
2019-04-16,7336.469241,https://charts-cdn.checkonchain.com/btconchain/realised/lthsopr_indicator/lthsopr_indicator_light.html,2026-10-06
2019-04-17,7334.907357,https://charts-cdn.checkonchain.com/btconchain/realised/lthsopr_indicator/lthsopr_indicator_light.html,2026-10-06
2019-04-18,7336.611389,https://charts-cdn.checkonchain.com/btconchain/realised/lthsopr_indicator/lthsopr_indicator_light.html,2026-10-06
2019-04-19,7331.880939,https://charts-cdn.checkonchain.com/btconchain/realised/lthsopr_indicator/lthsopr_indicator_light.html,2026-10-06
2019-04-20,7332.520912,https://charts-cdn.checkonchain.com/btconchain/realised/lthsopr_indicator/lthsopr_indicator_light.html,2026-10-06
2019-04-21,7331.144450,https://charts-cdn.checkonchain.com/btconchain/realised/lthsopr_indicator/lthsopr_indicator_light.html,2026-10-06
2019-04-22,7326.168789,https://charts-cdn.checkonchain.com/btconchain/realised/lthsopr_indicator/lthsopr_indicator_light.html,2026-10-06
2019-04-23,7324.964633,https://charts-cdn.checkonchain.com/btconchain/realised/lthsopr_indicator/lthsopr_indicator_light.html,2026-10-06
2019-04-24,7292.405669,https://charts-cdn.checkonchain.com/btconchain/realised/lthsopr_indicator/lthsopr_indicator_light.html,2026-10-06
2019-04-25,7289.271286,https://charts-cdn.checkonchain.com/btconchain/realised/lthsopr_indicator/lthsopr_indicator_light.html,2026-10-06
2019-04-26,7267.538612,https://charts-cdn.checkonchain.com/btconchain/realised/lthsopr_indicator/lthsopr_indicator_light.html,2026-10-06
2019-04-27,7265.567697,https://charts-cdn.checkonchain.com/btconchain/realised/lthsopr_indicator/lthsopr_indicator_light.html,2026-10-06
2019-04-28,7265.523472,https://charts-cdn.checkonchain.com/btconchain/realised/lthsopr_indicator/lthsopr_indicator_light.html,2026-10-06
2019-04-29,7252.356243,https://charts-cdn.checkonchain.com/btconchain/realised/lthsopr_indicator/lthsopr_indicator_light.html,2026-10-06
2019-04-30,7249.558173,https://charts-cdn.checkonchain.com/btconchain/realised/lthsopr_indicator/lthsopr_indicator_light.html,2026-10-06
2019-05-01,7204.913656,https://charts-cdn.checkonchain.com/btconchain/realised/lthsopr_indicator/lthsopr_indicator_light.html,2026-10-06
2019-05-02,7195.206232,https://charts-cdn.checkonchain.com/btconchain/realised/lthsopr_indicator/lthsopr_indicator_light.html,2026-10-06
2019-05-03,7177.051188,https://charts-cdn.checkonchain.com/btconchain/realised/lthsopr_indicator/lthsopr_indicator_light.html,2026-10-06
2019-05-04,7165.807255,https://charts-cdn.checkonchain.com/btconchain/realised/lthsopr_indicator/lthsopr_indicator_light.html,2026-10-06
2019-05-05,7156.530763,https://charts-cdn.checkonchain.com/btconchain/realised/lthsopr_indicator/lthsopr_indicator_light.html,2026-10-06
2019-05-06,7153.857951,https://charts-cdn.checkonchain.com/btconchain/realised/lthsopr_indicator/lthsopr_indicator_light.html,2026-10-06
2019-05-07,7144.426726,https://charts-cdn.checkonchain.com/btconchain/realised/lthsopr_indicator/lthsopr_indicator_light.html,2026-10-06
2019-05-08,7142.325635,https://charts-cdn.checkonchain.com/btconchain/realised/lthsopr_indicator/lthsopr_indicator_light.html,2026-10-06
2019-05-09,7129.155152,https://charts-cdn.checkonchain.com/btconchain/realised/lthsopr_indicator/lthsopr_indicator_light.html,2026-10-06
2019-05-10,7106.163552,https://charts-cdn.checkonchain.com/btconchain/realised/lthsopr_indicator/lthsopr_indicator_light.html,2026-10-06
2019-05-11,7097.356035,https://charts-cdn.checkonchain.com/btconchain/realised/lthsopr_indicator/lthsopr_indicator_light.html,2026-10-06
2019-05-12,7092.801449,https://charts-cdn.checkonchain.com/btconchain/realised/lthsopr_indicator/lthsopr_indicator_light.html,2026-10-06
2019-05-13,7085.957823,https://charts-cdn.checkonchain.com/btconchain/realised/lthsopr_indicator/lthsopr_indicator_light.html,2026-10-06
2019-05-14,7074.187607,https://charts-cdn.checkonchain.com/btconchain/realised/lthsopr_indicator/lthsopr_indicator_light.html,2026-10-06
2019-05-15,7057.593166,https://charts-cdn.checkonchain.com/btconchain/realised/lthsopr_indicator/lthsopr_indicator_light.html,2026-10-06
2019-05-16,7050.874728,https://charts-cdn.checkonchain.com/btconchain/realised/lthsopr_indicator/lthsopr_indicator_light.html,2026-10-06
2019-05-17,7045.333230,https://charts-cdn.checkonchain.com/btconchain/realised/lthsopr_indicator/lthsopr_indicator_light.html,2026-10-06
2019-05-18,7043.775672,https://charts-cdn.checkonchain.com/btconchain/realised/lthsopr_indicator/lthsopr_indicator_light.html,2026-10-06
2019-05-19,7040.930658,https://charts-cdn.checkonchain.com/btconchain/realised/lthsopr_indicator/lthsopr_indicator_light.html,2026-10-06
2019-05-20,7031.615814,https://charts-cdn.checkonchain.com/btconchain/realised/lthsopr_indicator/lthsopr_indicator_light.html,2026-10-06
2019-05-21,7020.822922,https://charts-cdn.checkonchain.com/btconchain/realised/lthsopr_indicator/lthsopr_indicator_light.html,2026-10-06
2019-05-22,7008.084095,https://charts-cdn.checkonchain.com/btconchain/realised/lthsopr_indicator/lthsopr_indicator_light.html,2026-10-06
2019-05-23,7006.795340,https://charts-cdn.checkonchain.com/btconchain/realised/lthsopr_indicator/lthsopr_indicator_light.html,2026-10-06
2019-05-24,7004.875122,https://charts-cdn.checkonchain.com/btconchain/realised/lthsopr_indicator/lthsopr_indicator_light.html,2026-10-06
2019-05-25,7005.613888,https://charts-cdn.checkonchain.com/btconchain/realised/lthsopr_indicator/lthsopr_indicator_light.html,2026-10-06
2019-05-26,7003.413760,https://charts-cdn.checkonchain.com/btconchain/realised/lthsopr_indicator/lthsopr_indicator_light.html,2026-10-06
2019-05-27,6998.627196,https://charts-cdn.checkonchain.com/btconchain/realised/lthsopr_indicator/lthsopr_indicator_light.html,2026-10-06
2019-05-28,6994.571827,https://charts-cdn.checkonchain.com/btconchain/realised/lthsopr_indicator/lthsopr_indicator_light.html,2026-10-06
2019-05-29,6982.534056,https://charts-cdn.checkonchain.com/btconchain/realised/lthsopr_indicator/lthsopr_indicator_light.html,2026-10-06
2019-05-30,6981.053829,https://charts-cdn.checkonchain.com/btconchain/realised/lthsopr_indicator/lthsopr_indicator_light.html,2026-10-06
2019-05-31,6978.852794,https://charts-cdn.checkonchain.com/btconchain/realised/lthsopr_indicator/lthsopr_indicator_light.html,2026-10-06
2019-06-01,6977.359243,https://charts-cdn.checkonchain.com/btconchain/realised/lthsopr_indicator/lthsopr_indicator_light.html,2026-10-06
2019-06-02,6976.242904,https://charts-cdn.checkonchain.com/btconchain/realised/lthsopr_indicator/lthsopr_indicator_light.html,2026-10-06
2019-06-03,6974.605718,https://charts-cdn.checkonchain.com/btconchain/realised/lthsopr_indicator/lthsopr_indicator_light.html,2026-10-06
2019-06-04,6911.339664,https://charts-cdn.checkonchain.com/btconchain/realised/lthsopr_indicator/lthsopr_indicator_light.html,2026-10-06
2019-06-05,6863.732793,https://charts-cdn.checkonchain.com/btconchain/realised/lthsopr_indicator/lthsopr_indicator_light.html,2026-10-06
2019-06-06,6859.656876,https://charts-cdn.checkonchain.com/btconchain/realised/lthsopr_indicator/lthsopr_indicator_light.html,2026-10-06
2019-06-07,6860.065613,https://charts-cdn.checkonchain.com/btconchain/realised/lthsopr_indicator/lthsopr_indicator_light.html,2026-10-06
2019-06-08,6859.654997,https://charts-cdn.checkonchain.com/btconchain/realised/lthsopr_indicator/lthsopr_indicator_light.html,2026-10-06
2019-06-09,6858.234905,https://charts-cdn.checkonchain.com/btconchain/realised/lthsopr_indicator/lthsopr_indicator_light.html,2026-10-06
2019-06-10,6855.288645,https://charts-cdn.checkonchain.com/btconchain/realised/lthsopr_indicator/lthsopr_indicator_light.html,2026-10-06
2019-06-11,6853.041481,https://charts-cdn.checkonchain.com/btconchain/realised/lthsopr_indicator/lthsopr_indicator_light.html,2026-10-06
2019-06-12,6848.930858,https://charts-cdn.checkonchain.com/btconchain/realised/lthsopr_indicator/lthsopr_indicator_light.html,2026-10-06
2019-06-13,6846.852958,https://charts-cdn.checkonchain.com/btconchain/realised/lthsopr_indicator/lthsopr_indicator_light.html,2026-10-06
2019-06-14,6838.503815,https://charts-cdn.checkonchain.com/btconchain/realised/lthsopr_indicator/lthsopr_indicator_light.html,2026-10-06
2019-06-15,6836.907913,https://charts-cdn.checkonchain.com/btconchain/realised/lthsopr_indicator/lthsopr_indicator_light.html,2026-10-06
2019-06-16,6832.906955,https://charts-cdn.checkonchain.com/btconchain/realised/lthsopr_indicator/lthsopr_indicator_light.html,2026-10-06
2019-06-17,6825.698415,https://charts-cdn.checkonchain.com/btconchain/realised/lthsopr_indicator/lthsopr_indicator_light.html,2026-10-06
2019-06-18,6822.720883,https://charts-cdn.checkonchain.com/btconchain/realised/lthsopr_indicator/lthsopr_indicator_light.html,2026-10-06
2019-06-19,6810.509431,https://charts-cdn.checkonchain.com/btconchain/realised/lthsopr_indicator/lthsopr_indicator_light.html,2026-10-06
2019-06-20,6806.569233,https://charts-cdn.checkonchain.com/btconchain/realised/lthsopr_indicator/lthsopr_indicator_light.html,2026-10-06
2019-06-21,6800.193394,https://charts-cdn.checkonchain.com/btconchain/realised/lthsopr_indicator/lthsopr_indicator_light.html,2026-10-06
2019-06-22,6786.509452,https://charts-cdn.checkonchain.com/btconchain/realised/lthsopr_indicator/lthsopr_indicator_light.html,2026-10-06
2019-06-23,6784.274970,https://charts-cdn.checkonchain.com/btconchain/realised/lthsopr_indicator/lthsopr_indicator_light.html,2026-10-06
2019-06-24,6780.852213,https://charts-cdn.checkonchain.com/btconchain/realised/lthsopr_indicator/lthsopr_indicator_light.html,2026-10-06
2019-06-25,6768.638635,https://charts-cdn.checkonchain.com/btconchain/realised/lthsopr_indicator/lthsopr_indicator_light.html,2026-10-06
2019-06-26,6747.876259,https://charts-cdn.checkonchain.com/btconchain/realised/lthsopr_indicator/lthsopr_indicator_light.html,2026-10-06
2019-06-27,6733.892249,https://charts-cdn.checkonchain.com/btconchain/realised/lthsopr_indicator/lthsopr_indicator_light.html,2026-10-06
2019-06-28,6715.817202,https://charts-cdn.checkonchain.com/btconchain/realised/lthsopr_indicator/lthsopr_indicator_light.html,2026-10-06
2019-06-29,6713.363866,https://charts-cdn.checkonchain.com/btconchain/realised/lthsopr_indicator/lthsopr_indicator_light.html,2026-10-06
2019-06-30,6713.793067,https://charts-cdn.checkonchain.com/btconchain/realised/lthsopr_indicator/lthsopr_indicator_light.html,2026-10-06
2019-07-01,6708.094818,https://charts-cdn.checkonchain.com/btconchain/realised/lthsopr_indicator/lthsopr_indicator_light.html,2026-10-06
2019-07-02,6703.983725,https://charts-cdn.checkonchain.com/btconchain/realised/lthsopr_indicator/lthsopr_indicator_light.html,2026-10-06
2019-07-03,6697.776524,https://charts-cdn.checkonchain.com/btconchain/realised/lthsopr_indicator/lthsopr_indicator_light.html,2026-10-06
2019-07-04,6687.429267,https://charts-cdn.checkonchain.com/btconchain/realised/lthsopr_indicator/lthsopr_indicator_light.html,2026-10-06
2019-07-05,6675.526322,https://charts-cdn.checkonchain.com/btconchain/realised/lthsopr_indicator/lthsopr_indicator_light.html,2026-10-06
2019-07-06,6676.140311,https://charts-cdn.checkonchain.com/btconchain/realised/lthsopr_indicator/lthsopr_indicator_light.html,2026-10-06
2019-07-07,6674.995858,https://charts-cdn.checkonchain.com/btconchain/realised/lthsopr_indicator/lthsopr_indicator_light.html,2026-10-06
2019-07-08,6671.564630,https://charts-cdn.checkonchain.com/btconchain/realised/lthsopr_indicator/lthsopr_indicator_light.html,2026-10-06
2019-07-09,6669.667794,https://charts-cdn.checkonchain.com/btconchain/realised/lthsopr_indicator/lthsopr_indicator_light.html,2026-10-06
2019-07-10,6663.847206,https://charts-cdn.checkonchain.com/btconchain/realised/lthsopr_indicator/lthsopr_indicator_light.html,2026-10-06
2019-07-11,6648.514304,https://charts-cdn.checkonchain.com/btconchain/realised/lthsopr_indicator/lthsopr_indicator_light.html,2026-10-06
2019-07-12,6644.486223,https://charts-cdn.checkonchain.com/btconchain/realised/lthsopr_indicator/lthsopr_indicator_light.html,2026-10-06
2019-07-13,6641.049858,https://charts-cdn.checkonchain.com/btconchain/realised/lthsopr_indicator/lthsopr_indicator_light.html,2026-10-06
2019-07-14,6639.179074,https://charts-cdn.checkonchain.com/btconchain/realised/lthsopr_indicator/lthsopr_indicator_light.html,2026-10-06
2019-07-15,6638.020214,https://charts-cdn.checkonchain.com/btconchain/realised/lthsopr_indicator/lthsopr_indicator_light.html,2026-10-06
2019-07-16,6632.541535,https://charts-cdn.checkonchain.com/btconchain/realised/lthsopr_indicator/lthsopr_indicator_light.html,2026-10-06
2019-07-17,6614.170474,https://charts-cdn.checkonchain.com/btconchain/realised/lthsopr_indicator/lthsopr_indicator_light.html,2026-10-06
2019-07-18,6612.881116,https://charts-cdn.checkonchain.com/btconchain/realised/lthsopr_indicator/lthsopr_indicator_light.html,2026-10-06
2019-07-19,6593.346010,https://charts-cdn.checkonchain.com/btconchain/realised/lthsopr_indicator/lthsopr_indicator_light.html,2026-10-06
2019-07-20,6591.554019,https://charts-cdn.checkonchain.com/btconchain/realised/lthsopr_indicator/lthsopr_indicator_light.html,2026-10-06
2019-07-21,6590.577030,https://charts-cdn.checkonchain.com/btconchain/realised/lthsopr_indicator/lthsopr_indicator_light.html,2026-10-06
2019-07-22,6588.700648,https://charts-cdn.checkonchain.com/btconchain/realised/lthsopr_indicator/lthsopr_indicator_light.html,2026-10-06
2019-07-23,6589.386212,https://charts-cdn.checkonchain.com/btconchain/realised/lthsopr_indicator/lthsopr_indicator_light.html,2026-10-06
2019-07-24,6595.258951,https://charts-cdn.checkonchain.com/btconchain/realised/lthsopr_indicator/lthsopr_indicator_light.html,2026-10-06
2019-07-25,6588.060725,https://charts-cdn.checkonchain.com/btconchain/realised/lthsopr_indicator/lthsopr_indicator_light.html,2026-10-06
2019-07-26,6588.561154,https://charts-cdn.checkonchain.com/btconchain/realised/lthsopr_indicator/lthsopr_indicator_light.html,2026-10-06
2019-07-27,6589.704911,https://charts-cdn.checkonchain.com/btconchain/realised/lthsopr_indicator/lthsopr_indicator_light.html,2026-10-06
2019-07-28,6589.915634,https://charts-cdn.checkonchain.com/btconchain/realised/lthsopr_indicator/lthsopr_indicator_light.html,2026-10-06
2019-07-29,6589.412267,https://charts-cdn.checkonchain.com/btconchain/realised/lthsopr_indicator/lthsopr_indicator_light.html,2026-10-06
2019-07-30,6588.585268,https://charts-cdn.checkonchain.com/btconchain/realised/lthsopr_indicator/lthsopr_indicator_light.html,2026-10-06
2019-07-31,6589.394316,https://charts-cdn.checkonchain.com/btconchain/realised/lthsopr_indicator/lthsopr_indicator_light.html,2026-10-06
2019-08-01,6588.289040,https://charts-cdn.checkonchain.com/btconchain/realised/lthsopr_indicator/lthsopr_indicator_light.html,2026-10-06
2019-08-02,6589.314737,https://charts-cdn.checkonchain.com/btconchain/realised/lthsopr_indicator/lthsopr_indicator_light.html,2026-10-06
2019-08-03,6591.175465,https://charts-cdn.checkonchain.com/btconchain/realised/lthsopr_indicator/lthsopr_indicator_light.html,2026-10-06
2019-08-04,6586.390889,https://charts-cdn.checkonchain.com/btconchain/realised/lthsopr_indicator/lthsopr_indicator_light.html,2026-10-06
2019-08-05,6554.160286,https://charts-cdn.checkonchain.com/btconchain/realised/lthsopr_indicator/lthsopr_indicator_light.html,2026-10-06
2019-08-06,6535.029596,https://charts-cdn.checkonchain.com/btconchain/realised/lthsopr_indicator/lthsopr_indicator_light.html,2026-10-06
2019-08-07,6528.718051,https://charts-cdn.checkonchain.com/btconchain/realised/lthsopr_indicator/lthsopr_indicator_light.html,2026-10-06
2019-08-08,6526.667709,https://charts-cdn.checkonchain.com/btconchain/realised/lthsopr_indicator/lthsopr_indicator_light.html,2026-10-06
2019-08-09,6526.850466,https://charts-cdn.checkonchain.com/btconchain/realised/lthsopr_indicator/lthsopr_indicator_light.html,2026-10-06
2019-08-10,6527.602245,https://charts-cdn.checkonchain.com/btconchain/realised/lthsopr_indicator/lthsopr_indicator_light.html,2026-10-06
2019-08-11,6523.993273,https://charts-cdn.checkonchain.com/btconchain/realised/lthsopr_indicator/lthsopr_indicator_light.html,2026-10-06
2019-08-12,6523.852373,https://charts-cdn.checkonchain.com/btconchain/realised/lthsopr_indicator/lthsopr_indicator_light.html,2026-10-06
2019-08-13,6520.916378,https://charts-cdn.checkonchain.com/btconchain/realised/lthsopr_indicator/lthsopr_indicator_light.html,2026-10-06
2019-08-14,6520.251104,https://charts-cdn.checkonchain.com/btconchain/realised/lthsopr_indicator/lthsopr_indicator_light.html,2026-10-06
2019-08-15,6521.175670,https://charts-cdn.checkonchain.com/btconchain/realised/lthsopr_indicator/lthsopr_indicator_light.html,2026-10-06
2019-08-16,6522.104824,https://charts-cdn.checkonchain.com/btconchain/realised/lthsopr_indicator/lthsopr_indicator_light.html,2026-10-06
2019-08-17,6523.079175,https://charts-cdn.checkonchain.com/btconchain/realised/lthsopr_indicator/lthsopr_indicator_light.html,2026-10-06
2019-08-18,6524.623523,https://charts-cdn.checkonchain.com/btconchain/realised/lthsopr_indicator/lthsopr_indicator_light.html,2026-10-06
2019-08-19,6518.957396,https://charts-cdn.checkonchain.com/btconchain/realised/lthsopr_indicator/lthsopr_indicator_light.html,2026-10-06
2019-08-20,6518.590058,https://charts-cdn.checkonchain.com/btconchain/realised/lthsopr_indicator/lthsopr_indicator_light.html,2026-10-06
2019-08-21,6519.512088,https://charts-cdn.checkonchain.com/btconchain/realised/lthsopr_indicator/lthsopr_indicator_light.html,2026-10-06
2019-08-22,6520.697295,https://charts-cdn.checkonchain.com/btconchain/realised/lthsopr_indicator/lthsopr_indicator_light.html,2026-10-06
2019-08-23,6518.818799,https://charts-cdn.checkonchain.com/btconchain/realised/lthsopr_indicator/lthsopr_indicator_light.html,2026-10-06
2019-08-24,6520.195681,https://charts-cdn.checkonchain.com/btconchain/realised/lthsopr_indicator/lthsopr_indicator_light.html,2026-10-06
2019-08-25,6520.618018,https://charts-cdn.checkonchain.com/btconchain/realised/lthsopr_indicator/lthsopr_indicator_light.html,2026-10-06
2019-08-26,6520.612995,https://charts-cdn.checkonchain.com/btconchain/realised/lthsopr_indicator/lthsopr_indicator_light.html,2026-10-06
2019-08-27,6516.411505,https://charts-cdn.checkonchain.com/btconchain/realised/lthsopr_indicator/lthsopr_indicator_light.html,2026-10-06
2019-08-28,6516.687550,https://charts-cdn.checkonchain.com/btconchain/realised/lthsopr_indicator/lthsopr_indicator_light.html,2026-10-06
2019-08-29,6517.905852,https://charts-cdn.checkonchain.com/btconchain/realised/lthsopr_indicator/lthsopr_indicator_light.html,2026-10-06
2019-08-30,6520.675911,https://charts-cdn.checkonchain.com/btconchain/realised/lthsopr_indicator/lthsopr_indicator_light.html,2026-10-06
2019-08-31,6525.889382,https://charts-cdn.checkonchain.com/btconchain/realised/lthsopr_indicator/lthsopr_indicator_light.html,2026-10-06
2019-09-01,6528.120314,https://charts-cdn.checkonchain.com/btconchain/realised/lthsopr_indicator/lthsopr_indicator_light.html,2026-10-06
2019-09-02,6530.276142,https://charts-cdn.checkonchain.com/btconchain/realised/lthsopr_indicator/lthsopr_indicator_light.html,2026-10-06
2019-09-03,6530.045629,https://charts-cdn.checkonchain.com/btconchain/realised/lthsopr_indicator/lthsopr_indicator_light.html,2026-10-06
2019-09-04,6527.196388,https://charts-cdn.checkonchain.com/btconchain/realised/lthsopr_indicator/lthsopr_indicator_light.html,2026-10-06
2019-09-05,6526.498083,https://charts-cdn.checkonchain.com/btconchain/realised/lthsopr_indicator/lthsopr_indicator_light.html,2026-10-06
2019-09-06,6532.503203,https://charts-cdn.checkonchain.com/btconchain/realised/lthsopr_indicator/lthsopr_indicator_light.html,2026-10-06
2019-09-07,6535.920108,https://charts-cdn.checkonchain.com/btconchain/realised/lthsopr_indicator/lthsopr_indicator_light.html,2026-10-06
2019-09-08,6538.674066,https://charts-cdn.checkonchain.com/btconchain/realised/lthsopr_indicator/lthsopr_indicator_light.html,2026-10-06
2019-09-09,6538.589488,https://charts-cdn.checkonchain.com/btconchain/realised/lthsopr_indicator/lthsopr_indicator_light.html,2026-10-06
2019-09-10,6540.679809,https://charts-cdn.checkonchain.com/btconchain/realised/lthsopr_indicator/lthsopr_indicator_light.html,2026-10-06
2019-09-11,6542.652614,https://charts-cdn.checkonchain.com/btconchain/realised/lthsopr_indicator/lthsopr_indicator_light.html,2026-10-06
2019-09-12,6544.299187,https://charts-cdn.checkonchain.com/btconchain/realised/lthsopr_indicator/lthsopr_indicator_light.html,2026-10-06
2019-09-13,6547.262149,https://charts-cdn.checkonchain.com/btconchain/realised/lthsopr_indicator/lthsopr_indicator_light.html,2026-10-06
2019-09-14,6550.443404,https://charts-cdn.checkonchain.com/btconchain/realised/lthsopr_indicator/lthsopr_indicator_light.html,2026-10-06
2019-09-15,6552.822500,https://charts-cdn.checkonchain.com/btconchain/realised/lthsopr_indicator/lthsopr_indicator_light.html,2026-10-06
2019-09-16,6555.418521,https://charts-cdn.checkonchain.com/btconchain/realised/lthsopr_indicator/lthsopr_indicator_light.html,2026-10-06
2019-09-17,6553.350028,https://charts-cdn.checkonchain.com/btconchain/realised/lthsopr_indicator/lthsopr_indicator_light.html,2026-10-06
2019-09-18,6556.067018,https://charts-cdn.checkonchain.com/btconchain/realised/lthsopr_indicator/lthsopr_indicator_light.html,2026-10-06
2019-09-19,6558.959944,https://charts-cdn.checkonchain.com/btconchain/realised/lthsopr_indicator/lthsopr_indicator_light.html,2026-10-06
2019-09-20,6560.786668,https://charts-cdn.checkonchain.com/btconchain/realised/lthsopr_indicator/lthsopr_indicator_light.html,2026-10-06
2019-09-21,6576.358808,https://charts-cdn.checkonchain.com/btconchain/realised/lthsopr_indicator/lthsopr_indicator_light.html,2026-10-06
2019-09-22,6581.570397,https://charts-cdn.checkonchain.com/btconchain/realised/lthsopr_indicator/lthsopr_indicator_light.html,2026-10-06
2019-09-23,6581.330830,https://charts-cdn.checkonchain.com/btconchain/realised/lthsopr_indicator/lthsopr_indicator_light.html,2026-10-06
2019-09-24,6570.500420,https://charts-cdn.checkonchain.com/btconchain/realised/lthsopr_indicator/lthsopr_indicator_light.html,2026-10-06
2019-09-25,6569.501679,https://charts-cdn.checkonchain.com/btconchain/realised/lthsopr_indicator/lthsopr_indicator_light.html,2026-10-06
2019-09-26,6571.335503,https://charts-cdn.checkonchain.com/btconchain/realised/lthsopr_indicator/lthsopr_indicator_light.html,2026-10-06
2019-09-27,6572.140141,https://charts-cdn.checkonchain.com/btconchain/realised/lthsopr_indicator/lthsopr_indicator_light.html,2026-10-06
2019-09-28,6583.581218,https://charts-cdn.checkonchain.com/btconchain/realised/lthsopr_indicator/lthsopr_indicator_light.html,2026-10-06
2019-09-29,6586.629951,https://charts-cdn.checkonchain.com/btconchain/realised/lthsopr_indicator/lthsopr_indicator_light.html,2026-10-06
2019-09-30,6588.848926,https://charts-cdn.checkonchain.com/btconchain/realised/lthsopr_indicator/lthsopr_indicator_light.html,2026-10-06
2019-10-01,6590.608944,https://charts-cdn.checkonchain.com/btconchain/realised/lthsopr_indicator/lthsopr_indicator_light.html,2026-10-06
2019-10-02,6592.678215,https://charts-cdn.checkonchain.com/btconchain/realised/lthsopr_indicator/lthsopr_indicator_light.html,2026-10-06
2019-10-03,6595.370975,https://charts-cdn.checkonchain.com/btconchain/realised/lthsopr_indicator/lthsopr_indicator_light.html,2026-10-06
2019-10-04,6598.863981,https://charts-cdn.checkonchain.com/btconchain/realised/lthsopr_indicator/lthsopr_indicator_light.html,2026-10-06
2019-10-05,6604.940325,https://charts-cdn.checkonchain.com/btconchain/realised/lthsopr_indicator/lthsopr_indicator_light.html,2026-10-06
2019-10-06,6614.711910,https://charts-cdn.checkonchain.com/btconchain/realised/lthsopr_indicator/lthsopr_indicator_light.html,2026-10-06
2019-10-07,6617.366122,https://charts-cdn.checkonchain.com/btconchain/realised/lthsopr_indicator/lthsopr_indicator_light.html,2026-10-06
2019-10-08,6637.460639,https://charts-cdn.checkonchain.com/btconchain/realised/lthsopr_indicator/lthsopr_indicator_light.html,2026-10-06
2019-10-09,6643.633802,https://charts-cdn.checkonchain.com/btconchain/realised/lthsopr_indicator/lthsopr_indicator_light.html,2026-10-06
2019-10-10,6663.647707,https://charts-cdn.checkonchain.com/btconchain/realised/lthsopr_indicator/lthsopr_indicator_light.html,2026-10-06
2019-10-11,6678.400185,https://charts-cdn.checkonchain.com/btconchain/realised/lthsopr_indicator/lthsopr_indicator_light.html,2026-10-06
2019-10-12,6687.294341,https://charts-cdn.checkonchain.com/btconchain/realised/lthsopr_indicator/lthsopr_indicator_light.html,2026-10-06
2019-10-13,6694.776467,https://charts-cdn.checkonchain.com/btconchain/realised/lthsopr_indicator/lthsopr_indicator_light.html,2026-10-06
2019-10-14,6693.654151,https://charts-cdn.checkonchain.com/btconchain/realised/lthsopr_indicator/lthsopr_indicator_light.html,2026-10-06
2019-10-15,6681.364829,https://charts-cdn.checkonchain.com/btconchain/realised/lthsopr_indicator/lthsopr_indicator_light.html,2026-10-06
2019-10-16,6689.906303,https://charts-cdn.checkonchain.com/btconchain/realised/lthsopr_indicator/lthsopr_indicator_light.html,2026-10-06
2019-10-17,6700.264596,https://charts-cdn.checkonchain.com/btconchain/realised/lthsopr_indicator/lthsopr_indicator_light.html,2026-10-06
2019-10-18,6701.587424,https://charts-cdn.checkonchain.com/btconchain/realised/lthsopr_indicator/lthsopr_indicator_light.html,2026-10-06
2019-10-19,6711.788591,https://charts-cdn.checkonchain.com/btconchain/realised/lthsopr_indicator/lthsopr_indicator_light.html,2026-10-06
2019-10-20,6718.855461,https://charts-cdn.checkonchain.com/btconchain/realised/lthsopr_indicator/lthsopr_indicator_light.html,2026-10-06
2019-10-21,6709.915534,https://charts-cdn.checkonchain.com/btconchain/realised/lthsopr_indicator/lthsopr_indicator_light.html,2026-10-06
2019-10-22,6716.657964,https://charts-cdn.checkonchain.com/btconchain/realised/lthsopr_indicator/lthsopr_indicator_light.html,2026-10-06
2019-10-23,6722.366165,https://charts-cdn.checkonchain.com/btconchain/realised/lthsopr_indicator/lthsopr_indicator_light.html,2026-10-06
2019-10-24,6726.167216,https://charts-cdn.checkonchain.com/btconchain/realised/lthsopr_indicator/lthsopr_indicator_light.html,2026-10-06
2019-10-25,6730.422135,https://charts-cdn.checkonchain.com/btconchain/realised/lthsopr_indicator/lthsopr_indicator_light.html,2026-10-06
2019-10-26,6741.663574,https://charts-cdn.checkonchain.com/btconchain/realised/lthsopr_indicator/lthsopr_indicator_light.html,2026-10-06
2019-10-27,6747.935914,https://charts-cdn.checkonchain.com/btconchain/realised/lthsopr_indicator/lthsopr_indicator_light.html,2026-10-06
2019-10-28,6748.320452,https://charts-cdn.checkonchain.com/btconchain/realised/lthsopr_indicator/lthsopr_indicator_light.html,2026-10-06
2019-10-29,6750.893225,https://charts-cdn.checkonchain.com/btconchain/realised/lthsopr_indicator/lthsopr_indicator_light.html,2026-10-06
2019-10-30,6754.640673,https://charts-cdn.checkonchain.com/btconchain/realised/lthsopr_indicator/lthsopr_indicator_light.html,2026-10-06
2019-10-31,6757.623403,https://charts-cdn.checkonchain.com/btconchain/realised/lthsopr_indicator/lthsopr_indicator_light.html,2026-10-06
2019-11-01,6744.296644,https://charts-cdn.checkonchain.com/btconchain/realised/lthsopr_indicator/lthsopr_indicator_light.html,2026-10-06
2019-11-02,6804.209933,https://charts-cdn.checkonchain.com/btconchain/realised/lthsopr_indicator/lthsopr_indicator_light.html,2026-10-06
2019-11-03,6812.760721,https://charts-cdn.checkonchain.com/btconchain/realised/lthsopr_indicator/lthsopr_indicator_light.html,2026-10-06
2019-11-04,6816.002871,https://charts-cdn.checkonchain.com/btconchain/realised/lthsopr_indicator/lthsopr_indicator_light.html,2026-10-06
2019-11-05,6796.776490,https://charts-cdn.checkonchain.com/btconchain/realised/lthsopr_indicator/lthsopr_indicator_light.html,2026-10-06
2019-11-06,6780.131308,https://charts-cdn.checkonchain.com/btconchain/realised/lthsopr_indicator/lthsopr_indicator_light.html,2026-10-06
2019-11-07,6785.202564,https://charts-cdn.checkonchain.com/btconchain/realised/lthsopr_indicator/lthsopr_indicator_light.html,2026-10-06
2019-11-08,6790.737591,https://charts-cdn.checkonchain.com/btconchain/realised/lthsopr_indicator/lthsopr_indicator_light.html,2026-10-06
2019-11-09,6807.690288,https://charts-cdn.checkonchain.com/btconchain/realised/lthsopr_indicator/lthsopr_indicator_light.html,2026-10-06
2019-11-10,6814.834423,https://charts-cdn.checkonchain.com/btconchain/realised/lthsopr_indicator/lthsopr_indicator_light.html,2026-10-06
2019-11-11,6819.771627,https://charts-cdn.checkonchain.com/btconchain/realised/lthsopr_indicator/lthsopr_indicator_light.html,2026-10-06
2019-11-12,6825.710239,https://charts-cdn.checkonchain.com/btconchain/realised/lthsopr_indicator/lthsopr_indicator_light.html,2026-10-06
2019-11-13,6831.709497,https://charts-cdn.checkonchain.com/btconchain/realised/lthsopr_indicator/lthsopr_indicator_light.html,2026-10-06
2019-11-14,6849.691308,https://charts-cdn.checkonchain.com/btconchain/realised/lthsopr_indicator/lthsopr_indicator_light.html,2026-10-06
2019-11-15,6857.279864,https://charts-cdn.checkonchain.com/btconchain/realised/lthsopr_indicator/lthsopr_indicator_light.html,2026-10-06
2019-11-16,6878.815228,https://charts-cdn.checkonchain.com/btconchain/realised/lthsopr_indicator/lthsopr_indicator_light.html,2026-10-06
2019-11-17,6886.096625,https://charts-cdn.checkonchain.com/btconchain/realised/lthsopr_indicator/lthsopr_indicator_light.html,2026-10-06
2019-11-18,6890.770357,https://charts-cdn.checkonchain.com/btconchain/realised/lthsopr_indicator/lthsopr_indicator_light.html,2026-10-06
2019-11-19,6917.623466,https://charts-cdn.checkonchain.com/btconchain/realised/lthsopr_indicator/lthsopr_indicator_light.html,2026-10-06
2019-11-20,6929.429086,https://charts-cdn.checkonchain.com/btconchain/realised/lthsopr_indicator/lthsopr_indicator_light.html,2026-10-06
2019-11-21,6938.814563,https://charts-cdn.checkonchain.com/btconchain/realised/lthsopr_indicator/lthsopr_indicator_light.html,2026-10-06
2019-11-22,6929.464119,https://charts-cdn.checkonchain.com/btconchain/realised/lthsopr_indicator/lthsopr_indicator_light.html,2026-10-06
2019-11-23,6979.139151,https://charts-cdn.checkonchain.com/btconchain/realised/lthsopr_indicator/lthsopr_indicator_light.html,2026-10-06
2019-11-24,7016.912113,https://charts-cdn.checkonchain.com/btconchain/realised/lthsopr_indicator/lthsopr_indicator_light.html,2026-10-06
2019-11-25,7049.489936,https://charts-cdn.checkonchain.com/btconchain/realised/lthsopr_indicator/lthsopr_indicator_light.html,2026-10-06
2019-11-26,7068.726095,https://charts-cdn.checkonchain.com/btconchain/realised/lthsopr_indicator/lthsopr_indicator_light.html,2026-10-06
2019-11-27,7103.870878,https://charts-cdn.checkonchain.com/btconchain/realised/lthsopr_indicator/lthsopr_indicator_light.html,2026-10-06
2019-11-28,7117.031606,https://charts-cdn.checkonchain.com/btconchain/realised/lthsopr_indicator/lthsopr_indicator_light.html,2026-10-06
2019-11-29,7137.526988,https://charts-cdn.checkonchain.com/btconchain/realised/lthsopr_indicator/lthsopr_indicator_light.html,2026-10-06
2019-11-30,7153.472774,https://charts-cdn.checkonchain.com/btconchain/realised/lthsopr_indicator/lthsopr_indicator_light.html,2026-10-06
2019-12-01,7184.259489,https://charts-cdn.checkonchain.com/btconchain/realised/lthsopr_indicator/lthsopr_indicator_light.html,2026-10-06
2019-12-02,7193.948658,https://charts-cdn.checkonchain.com/btconchain/realised/lthsopr_indicator/lthsopr_indicator_light.html,2026-10-06
2019-12-03,7201.927555,https://charts-cdn.checkonchain.com/btconchain/realised/lthsopr_indicator/lthsopr_indicator_light.html,2026-10-06
2019-12-04,7198.836500,https://charts-cdn.checkonchain.com/btconchain/realised/lthsopr_indicator/lthsopr_indicator_light.html,2026-10-06
2019-12-05,7220.206161,https://charts-cdn.checkonchain.com/btconchain/realised/lthsopr_indicator/lthsopr_indicator_light.html,2026-10-06
2019-12-06,7238.705645,https://charts-cdn.checkonchain.com/btconchain/realised/lthsopr_indicator/lthsopr_indicator_light.html,2026-10-06
2019-12-07,7269.804382,https://charts-cdn.checkonchain.com/btconchain/realised/lthsopr_indicator/lthsopr_indicator_light.html,2026-10-06
2019-12-08,7313.087597,https://charts-cdn.checkonchain.com/btconchain/realised/lthsopr_indicator/lthsopr_indicator_light.html,2026-10-06
2019-12-09,7345.302721,https://charts-cdn.checkonchain.com/btconchain/realised/lthsopr_indicator/lthsopr_indicator_light.html,2026-10-06
2019-12-10,7351.650958,https://charts-cdn.checkonchain.com/btconchain/realised/lthsopr_indicator/lthsopr_indicator_light.html,2026-10-06
2019-12-11,7353.681390,https://charts-cdn.checkonchain.com/btconchain/realised/lthsopr_indicator/lthsopr_indicator_light.html,2026-10-06
2019-12-12,7361.050161,https://charts-cdn.checkonchain.com/btconchain/realised/lthsopr_indicator/lthsopr_indicator_light.html,2026-10-06
2019-12-13,7372.204041,https://charts-cdn.checkonchain.com/btconchain/realised/lthsopr_indicator/lthsopr_indicator_light.html,2026-10-06
2019-12-14,7377.692441,https://charts-cdn.checkonchain.com/btconchain/realised/lthsopr_indicator/lthsopr_indicator_light.html,2026-10-06
2019-12-15,7387.141896,https://charts-cdn.checkonchain.com/btconchain/realised/lthsopr_indicator/lthsopr_indicator_light.html,2026-10-06
2019-12-16,7454.451631,https://charts-cdn.checkonchain.com/btconchain/realised/lthsopr_indicator/lthsopr_indicator_light.html,2026-10-06
2019-12-17,7463.212349,https://charts-cdn.checkonchain.com/btconchain/realised/lthsopr_indicator/lthsopr_indicator_light.html,2026-10-06
2019-12-18,7467.481105,https://charts-cdn.checkonchain.com/btconchain/realised/lthsopr_indicator/lthsopr_indicator_light.html,2026-10-06
2019-12-19,7477.614495,https://charts-cdn.checkonchain.com/btconchain/realised/lthsopr_indicator/lthsopr_indicator_light.html,2026-10-06
2019-12-20,7468.814878,https://charts-cdn.checkonchain.com/btconchain/realised/lthsopr_indicator/lthsopr_indicator_light.html,2026-10-06
2019-12-21,7497.393932,https://charts-cdn.checkonchain.com/btconchain/realised/lthsopr_indicator/lthsopr_indicator_light.html,2026-10-06
2019-12-22,7505.343961,https://charts-cdn.checkonchain.com/btconchain/realised/lthsopr_indicator/lthsopr_indicator_light.html,2026-10-06
2019-12-23,7508.563556,https://charts-cdn.checkonchain.com/btconchain/realised/lthsopr_indicator/lthsopr_indicator_light.html,2026-10-06
2019-12-24,7512.410258,https://charts-cdn.checkonchain.com/btconchain/realised/lthsopr_indicator/lthsopr_indicator_light.html,2026-10-06
2019-12-25,7512.405232,https://charts-cdn.checkonchain.com/btconchain/realised/lthsopr_indicator/lthsopr_indicator_light.html,2026-10-06
2019-12-26,7582.664278,https://charts-cdn.checkonchain.com/btconchain/realised/lthsopr_indicator/lthsopr_indicator_light.html,2026-10-06
2019-12-27,7586.484855,https://charts-cdn.checkonchain.com/btconchain/realised/lthsopr_indicator/lthsopr_indicator_light.html,2026-10-06
2019-12-28,7595.560552,https://charts-cdn.checkonchain.com/btconchain/realised/lthsopr_indicator/lthsopr_indicator_light.html,2026-10-06
2019-12-29,7603.678837,https://charts-cdn.checkonchain.com/btconchain/realised/lthsopr_indicator/lthsopr_indicator_light.html,2026-10-06
2019-12-30,7609.688833,https://charts-cdn.checkonchain.com/btconchain/realised/lthsopr_indicator/lthsopr_indicator_light.html,2026-10-06
2019-12-31,7610.613183,https://charts-cdn.checkonchain.com/btconchain/realised/lthsopr_indicator/lthsopr_indicator_light.html,2026-10-06
2020-01-01,7624.108378,https://charts-cdn.checkonchain.com/btconchain/realised/lthsopr_indicator/lthsopr_indicator_light.html,2026-10-06
2020-01-02,7672.899966,https://charts-cdn.checkonchain.com/btconchain/realised/lthsopr_indicator/lthsopr_indicator_light.html,2026-10-06
2020-01-03,7721.408977,https://charts-cdn.checkonchain.com/btconchain/realised/lthsopr_indicator/lthsopr_indicator_light.html,2026-10-06
2020-01-04,7754.183594,https://charts-cdn.checkonchain.com/btconchain/realised/lthsopr_indicator/lthsopr_indicator_light.html,2026-10-06
2020-01-05,7768.500983,https://charts-cdn.checkonchain.com/btconchain/realised/lthsopr_indicator/lthsopr_indicator_light.html,2026-10-06
2020-01-06,7777.488864,https://charts-cdn.checkonchain.com/btconchain/realised/lthsopr_indicator/lthsopr_indicator_light.html,2026-10-06
2020-01-07,7780.860001,https://charts-cdn.checkonchain.com/btconchain/realised/lthsopr_indicator/lthsopr_indicator_light.html,2026-10-06
2020-01-08,7784.555474,https://charts-cdn.checkonchain.com/btconchain/realised/lthsopr_indicator/lthsopr_indicator_light.html,2026-10-06
2020-01-09,7791.508158,https://charts-cdn.checkonchain.com/btconchain/realised/lthsopr_indicator/lthsopr_indicator_light.html,2026-10-06
2020-01-10,7799.242122,https://charts-cdn.checkonchain.com/btconchain/realised/lthsopr_indicator/lthsopr_indicator_light.html,2026-10-06
2020-01-11,7810.138018,https://charts-cdn.checkonchain.com/btconchain/realised/lthsopr_indicator/lthsopr_indicator_light.html,2026-10-06
2020-01-12,7818.379073,https://charts-cdn.checkonchain.com/btconchain/realised/lthsopr_indicator/lthsopr_indicator_light.html,2026-10-06
2020-01-13,7825.641019,https://charts-cdn.checkonchain.com/btconchain/realised/lthsopr_indicator/lthsopr_indicator_light.html,2026-10-06
2020-01-14,7784.738684,https://charts-cdn.checkonchain.com/btconchain/realised/lthsopr_indicator/lthsopr_indicator_light.html,2026-10-06
2020-01-15,7779.253460,https://charts-cdn.checkonchain.com/btconchain/realised/lthsopr_indicator/lthsopr_indicator_light.html,2026-10-06
2020-01-16,7782.623599,https://charts-cdn.checkonchain.com/btconchain/realised/lthsopr_indicator/lthsopr_indicator_light.html,2026-10-06
2020-01-17,7793.184694,https://charts-cdn.checkonchain.com/btconchain/realised/lthsopr_indicator/lthsopr_indicator_light.html,2026-10-06
2020-01-18,7799.253003,https://charts-cdn.checkonchain.com/btconchain/realised/lthsopr_indicator/lthsopr_indicator_light.html,2026-10-06
2020-01-19,7810.944671,https://charts-cdn.checkonchain.com/btconchain/realised/lthsopr_indicator/lthsopr_indicator_light.html,2026-10-06
2020-01-20,7817.144151,https://charts-cdn.checkonchain.com/btconchain/realised/lthsopr_indicator/lthsopr_indicator_light.html,2026-10-06
2020-01-21,7823.033503,https://charts-cdn.checkonchain.com/btconchain/realised/lthsopr_indicator/lthsopr_indicator_light.html,2026-10-06
2020-01-22,7826.830640,https://charts-cdn.checkonchain.com/btconchain/realised/lthsopr_indicator/lthsopr_indicator_light.html,2026-10-06
2020-01-23,7833.122433,https://charts-cdn.checkonchain.com/btconchain/realised/lthsopr_indicator/lthsopr_indicator_light.html,2026-10-06
2020-01-24,7848.699492,https://charts-cdn.checkonchain.com/btconchain/realised/lthsopr_indicator/lthsopr_indicator_light.html,2026-10-06
2020-01-25,7856.326566,https://charts-cdn.checkonchain.com/btconchain/realised/lthsopr_indicator/lthsopr_indicator_light.html,2026-10-06
2020-01-26,7863.377309,https://charts-cdn.checkonchain.com/btconchain/realised/lthsopr_indicator/lthsopr_indicator_light.html,2026-10-06
2020-01-27,7867.287937,https://charts-cdn.checkonchain.com/btconchain/realised/lthsopr_indicator/lthsopr_indicator_light.html,2026-10-06
2020-01-28,7868.274759,https://charts-cdn.checkonchain.com/btconchain/realised/lthsopr_indicator/lthsopr_indicator_light.html,2026-10-06
2020-01-29,7863.991727,https://charts-cdn.checkonchain.com/btconchain/realised/lthsopr_indicator/lthsopr_indicator_light.html,2026-10-06
2020-01-30,7874.260876,https://charts-cdn.checkonchain.com/btconchain/realised/lthsopr_indicator/lthsopr_indicator_light.html,2026-10-06
2020-01-31,7878.131689,https://charts-cdn.checkonchain.com/btconchain/realised/lthsopr_indicator/lthsopr_indicator_light.html,2026-10-06
2020-02-01,7902.590818,https://charts-cdn.checkonchain.com/btconchain/realised/lthsopr_indicator/lthsopr_indicator_light.html,2026-10-06
2020-02-02,7902.033870,https://charts-cdn.checkonchain.com/btconchain/realised/lthsopr_indicator/lthsopr_indicator_light.html,2026-10-06
2020-02-03,7917.347448,https://charts-cdn.checkonchain.com/btconchain/realised/lthsopr_indicator/lthsopr_indicator_light.html,2026-10-06
2020-02-04,7915.149684,https://charts-cdn.checkonchain.com/btconchain/realised/lthsopr_indicator/lthsopr_indicator_light.html,2026-10-06
2020-02-05,7918.190008,https://charts-cdn.checkonchain.com/btconchain/realised/lthsopr_indicator/lthsopr_indicator_light.html,2026-10-06
2020-02-06,7889.455561,https://charts-cdn.checkonchain.com/btconchain/realised/lthsopr_indicator/lthsopr_indicator_light.html,2026-10-06
2020-02-07,7865.745652,https://charts-cdn.checkonchain.com/btconchain/realised/lthsopr_indicator/lthsopr_indicator_light.html,2026-10-06
2020-02-08,7866.903585,https://charts-cdn.checkonchain.com/btconchain/realised/lthsopr_indicator/lthsopr_indicator_light.html,2026-10-06
2020-02-09,7867.698005,https://charts-cdn.checkonchain.com/btconchain/realised/lthsopr_indicator/lthsopr_indicator_light.html,2026-10-06
2020-02-10,7872.777059,https://charts-cdn.checkonchain.com/btconchain/realised/lthsopr_indicator/lthsopr_indicator_light.html,2026-10-06
2020-02-11,7873.085157,https://charts-cdn.checkonchain.com/btconchain/realised/lthsopr_indicator/lthsopr_indicator_light.html,2026-10-06
2020-02-12,7873.699434,https://charts-cdn.checkonchain.com/btconchain/realised/lthsopr_indicator/lthsopr_indicator_light.html,2026-10-06
2020-02-13,7877.262270,https://charts-cdn.checkonchain.com/btconchain/realised/lthsopr_indicator/lthsopr_indicator_light.html,2026-10-06
2020-02-14,7882.504037,https://charts-cdn.checkonchain.com/btconchain/realised/lthsopr_indicator/lthsopr_indicator_light.html,2026-10-06
2020-02-15,7884.532087,https://charts-cdn.checkonchain.com/btconchain/realised/lthsopr_indicator/lthsopr_indicator_light.html,2026-10-06
2020-02-16,7892.128836,https://charts-cdn.checkonchain.com/btconchain/realised/lthsopr_indicator/lthsopr_indicator_light.html,2026-10-06
2020-02-17,7901.600413,https://charts-cdn.checkonchain.com/btconchain/realised/lthsopr_indicator/lthsopr_indicator_light.html,2026-10-06
2020-02-18,7903.153389,https://charts-cdn.checkonchain.com/btconchain/realised/lthsopr_indicator/lthsopr_indicator_light.html,2026-10-06
2020-02-19,7899.832629,https://charts-cdn.checkonchain.com/btconchain/realised/lthsopr_indicator/lthsopr_indicator_light.html,2026-10-06
2020-02-20,7880.457546,https://charts-cdn.checkonchain.com/btconchain/realised/lthsopr_indicator/lthsopr_indicator_light.html,2026-10-06
2020-02-21,7890.876163,https://charts-cdn.checkonchain.com/btconchain/realised/lthsopr_indicator/lthsopr_indicator_light.html,2026-10-06
2020-02-22,7931.666665,https://charts-cdn.checkonchain.com/btconchain/realised/lthsopr_indicator/lthsopr_indicator_light.html,2026-10-06
2020-02-23,7950.930794,https://charts-cdn.checkonchain.com/btconchain/realised/lthsopr_indicator/lthsopr_indicator_light.html,2026-10-06
2020-02-24,7961.977589,https://charts-cdn.checkonchain.com/btconchain/realised/lthsopr_indicator/lthsopr_indicator_light.html,2026-10-06
2020-02-25,7965.680634,https://charts-cdn.checkonchain.com/btconchain/realised/lthsopr_indicator/lthsopr_indicator_light.html,2026-10-06
2020-02-26,7966.849418,https://charts-cdn.checkonchain.com/btconchain/realised/lthsopr_indicator/lthsopr_indicator_light.html,2026-10-06
2020-02-27,7970.693183,https://charts-cdn.checkonchain.com/btconchain/realised/lthsopr_indicator/lthsopr_indicator_light.html,2026-10-06
2020-02-28,7973.602275,https://charts-cdn.checkonchain.com/btconchain/realised/lthsopr_indicator/lthsopr_indicator_light.html,2026-10-06
2020-02-29,7971.092621,https://charts-cdn.checkonchain.com/btconchain/realised/lthsopr_indicator/lthsopr_indicator_light.html,2026-10-06
2020-03-01,7974.586983,https://charts-cdn.checkonchain.com/btconchain/realised/lthsopr_indicator/lthsopr_indicator_light.html,2026-10-06
2020-03-02,7975.585206,https://charts-cdn.checkonchain.com/btconchain/realised/lthsopr_indicator/lthsopr_indicator_light.html,2026-10-06
2020-03-03,7969.882212,https://charts-cdn.checkonchain.com/btconchain/realised/lthsopr_indicator/lthsopr_indicator_light.html,2026-10-06
2020-03-04,7969.136191,https://charts-cdn.checkonchain.com/btconchain/realised/lthsopr_indicator/lthsopr_indicator_light.html,2026-10-06
2020-03-05,7960.514910,https://charts-cdn.checkonchain.com/btconchain/realised/lthsopr_indicator/lthsopr_indicator_light.html,2026-10-06
2020-03-06,7969.646860,https://charts-cdn.checkonchain.com/btconchain/realised/lthsopr_indicator/lthsopr_indicator_light.html,2026-10-06
2020-03-07,7974.671547,https://charts-cdn.checkonchain.com/btconchain/realised/lthsopr_indicator/lthsopr_indicator_light.html,2026-10-06
2020-03-08,7979.477096,https://charts-cdn.checkonchain.com/btconchain/realised/lthsopr_indicator/lthsopr_indicator_light.html,2026-10-06
2020-03-09,7971.247682,https://charts-cdn.checkonchain.com/btconchain/realised/lthsopr_indicator/lthsopr_indicator_light.html,2026-10-06
2020-03-10,7969.188483,https://charts-cdn.checkonchain.com/btconchain/realised/lthsopr_indicator/lthsopr_indicator_light.html,2026-10-06
2020-03-11,7945.330159,https://charts-cdn.checkonchain.com/btconchain/realised/lthsopr_indicator/lthsopr_indicator_light.html,2026-10-06
2020-03-12,7905.073984,https://charts-cdn.checkonchain.com/btconchain/realised/lthsopr_indicator/lthsopr_indicator_light.html,2026-10-06
2020-03-13,7878.359518,https://charts-cdn.checkonchain.com/btconchain/realised/lthsopr_indicator/lthsopr_indicator_light.html,2026-10-06
2020-03-14,7871.669085,https://charts-cdn.checkonchain.com/btconchain/realised/lthsopr_indicator/lthsopr_indicator_light.html,2026-10-06
2020-03-15,7871.503470,https://charts-cdn.checkonchain.com/btconchain/realised/lthsopr_indicator/lthsopr_indicator_light.html,2026-10-06
2020-03-16,7866.578953,https://charts-cdn.checkonchain.com/btconchain/realised/lthsopr_indicator/lthsopr_indicator_light.html,2026-10-06
2020-03-17,7854.761748,https://charts-cdn.checkonchain.com/btconchain/realised/lthsopr_indicator/lthsopr_indicator_light.html,2026-10-06
2020-03-18,7854.688296,https://charts-cdn.checkonchain.com/btconchain/realised/lthsopr_indicator/lthsopr_indicator_light.html,2026-10-06
2020-03-19,7854.960890,https://charts-cdn.checkonchain.com/btconchain/realised/lthsopr_indicator/lthsopr_indicator_light.html,2026-10-06
2020-03-20,7856.285180,https://charts-cdn.checkonchain.com/btconchain/realised/lthsopr_indicator/lthsopr_indicator_light.html,2026-10-06
2020-03-21,7858.490451,https://charts-cdn.checkonchain.com/btconchain/realised/lthsopr_indicator/lthsopr_indicator_light.html,2026-10-06
2020-03-22,7869.101290,https://charts-cdn.checkonchain.com/btconchain/realised/lthsopr_indicator/lthsopr_indicator_light.html,2026-10-06
2020-03-23,7865.165431,https://charts-cdn.checkonchain.com/btconchain/realised/lthsopr_indicator/lthsopr_indicator_light.html,2026-10-06
2020-03-24,7866.710117,https://charts-cdn.checkonchain.com/btconchain/realised/lthsopr_indicator/lthsopr_indicator_light.html,2026-10-06
2020-03-25,7859.020336,https://charts-cdn.checkonchain.com/btconchain/realised/lthsopr_indicator/lthsopr_indicator_light.html,2026-10-06
2020-03-26,7875.310872,https://charts-cdn.checkonchain.com/btconchain/realised/lthsopr_indicator/lthsopr_indicator_light.html,2026-10-06
2020-03-27,7881.208585,https://charts-cdn.checkonchain.com/btconchain/realised/lthsopr_indicator/lthsopr_indicator_light.html,2026-10-06
2020-03-28,7885.931254,https://charts-cdn.checkonchain.com/btconchain/realised/lthsopr_indicator/lthsopr_indicator_light.html,2026-10-06
2020-03-29,7884.638528,https://charts-cdn.checkonchain.com/btconchain/realised/lthsopr_indicator/lthsopr_indicator_light.html,2026-10-06
2020-03-30,7908.734792,https://charts-cdn.checkonchain.com/btconchain/realised/lthsopr_indicator/lthsopr_indicator_light.html,2026-10-06
2020-03-31,7911.296644,https://charts-cdn.checkonchain.com/btconchain/realised/lthsopr_indicator/lthsopr_indicator_light.html,2026-10-06
2020-04-01,7913.264736,https://charts-cdn.checkonchain.com/btconchain/realised/lthsopr_indicator/lthsopr_indicator_light.html,2026-10-06
2020-04-02,7911.590978,https://charts-cdn.checkonchain.com/btconchain/realised/lthsopr_indicator/lthsopr_indicator_light.html,2026-10-06
2020-04-03,7927.656792,https://charts-cdn.checkonchain.com/btconchain/realised/lthsopr_indicator/lthsopr_indicator_light.html,2026-10-06
2020-04-04,7939.053748,https://charts-cdn.checkonchain.com/btconchain/realised/lthsopr_indicator/lthsopr_indicator_light.html,2026-10-06
2020-04-05,7945.578670,https://charts-cdn.checkonchain.com/btconchain/realised/lthsopr_indicator/lthsopr_indicator_light.html,2026-10-06
2020-04-06,7947.546530,https://charts-cdn.checkonchain.com/btconchain/realised/lthsopr_indicator/lthsopr_indicator_light.html,2026-10-06
2020-04-07,7939.681779,https://charts-cdn.checkonchain.com/btconchain/realised/lthsopr_indicator/lthsopr_indicator_light.html,2026-10-06
2020-04-08,7941.060518,https://charts-cdn.checkonchain.com/btconchain/realised/lthsopr_indicator/lthsopr_indicator_light.html,2026-10-06
2020-04-09,7937.800868,https://charts-cdn.checkonchain.com/btconchain/realised/lthsopr_indicator/lthsopr_indicator_light.html,2026-10-06
2020-04-10,7939.844306,https://charts-cdn.checkonchain.com/btconchain/realised/lthsopr_indicator/lthsopr_indicator_light.html,2026-10-06
2020-04-11,7951.295848,https://charts-cdn.checkonchain.com/btconchain/realised/lthsopr_indicator/lthsopr_indicator_light.html,2026-10-06
2020-04-12,7960.414020,https://charts-cdn.checkonchain.com/btconchain/realised/lthsopr_indicator/lthsopr_indicator_light.html,2026-10-06
2020-04-13,7969.201767,https://charts-cdn.checkonchain.com/btconchain/realised/lthsopr_indicator/lthsopr_indicator_light.html,2026-10-06
2020-04-14,7973.876856,https://charts-cdn.checkonchain.com/btconchain/realised/lthsopr_indicator/lthsopr_indicator_light.html,2026-10-06
2020-04-15,7975.536447,https://charts-cdn.checkonchain.com/btconchain/realised/lthsopr_indicator/lthsopr_indicator_light.html,2026-10-06
2020-04-16,7983.538371,https://charts-cdn.checkonchain.com/btconchain/realised/lthsopr_indicator/lthsopr_indicator_light.html,2026-10-06
2020-04-17,7989.641900,https://charts-cdn.checkonchain.com/btconchain/realised/lthsopr_indicator/lthsopr_indicator_light.html,2026-10-06
2020-04-18,7999.791287,https://charts-cdn.checkonchain.com/btconchain/realised/lthsopr_indicator/lthsopr_indicator_light.html,2026-10-06
2020-04-19,8010.463317,https://charts-cdn.checkonchain.com/btconchain/realised/lthsopr_indicator/lthsopr_indicator_light.html,2026-10-06
2020-04-20,8017.255656,https://charts-cdn.checkonchain.com/btconchain/realised/lthsopr_indicator/lthsopr_indicator_light.html,2026-10-06
2020-04-21,8021.099824,https://charts-cdn.checkonchain.com/btconchain/realised/lthsopr_indicator/lthsopr_indicator_light.html,2026-10-06
2020-04-22,8035.656194,https://charts-cdn.checkonchain.com/btconchain/realised/lthsopr_indicator/lthsopr_indicator_light.html,2026-10-06
2020-04-23,8034.458689,https://charts-cdn.checkonchain.com/btconchain/realised/lthsopr_indicator/lthsopr_indicator_light.html,2026-10-06
2020-04-24,8035.638178,https://charts-cdn.checkonchain.com/btconchain/realised/lthsopr_indicator/lthsopr_indicator_light.html,2026-10-06
2020-04-25,8042.501015,https://charts-cdn.checkonchain.com/btconchain/realised/lthsopr_indicator/lthsopr_indicator_light.html,2026-10-06
2020-04-26,8047.046307,https://charts-cdn.checkonchain.com/btconchain/realised/lthsopr_indicator/lthsopr_indicator_light.html,2026-10-06
2020-04-27,8052.816784,https://charts-cdn.checkonchain.com/btconchain/realised/lthsopr_indicator/lthsopr_indicator_light.html,2026-10-06
2020-04-28,8056.191919,https://charts-cdn.checkonchain.com/btconchain/realised/lthsopr_indicator/lthsopr_indicator_light.html,2026-10-06
2020-04-29,8043.869768,https://charts-cdn.checkonchain.com/btconchain/realised/lthsopr_indicator/lthsopr_indicator_light.html,2026-10-06
2020-04-30,8039.239490,https://charts-cdn.checkonchain.com/btconchain/realised/lthsopr_indicator/lthsopr_indicator_light.html,2026-10-06
2020-05-01,8040.409976,https://charts-cdn.checkonchain.com/btconchain/realised/lthsopr_indicator/lthsopr_indicator_light.html,2026-10-06
2020-05-02,8047.721941,https://charts-cdn.checkonchain.com/btconchain/realised/lthsopr_indicator/lthsopr_indicator_light.html,2026-10-06
2020-05-03,8050.681364,https://charts-cdn.checkonchain.com/btconchain/realised/lthsopr_indicator/lthsopr_indicator_light.html,2026-10-06
2020-05-04,8051.855734,https://charts-cdn.checkonchain.com/btconchain/realised/lthsopr_indicator/lthsopr_indicator_light.html,2026-10-06
2020-05-05,8050.972726,https://charts-cdn.checkonchain.com/btconchain/realised/lthsopr_indicator/lthsopr_indicator_light.html,2026-10-06
2020-05-06,8043.129226,https://charts-cdn.checkonchain.com/btconchain/realised/lthsopr_indicator/lthsopr_indicator_light.html,2026-10-06
2020-05-07,8024.788750,https://charts-cdn.checkonchain.com/btconchain/realised/lthsopr_indicator/lthsopr_indicator_light.html,2026-10-06
2020-05-08,8018.562912,https://charts-cdn.checkonchain.com/btconchain/realised/lthsopr_indicator/lthsopr_indicator_light.html,2026-10-06
2020-05-09,8016.539626,https://charts-cdn.checkonchain.com/btconchain/realised/lthsopr_indicator/lthsopr_indicator_light.html,2026-10-06
2020-05-10,8017.620562,https://charts-cdn.checkonchain.com/btconchain/realised/lthsopr_indicator/lthsopr_indicator_light.html,2026-10-06
2020-05-11,8015.978840,https://charts-cdn.checkonchain.com/btconchain/realised/lthsopr_indicator/lthsopr_indicator_light.html,2026-10-06
2020-05-12,8016.702175,https://charts-cdn.checkonchain.com/btconchain/realised/lthsopr_indicator/lthsopr_indicator_light.html,2026-10-06
2020-05-13,8017.386587,https://charts-cdn.checkonchain.com/btconchain/realised/lthsopr_indicator/lthsopr_indicator_light.html,2026-10-06
2020-05-14,8015.452986,https://charts-cdn.checkonchain.com/btconchain/realised/lthsopr_indicator/lthsopr_indicator_light.html,2026-10-06
2020-05-15,8008.217852,https://charts-cdn.checkonchain.com/btconchain/realised/lthsopr_indicator/lthsopr_indicator_light.html,2026-10-06
2020-05-16,8010.872624,https://charts-cdn.checkonchain.com/btconchain/realised/lthsopr_indicator/lthsopr_indicator_light.html,2026-10-06
2020-05-17,8014.339260,https://charts-cdn.checkonchain.com/btconchain/realised/lthsopr_indicator/lthsopr_indicator_light.html,2026-10-06
2020-05-18,8019.832022,https://charts-cdn.checkonchain.com/btconchain/realised/lthsopr_indicator/lthsopr_indicator_light.html,2026-10-06
2020-05-19,8020.122770,https://charts-cdn.checkonchain.com/btconchain/realised/lthsopr_indicator/lthsopr_indicator_light.html,2026-10-06
2020-05-20,8018.805306,https://charts-cdn.checkonchain.com/btconchain/realised/lthsopr_indicator/lthsopr_indicator_light.html,2026-10-06
2020-05-21,8017.043027,https://charts-cdn.checkonchain.com/btconchain/realised/lthsopr_indicator/lthsopr_indicator_light.html,2026-10-06
2020-05-22,8017.248707,https://charts-cdn.checkonchain.com/btconchain/realised/lthsopr_indicator/lthsopr_indicator_light.html,2026-10-06
2020-05-23,8017.582317,https://charts-cdn.checkonchain.com/btconchain/realised/lthsopr_indicator/lthsopr_indicator_light.html,2026-10-06
2020-05-24,8019.938298,https://charts-cdn.checkonchain.com/btconchain/realised/lthsopr_indicator/lthsopr_indicator_light.html,2026-10-06
2020-05-25,8022.082755,https://charts-cdn.checkonchain.com/btconchain/realised/lthsopr_indicator/lthsopr_indicator_light.html,2026-10-06
2020-05-26,8024.211386,https://charts-cdn.checkonchain.com/btconchain/realised/lthsopr_indicator/lthsopr_indicator_light.html,2026-10-06
2020-05-27,8025.142807,https://charts-cdn.checkonchain.com/btconchain/realised/lthsopr_indicator/lthsopr_indicator_light.html,2026-10-06
2020-05-28,8022.981906,https://charts-cdn.checkonchain.com/btconchain/realised/lthsopr_indicator/lthsopr_indicator_light.html,2026-10-06
2020-05-29,8014.775294,https://charts-cdn.checkonchain.com/btconchain/realised/lthsopr_indicator/lthsopr_indicator_light.html,2026-10-06
2020-05-30,8015.188805,https://charts-cdn.checkonchain.com/btconchain/realised/lthsopr_indicator/lthsopr_indicator_light.html,2026-10-06
2020-05-31,8013.126431,https://charts-cdn.checkonchain.com/btconchain/realised/lthsopr_indicator/lthsopr_indicator_light.html,2026-10-06
2020-06-01,7984.024993,https://charts-cdn.checkonchain.com/btconchain/realised/lthsopr_indicator/lthsopr_indicator_light.html,2026-10-06
2020-06-02,7979.125578,https://charts-cdn.checkonchain.com/btconchain/realised/lthsopr_indicator/lthsopr_indicator_light.html,2026-10-06
2020-06-03,7980.555698,https://charts-cdn.checkonchain.com/btconchain/realised/lthsopr_indicator/lthsopr_indicator_light.html,2026-10-06
2020-06-04,7981.067146,https://charts-cdn.checkonchain.com/btconchain/realised/lthsopr_indicator/lthsopr_indicator_light.html,2026-10-06
2020-06-05,7986.764601,https://charts-cdn.checkonchain.com/btconchain/realised/lthsopr_indicator/lthsopr_indicator_light.html,2026-10-06
2020-06-06,7992.998839,https://charts-cdn.checkonchain.com/btconchain/realised/lthsopr_indicator/lthsopr_indicator_light.html,2026-10-06
2020-06-07,7998.140894,https://charts-cdn.checkonchain.com/btconchain/realised/lthsopr_indicator/lthsopr_indicator_light.html,2026-10-06
2020-06-08,8000.193148,https://charts-cdn.checkonchain.com/btconchain/realised/lthsopr_indicator/lthsopr_indicator_light.html,2026-10-06
2020-06-09,8001.380685,https://charts-cdn.checkonchain.com/btconchain/realised/lthsopr_indicator/lthsopr_indicator_light.html,2026-10-06
2020-06-10,8001.449117,https://charts-cdn.checkonchain.com/btconchain/realised/lthsopr_indicator/lthsopr_indicator_light.html,2026-10-06
2020-06-11,8003.852676,https://charts-cdn.checkonchain.com/btconchain/realised/lthsopr_indicator/lthsopr_indicator_light.html,2026-10-06
2020-06-12,8008.968218,https://charts-cdn.checkonchain.com/btconchain/realised/lthsopr_indicator/lthsopr_indicator_light.html,2026-10-06
2020-06-13,8017.066683,https://charts-cdn.checkonchain.com/btconchain/realised/lthsopr_indicator/lthsopr_indicator_light.html,2026-10-06
2020-06-14,8024.096574,https://charts-cdn.checkonchain.com/btconchain/realised/lthsopr_indicator/lthsopr_indicator_light.html,2026-10-06
2020-06-15,8028.741143,https://charts-cdn.checkonchain.com/btconchain/realised/lthsopr_indicator/lthsopr_indicator_light.html,2026-10-06
2020-06-16,8038.730845,https://charts-cdn.checkonchain.com/btconchain/realised/lthsopr_indicator/lthsopr_indicator_light.html,2026-10-06
2020-06-17,8040.598419,https://charts-cdn.checkonchain.com/btconchain/realised/lthsopr_indicator/lthsopr_indicator_light.html,2026-10-06
2020-06-18,8041.289405,https://charts-cdn.checkonchain.com/btconchain/realised/lthsopr_indicator/lthsopr_indicator_light.html,2026-10-06
2020-06-19,8045.051008,https://charts-cdn.checkonchain.com/btconchain/realised/lthsopr_indicator/lthsopr_indicator_light.html,2026-10-06
2020-06-20,8054.687780,https://charts-cdn.checkonchain.com/btconchain/realised/lthsopr_indicator/lthsopr_indicator_light.html,2026-10-06
2020-06-21,8058.612557,https://charts-cdn.checkonchain.com/btconchain/realised/lthsopr_indicator/lthsopr_indicator_light.html,2026-10-06
2020-06-22,8059.594553,https://charts-cdn.checkonchain.com/btconchain/realised/lthsopr_indicator/lthsopr_indicator_light.html,2026-10-06
2020-06-23,8061.489266,https://charts-cdn.checkonchain.com/btconchain/realised/lthsopr_indicator/lthsopr_indicator_light.html,2026-10-06
2020-06-24,8046.487933,https://charts-cdn.checkonchain.com/btconchain/realised/lthsopr_indicator/lthsopr_indicator_light.html,2026-10-06
2020-06-25,8049.459719,https://charts-cdn.checkonchain.com/btconchain/realised/lthsopr_indicator/lthsopr_indicator_light.html,2026-10-06
2020-06-26,8054.378946,https://charts-cdn.checkonchain.com/btconchain/realised/lthsopr_indicator/lthsopr_indicator_light.html,2026-10-06
2020-06-27,8072.156536,https://charts-cdn.checkonchain.com/btconchain/realised/lthsopr_indicator/lthsopr_indicator_light.html,2026-10-06
2020-06-28,8077.822564,https://charts-cdn.checkonchain.com/btconchain/realised/lthsopr_indicator/lthsopr_indicator_light.html,2026-10-06
2020-06-29,8085.678065,https://charts-cdn.checkonchain.com/btconchain/realised/lthsopr_indicator/lthsopr_indicator_light.html,2026-10-06
2020-06-30,8073.095956,https://charts-cdn.checkonchain.com/btconchain/realised/lthsopr_indicator/lthsopr_indicator_light.html,2026-10-06
2020-07-01,8079.184198,https://charts-cdn.checkonchain.com/btconchain/realised/lthsopr_indicator/lthsopr_indicator_light.html,2026-10-06
2020-07-02,8086.772480,https://charts-cdn.checkonchain.com/btconchain/realised/lthsopr_indicator/lthsopr_indicator_light.html,2026-10-06
2020-07-03,8092.677008,https://charts-cdn.checkonchain.com/btconchain/realised/lthsopr_indicator/lthsopr_indicator_light.html,2026-10-06
2020-07-04,8098.157192,https://charts-cdn.checkonchain.com/btconchain/realised/lthsopr_indicator/lthsopr_indicator_light.html,2026-10-06
2020-07-05,8108.238467,https://charts-cdn.checkonchain.com/btconchain/realised/lthsopr_indicator/lthsopr_indicator_light.html,2026-10-06
2020-07-06,8173.573045,https://charts-cdn.checkonchain.com/btconchain/realised/lthsopr_indicator/lthsopr_indicator_light.html,2026-10-06
2020-07-07,8236.991384,https://charts-cdn.checkonchain.com/btconchain/realised/lthsopr_indicator/lthsopr_indicator_light.html,2026-10-06
2020-07-08,8241.602196,https://charts-cdn.checkonchain.com/btconchain/realised/lthsopr_indicator/lthsopr_indicator_light.html,2026-10-06
2020-07-09,8248.325774,https://charts-cdn.checkonchain.com/btconchain/realised/lthsopr_indicator/lthsopr_indicator_light.html,2026-10-06
2020-07-10,8271.083642,https://charts-cdn.checkonchain.com/btconchain/realised/lthsopr_indicator/lthsopr_indicator_light.html,2026-10-06
2020-07-11,8281.340244,https://charts-cdn.checkonchain.com/btconchain/realised/lthsopr_indicator/lthsopr_indicator_light.html,2026-10-06
2020-07-12,8296.231516,https://charts-cdn.checkonchain.com/btconchain/realised/lthsopr_indicator/lthsopr_indicator_light.html,2026-10-06
2020-07-13,8296.235356,https://charts-cdn.checkonchain.com/btconchain/realised/lthsopr_indicator/lthsopr_indicator_light.html,2026-10-06
2020-07-14,8297.694412,https://charts-cdn.checkonchain.com/btconchain/realised/lthsopr_indicator/lthsopr_indicator_light.html,2026-10-06
2020-07-15,8297.751204,https://charts-cdn.checkonchain.com/btconchain/realised/lthsopr_indicator/lthsopr_indicator_light.html,2026-10-06
2020-07-16,8301.612889,https://charts-cdn.checkonchain.com/btconchain/realised/lthsopr_indicator/lthsopr_indicator_light.html,2026-10-06
2020-07-17,8305.585126,https://charts-cdn.checkonchain.com/btconchain/realised/lthsopr_indicator/lthsopr_indicator_light.html,2026-10-06
2020-07-18,8313.001125,https://charts-cdn.checkonchain.com/btconchain/realised/lthsopr_indicator/lthsopr_indicator_light.html,2026-10-06
2020-07-19,8319.445778,https://charts-cdn.checkonchain.com/btconchain/realised/lthsopr_indicator/lthsopr_indicator_light.html,2026-10-06
2020-07-20,8326.708665,https://charts-cdn.checkonchain.com/btconchain/realised/lthsopr_indicator/lthsopr_indicator_light.html,2026-10-06
2020-07-21,8322.936927,https://charts-cdn.checkonchain.com/btconchain/realised/lthsopr_indicator/lthsopr_indicator_light.html,2026-10-06
2020-07-22,8332.920104,https://charts-cdn.checkonchain.com/btconchain/realised/lthsopr_indicator/lthsopr_indicator_light.html,2026-10-06
2020-07-23,8335.142794,https://charts-cdn.checkonchain.com/btconchain/realised/lthsopr_indicator/lthsopr_indicator_light.html,2026-10-06
2020-07-24,8339.222066,https://charts-cdn.checkonchain.com/btconchain/realised/lthsopr_indicator/lthsopr_indicator_light.html,2026-10-06
2020-07-25,8344.661044,https://charts-cdn.checkonchain.com/btconchain/realised/lthsopr_indicator/lthsopr_indicator_light.html,2026-10-06
2020-07-26,8349.251266,https://charts-cdn.checkonchain.com/btconchain/realised/lthsopr_indicator/lthsopr_indicator_light.html,2026-10-06
2020-07-27,8348.214884,https://charts-cdn.checkonchain.com/btconchain/realised/lthsopr_indicator/lthsopr_indicator_light.html,2026-10-06
2020-07-28,8331.677574,https://charts-cdn.checkonchain.com/btconchain/realised/lthsopr_indicator/lthsopr_indicator_light.html,2026-10-06
2020-07-29,8331.000562,https://charts-cdn.checkonchain.com/btconchain/realised/lthsopr_indicator/lthsopr_indicator_light.html,2026-10-06
2020-07-30,8327.168042,https://charts-cdn.checkonchain.com/btconchain/realised/lthsopr_indicator/lthsopr_indicator_light.html,2026-10-06
2020-07-31,8337.662046,https://charts-cdn.checkonchain.com/btconchain/realised/lthsopr_indicator/lthsopr_indicator_light.html,2026-10-06
2020-08-01,8337.883284,https://charts-cdn.checkonchain.com/btconchain/realised/lthsopr_indicator/lthsopr_indicator_light.html,2026-10-06
2020-08-02,8340.164267,https://charts-cdn.checkonchain.com/btconchain/realised/lthsopr_indicator/lthsopr_indicator_light.html,2026-10-06
2020-08-03,8341.142278,https://charts-cdn.checkonchain.com/btconchain/realised/lthsopr_indicator/lthsopr_indicator_light.html,2026-10-06
2020-08-04,8339.566697,https://charts-cdn.checkonchain.com/btconchain/realised/lthsopr_indicator/lthsopr_indicator_light.html,2026-10-06
2020-08-05,8329.747627,https://charts-cdn.checkonchain.com/btconchain/realised/lthsopr_indicator/lthsopr_indicator_light.html,2026-10-06
2020-08-06,8327.236085,https://charts-cdn.checkonchain.com/btconchain/realised/lthsopr_indicator/lthsopr_indicator_light.html,2026-10-06
2020-08-07,8319.057981,https://charts-cdn.checkonchain.com/btconchain/realised/lthsopr_indicator/lthsopr_indicator_light.html,2026-10-06
2020-08-08,8322.743958,https://charts-cdn.checkonchain.com/btconchain/realised/lthsopr_indicator/lthsopr_indicator_light.html,2026-10-06
2020-08-09,8323.453714,https://charts-cdn.checkonchain.com/btconchain/realised/lthsopr_indicator/lthsopr_indicator_light.html,2026-10-06
2020-08-10,8323.235987,https://charts-cdn.checkonchain.com/btconchain/realised/lthsopr_indicator/lthsopr_indicator_light.html,2026-10-06
2020-08-11,8307.388209,https://charts-cdn.checkonchain.com/btconchain/realised/lthsopr_indicator/lthsopr_indicator_light.html,2026-10-06
2020-08-12,8297.043202,https://charts-cdn.checkonchain.com/btconchain/realised/lthsopr_indicator/lthsopr_indicator_light.html,2026-10-06
2020-08-13,8293.859106,https://charts-cdn.checkonchain.com/btconchain/realised/lthsopr_indicator/lthsopr_indicator_light.html,2026-10-06
2020-08-14,8290.506473,https://charts-cdn.checkonchain.com/btconchain/realised/lthsopr_indicator/lthsopr_indicator_light.html,2026-10-06
2020-08-15,8289.783422,https://charts-cdn.checkonchain.com/btconchain/realised/lthsopr_indicator/lthsopr_indicator_light.html,2026-10-06
2020-08-16,8291.320843,https://charts-cdn.checkonchain.com/btconchain/realised/lthsopr_indicator/lthsopr_indicator_light.html,2026-10-06
2020-08-17,8290.638881,https://charts-cdn.checkonchain.com/btconchain/realised/lthsopr_indicator/lthsopr_indicator_light.html,2026-10-06
2020-08-18,8291.371998,https://charts-cdn.checkonchain.com/btconchain/realised/lthsopr_indicator/lthsopr_indicator_light.html,2026-10-06
2020-08-19,8289.348307,https://charts-cdn.checkonchain.com/btconchain/realised/lthsopr_indicator/lthsopr_indicator_light.html,2026-10-06
2020-08-20,8286.601568,https://charts-cdn.checkonchain.com/btconchain/realised/lthsopr_indicator/lthsopr_indicator_light.html,2026-10-06
2020-08-21,8286.991921,https://charts-cdn.checkonchain.com/btconchain/realised/lthsopr_indicator/lthsopr_indicator_light.html,2026-10-06
2020-08-22,8289.228643,https://charts-cdn.checkonchain.com/btconchain/realised/lthsopr_indicator/lthsopr_indicator_light.html,2026-10-06
2020-08-23,8292.421304,https://charts-cdn.checkonchain.com/btconchain/realised/lthsopr_indicator/lthsopr_indicator_light.html,2026-10-06
2020-08-24,8295.623666,https://charts-cdn.checkonchain.com/btconchain/realised/lthsopr_indicator/lthsopr_indicator_light.html,2026-10-06
2020-08-25,8291.950029,https://charts-cdn.checkonchain.com/btconchain/realised/lthsopr_indicator/lthsopr_indicator_light.html,2026-10-06
2020-08-26,8280.332148,https://charts-cdn.checkonchain.com/btconchain/realised/lthsopr_indicator/lthsopr_indicator_light.html,2026-10-06
2020-08-27,8279.989254,https://charts-cdn.checkonchain.com/btconchain/realised/lthsopr_indicator/lthsopr_indicator_light.html,2026-10-06
2020-08-28,8271.453960,https://charts-cdn.checkonchain.com/btconchain/realised/lthsopr_indicator/lthsopr_indicator_light.html,2026-10-06
2020-08-29,8272.685954,https://charts-cdn.checkonchain.com/btconchain/realised/lthsopr_indicator/lthsopr_indicator_light.html,2026-10-06
2020-08-30,8273.790095,https://charts-cdn.checkonchain.com/btconchain/realised/lthsopr_indicator/lthsopr_indicator_light.html,2026-10-06
2020-08-31,8264.676364,https://charts-cdn.checkonchain.com/btconchain/realised/lthsopr_indicator/lthsopr_indicator_light.html,2026-10-06
2020-09-01,8260.154325,https://charts-cdn.checkonchain.com/btconchain/realised/lthsopr_indicator/lthsopr_indicator_light.html,2026-10-06
2020-09-02,8256.081217,https://charts-cdn.checkonchain.com/btconchain/realised/lthsopr_indicator/lthsopr_indicator_light.html,2026-10-06
2020-09-03,8252.593959,https://charts-cdn.checkonchain.com/btconchain/realised/lthsopr_indicator/lthsopr_indicator_light.html,2026-10-06
2020-09-04,8250.036913,https://charts-cdn.checkonchain.com/btconchain/realised/lthsopr_indicator/lthsopr_indicator_light.html,2026-10-06
2020-09-05,8249.428946,https://charts-cdn.checkonchain.com/btconchain/realised/lthsopr_indicator/lthsopr_indicator_light.html,2026-10-06
2020-09-06,8253.038324,https://charts-cdn.checkonchain.com/btconchain/realised/lthsopr_indicator/lthsopr_indicator_light.html,2026-10-06
2020-09-07,8255.572567,https://charts-cdn.checkonchain.com/btconchain/realised/lthsopr_indicator/lthsopr_indicator_light.html,2026-10-06
2020-09-08,8255.985208,https://charts-cdn.checkonchain.com/btconchain/realised/lthsopr_indicator/lthsopr_indicator_light.html,2026-10-06
2020-09-09,8251.301312,https://charts-cdn.checkonchain.com/btconchain/realised/lthsopr_indicator/lthsopr_indicator_light.html,2026-10-06
2020-09-10,8249.420108,https://charts-cdn.checkonchain.com/btconchain/realised/lthsopr_indicator/lthsopr_indicator_light.html,2026-10-06
2020-09-11,8245.816343,https://charts-cdn.checkonchain.com/btconchain/realised/lthsopr_indicator/lthsopr_indicator_light.html,2026-10-06
2020-09-12,8246.154463,https://charts-cdn.checkonchain.com/btconchain/realised/lthsopr_indicator/lthsopr_indicator_light.html,2026-10-06
2020-09-13,8248.908762,https://charts-cdn.checkonchain.com/btconchain/realised/lthsopr_indicator/lthsopr_indicator_light.html,2026-10-06
2020-09-14,8250.507240,https://charts-cdn.checkonchain.com/btconchain/realised/lthsopr_indicator/lthsopr_indicator_light.html,2026-10-06
2020-09-15,8248.849424,https://charts-cdn.checkonchain.com/btconchain/realised/lthsopr_indicator/lthsopr_indicator_light.html,2026-10-06
2020-09-16,8238.007889,https://charts-cdn.checkonchain.com/btconchain/realised/lthsopr_indicator/lthsopr_indicator_light.html,2026-10-06
2020-09-17,8234.634242,https://charts-cdn.checkonchain.com/btconchain/realised/lthsopr_indicator/lthsopr_indicator_light.html,2026-10-06
2020-09-18,8229.298279,https://charts-cdn.checkonchain.com/btconchain/realised/lthsopr_indicator/lthsopr_indicator_light.html,2026-10-06
2020-09-19,8224.131351,https://charts-cdn.checkonchain.com/btconchain/realised/lthsopr_indicator/lthsopr_indicator_light.html,2026-10-06
2020-09-20,8224.430298,https://charts-cdn.checkonchain.com/btconchain/realised/lthsopr_indicator/lthsopr_indicator_light.html,2026-10-06
2020-09-21,8226.324577,https://charts-cdn.checkonchain.com/btconchain/realised/lthsopr_indicator/lthsopr_indicator_light.html,2026-10-06
2020-09-22,8222.096167,https://charts-cdn.checkonchain.com/btconchain/realised/lthsopr_indicator/lthsopr_indicator_light.html,2026-10-06
2020-09-23,8223.128998,https://charts-cdn.checkonchain.com/btconchain/realised/lthsopr_indicator/lthsopr_indicator_light.html,2026-10-06
2020-09-24,8223.669990,https://charts-cdn.checkonchain.com/btconchain/realised/lthsopr_indicator/lthsopr_indicator_light.html,2026-10-06
2020-09-25,8222.914337,https://charts-cdn.checkonchain.com/btconchain/realised/lthsopr_indicator/lthsopr_indicator_light.html,2026-10-06
2020-09-26,8258.731904,https://charts-cdn.checkonchain.com/btconchain/realised/lthsopr_indicator/lthsopr_indicator_light.html,2026-10-06
2020-09-27,8274.219427,https://charts-cdn.checkonchain.com/btconchain/realised/lthsopr_indicator/lthsopr_indicator_light.html,2026-10-06
2020-09-28,8286.987559,https://charts-cdn.checkonchain.com/btconchain/realised/lthsopr_indicator/lthsopr_indicator_light.html,2026-10-06
2020-09-29,8280.491414,https://charts-cdn.checkonchain.com/btconchain/realised/lthsopr_indicator/lthsopr_indicator_light.html,2026-10-06
2020-09-30,8273.847493,https://charts-cdn.checkonchain.com/btconchain/realised/lthsopr_indicator/lthsopr_indicator_light.html,2026-10-06
2020-10-01,8277.079898,https://charts-cdn.checkonchain.com/btconchain/realised/lthsopr_indicator/lthsopr_indicator_light.html,2026-10-06
2020-10-02,8279.372710,https://charts-cdn.checkonchain.com/btconchain/realised/lthsopr_indicator/lthsopr_indicator_light.html,2026-10-06
2020-10-03,8301.391422,https://charts-cdn.checkonchain.com/btconchain/realised/lthsopr_indicator/lthsopr_indicator_light.html,2026-10-06
2020-10-04,8334.273765,https://charts-cdn.checkonchain.com/btconchain/realised/lthsopr_indicator/lthsopr_indicator_light.html,2026-10-06
2020-10-05,8353.050175,https://charts-cdn.checkonchain.com/btconchain/realised/lthsopr_indicator/lthsopr_indicator_light.html,2026-10-06
2020-10-06,8359.448706,https://charts-cdn.checkonchain.com/btconchain/realised/lthsopr_indicator/lthsopr_indicator_light.html,2026-10-06
2020-10-07,8366.288349,https://charts-cdn.checkonchain.com/btconchain/realised/lthsopr_indicator/lthsopr_indicator_light.html,2026-10-06
2020-10-08,8372.089479,https://charts-cdn.checkonchain.com/btconchain/realised/lthsopr_indicator/lthsopr_indicator_light.html,2026-10-06
2020-10-09,8378.773863,https://charts-cdn.checkonchain.com/btconchain/realised/lthsopr_indicator/lthsopr_indicator_light.html,2026-10-06
2020-10-10,8389.839981,https://charts-cdn.checkonchain.com/btconchain/realised/lthsopr_indicator/lthsopr_indicator_light.html,2026-10-06
2020-10-11,8399.253674,https://charts-cdn.checkonchain.com/btconchain/realised/lthsopr_indicator/lthsopr_indicator_light.html,2026-10-06
2020-10-12,8403.567420,https://charts-cdn.checkonchain.com/btconchain/realised/lthsopr_indicator/lthsopr_indicator_light.html,2026-10-06
2020-10-13,8407.394524,https://charts-cdn.checkonchain.com/btconchain/realised/lthsopr_indicator/lthsopr_indicator_light.html,2026-10-06
2020-10-14,8404.097812,https://charts-cdn.checkonchain.com/btconchain/realised/lthsopr_indicator/lthsopr_indicator_light.html,2026-10-06
2020-10-15,8408.607919,https://charts-cdn.checkonchain.com/btconchain/realised/lthsopr_indicator/lthsopr_indicator_light.html,2026-10-06
2020-10-16,8414.225771,https://charts-cdn.checkonchain.com/btconchain/realised/lthsopr_indicator/lthsopr_indicator_light.html,2026-10-06
2020-10-17,8422.442205,https://charts-cdn.checkonchain.com/btconchain/realised/lthsopr_indicator/lthsopr_indicator_light.html,2026-10-06
2020-10-18,8426.205929,https://charts-cdn.checkonchain.com/btconchain/realised/lthsopr_indicator/lthsopr_indicator_light.html,2026-10-06
2020-10-19,8411.718170,https://charts-cdn.checkonchain.com/btconchain/realised/lthsopr_indicator/lthsopr_indicator_light.html,2026-10-06
2020-10-20,8410.703767,https://charts-cdn.checkonchain.com/btconchain/realised/lthsopr_indicator/lthsopr_indicator_light.html,2026-10-06
2020-10-21,8410.139951,https://charts-cdn.checkonchain.com/btconchain/realised/lthsopr_indicator/lthsopr_indicator_light.html,2026-10-06
2020-10-22,8375.319346,https://charts-cdn.checkonchain.com/btconchain/realised/lthsopr_indicator/lthsopr_indicator_light.html,2026-10-06
2020-10-23,8312.097053,https://charts-cdn.checkonchain.com/btconchain/realised/lthsopr_indicator/lthsopr_indicator_light.html,2026-10-06
2020-10-24,8314.402628,https://charts-cdn.checkonchain.com/btconchain/realised/lthsopr_indicator/lthsopr_indicator_light.html,2026-10-06
2020-10-25,8317.811980,https://charts-cdn.checkonchain.com/btconchain/realised/lthsopr_indicator/lthsopr_indicator_light.html,2026-10-06
2020-10-26,8320.760967,https://charts-cdn.checkonchain.com/btconchain/realised/lthsopr_indicator/lthsopr_indicator_light.html,2026-10-06
2020-10-27,8314.180588,https://charts-cdn.checkonchain.com/btconchain/realised/lthsopr_indicator/lthsopr_indicator_light.html,2026-10-06
2020-10-28,8308.695871,https://charts-cdn.checkonchain.com/btconchain/realised/lthsopr_indicator/lthsopr_indicator_light.html,2026-10-06
2020-10-29,8326.462324,https://charts-cdn.checkonchain.com/btconchain/realised/lthsopr_indicator/lthsopr_indicator_light.html,2026-10-06
2020-10-30,8334.902878,https://charts-cdn.checkonchain.com/btconchain/realised/lthsopr_indicator/lthsopr_indicator_light.html,2026-10-06
2020-10-31,8338.660733,https://charts-cdn.checkonchain.com/btconchain/realised/lthsopr_indicator/lthsopr_indicator_light.html,2026-10-06
2020-11-01,8341.784369,https://charts-cdn.checkonchain.com/btconchain/realised/lthsopr_indicator/lthsopr_indicator_light.html,2026-10-06
2020-11-02,8333.623008,https://charts-cdn.checkonchain.com/btconchain/realised/lthsopr_indicator/lthsopr_indicator_light.html,2026-10-06
2020-11-03,8294.485870,https://charts-cdn.checkonchain.com/btconchain/realised/lthsopr_indicator/lthsopr_indicator_light.html,2026-10-06
2020-11-04,8290.491897,https://charts-cdn.checkonchain.com/btconchain/realised/lthsopr_indicator/lthsopr_indicator_light.html,2026-10-06
2020-11-05,8259.989139,https://charts-cdn.checkonchain.com/btconchain/realised/lthsopr_indicator/lthsopr_indicator_light.html,2026-10-06
2020-11-06,8257.952945,https://charts-cdn.checkonchain.com/btconchain/realised/lthsopr_indicator/lthsopr_indicator_light.html,2026-10-06
2020-11-07,8261.044739,https://charts-cdn.checkonchain.com/btconchain/realised/lthsopr_indicator/lthsopr_indicator_light.html,2026-10-06
2020-11-08,8261.089900,https://charts-cdn.checkonchain.com/btconchain/realised/lthsopr_indicator/lthsopr_indicator_light.html,2026-10-06
2020-11-09,8260.000212,https://charts-cdn.checkonchain.com/btconchain/realised/lthsopr_indicator/lthsopr_indicator_light.html,2026-10-06
2020-11-10,8260.360661,https://charts-cdn.checkonchain.com/btconchain/realised/lthsopr_indicator/lthsopr_indicator_light.html,2026-10-06
2020-11-11,8257.193701,https://charts-cdn.checkonchain.com/btconchain/realised/lthsopr_indicator/lthsopr_indicator_light.html,2026-10-06
2020-11-12,8256.488057,https://charts-cdn.checkonchain.com/btconchain/realised/lthsopr_indicator/lthsopr_indicator_light.html,2026-10-06
2020-11-13,8253.085990,https://charts-cdn.checkonchain.com/btconchain/realised/lthsopr_indicator/lthsopr_indicator_light.html,2026-10-06
2020-11-14,8253.715479,https://charts-cdn.checkonchain.com/btconchain/realised/lthsopr_indicator/lthsopr_indicator_light.html,2026-10-06
2020-11-15,8291.123890,https://charts-cdn.checkonchain.com/btconchain/realised/lthsopr_indicator/lthsopr_indicator_light.html,2026-10-06
2020-11-16,8308.819023,https://charts-cdn.checkonchain.com/btconchain/realised/lthsopr_indicator/lthsopr_indicator_light.html,2026-10-06
2020-11-17,8300.057968,https://charts-cdn.checkonchain.com/btconchain/realised/lthsopr_indicator/lthsopr_indicator_light.html,2026-10-06
2020-11-18,8282.995427,https://charts-cdn.checkonchain.com/btconchain/realised/lthsopr_indicator/lthsopr_indicator_light.html,2026-10-06
2020-11-19,8280.749305,https://charts-cdn.checkonchain.com/btconchain/realised/lthsopr_indicator/lthsopr_indicator_light.html,2026-10-06
2020-11-20,8249.642119,https://charts-cdn.checkonchain.com/btconchain/realised/lthsopr_indicator/lthsopr_indicator_light.html,2026-10-06
2020-11-21,8236.010365,https://charts-cdn.checkonchain.com/btconchain/realised/lthsopr_indicator/lthsopr_indicator_light.html,2026-10-06
2020-11-22,8236.917987,https://charts-cdn.checkonchain.com/btconchain/realised/lthsopr_indicator/lthsopr_indicator_light.html,2026-10-06
2020-11-23,8240.896960,https://charts-cdn.checkonchain.com/btconchain/realised/lthsopr_indicator/lthsopr_indicator_light.html,2026-10-06
2020-11-24,8225.804348,https://charts-cdn.checkonchain.com/btconchain/realised/lthsopr_indicator/lthsopr_indicator_light.html,2026-10-06
2020-11-25,8225.024081,https://charts-cdn.checkonchain.com/btconchain/realised/lthsopr_indicator/lthsopr_indicator_light.html,2026-10-06
2020-11-26,8193.006525,https://charts-cdn.checkonchain.com/btconchain/realised/lthsopr_indicator/lthsopr_indicator_light.html,2026-10-06
2020-11-27,8194.822740,https://charts-cdn.checkonchain.com/btconchain/realised/lthsopr_indicator/lthsopr_indicator_light.html,2026-10-06
2020-11-28,8199.466413,https://charts-cdn.checkonchain.com/btconchain/realised/lthsopr_indicator/lthsopr_indicator_light.html,2026-10-06
2020-11-29,8200.156593,https://charts-cdn.checkonchain.com/btconchain/realised/lthsopr_indicator/lthsopr_indicator_light.html,2026-10-06
2020-11-30,8194.768504,https://charts-cdn.checkonchain.com/btconchain/realised/lthsopr_indicator/lthsopr_indicator_light.html,2026-10-06
2020-12-01,8185.626411,https://charts-cdn.checkonchain.com/btconchain/realised/lthsopr_indicator/lthsopr_indicator_light.html,2026-10-06
2020-12-02,8178.240526,https://charts-cdn.checkonchain.com/btconchain/realised/lthsopr_indicator/lthsopr_indicator_light.html,2026-10-06
2020-12-03,8168.932628,https://charts-cdn.checkonchain.com/btconchain/realised/lthsopr_indicator/lthsopr_indicator_light.html,2026-10-06
2020-12-04,8167.008963,https://charts-cdn.checkonchain.com/btconchain/realised/lthsopr_indicator/lthsopr_indicator_light.html,2026-10-06
2020-12-05,8177.269492,https://charts-cdn.checkonchain.com/btconchain/realised/lthsopr_indicator/lthsopr_indicator_light.html,2026-10-06
2020-12-06,8186.984785,https://charts-cdn.checkonchain.com/btconchain/realised/lthsopr_indicator/lthsopr_indicator_light.html,2026-10-06
2020-12-07,8181.920857,https://charts-cdn.checkonchain.com/btconchain/realised/lthsopr_indicator/lthsopr_indicator_light.html,2026-10-06
2020-12-08,8176.623208,https://charts-cdn.checkonchain.com/btconchain/realised/lthsopr_indicator/lthsopr_indicator_light.html,2026-10-06
2020-12-09,8172.377591,https://charts-cdn.checkonchain.com/btconchain/realised/lthsopr_indicator/lthsopr_indicator_light.html,2026-10-06
2020-12-10,8155.257926,https://charts-cdn.checkonchain.com/btconchain/realised/lthsopr_indicator/lthsopr_indicator_light.html,2026-10-06
2020-12-11,8135.336545,https://charts-cdn.checkonchain.com/btconchain/realised/lthsopr_indicator/lthsopr_indicator_light.html,2026-10-06
2020-12-12,8131.520356,https://charts-cdn.checkonchain.com/btconchain/realised/lthsopr_indicator/lthsopr_indicator_light.html,2026-10-06
2020-12-13,8096.264865,https://charts-cdn.checkonchain.com/btconchain/realised/lthsopr_indicator/lthsopr_indicator_light.html,2026-10-06
2020-12-14,8093.076328,https://charts-cdn.checkonchain.com/btconchain/realised/lthsopr_indicator/lthsopr_indicator_light.html,2026-10-06
2020-12-15,8088.580759,https://charts-cdn.checkonchain.com/btconchain/realised/lthsopr_indicator/lthsopr_indicator_light.html,2026-10-06
2020-12-16,8066.649287,https://charts-cdn.checkonchain.com/btconchain/realised/lthsopr_indicator/lthsopr_indicator_light.html,2026-10-06
2020-12-17,8042.436001,https://charts-cdn.checkonchain.com/btconchain/realised/lthsopr_indicator/lthsopr_indicator_light.html,2026-10-06
2020-12-18,8025.411757,https://charts-cdn.checkonchain.com/btconchain/realised/lthsopr_indicator/lthsopr_indicator_light.html,2026-10-06
2020-12-19,8022.154828,https://charts-cdn.checkonchain.com/btconchain/realised/lthsopr_indicator/lthsopr_indicator_light.html,2026-10-06
2020-12-20,7995.042791,https://charts-cdn.checkonchain.com/btconchain/realised/lthsopr_indicator/lthsopr_indicator_light.html,2026-10-06
2020-12-21,7982.039445,https://charts-cdn.checkonchain.com/btconchain/realised/lthsopr_indicator/lthsopr_indicator_light.html,2026-10-06
2020-12-22,7943.114190,https://charts-cdn.checkonchain.com/btconchain/realised/lthsopr_indicator/lthsopr_indicator_light.html,2026-10-06
2020-12-23,7912.285307,https://charts-cdn.checkonchain.com/btconchain/realised/lthsopr_indicator/lthsopr_indicator_light.html,2026-10-06
2020-12-24,7908.366587,https://charts-cdn.checkonchain.com/btconchain/realised/lthsopr_indicator/lthsopr_indicator_light.html,2026-10-06
2020-12-25,7918.418544,https://charts-cdn.checkonchain.com/btconchain/realised/lthsopr_indicator/lthsopr_indicator_light.html,2026-10-06
2020-12-26,7930.427961,https://charts-cdn.checkonchain.com/btconchain/realised/lthsopr_indicator/lthsopr_indicator_light.html,2026-10-06
2020-12-27,7932.886334,https://charts-cdn.checkonchain.com/btconchain/realised/lthsopr_indicator/lthsopr_indicator_light.html,2026-10-06
2020-12-28,7863.899614,https://charts-cdn.checkonchain.com/btconchain/realised/lthsopr_indicator/lthsopr_indicator_light.html,2026-10-06
2020-12-29,7860.009923,https://charts-cdn.checkonchain.com/btconchain/realised/lthsopr_indicator/lthsopr_indicator_light.html,2026-10-06
2020-12-30,7858.477008,https://charts-cdn.checkonchain.com/btconchain/realised/lthsopr_indicator/lthsopr_indicator_light.html,2026-10-06
2020-12-31,7912.698548,https://charts-cdn.checkonchain.com/btconchain/realised/lthsopr_indicator/lthsopr_indicator_light.html,2026-10-06
2021-01-01,7910.573341,https://charts-cdn.checkonchain.com/btconchain/realised/lthsopr_indicator/lthsopr_indicator_light.html,2026-10-06
2021-01-02,7885.648425,https://charts-cdn.checkonchain.com/btconchain/realised/lthsopr_indicator/lthsopr_indicator_light.html,2026-10-06
2021-01-03,7879.974552,https://charts-cdn.checkonchain.com/btconchain/realised/lthsopr_indicator/lthsopr_indicator_light.html,2026-10-06
2021-01-04,7881.749661,https://charts-cdn.checkonchain.com/btconchain/realised/lthsopr_indicator/lthsopr_indicator_light.html,2026-10-06
2021-01-05,7873.938259,https://charts-cdn.checkonchain.com/btconchain/realised/lthsopr_indicator/lthsopr_indicator_light.html,2026-10-06
2021-01-06,7870.129969,https://charts-cdn.checkonchain.com/btconchain/realised/lthsopr_indicator/lthsopr_indicator_light.html,2026-10-06
2021-01-07,7852.157267,https://charts-cdn.checkonchain.com/btconchain/realised/lthsopr_indicator/lthsopr_indicator_light.html,2026-10-06
2021-01-08,7834.868925,https://charts-cdn.checkonchain.com/btconchain/realised/lthsopr_indicator/lthsopr_indicator_light.html,2026-10-06
2021-01-09,7822.848658,https://charts-cdn.checkonchain.com/btconchain/realised/lthsopr_indicator/lthsopr_indicator_light.html,2026-10-06
2021-01-10,7821.235178,https://charts-cdn.checkonchain.com/btconchain/realised/lthsopr_indicator/lthsopr_indicator_light.html,2026-10-06
2021-01-11,7812.776680,https://charts-cdn.checkonchain.com/btconchain/realised/lthsopr_indicator/lthsopr_indicator_light.html,2026-10-06
2021-01-12,7813.136503,https://charts-cdn.checkonchain.com/btconchain/realised/lthsopr_indicator/lthsopr_indicator_light.html,2026-10-06
2021-01-13,7817.375899,https://charts-cdn.checkonchain.com/btconchain/realised/lthsopr_indicator/lthsopr_indicator_light.html,2026-10-06
2021-01-14,7825.609099,https://charts-cdn.checkonchain.com/btconchain/realised/lthsopr_indicator/lthsopr_indicator_light.html,2026-10-06
2021-01-15,7830.576474,https://charts-cdn.checkonchain.com/btconchain/realised/lthsopr_indicator/lthsopr_indicator_light.html,2026-10-06
2021-01-16,7834.708131,https://charts-cdn.checkonchain.com/btconchain/realised/lthsopr_indicator/lthsopr_indicator_light.html,2026-10-06
2021-01-17,7840.218281,https://charts-cdn.checkonchain.com/btconchain/realised/lthsopr_indicator/lthsopr_indicator_light.html,2026-10-06
2021-01-18,7843.940800,https://charts-cdn.checkonchain.com/btconchain/realised/lthsopr_indicator/lthsopr_indicator_light.html,2026-10-06
2021-01-19,7841.737740,https://charts-cdn.checkonchain.com/btconchain/realised/lthsopr_indicator/lthsopr_indicator_light.html,2026-10-06
2021-01-20,7843.036483,https://charts-cdn.checkonchain.com/btconchain/realised/lthsopr_indicator/lthsopr_indicator_light.html,2026-10-06
2021-01-21,7844.119070,https://charts-cdn.checkonchain.com/btconchain/realised/lthsopr_indicator/lthsopr_indicator_light.html,2026-10-06
2021-01-22,7851.779286,https://charts-cdn.checkonchain.com/btconchain/realised/lthsopr_indicator/lthsopr_indicator_light.html,2026-10-06
2021-01-23,7866.300568,https://charts-cdn.checkonchain.com/btconchain/realised/lthsopr_indicator/lthsopr_indicator_light.html,2026-10-06
2021-01-24,7874.532775,https://charts-cdn.checkonchain.com/btconchain/realised/lthsopr_indicator/lthsopr_indicator_light.html,2026-10-06
2021-01-25,7879.453527,https://charts-cdn.checkonchain.com/btconchain/realised/lthsopr_indicator/lthsopr_indicator_light.html,2026-10-06
2021-01-26,7881.961884,https://charts-cdn.checkonchain.com/btconchain/realised/lthsopr_indicator/lthsopr_indicator_light.html,2026-10-06
2021-01-27,7863.418203,https://charts-cdn.checkonchain.com/btconchain/realised/lthsopr_indicator/lthsopr_indicator_light.html,2026-10-06
2021-01-28,7878.994476,https://charts-cdn.checkonchain.com/btconchain/realised/lthsopr_indicator/lthsopr_indicator_light.html,2026-10-06
2021-01-29,7881.171145,https://charts-cdn.checkonchain.com/btconchain/realised/lthsopr_indicator/lthsopr_indicator_light.html,2026-10-06
2021-01-30,7888.428283,https://charts-cdn.checkonchain.com/btconchain/realised/lthsopr_indicator/lthsopr_indicator_light.html,2026-10-06
2021-01-31,7890.402382,https://charts-cdn.checkonchain.com/btconchain/realised/lthsopr_indicator/lthsopr_indicator_light.html,2026-10-06
2021-02-01,7901.059747,https://charts-cdn.checkonchain.com/btconchain/realised/lthsopr_indicator/lthsopr_indicator_light.html,2026-10-06
2021-02-02,7901.610906,https://charts-cdn.checkonchain.com/btconchain/realised/lthsopr_indicator/lthsopr_indicator_light.html,2026-10-06
2021-02-03,7903.891286,https://charts-cdn.checkonchain.com/btconchain/realised/lthsopr_indicator/lthsopr_indicator_light.html,2026-10-06
2021-02-04,7901.311045,https://charts-cdn.checkonchain.com/btconchain/realised/lthsopr_indicator/lthsopr_indicator_light.html,2026-10-06
2021-02-05,7897.474191,https://charts-cdn.checkonchain.com/btconchain/realised/lthsopr_indicator/lthsopr_indicator_light.html,2026-10-06
2021-02-06,7899.594919,https://charts-cdn.checkonchain.com/btconchain/realised/lthsopr_indicator/lthsopr_indicator_light.html,2026-10-06
2021-02-07,7901.658790,https://charts-cdn.checkonchain.com/btconchain/realised/lthsopr_indicator/lthsopr_indicator_light.html,2026-10-06
2021-02-08,7896.650989,https://charts-cdn.checkonchain.com/btconchain/realised/lthsopr_indicator/lthsopr_indicator_light.html,2026-10-06
2021-02-09,7884.718077,https://charts-cdn.checkonchain.com/btconchain/realised/lthsopr_indicator/lthsopr_indicator_light.html,2026-10-06
2021-02-10,7875.230262,https://charts-cdn.checkonchain.com/btconchain/realised/lthsopr_indicator/lthsopr_indicator_light.html,2026-10-06
2021-02-11,7880.694568,https://charts-cdn.checkonchain.com/btconchain/realised/lthsopr_indicator/lthsopr_indicator_light.html,2026-10-06
2021-02-12,7879.526923,https://charts-cdn.checkonchain.com/btconchain/realised/lthsopr_indicator/lthsopr_indicator_light.html,2026-10-06
2021-02-13,7883.784520,https://charts-cdn.checkonchain.com/btconchain/realised/lthsopr_indicator/lthsopr_indicator_light.html,2026-10-06
2021-02-14,7885.315868,https://charts-cdn.checkonchain.com/btconchain/realised/lthsopr_indicator/lthsopr_indicator_light.html,2026-10-06
2021-02-15,7887.645323,https://charts-cdn.checkonchain.com/btconchain/realised/lthsopr_indicator/lthsopr_indicator_light.html,2026-10-06
2021-02-16,7887.871746,https://charts-cdn.checkonchain.com/btconchain/realised/lthsopr_indicator/lthsopr_indicator_light.html,2026-10-06
2021-02-17,7883.141554,https://charts-cdn.checkonchain.com/btconchain/realised/lthsopr_indicator/lthsopr_indicator_light.html,2026-10-06
2021-02-18,7878.034617,https://charts-cdn.checkonchain.com/btconchain/realised/lthsopr_indicator/lthsopr_indicator_light.html,2026-10-06
2021-02-19,7865.341112,https://charts-cdn.checkonchain.com/btconchain/realised/lthsopr_indicator/lthsopr_indicator_light.html,2026-10-06
2021-02-20,7857.986763,https://charts-cdn.checkonchain.com/btconchain/realised/lthsopr_indicator/lthsopr_indicator_light.html,2026-10-06
2021-02-21,7858.454686,https://charts-cdn.checkonchain.com/btconchain/realised/lthsopr_indicator/lthsopr_indicator_light.html,2026-10-06
2021-02-22,7854.859056,https://charts-cdn.checkonchain.com/btconchain/realised/lthsopr_indicator/lthsopr_indicator_light.html,2026-10-06
2021-02-23,7841.360572,https://charts-cdn.checkonchain.com/btconchain/realised/lthsopr_indicator/lthsopr_indicator_light.html,2026-10-06
2021-02-24,7833.693406,https://charts-cdn.checkonchain.com/btconchain/realised/lthsopr_indicator/lthsopr_indicator_light.html,2026-10-06
2021-02-25,7833.165939,https://charts-cdn.checkonchain.com/btconchain/realised/lthsopr_indicator/lthsopr_indicator_light.html,2026-10-06
2021-02-26,7841.799852,https://charts-cdn.checkonchain.com/btconchain/realised/lthsopr_indicator/lthsopr_indicator_light.html,2026-10-06
2021-02-27,7843.241463,https://charts-cdn.checkonchain.com/btconchain/realised/lthsopr_indicator/lthsopr_indicator_light.html,2026-10-06
2021-02-28,7847.465188,https://charts-cdn.checkonchain.com/btconchain/realised/lthsopr_indicator/lthsopr_indicator_light.html,2026-10-06
2021-03-01,7854.419876,https://charts-cdn.checkonchain.com/btconchain/realised/lthsopr_indicator/lthsopr_indicator_light.html,2026-10-06
2021-03-02,7848.567429,https://charts-cdn.checkonchain.com/btconchain/realised/lthsopr_indicator/lthsopr_indicator_light.html,2026-10-06
2021-03-03,7848.792495,https://charts-cdn.checkonchain.com/btconchain/realised/lthsopr_indicator/lthsopr_indicator_light.html,2026-10-06
2021-03-04,7855.388324,https://charts-cdn.checkonchain.com/btconchain/realised/lthsopr_indicator/lthsopr_indicator_light.html,2026-10-06
2021-03-05,7856.504641,https://charts-cdn.checkonchain.com/btconchain/realised/lthsopr_indicator/lthsopr_indicator_light.html,2026-10-06
2021-03-06,7862.550723,https://charts-cdn.checkonchain.com/btconchain/realised/lthsopr_indicator/lthsopr_indicator_light.html,2026-10-06
2021-03-07,7869.925703,https://charts-cdn.checkonchain.com/btconchain/realised/lthsopr_indicator/lthsopr_indicator_light.html,2026-10-06
2021-03-08,7889.103528,https://charts-cdn.checkonchain.com/btconchain/realised/lthsopr_indicator/lthsopr_indicator_light.html,2026-10-06
2021-03-09,7886.930185,https://charts-cdn.checkonchain.com/btconchain/realised/lthsopr_indicator/lthsopr_indicator_light.html,2026-10-06
2021-03-10,7886.482986,https://charts-cdn.checkonchain.com/btconchain/realised/lthsopr_indicator/lthsopr_indicator_light.html,2026-10-06
2021-03-11,7887.007399,https://charts-cdn.checkonchain.com/btconchain/realised/lthsopr_indicator/lthsopr_indicator_light.html,2026-10-06
2021-03-12,7918.509696,https://charts-cdn.checkonchain.com/btconchain/realised/lthsopr_indicator/lthsopr_indicator_light.html,2026-10-06
2021-03-13,7921.071552,https://charts-cdn.checkonchain.com/btconchain/realised/lthsopr_indicator/lthsopr_indicator_light.html,2026-10-06
2021-03-14,7906.605008,https://charts-cdn.checkonchain.com/btconchain/realised/lthsopr_indicator/lthsopr_indicator_light.html,2026-10-06
2021-03-15,7911.746649,https://charts-cdn.checkonchain.com/btconchain/realised/lthsopr_indicator/lthsopr_indicator_light.html,2026-10-06
2021-03-16,7912.389434,https://charts-cdn.checkonchain.com/btconchain/realised/lthsopr_indicator/lthsopr_indicator_light.html,2026-10-06
2021-03-17,7913.100650,https://charts-cdn.checkonchain.com/btconchain/realised/lthsopr_indicator/lthsopr_indicator_light.html,2026-10-06
2021-03-18,7946.047324,https://charts-cdn.checkonchain.com/btconchain/realised/lthsopr_indicator/lthsopr_indicator_light.html,2026-10-06
2021-03-19,7951.915383,https://charts-cdn.checkonchain.com/btconchain/realised/lthsopr_indicator/lthsopr_indicator_light.html,2026-10-06
2021-03-20,7968.786612,https://charts-cdn.checkonchain.com/btconchain/realised/lthsopr_indicator/lthsopr_indicator_light.html,2026-10-06
2021-03-21,7986.550904,https://charts-cdn.checkonchain.com/btconchain/realised/lthsopr_indicator/lthsopr_indicator_light.html,2026-10-06
2021-03-22,7995.068267,https://charts-cdn.checkonchain.com/btconchain/realised/lthsopr_indicator/lthsopr_indicator_light.html,2026-10-06
2021-03-23,7997.167758,https://charts-cdn.checkonchain.com/btconchain/realised/lthsopr_indicator/lthsopr_indicator_light.html,2026-10-06
2021-03-24,8000.038113,https://charts-cdn.checkonchain.com/btconchain/realised/lthsopr_indicator/lthsopr_indicator_light.html,2026-10-06
2021-03-25,8001.872753,https://charts-cdn.checkonchain.com/btconchain/realised/lthsopr_indicator/lthsopr_indicator_light.html,2026-10-06
2021-03-26,8010.114587,https://charts-cdn.checkonchain.com/btconchain/realised/lthsopr_indicator/lthsopr_indicator_light.html,2026-10-06
2021-03-27,8018.277492,https://charts-cdn.checkonchain.com/btconchain/realised/lthsopr_indicator/lthsopr_indicator_light.html,2026-10-06
2021-03-28,8033.886621,https://charts-cdn.checkonchain.com/btconchain/realised/lthsopr_indicator/lthsopr_indicator_light.html,2026-10-06
2021-03-29,8040.382035,https://charts-cdn.checkonchain.com/btconchain/realised/lthsopr_indicator/lthsopr_indicator_light.html,2026-10-06
2021-03-30,8049.427446,https://charts-cdn.checkonchain.com/btconchain/realised/lthsopr_indicator/lthsopr_indicator_light.html,2026-10-06
2021-03-31,8063.258718,https://charts-cdn.checkonchain.com/btconchain/realised/lthsopr_indicator/lthsopr_indicator_light.html,2026-10-06
2021-04-01,8057.970969,https://charts-cdn.checkonchain.com/btconchain/realised/lthsopr_indicator/lthsopr_indicator_light.html,2026-10-06
2021-04-02,8189.765694,https://charts-cdn.checkonchain.com/btconchain/realised/lthsopr_indicator/lthsopr_indicator_light.html,2026-10-06
2021-04-03,8208.868485,https://charts-cdn.checkonchain.com/btconchain/realised/lthsopr_indicator/lthsopr_indicator_light.html,2026-10-06
2021-04-04,8245.290010,https://charts-cdn.checkonchain.com/btconchain/realised/lthsopr_indicator/lthsopr_indicator_light.html,2026-10-06
2021-04-05,8258.468740,https://charts-cdn.checkonchain.com/btconchain/realised/lthsopr_indicator/lthsopr_indicator_light.html,2026-10-06
2021-04-06,8223.946076,https://charts-cdn.checkonchain.com/btconchain/realised/lthsopr_indicator/lthsopr_indicator_light.html,2026-10-06
2021-04-07,8233.831109,https://charts-cdn.checkonchain.com/btconchain/realised/lthsopr_indicator/lthsopr_indicator_light.html,2026-10-06
2021-04-08,8248.381489,https://charts-cdn.checkonchain.com/btconchain/realised/lthsopr_indicator/lthsopr_indicator_light.html,2026-10-06
2021-04-09,8261.270123,https://charts-cdn.checkonchain.com/btconchain/realised/lthsopr_indicator/lthsopr_indicator_light.html,2026-10-06
2021-04-10,8277.123936,https://charts-cdn.checkonchain.com/btconchain/realised/lthsopr_indicator/lthsopr_indicator_light.html,2026-10-06
2021-04-11,8310.194409,https://charts-cdn.checkonchain.com/btconchain/realised/lthsopr_indicator/lthsopr_indicator_light.html,2026-10-06
2021-04-12,8311.958567,https://charts-cdn.checkonchain.com/btconchain/realised/lthsopr_indicator/lthsopr_indicator_light.html,2026-10-06
2021-04-13,8316.846624,https://charts-cdn.checkonchain.com/btconchain/realised/lthsopr_indicator/lthsopr_indicator_light.html,2026-10-06
2021-04-14,8324.218452,https://charts-cdn.checkonchain.com/btconchain/realised/lthsopr_indicator/lthsopr_indicator_light.html,2026-10-06
2021-04-15,8329.988896,https://charts-cdn.checkonchain.com/btconchain/realised/lthsopr_indicator/lthsopr_indicator_light.html,2026-10-06
2021-04-16,8349.914628,https://charts-cdn.checkonchain.com/btconchain/realised/lthsopr_indicator/lthsopr_indicator_light.html,2026-10-06
2021-04-17,8371.164220,https://charts-cdn.checkonchain.com/btconchain/realised/lthsopr_indicator/lthsopr_indicator_light.html,2026-10-06
2021-04-18,8314.505155,https://charts-cdn.checkonchain.com/btconchain/realised/lthsopr_indicator/lthsopr_indicator_light.html,2026-10-06
2021-04-19,8346.947311,https://charts-cdn.checkonchain.com/btconchain/realised/lthsopr_indicator/lthsopr_indicator_light.html,2026-10-06
2021-04-20,8359.521527,https://charts-cdn.checkonchain.com/btconchain/realised/lthsopr_indicator/lthsopr_indicator_light.html,2026-10-06
2021-04-21,8377.385609,https://charts-cdn.checkonchain.com/btconchain/realised/lthsopr_indicator/lthsopr_indicator_light.html,2026-10-06
2021-04-22,8389.559432,https://charts-cdn.checkonchain.com/btconchain/realised/lthsopr_indicator/lthsopr_indicator_light.html,2026-10-06
2021-04-23,8428.933475,https://charts-cdn.checkonchain.com/btconchain/realised/lthsopr_indicator/lthsopr_indicator_light.html,2026-10-06
2021-04-24,8436.971313,https://charts-cdn.checkonchain.com/btconchain/realised/lthsopr_indicator/lthsopr_indicator_light.html,2026-10-06
2021-04-25,8461.938359,https://charts-cdn.checkonchain.com/btconchain/realised/lthsopr_indicator/lthsopr_indicator_light.html,2026-10-06
2021-04-26,8494.903676,https://charts-cdn.checkonchain.com/btconchain/realised/lthsopr_indicator/lthsopr_indicator_light.html,2026-10-06
2021-04-27,8492.923030,https://charts-cdn.checkonchain.com/btconchain/realised/lthsopr_indicator/lthsopr_indicator_light.html,2026-10-06
2021-04-28,8502.971431,https://charts-cdn.checkonchain.com/btconchain/realised/lthsopr_indicator/lthsopr_indicator_light.html,2026-10-06
2021-04-29,8521.755495,https://charts-cdn.checkonchain.com/btconchain/realised/lthsopr_indicator/lthsopr_indicator_light.html,2026-10-06
2021-04-30,8571.010381,https://charts-cdn.checkonchain.com/btconchain/realised/lthsopr_indicator/lthsopr_indicator_light.html,2026-10-06
2021-05-01,8595.324165,https://charts-cdn.checkonchain.com/btconchain/realised/lthsopr_indicator/lthsopr_indicator_light.html,2026-10-06
2021-05-02,8621.163640,https://charts-cdn.checkonchain.com/btconchain/realised/lthsopr_indicator/lthsopr_indicator_light.html,2026-10-06
2021-05-03,8646.342528,https://charts-cdn.checkonchain.com/btconchain/realised/lthsopr_indicator/lthsopr_indicator_light.html,2026-10-06
2021-05-04,8651.333248,https://charts-cdn.checkonchain.com/btconchain/realised/lthsopr_indicator/lthsopr_indicator_light.html,2026-10-06
2021-05-05,8659.750944,https://charts-cdn.checkonchain.com/btconchain/realised/lthsopr_indicator/lthsopr_indicator_light.html,2026-10-06
2021-05-06,8671.794099,https://charts-cdn.checkonchain.com/btconchain/realised/lthsopr_indicator/lthsopr_indicator_light.html,2026-10-06
2021-05-07,8685.844764,https://charts-cdn.checkonchain.com/btconchain/realised/lthsopr_indicator/lthsopr_indicator_light.html,2026-10-06
2021-05-08,8711.410264,https://charts-cdn.checkonchain.com/btconchain/realised/lthsopr_indicator/lthsopr_indicator_light.html,2026-10-06
2021-05-09,8744.677793,https://charts-cdn.checkonchain.com/btconchain/realised/lthsopr_indicator/lthsopr_indicator_light.html,2026-10-06
2021-05-10,8748.785605,https://charts-cdn.checkonchain.com/btconchain/realised/lthsopr_indicator/lthsopr_indicator_light.html,2026-10-06
2021-05-11,8772.293745,https://charts-cdn.checkonchain.com/btconchain/realised/lthsopr_indicator/lthsopr_indicator_light.html,2026-10-06
2021-05-12,8954.345030,https://charts-cdn.checkonchain.com/btconchain/realised/lthsopr_indicator/lthsopr_indicator_light.html,2026-10-06
2021-05-13,8962.034339,https://charts-cdn.checkonchain.com/btconchain/realised/lthsopr_indicator/lthsopr_indicator_light.html,2026-10-06
2021-05-14,8980.803134,https://charts-cdn.checkonchain.com/btconchain/realised/lthsopr_indicator/lthsopr_indicator_light.html,2026-10-06
2021-05-15,9008.081390,https://charts-cdn.checkonchain.com/btconchain/realised/lthsopr_indicator/lthsopr_indicator_light.html,2026-10-06
2021-05-16,9060.290178,https://charts-cdn.checkonchain.com/btconchain/realised/lthsopr_indicator/lthsopr_indicator_light.html,2026-10-06
2021-05-17,9128.398285,https://charts-cdn.checkonchain.com/btconchain/realised/lthsopr_indicator/lthsopr_indicator_light.html,2026-10-06
2021-05-18,9158.062238,https://charts-cdn.checkonchain.com/btconchain/realised/lthsopr_indicator/lthsopr_indicator_light.html,2026-10-06
2021-05-19,9147.163994,https://charts-cdn.checkonchain.com/btconchain/realised/lthsopr_indicator/lthsopr_indicator_light.html,2026-10-06
2021-05-20,9194.855295,https://charts-cdn.checkonchain.com/btconchain/realised/lthsopr_indicator/lthsopr_indicator_light.html,2026-10-06
2021-05-21,9370.991095,https://charts-cdn.checkonchain.com/btconchain/realised/lthsopr_indicator/lthsopr_indicator_light.html,2026-10-06
2021-05-22,9588.459241,https://charts-cdn.checkonchain.com/btconchain/realised/lthsopr_indicator/lthsopr_indicator_light.html,2026-10-06
2021-05-23,9663.584983,https://charts-cdn.checkonchain.com/btconchain/realised/lthsopr_indicator/lthsopr_indicator_light.html,2026-10-06
2021-05-24,9667.198028,https://charts-cdn.checkonchain.com/btconchain/realised/lthsopr_indicator/lthsopr_indicator_light.html,2026-10-06
2021-05-25,9695.063196,https://charts-cdn.checkonchain.com/btconchain/realised/lthsopr_indicator/lthsopr_indicator_light.html,2026-10-06
2021-05-26,9755.725078,https://charts-cdn.checkonchain.com/btconchain/realised/lthsopr_indicator/lthsopr_indicator_light.html,2026-10-06
2021-05-27,10148.873885,https://charts-cdn.checkonchain.com/btconchain/realised/lthsopr_indicator/lthsopr_indicator_light.html,2026-10-06
2021-05-28,10192.171430,https://charts-cdn.checkonchain.com/btconchain/realised/lthsopr_indicator/lthsopr_indicator_light.html,2026-10-06
2021-05-29,10250.713287,https://charts-cdn.checkonchain.com/btconchain/realised/lthsopr_indicator/lthsopr_indicator_light.html,2026-10-06
2021-05-30,10325.868944,https://charts-cdn.checkonchain.com/btconchain/realised/lthsopr_indicator/lthsopr_indicator_light.html,2026-10-06
2021-05-31,10381.240298,https://charts-cdn.checkonchain.com/btconchain/realised/lthsopr_indicator/lthsopr_indicator_light.html,2026-10-06
2021-06-01,10484.709685,https://charts-cdn.checkonchain.com/btconchain/realised/lthsopr_indicator/lthsopr_indicator_light.html,2026-10-06
2021-06-02,10572.182740,https://charts-cdn.checkonchain.com/btconchain/realised/lthsopr_indicator/lthsopr_indicator_light.html,2026-10-06
2021-06-03,10673.863281,https://charts-cdn.checkonchain.com/btconchain/realised/lthsopr_indicator/lthsopr_indicator_light.html,2026-10-06
2021-06-04,10783.610277,https://charts-cdn.checkonchain.com/btconchain/realised/lthsopr_indicator/lthsopr_indicator_light.html,2026-10-06
2021-06-05,10886.776082,https://charts-cdn.checkonchain.com/btconchain/realised/lthsopr_indicator/lthsopr_indicator_light.html,2026-10-06
2021-06-06,11078.893943,https://charts-cdn.checkonchain.com/btconchain/realised/lthsopr_indicator/lthsopr_indicator_light.html,2026-10-06
2021-06-07,11377.069870,https://charts-cdn.checkonchain.com/btconchain/realised/lthsopr_indicator/lthsopr_indicator_light.html,2026-10-06
2021-06-08,11702.764106,https://charts-cdn.checkonchain.com/btconchain/realised/lthsopr_indicator/lthsopr_indicator_light.html,2026-10-06
2021-06-09,11829.797785,https://charts-cdn.checkonchain.com/btconchain/realised/lthsopr_indicator/lthsopr_indicator_light.html,2026-10-06
2021-06-10,11952.804963,https://charts-cdn.checkonchain.com/btconchain/realised/lthsopr_indicator/lthsopr_indicator_light.html,2026-10-06
2021-06-11,12059.204285,https://charts-cdn.checkonchain.com/btconchain/realised/lthsopr_indicator/lthsopr_indicator_light.html,2026-10-06
2021-06-12,12108.462074,https://charts-cdn.checkonchain.com/btconchain/realised/lthsopr_indicator/lthsopr_indicator_light.html,2026-10-06
2021-06-13,12316.203248,https://charts-cdn.checkonchain.com/btconchain/realised/lthsopr_indicator/lthsopr_indicator_light.html,2026-10-06
2021-06-14,12418.612274,https://charts-cdn.checkonchain.com/btconchain/realised/lthsopr_indicator/lthsopr_indicator_light.html,2026-10-06
2021-06-15,12431.984283,https://charts-cdn.checkonchain.com/btconchain/realised/lthsopr_indicator/lthsopr_indicator_light.html,2026-10-06
2021-06-16,12464.771760,https://charts-cdn.checkonchain.com/btconchain/realised/lthsopr_indicator/lthsopr_indicator_light.html,2026-10-06
2021-06-17,12523.065198,https://charts-cdn.checkonchain.com/btconchain/realised/lthsopr_indicator/lthsopr_indicator_light.html,2026-10-06
2021-06-18,12659.599030,https://charts-cdn.checkonchain.com/btconchain/realised/lthsopr_indicator/lthsopr_indicator_light.html,2026-10-06
2021-06-19,12733.788228,https://charts-cdn.checkonchain.com/btconchain/realised/lthsopr_indicator/lthsopr_indicator_light.html,2026-10-06
2021-06-20,12823.008692,https://charts-cdn.checkonchain.com/btconchain/realised/lthsopr_indicator/lthsopr_indicator_light.html,2026-10-06
2021-06-21,12866.864867,https://charts-cdn.checkonchain.com/btconchain/realised/lthsopr_indicator/lthsopr_indicator_light.html,2026-10-06
2021-06-22,12890.616966,https://charts-cdn.checkonchain.com/btconchain/realised/lthsopr_indicator/lthsopr_indicator_light.html,2026-10-06
2021-06-23,12894.912914,https://charts-cdn.checkonchain.com/btconchain/realised/lthsopr_indicator/lthsopr_indicator_light.html,2026-10-06
2021-06-24,12906.810230,https://charts-cdn.checkonchain.com/btconchain/realised/lthsopr_indicator/lthsopr_indicator_light.html,2026-10-06
2021-06-25,12940.028550,https://charts-cdn.checkonchain.com/btconchain/realised/lthsopr_indicator/lthsopr_indicator_light.html,2026-10-06
2021-06-26,13022.411848,https://charts-cdn.checkonchain.com/btconchain/realised/lthsopr_indicator/lthsopr_indicator_light.html,2026-10-06
2021-06-27,13098.548792,https://charts-cdn.checkonchain.com/btconchain/realised/lthsopr_indicator/lthsopr_indicator_light.html,2026-10-06
2021-06-28,13167.901183,https://charts-cdn.checkonchain.com/btconchain/realised/lthsopr_indicator/lthsopr_indicator_light.html,2026-10-06
2021-06-29,13212.387029,https://charts-cdn.checkonchain.com/btconchain/realised/lthsopr_indicator/lthsopr_indicator_light.html,2026-10-06
2021-06-30,13253.086811,https://charts-cdn.checkonchain.com/btconchain/realised/lthsopr_indicator/lthsopr_indicator_light.html,2026-10-06
2021-07-01,13295.910465,https://charts-cdn.checkonchain.com/btconchain/realised/lthsopr_indicator/lthsopr_indicator_light.html,2026-10-06
2021-07-02,13308.864802,https://charts-cdn.checkonchain.com/btconchain/realised/lthsopr_indicator/lthsopr_indicator_light.html,2026-10-06
2021-07-03,13364.153376,https://charts-cdn.checkonchain.com/btconchain/realised/lthsopr_indicator/lthsopr_indicator_light.html,2026-10-06
2021-07-04,13440.640606,https://charts-cdn.checkonchain.com/btconchain/realised/lthsopr_indicator/lthsopr_indicator_light.html,2026-10-06
2021-07-05,13550.189196,https://charts-cdn.checkonchain.com/btconchain/realised/lthsopr_indicator/lthsopr_indicator_light.html,2026-10-06
2021-07-06,13590.860344,https://charts-cdn.checkonchain.com/btconchain/realised/lthsopr_indicator/lthsopr_indicator_light.html,2026-10-06
2021-07-07,13614.804319,https://charts-cdn.checkonchain.com/btconchain/realised/lthsopr_indicator/lthsopr_indicator_light.html,2026-10-06
2021-07-08,13682.758937,https://charts-cdn.checkonchain.com/btconchain/realised/lthsopr_indicator/lthsopr_indicator_light.html,2026-10-06
2021-07-09,14091.925658,https://charts-cdn.checkonchain.com/btconchain/realised/lthsopr_indicator/lthsopr_indicator_light.html,2026-10-06
2021-07-10,14335.687779,https://charts-cdn.checkonchain.com/btconchain/realised/lthsopr_indicator/lthsopr_indicator_light.html,2026-10-06
2021-07-11,14483.837883,https://charts-cdn.checkonchain.com/btconchain/realised/lthsopr_indicator/lthsopr_indicator_light.html,2026-10-06
2021-07-12,14756.347999,https://charts-cdn.checkonchain.com/btconchain/realised/lthsopr_indicator/lthsopr_indicator_light.html,2026-10-06
2021-07-13,14860.856308,https://charts-cdn.checkonchain.com/btconchain/realised/lthsopr_indicator/lthsopr_indicator_light.html,2026-10-06
2021-07-14,14905.760615,https://charts-cdn.checkonchain.com/btconchain/realised/lthsopr_indicator/lthsopr_indicator_light.html,2026-10-06
2021-07-15,14950.308266,https://charts-cdn.checkonchain.com/btconchain/realised/lthsopr_indicator/lthsopr_indicator_light.html,2026-10-06
2021-07-16,15004.982398,https://charts-cdn.checkonchain.com/btconchain/realised/lthsopr_indicator/lthsopr_indicator_light.html,2026-10-06
2021-07-17,15121.984538,https://charts-cdn.checkonchain.com/btconchain/realised/lthsopr_indicator/lthsopr_indicator_light.html,2026-10-06
2021-07-18,15429.162563,https://charts-cdn.checkonchain.com/btconchain/realised/lthsopr_indicator/lthsopr_indicator_light.html,2026-10-06
2021-07-19,15577.754482,https://charts-cdn.checkonchain.com/btconchain/realised/lthsopr_indicator/lthsopr_indicator_light.html,2026-10-06
2021-07-20,15869.602158,https://charts-cdn.checkonchain.com/btconchain/realised/lthsopr_indicator/lthsopr_indicator_light.html,2026-10-06
2021-07-21,15999.659656,https://charts-cdn.checkonchain.com/btconchain/realised/lthsopr_indicator/lthsopr_indicator_light.html,2026-10-06
2021-07-22,16180.616459,https://charts-cdn.checkonchain.com/btconchain/realised/lthsopr_indicator/lthsopr_indicator_light.html,2026-10-06
2021-07-23,16618.746861,https://charts-cdn.checkonchain.com/btconchain/realised/lthsopr_indicator/lthsopr_indicator_light.html,2026-10-06
2021-07-24,16805.247648,https://charts-cdn.checkonchain.com/btconchain/realised/lthsopr_indicator/lthsopr_indicator_light.html,2026-10-06
2021-07-25,17053.210284,https://charts-cdn.checkonchain.com/btconchain/realised/lthsopr_indicator/lthsopr_indicator_light.html,2026-10-06
2021-07-26,17129.376943,https://charts-cdn.checkonchain.com/btconchain/realised/lthsopr_indicator/lthsopr_indicator_light.html,2026-10-06
2021-07-27,17154.824134,https://charts-cdn.checkonchain.com/btconchain/realised/lthsopr_indicator/lthsopr_indicator_light.html,2026-10-06
2021-07-28,17175.401652,https://charts-cdn.checkonchain.com/btconchain/realised/lthsopr_indicator/lthsopr_indicator_light.html,2026-10-06
2021-07-29,17239.504699,https://charts-cdn.checkonchain.com/btconchain/realised/lthsopr_indicator/lthsopr_indicator_light.html,2026-10-06
2021-07-30,17288.385270,https://charts-cdn.checkonchain.com/btconchain/realised/lthsopr_indicator/lthsopr_indicator_light.html,2026-10-06
2021-07-31,17334.841294,https://charts-cdn.checkonchain.com/btconchain/realised/lthsopr_indicator/lthsopr_indicator_light.html,2026-10-06
2021-08-01,17389.943954,https://charts-cdn.checkonchain.com/btconchain/realised/lthsopr_indicator/lthsopr_indicator_light.html,2026-10-06
2021-08-02,17588.814311,https://charts-cdn.checkonchain.com/btconchain/realised/lthsopr_indicator/lthsopr_indicator_light.html,2026-10-06
2021-08-03,17655.461122,https://charts-cdn.checkonchain.com/btconchain/realised/lthsopr_indicator/lthsopr_indicator_light.html,2026-10-06
2021-08-04,17703.245659,https://charts-cdn.checkonchain.com/btconchain/realised/lthsopr_indicator/lthsopr_indicator_light.html,2026-10-06
2021-08-05,17790.950962,https://charts-cdn.checkonchain.com/btconchain/realised/lthsopr_indicator/lthsopr_indicator_light.html,2026-10-06
2021-08-06,17879.650429,https://charts-cdn.checkonchain.com/btconchain/realised/lthsopr_indicator/lthsopr_indicator_light.html,2026-10-06
2021-08-07,17987.744795,https://charts-cdn.checkonchain.com/btconchain/realised/lthsopr_indicator/lthsopr_indicator_light.html,2026-10-06
2021-08-08,18289.094625,https://charts-cdn.checkonchain.com/btconchain/realised/lthsopr_indicator/lthsopr_indicator_light.html,2026-10-06
2021-08-09,18507.406083,https://charts-cdn.checkonchain.com/btconchain/realised/lthsopr_indicator/lthsopr_indicator_light.html,2026-10-06
2021-08-10,18593.041120,https://charts-cdn.checkonchain.com/btconchain/realised/lthsopr_indicator/lthsopr_indicator_light.html,2026-10-06
2021-08-11,18702.344769,https://charts-cdn.checkonchain.com/btconchain/realised/lthsopr_indicator/lthsopr_indicator_light.html,2026-10-06
2021-08-12,18828.346867,https://charts-cdn.checkonchain.com/btconchain/realised/lthsopr_indicator/lthsopr_indicator_light.html,2026-10-06
2021-08-13,19217.402501,https://charts-cdn.checkonchain.com/btconchain/realised/lthsopr_indicator/lthsopr_indicator_light.html,2026-10-06
2021-08-14,19333.524026,https://charts-cdn.checkonchain.com/btconchain/realised/lthsopr_indicator/lthsopr_indicator_light.html,2026-10-06
2021-08-15,19398.525302,https://charts-cdn.checkonchain.com/btconchain/realised/lthsopr_indicator/lthsopr_indicator_light.html,2026-10-06
2021-08-16,19457.036918,https://charts-cdn.checkonchain.com/btconchain/realised/lthsopr_indicator/lthsopr_indicator_light.html,2026-10-06
2021-08-17,19527.023628,https://charts-cdn.checkonchain.com/btconchain/realised/lthsopr_indicator/lthsopr_indicator_light.html,2026-10-06
2021-08-18,19655.999419,https://charts-cdn.checkonchain.com/btconchain/realised/lthsopr_indicator/lthsopr_indicator_light.html,2026-10-06
2021-08-19,19717.850919,https://charts-cdn.checkonchain.com/btconchain/realised/lthsopr_indicator/lthsopr_indicator_light.html,2026-10-06
2021-08-20,19836.501178,https://charts-cdn.checkonchain.com/btconchain/realised/lthsopr_indicator/lthsopr_indicator_light.html,2026-10-06
2021-08-21,19918.440844,https://charts-cdn.checkonchain.com/btconchain/realised/lthsopr_indicator/lthsopr_indicator_light.html,2026-10-06
2021-08-22,20022.823485,https://charts-cdn.checkonchain.com/btconchain/realised/lthsopr_indicator/lthsopr_indicator_light.html,2026-10-06
2021-08-23,20126.585941,https://charts-cdn.checkonchain.com/btconchain/realised/lthsopr_indicator/lthsopr_indicator_light.html,2026-10-06
2021-08-24,20313.195609,https://charts-cdn.checkonchain.com/btconchain/realised/lthsopr_indicator/lthsopr_indicator_light.html,2026-10-06
2021-08-25,20349.262708,https://charts-cdn.checkonchain.com/btconchain/realised/lthsopr_indicator/lthsopr_indicator_light.html,2026-10-06
2021-08-26,20378.435131,https://charts-cdn.checkonchain.com/btconchain/realised/lthsopr_indicator/lthsopr_indicator_light.html,2026-10-06
2021-08-27,20472.089605,https://charts-cdn.checkonchain.com/btconchain/realised/lthsopr_indicator/lthsopr_indicator_light.html,2026-10-06
2021-08-28,20569.786387,https://charts-cdn.checkonchain.com/btconchain/realised/lthsopr_indicator/lthsopr_indicator_light.html,2026-10-06
2021-08-29,20724.126066,https://charts-cdn.checkonchain.com/btconchain/realised/lthsopr_indicator/lthsopr_indicator_light.html,2026-10-06
2021-08-30,20787.642438,https://charts-cdn.checkonchain.com/btconchain/realised/lthsopr_indicator/lthsopr_indicator_light.html,2026-10-06
2021-08-31,20834.096915,https://charts-cdn.checkonchain.com/btconchain/realised/lthsopr_indicator/lthsopr_indicator_light.html,2026-10-06
2021-09-01,20839.398477,https://charts-cdn.checkonchain.com/btconchain/realised/lthsopr_indicator/lthsopr_indicator_light.html,2026-10-06
2021-09-02,20868.336080,https://charts-cdn.checkonchain.com/btconchain/realised/lthsopr_indicator/lthsopr_indicator_light.html,2026-10-06
2021-09-03,21352.360452,https://charts-cdn.checkonchain.com/btconchain/realised/lthsopr_indicator/lthsopr_indicator_light.html,2026-10-06
2021-09-04,21409.261624,https://charts-cdn.checkonchain.com/btconchain/realised/lthsopr_indicator/lthsopr_indicator_light.html,2026-10-06
2021-09-05,21495.175900,https://charts-cdn.checkonchain.com/btconchain/realised/lthsopr_indicator/lthsopr_indicator_light.html,2026-10-06
2021-09-06,21540.370454,https://charts-cdn.checkonchain.com/btconchain/realised/lthsopr_indicator/lthsopr_indicator_light.html,2026-10-06
2021-09-07,21690.209824,https://charts-cdn.checkonchain.com/btconchain/realised/lthsopr_indicator/lthsopr_indicator_light.html,2026-10-06
2021-09-08,21761.449309,https://charts-cdn.checkonchain.com/btconchain/realised/lthsopr_indicator/lthsopr_indicator_light.html,2026-10-06
2021-09-09,21862.256995,https://charts-cdn.checkonchain.com/btconchain/realised/lthsopr_indicator/lthsopr_indicator_light.html,2026-10-06
2021-09-10,21962.422684,https://charts-cdn.checkonchain.com/btconchain/realised/lthsopr_indicator/lthsopr_indicator_light.html,2026-10-06
2021-09-11,22229.739832,https://charts-cdn.checkonchain.com/btconchain/realised/lthsopr_indicator/lthsopr_indicator_light.html,2026-10-06
2021-09-12,22363.704309,https://charts-cdn.checkonchain.com/btconchain/realised/lthsopr_indicator/lthsopr_indicator_light.html,2026-10-06
2021-09-13,22506.088363,https://charts-cdn.checkonchain.com/btconchain/realised/lthsopr_indicator/lthsopr_indicator_light.html,2026-10-06
2021-09-14,22543.095890,https://charts-cdn.checkonchain.com/btconchain/realised/lthsopr_indicator/lthsopr_indicator_light.html,2026-10-06
2021-09-15,22880.028644,https://charts-cdn.checkonchain.com/btconchain/realised/lthsopr_indicator/lthsopr_indicator_light.html,2026-10-06
2021-09-16,22959.371635,https://charts-cdn.checkonchain.com/btconchain/realised/lthsopr_indicator/lthsopr_indicator_light.html,2026-10-06
2021-09-17,23001.369891,https://charts-cdn.checkonchain.com/btconchain/realised/lthsopr_indicator/lthsopr_indicator_light.html,2026-10-06
2021-09-18,23057.518715,https://charts-cdn.checkonchain.com/btconchain/realised/lthsopr_indicator/lthsopr_indicator_light.html,2026-10-06
2021-09-19,23262.642511,https://charts-cdn.checkonchain.com/btconchain/realised/lthsopr_indicator/lthsopr_indicator_light.html,2026-10-06
2021-09-20,23410.404728,https://charts-cdn.checkonchain.com/btconchain/realised/lthsopr_indicator/lthsopr_indicator_light.html,2026-10-06
2021-09-21,23480.197669,https://charts-cdn.checkonchain.com/btconchain/realised/lthsopr_indicator/lthsopr_indicator_light.html,2026-10-06
2021-09-22,23604.212290,https://charts-cdn.checkonchain.com/btconchain/realised/lthsopr_indicator/lthsopr_indicator_light.html,2026-10-06
2021-09-23,23684.771624,https://charts-cdn.checkonchain.com/btconchain/realised/lthsopr_indicator/lthsopr_indicator_light.html,2026-10-06
2021-09-24,23810.525591,https://charts-cdn.checkonchain.com/btconchain/realised/lthsopr_indicator/lthsopr_indicator_light.html,2026-10-06
2021-09-25,23875.364084,https://charts-cdn.checkonchain.com/btconchain/realised/lthsopr_indicator/lthsopr_indicator_light.html,2026-10-06
2021-09-26,24088.362745,https://charts-cdn.checkonchain.com/btconchain/realised/lthsopr_indicator/lthsopr_indicator_light.html,2026-10-06
2021-09-27,24182.651274,https://charts-cdn.checkonchain.com/btconchain/realised/lthsopr_indicator/lthsopr_indicator_light.html,2026-10-06
2021-09-28,24183.465896,https://charts-cdn.checkonchain.com/btconchain/realised/lthsopr_indicator/lthsopr_indicator_light.html,2026-10-06
2021-09-29,24216.253730,https://charts-cdn.checkonchain.com/btconchain/realised/lthsopr_indicator/lthsopr_indicator_light.html,2026-10-06
2021-09-30,24286.135732,https://charts-cdn.checkonchain.com/btconchain/realised/lthsopr_indicator/lthsopr_indicator_light.html,2026-10-06
2021-10-01,24421.387906,https://charts-cdn.checkonchain.com/btconchain/realised/lthsopr_indicator/lthsopr_indicator_light.html,2026-10-06
2021-10-02,24513.309429,https://charts-cdn.checkonchain.com/btconchain/realised/lthsopr_indicator/lthsopr_indicator_light.html,2026-10-06
2021-10-03,24608.890919,https://charts-cdn.checkonchain.com/btconchain/realised/lthsopr_indicator/lthsopr_indicator_light.html,2026-10-06
2021-10-04,24972.888179,https://charts-cdn.checkonchain.com/btconchain/realised/lthsopr_indicator/lthsopr_indicator_light.html,2026-10-06
2021-10-05,25042.878252,https://charts-cdn.checkonchain.com/btconchain/realised/lthsopr_indicator/lthsopr_indicator_light.html,2026-10-06
2021-10-06,25095.736475,https://charts-cdn.checkonchain.com/btconchain/realised/lthsopr_indicator/lthsopr_indicator_light.html,2026-10-06
2021-10-07,25156.413249,https://charts-cdn.checkonchain.com/btconchain/realised/lthsopr_indicator/lthsopr_indicator_light.html,2026-10-06
2021-10-08,25234.398833,https://charts-cdn.checkonchain.com/btconchain/realised/lthsopr_indicator/lthsopr_indicator_light.html,2026-10-06
2021-10-09,25438.439297,https://charts-cdn.checkonchain.com/btconchain/realised/lthsopr_indicator/lthsopr_indicator_light.html,2026-10-06
2021-10-10,25506.763446,https://charts-cdn.checkonchain.com/btconchain/realised/lthsopr_indicator/lthsopr_indicator_light.html,2026-10-06
2021-10-11,25608.422784,https://charts-cdn.checkonchain.com/btconchain/realised/lthsopr_indicator/lthsopr_indicator_light.html,2026-10-06
2021-10-12,25636.122515,https://charts-cdn.checkonchain.com/btconchain/realised/lthsopr_indicator/lthsopr_indicator_light.html,2026-10-06
2021-10-13,25654.517767,https://charts-cdn.checkonchain.com/btconchain/realised/lthsopr_indicator/lthsopr_indicator_light.html,2026-10-06
2021-10-14,25691.334352,https://charts-cdn.checkonchain.com/btconchain/realised/lthsopr_indicator/lthsopr_indicator_light.html,2026-10-06
2021-10-15,25709.424199,https://charts-cdn.checkonchain.com/btconchain/realised/lthsopr_indicator/lthsopr_indicator_light.html,2026-10-06
2021-10-16,25840.572835,https://charts-cdn.checkonchain.com/btconchain/realised/lthsopr_indicator/lthsopr_indicator_light.html,2026-10-06
2021-10-17,26024.905735,https://charts-cdn.checkonchain.com/btconchain/realised/lthsopr_indicator/lthsopr_indicator_light.html,2026-10-06
2021-10-18,26068.348671,https://charts-cdn.checkonchain.com/btconchain/realised/lthsopr_indicator/lthsopr_indicator_light.html,2026-10-06
2021-10-19,26081.721037,https://charts-cdn.checkonchain.com/btconchain/realised/lthsopr_indicator/lthsopr_indicator_light.html,2026-10-06
2021-10-20,26054.703357,https://charts-cdn.checkonchain.com/btconchain/realised/lthsopr_indicator/lthsopr_indicator_light.html,2026-10-06
2021-10-21,26082.336386,https://charts-cdn.checkonchain.com/btconchain/realised/lthsopr_indicator/lthsopr_indicator_light.html,2026-10-06
2021-10-22,25950.812107,https://charts-cdn.checkonchain.com/btconchain/realised/lthsopr_indicator/lthsopr_indicator_light.html,2026-10-06
2021-10-23,25999.393706,https://charts-cdn.checkonchain.com/btconchain/realised/lthsopr_indicator/lthsopr_indicator_light.html,2026-10-06
2021-10-24,25759.460533,https://charts-cdn.checkonchain.com/btconchain/realised/lthsopr_indicator/lthsopr_indicator_light.html,2026-10-06
2021-10-25,25714.033042,https://charts-cdn.checkonchain.com/btconchain/realised/lthsopr_indicator/lthsopr_indicator_light.html,2026-10-06
2021-10-26,25767.829676,https://charts-cdn.checkonchain.com/btconchain/realised/lthsopr_indicator/lthsopr_indicator_light.html,2026-10-06
2021-10-27,25783.201956,https://charts-cdn.checkonchain.com/btconchain/realised/lthsopr_indicator/lthsopr_indicator_light.html,2026-10-06
2021-10-28,25790.481862,https://charts-cdn.checkonchain.com/btconchain/realised/lthsopr_indicator/lthsopr_indicator_light.html,2026-10-06
2021-10-29,25844.528532,https://charts-cdn.checkonchain.com/btconchain/realised/lthsopr_indicator/lthsopr_indicator_light.html,2026-10-06
2021-10-30,25863.901563,https://charts-cdn.checkonchain.com/btconchain/realised/lthsopr_indicator/lthsopr_indicator_light.html,2026-10-06
2021-10-31,25906.063912,https://charts-cdn.checkonchain.com/btconchain/realised/lthsopr_indicator/lthsopr_indicator_light.html,2026-10-06
2021-11-01,25938.237502,https://charts-cdn.checkonchain.com/btconchain/realised/lthsopr_indicator/lthsopr_indicator_light.html,2026-10-06
2021-11-02,25899.288180,https://charts-cdn.checkonchain.com/btconchain/realised/lthsopr_indicator/lthsopr_indicator_light.html,2026-10-06
2021-11-03,25778.658185,https://charts-cdn.checkonchain.com/btconchain/realised/lthsopr_indicator/lthsopr_indicator_light.html,2026-10-06
2021-11-04,25805.132608,https://charts-cdn.checkonchain.com/btconchain/realised/lthsopr_indicator/lthsopr_indicator_light.html,2026-10-06
2021-11-05,25832.865356,https://charts-cdn.checkonchain.com/btconchain/realised/lthsopr_indicator/lthsopr_indicator_light.html,2026-10-06
2021-11-06,25830.483503,https://charts-cdn.checkonchain.com/btconchain/realised/lthsopr_indicator/lthsopr_indicator_light.html,2026-10-06
2021-11-07,25871.754228,https://charts-cdn.checkonchain.com/btconchain/realised/lthsopr_indicator/lthsopr_indicator_light.html,2026-10-06
2021-11-08,25871.287396,https://charts-cdn.checkonchain.com/btconchain/realised/lthsopr_indicator/lthsopr_indicator_light.html,2026-10-06
2021-11-09,25861.267908,https://charts-cdn.checkonchain.com/btconchain/realised/lthsopr_indicator/lthsopr_indicator_light.html,2026-10-06
2021-11-10,25897.387675,https://charts-cdn.checkonchain.com/btconchain/realised/lthsopr_indicator/lthsopr_indicator_light.html,2026-10-06
2021-11-11,25916.711914,https://charts-cdn.checkonchain.com/btconchain/realised/lthsopr_indicator/lthsopr_indicator_light.html,2026-10-06
2021-11-12,25930.620692,https://charts-cdn.checkonchain.com/btconchain/realised/lthsopr_indicator/lthsopr_indicator_light.html,2026-10-06
2021-11-13,25956.520220,https://charts-cdn.checkonchain.com/btconchain/realised/lthsopr_indicator/lthsopr_indicator_light.html,2026-10-06
2021-11-14,25993.245630,https://charts-cdn.checkonchain.com/btconchain/realised/lthsopr_indicator/lthsopr_indicator_light.html,2026-10-06
2021-11-15,26005.515242,https://charts-cdn.checkonchain.com/btconchain/realised/lthsopr_indicator/lthsopr_indicator_light.html,2026-10-06
2021-11-16,25952.089753,https://charts-cdn.checkonchain.com/btconchain/realised/lthsopr_indicator/lthsopr_indicator_light.html,2026-10-06
2021-11-17,25953.219439,https://charts-cdn.checkonchain.com/btconchain/realised/lthsopr_indicator/lthsopr_indicator_light.html,2026-10-06
2021-11-18,25944.149263,https://charts-cdn.checkonchain.com/btconchain/realised/lthsopr_indicator/lthsopr_indicator_light.html,2026-10-06
2021-11-19,25956.035993,https://charts-cdn.checkonchain.com/btconchain/realised/lthsopr_indicator/lthsopr_indicator_light.html,2026-10-06
2021-11-20,25981.987496,https://charts-cdn.checkonchain.com/btconchain/realised/lthsopr_indicator/lthsopr_indicator_light.html,2026-10-06
2021-11-21,26039.600723,https://charts-cdn.checkonchain.com/btconchain/realised/lthsopr_indicator/lthsopr_indicator_light.html,2026-10-06
2021-11-22,26045.732817,https://charts-cdn.checkonchain.com/btconchain/realised/lthsopr_indicator/lthsopr_indicator_light.html,2026-10-06
2021-11-23,26050.263395,https://charts-cdn.checkonchain.com/btconchain/realised/lthsopr_indicator/lthsopr_indicator_light.html,2026-10-06
2021-11-24,26051.167884,https://charts-cdn.checkonchain.com/btconchain/realised/lthsopr_indicator/lthsopr_indicator_light.html,2026-10-06
2021-11-25,25987.108731,https://charts-cdn.checkonchain.com/btconchain/realised/lthsopr_indicator/lthsopr_indicator_light.html,2026-10-06
2021-11-26,25985.689023,https://charts-cdn.checkonchain.com/btconchain/realised/lthsopr_indicator/lthsopr_indicator_light.html,2026-10-06
2021-11-27,26012.760684,https://charts-cdn.checkonchain.com/btconchain/realised/lthsopr_indicator/lthsopr_indicator_light.html,2026-10-06
2021-11-28,26032.239284,https://charts-cdn.checkonchain.com/btconchain/realised/lthsopr_indicator/lthsopr_indicator_light.html,2026-10-06
2021-11-29,26156.409860,https://charts-cdn.checkonchain.com/btconchain/realised/lthsopr_indicator/lthsopr_indicator_light.html,2026-10-06
2021-11-30,26128.108089,https://charts-cdn.checkonchain.com/btconchain/realised/lthsopr_indicator/lthsopr_indicator_light.html,2026-10-06
2021-12-01,26118.190119,https://charts-cdn.checkonchain.com/btconchain/realised/lthsopr_indicator/lthsopr_indicator_light.html,2026-10-06
2021-12-02,26130.549884,https://charts-cdn.checkonchain.com/btconchain/realised/lthsopr_indicator/lthsopr_indicator_light.html,2026-10-06
2021-12-03,26124.639891,https://charts-cdn.checkonchain.com/btconchain/realised/lthsopr_indicator/lthsopr_indicator_light.html,2026-10-06
2021-12-04,26141.100831,https://charts-cdn.checkonchain.com/btconchain/realised/lthsopr_indicator/lthsopr_indicator_light.html,2026-10-06
2021-12-05,26137.497275,https://charts-cdn.checkonchain.com/btconchain/realised/lthsopr_indicator/lthsopr_indicator_light.html,2026-10-06
2021-12-06,26138.703176,https://charts-cdn.checkonchain.com/btconchain/realised/lthsopr_indicator/lthsopr_indicator_light.html,2026-10-06
2021-12-07,26109.187778,https://charts-cdn.checkonchain.com/btconchain/realised/lthsopr_indicator/lthsopr_indicator_light.html,2026-10-06
2021-12-08,26124.795486,https://charts-cdn.checkonchain.com/btconchain/realised/lthsopr_indicator/lthsopr_indicator_light.html,2026-10-06
2021-12-09,26119.902698,https://charts-cdn.checkonchain.com/btconchain/realised/lthsopr_indicator/lthsopr_indicator_light.html,2026-10-06
2021-12-10,26101.998953,https://charts-cdn.checkonchain.com/btconchain/realised/lthsopr_indicator/lthsopr_indicator_light.html,2026-10-06
2021-12-11,26114.132455,https://charts-cdn.checkonchain.com/btconchain/realised/lthsopr_indicator/lthsopr_indicator_light.html,2026-10-06
2021-12-12,26126.202823,https://charts-cdn.checkonchain.com/btconchain/realised/lthsopr_indicator/lthsopr_indicator_light.html,2026-10-06
2021-12-13,26122.072107,https://charts-cdn.checkonchain.com/btconchain/realised/lthsopr_indicator/lthsopr_indicator_light.html,2026-10-06
2021-12-14,26141.077037,https://charts-cdn.checkonchain.com/btconchain/realised/lthsopr_indicator/lthsopr_indicator_light.html,2026-10-06
2021-12-15,26137.114997,https://charts-cdn.checkonchain.com/btconchain/realised/lthsopr_indicator/lthsopr_indicator_light.html,2026-10-06
2021-12-16,26134.706276,https://charts-cdn.checkonchain.com/btconchain/realised/lthsopr_indicator/lthsopr_indicator_light.html,2026-10-06
2021-12-17,26149.536246,https://charts-cdn.checkonchain.com/btconchain/realised/lthsopr_indicator/lthsopr_indicator_light.html,2026-10-06
2021-12-18,26162.141499,https://charts-cdn.checkonchain.com/btconchain/realised/lthsopr_indicator/lthsopr_indicator_light.html,2026-10-06
2021-12-19,26192.300912,https://charts-cdn.checkonchain.com/btconchain/realised/lthsopr_indicator/lthsopr_indicator_light.html,2026-10-06
2021-12-20,26181.527597,https://charts-cdn.checkonchain.com/btconchain/realised/lthsopr_indicator/lthsopr_indicator_light.html,2026-10-06
2021-12-21,26187.947314,https://charts-cdn.checkonchain.com/btconchain/realised/lthsopr_indicator/lthsopr_indicator_light.html,2026-10-06
2021-12-22,26210.634384,https://charts-cdn.checkonchain.com/btconchain/realised/lthsopr_indicator/lthsopr_indicator_light.html,2026-10-06
2021-12-23,26251.093173,https://charts-cdn.checkonchain.com/btconchain/realised/lthsopr_indicator/lthsopr_indicator_light.html,2026-10-06
2021-12-24,26409.172048,https://charts-cdn.checkonchain.com/btconchain/realised/lthsopr_indicator/lthsopr_indicator_light.html,2026-10-06
2021-12-25,26546.451185,https://charts-cdn.checkonchain.com/btconchain/realised/lthsopr_indicator/lthsopr_indicator_light.html,2026-10-06
2021-12-26,26813.950709,https://charts-cdn.checkonchain.com/btconchain/realised/lthsopr_indicator/lthsopr_indicator_light.html,2026-10-06
2021-12-27,26829.450735,https://charts-cdn.checkonchain.com/btconchain/realised/lthsopr_indicator/lthsopr_indicator_light.html,2026-10-06
2021-12-28,26848.185559,https://charts-cdn.checkonchain.com/btconchain/realised/lthsopr_indicator/lthsopr_indicator_light.html,2026-10-06
2021-12-29,26850.706664,https://charts-cdn.checkonchain.com/btconchain/realised/lthsopr_indicator/lthsopr_indicator_light.html,2026-10-06
2021-12-30,26822.468997,https://charts-cdn.checkonchain.com/btconchain/realised/lthsopr_indicator/lthsopr_indicator_light.html,2026-10-06
2021-12-31,26813.729578,https://charts-cdn.checkonchain.com/btconchain/realised/lthsopr_indicator/lthsopr_indicator_light.html,2026-10-06
2022-01-01,26832.273208,https://charts-cdn.checkonchain.com/btconchain/realised/lthsopr_indicator/lthsopr_indicator_light.html,2026-10-06
2022-01-02,26856.188436,https://charts-cdn.checkonchain.com/btconchain/realised/lthsopr_indicator/lthsopr_indicator_light.html,2026-10-06
2022-01-03,26868.249708,https://charts-cdn.checkonchain.com/btconchain/realised/lthsopr_indicator/lthsopr_indicator_light.html,2026-10-06
2022-01-04,26857.943694,https://charts-cdn.checkonchain.com/btconchain/realised/lthsopr_indicator/lthsopr_indicator_light.html,2026-10-06
2022-01-05,26872.501569,https://charts-cdn.checkonchain.com/btconchain/realised/lthsopr_indicator/lthsopr_indicator_light.html,2026-10-06
2022-01-06,26874.653979,https://charts-cdn.checkonchain.com/btconchain/realised/lthsopr_indicator/lthsopr_indicator_light.html,2026-10-06
2022-01-07,26908.793676,https://charts-cdn.checkonchain.com/btconchain/realised/lthsopr_indicator/lthsopr_indicator_light.html,2026-10-06
2022-01-08,26996.362790,https://charts-cdn.checkonchain.com/btconchain/realised/lthsopr_indicator/lthsopr_indicator_light.html,2026-10-06
2022-01-09,27014.957711,https://charts-cdn.checkonchain.com/btconchain/realised/lthsopr_indicator/lthsopr_indicator_light.html,2026-10-06
2022-01-10,27033.039379,https://charts-cdn.checkonchain.com/btconchain/realised/lthsopr_indicator/lthsopr_indicator_light.html,2026-10-06
2022-01-11,27084.594062,https://charts-cdn.checkonchain.com/btconchain/realised/lthsopr_indicator/lthsopr_indicator_light.html,2026-10-06
2022-01-12,27096.993046,https://charts-cdn.checkonchain.com/btconchain/realised/lthsopr_indicator/lthsopr_indicator_light.html,2026-10-06
2022-01-13,27137.619533,https://charts-cdn.checkonchain.com/btconchain/realised/lthsopr_indicator/lthsopr_indicator_light.html,2026-10-06
2022-01-14,27162.092833,https://charts-cdn.checkonchain.com/btconchain/realised/lthsopr_indicator/lthsopr_indicator_light.html,2026-10-06
2022-01-15,27207.260507,https://charts-cdn.checkonchain.com/btconchain/realised/lthsopr_indicator/lthsopr_indicator_light.html,2026-10-06
2022-01-16,27231.472927,https://charts-cdn.checkonchain.com/btconchain/realised/lthsopr_indicator/lthsopr_indicator_light.html,2026-10-06
2022-01-17,27252.885493,https://charts-cdn.checkonchain.com/btconchain/realised/lthsopr_indicator/lthsopr_indicator_light.html,2026-10-06
2022-01-18,27254.648339,https://charts-cdn.checkonchain.com/btconchain/realised/lthsopr_indicator/lthsopr_indicator_light.html,2026-10-06
2022-01-19,27246.322212,https://charts-cdn.checkonchain.com/btconchain/realised/lthsopr_indicator/lthsopr_indicator_light.html,2026-10-06
2022-01-20,27271.423573,https://charts-cdn.checkonchain.com/btconchain/realised/lthsopr_indicator/lthsopr_indicator_light.html,2026-10-06
2022-01-21,27287.571461,https://charts-cdn.checkonchain.com/btconchain/realised/lthsopr_indicator/lthsopr_indicator_light.html,2026-10-06
2022-01-22,27315.513823,https://charts-cdn.checkonchain.com/btconchain/realised/lthsopr_indicator/lthsopr_indicator_light.html,2026-10-06
2022-01-23,27364.063418,https://charts-cdn.checkonchain.com/btconchain/realised/lthsopr_indicator/lthsopr_indicator_light.html,2026-10-06
2022-01-24,27369.851546,https://charts-cdn.checkonchain.com/btconchain/realised/lthsopr_indicator/lthsopr_indicator_light.html,2026-10-06
2022-01-25,27377.961910,https://charts-cdn.checkonchain.com/btconchain/realised/lthsopr_indicator/lthsopr_indicator_light.html,2026-10-06
2022-01-26,27390.973385,https://charts-cdn.checkonchain.com/btconchain/realised/lthsopr_indicator/lthsopr_indicator_light.html,2026-10-06
2022-01-27,27409.784897,https://charts-cdn.checkonchain.com/btconchain/realised/lthsopr_indicator/lthsopr_indicator_light.html,2026-10-06
2022-01-28,27456.118139,https://charts-cdn.checkonchain.com/btconchain/realised/lthsopr_indicator/lthsopr_indicator_light.html,2026-10-06
2022-01-29,27511.486279,https://charts-cdn.checkonchain.com/btconchain/realised/lthsopr_indicator/lthsopr_indicator_light.html,2026-10-06
2022-01-30,27566.352571,https://charts-cdn.checkonchain.com/btconchain/realised/lthsopr_indicator/lthsopr_indicator_light.html,2026-10-06
2022-01-31,27629.719259,https://charts-cdn.checkonchain.com/btconchain/realised/lthsopr_indicator/lthsopr_indicator_light.html,2026-10-06
2022-02-01,27689.522555,https://charts-cdn.checkonchain.com/btconchain/realised/lthsopr_indicator/lthsopr_indicator_light.html,2026-10-06
2022-02-02,27708.024939,https://charts-cdn.checkonchain.com/btconchain/realised/lthsopr_indicator/lthsopr_indicator_light.html,2026-10-06
2022-02-03,27721.017329,https://charts-cdn.checkonchain.com/btconchain/realised/lthsopr_indicator/lthsopr_indicator_light.html,2026-10-06
2022-02-04,27758.902431,https://charts-cdn.checkonchain.com/btconchain/realised/lthsopr_indicator/lthsopr_indicator_light.html,2026-10-06
2022-02-05,27777.746755,https://charts-cdn.checkonchain.com/btconchain/realised/lthsopr_indicator/lthsopr_indicator_light.html,2026-10-06
2022-02-06,27799.644107,https://charts-cdn.checkonchain.com/btconchain/realised/lthsopr_indicator/lthsopr_indicator_light.html,2026-10-06
2022-02-07,27811.926285,https://charts-cdn.checkonchain.com/btconchain/realised/lthsopr_indicator/lthsopr_indicator_light.html,2026-10-06
2022-02-08,27807.797254,https://charts-cdn.checkonchain.com/btconchain/realised/lthsopr_indicator/lthsopr_indicator_light.html,2026-10-06
2022-02-09,27811.483036,https://charts-cdn.checkonchain.com/btconchain/realised/lthsopr_indicator/lthsopr_indicator_light.html,2026-10-06
2022-02-10,27829.316250,https://charts-cdn.checkonchain.com/btconchain/realised/lthsopr_indicator/lthsopr_indicator_light.html,2026-10-06
2022-02-11,27836.133784,https://charts-cdn.checkonchain.com/btconchain/realised/lthsopr_indicator/lthsopr_indicator_light.html,2026-10-06
2022-02-12,27888.284513,https://charts-cdn.checkonchain.com/btconchain/realised/lthsopr_indicator/lthsopr_indicator_light.html,2026-10-06
2022-02-13,27947.122303,https://charts-cdn.checkonchain.com/btconchain/realised/lthsopr_indicator/lthsopr_indicator_light.html,2026-10-06
2022-02-14,27971.335653,https://charts-cdn.checkonchain.com/btconchain/realised/lthsopr_indicator/lthsopr_indicator_light.html,2026-10-06
2022-02-15,27987.758716,https://charts-cdn.checkonchain.com/btconchain/realised/lthsopr_indicator/lthsopr_indicator_light.html,2026-10-06
2022-02-16,28001.473212,https://charts-cdn.checkonchain.com/btconchain/realised/lthsopr_indicator/lthsopr_indicator_light.html,2026-10-06
2022-02-17,28018.685601,https://charts-cdn.checkonchain.com/btconchain/realised/lthsopr_indicator/lthsopr_indicator_light.html,2026-10-06
2022-02-18,28033.185395,https://charts-cdn.checkonchain.com/btconchain/realised/lthsopr_indicator/lthsopr_indicator_light.html,2026-10-06
2022-02-19,28056.181320,https://charts-cdn.checkonchain.com/btconchain/realised/lthsopr_indicator/lthsopr_indicator_light.html,2026-10-06
2022-02-20,28074.121233,https://charts-cdn.checkonchain.com/btconchain/realised/lthsopr_indicator/lthsopr_indicator_light.html,2026-10-06
2022-02-21,28083.064002,https://charts-cdn.checkonchain.com/btconchain/realised/lthsopr_indicator/lthsopr_indicator_light.html,2026-10-06
2022-02-22,28092.717934,https://charts-cdn.checkonchain.com/btconchain/realised/lthsopr_indicator/lthsopr_indicator_light.html,2026-10-06
2022-02-23,28101.301147,https://charts-cdn.checkonchain.com/btconchain/realised/lthsopr_indicator/lthsopr_indicator_light.html,2026-10-06
2022-02-24,28121.644471,https://charts-cdn.checkonchain.com/btconchain/realised/lthsopr_indicator/lthsopr_indicator_light.html,2026-10-06
2022-02-25,28140.388853,https://charts-cdn.checkonchain.com/btconchain/realised/lthsopr_indicator/lthsopr_indicator_light.html,2026-10-06
2022-02-26,28156.712662,https://charts-cdn.checkonchain.com/btconchain/realised/lthsopr_indicator/lthsopr_indicator_light.html,2026-10-06
2022-02-27,28169.415720,https://charts-cdn.checkonchain.com/btconchain/realised/lthsopr_indicator/lthsopr_indicator_light.html,2026-10-06
2022-02-28,27864.279784,https://charts-cdn.checkonchain.com/btconchain/realised/lthsopr_indicator/lthsopr_indicator_light.html,2026-10-06
2022-03-01,27853.985493,https://charts-cdn.checkonchain.com/btconchain/realised/lthsopr_indicator/lthsopr_indicator_light.html,2026-10-06
2022-03-02,27861.866549,https://charts-cdn.checkonchain.com/btconchain/realised/lthsopr_indicator/lthsopr_indicator_light.html,2026-10-06
2022-03-03,27868.562489,https://charts-cdn.checkonchain.com/btconchain/realised/lthsopr_indicator/lthsopr_indicator_light.html,2026-10-06
2022-03-04,27884.200542,https://charts-cdn.checkonchain.com/btconchain/realised/lthsopr_indicator/lthsopr_indicator_light.html,2026-10-06
2022-03-05,27929.111450,https://charts-cdn.checkonchain.com/btconchain/realised/lthsopr_indicator/lthsopr_indicator_light.html,2026-10-06
2022-03-06,28000.757875,https://charts-cdn.checkonchain.com/btconchain/realised/lthsopr_indicator/lthsopr_indicator_light.html,2026-10-06
2022-03-07,28033.484269,https://charts-cdn.checkonchain.com/btconchain/realised/lthsopr_indicator/lthsopr_indicator_light.html,2026-10-06
2022-03-08,28035.751004,https://charts-cdn.checkonchain.com/btconchain/realised/lthsopr_indicator/lthsopr_indicator_light.html,2026-10-06
2022-03-09,28075.591379,https://charts-cdn.checkonchain.com/btconchain/realised/lthsopr_indicator/lthsopr_indicator_light.html,2026-10-06
2022-03-10,28134.128063,https://charts-cdn.checkonchain.com/btconchain/realised/lthsopr_indicator/lthsopr_indicator_light.html,2026-10-06
2022-03-11,28254.053123,https://charts-cdn.checkonchain.com/btconchain/realised/lthsopr_indicator/lthsopr_indicator_light.html,2026-10-06
2022-03-12,28289.119235,https://charts-cdn.checkonchain.com/btconchain/realised/lthsopr_indicator/lthsopr_indicator_light.html,2026-10-06
2022-03-13,28339.530399,https://charts-cdn.checkonchain.com/btconchain/realised/lthsopr_indicator/lthsopr_indicator_light.html,2026-10-06
2022-03-14,28408.896365,https://charts-cdn.checkonchain.com/btconchain/realised/lthsopr_indicator/lthsopr_indicator_light.html,2026-10-06
2022-03-15,28448.564293,https://charts-cdn.checkonchain.com/btconchain/realised/lthsopr_indicator/lthsopr_indicator_light.html,2026-10-06
2022-03-16,28462.051627,https://charts-cdn.checkonchain.com/btconchain/realised/lthsopr_indicator/lthsopr_indicator_light.html,2026-10-06
2022-03-17,28492.619478,https://charts-cdn.checkonchain.com/btconchain/realised/lthsopr_indicator/lthsopr_indicator_light.html,2026-10-06
2022-03-18,28573.768154,https://charts-cdn.checkonchain.com/btconchain/realised/lthsopr_indicator/lthsopr_indicator_light.html,2026-10-06
2022-03-19,28729.379967,https://charts-cdn.checkonchain.com/btconchain/realised/lthsopr_indicator/lthsopr_indicator_light.html,2026-10-06
2022-03-20,28823.405453,https://charts-cdn.checkonchain.com/btconchain/realised/lthsopr_indicator/lthsopr_indicator_light.html,2026-10-06
2022-03-21,28922.599648,https://charts-cdn.checkonchain.com/btconchain/realised/lthsopr_indicator/lthsopr_indicator_light.html,2026-10-06
2022-03-22,28942.986744,https://charts-cdn.checkonchain.com/btconchain/realised/lthsopr_indicator/lthsopr_indicator_light.html,2026-10-06
2022-03-23,29145.650518,https://charts-cdn.checkonchain.com/btconchain/realised/lthsopr_indicator/lthsopr_indicator_light.html,2026-10-06
2022-03-24,29180.582566,https://charts-cdn.checkonchain.com/btconchain/realised/lthsopr_indicator/lthsopr_indicator_light.html,2026-10-06
2022-03-25,29253.309253,https://charts-cdn.checkonchain.com/btconchain/realised/lthsopr_indicator/lthsopr_indicator_light.html,2026-10-06
2022-03-26,29308.815888,https://charts-cdn.checkonchain.com/btconchain/realised/lthsopr_indicator/lthsopr_indicator_light.html,2026-10-06
2022-03-27,29346.895962,https://charts-cdn.checkonchain.com/btconchain/realised/lthsopr_indicator/lthsopr_indicator_light.html,2026-10-06
2022-03-28,29401.133046,https://charts-cdn.checkonchain.com/btconchain/realised/lthsopr_indicator/lthsopr_indicator_light.html,2026-10-06
2022-03-29,29434.053535,https://charts-cdn.checkonchain.com/btconchain/realised/lthsopr_indicator/lthsopr_indicator_light.html,2026-10-06
2022-03-30,29505.191442,https://charts-cdn.checkonchain.com/btconchain/realised/lthsopr_indicator/lthsopr_indicator_light.html,2026-10-06
2022-03-31,29552.785391,https://charts-cdn.checkonchain.com/btconchain/realised/lthsopr_indicator/lthsopr_indicator_light.html,2026-10-06
2022-04-01,29584.774957,https://charts-cdn.checkonchain.com/btconchain/realised/lthsopr_indicator/lthsopr_indicator_light.html,2026-10-06
2022-04-02,29812.394732,https://charts-cdn.checkonchain.com/btconchain/realised/lthsopr_indicator/lthsopr_indicator_light.html,2026-10-06
2022-04-03,29856.801768,https://charts-cdn.checkonchain.com/btconchain/realised/lthsopr_indicator/lthsopr_indicator_light.html,2026-10-06
2022-04-04,29890.092555,https://charts-cdn.checkonchain.com/btconchain/realised/lthsopr_indicator/lthsopr_indicator_light.html,2026-10-06
2022-04-05,29910.400183,https://charts-cdn.checkonchain.com/btconchain/realised/lthsopr_indicator/lthsopr_indicator_light.html,2026-10-06
2022-04-06,29922.854778,https://charts-cdn.checkonchain.com/btconchain/realised/lthsopr_indicator/lthsopr_indicator_light.html,2026-10-06
2022-04-07,30046.338972,https://charts-cdn.checkonchain.com/btconchain/realised/lthsopr_indicator/lthsopr_indicator_light.html,2026-10-06
2022-04-08,30131.101974,https://charts-cdn.checkonchain.com/btconchain/realised/lthsopr_indicator/lthsopr_indicator_light.html,2026-10-06
2022-04-09,30203.999913,https://charts-cdn.checkonchain.com/btconchain/realised/lthsopr_indicator/lthsopr_indicator_light.html,2026-10-06
2022-04-10,30256.807012,https://charts-cdn.checkonchain.com/btconchain/realised/lthsopr_indicator/lthsopr_indicator_light.html,2026-10-06
2022-04-11,31174.493123,https://charts-cdn.checkonchain.com/btconchain/realised/lthsopr_indicator/lthsopr_indicator_light.html,2026-10-06
2022-04-12,31186.043239,https://charts-cdn.checkonchain.com/btconchain/realised/lthsopr_indicator/lthsopr_indicator_light.html,2026-10-06
2022-04-13,31195.064282,https://charts-cdn.checkonchain.com/btconchain/realised/lthsopr_indicator/lthsopr_indicator_light.html,2026-10-06
2022-04-14,31295.717162,https://charts-cdn.checkonchain.com/btconchain/realised/lthsopr_indicator/lthsopr_indicator_light.html,2026-10-06
2022-04-15,31380.975135,https://charts-cdn.checkonchain.com/btconchain/realised/lthsopr_indicator/lthsopr_indicator_light.html,2026-10-06
2022-04-16,31434.721584,https://charts-cdn.checkonchain.com/btconchain/realised/lthsopr_indicator/lthsopr_indicator_light.html,2026-10-06
2022-04-17,31572.620721,https://charts-cdn.checkonchain.com/btconchain/realised/lthsopr_indicator/lthsopr_indicator_light.html,2026-10-06
2022-04-18,31618.232859,https://charts-cdn.checkonchain.com/btconchain/realised/lthsopr_indicator/lthsopr_indicator_light.html,2026-10-06
2022-04-19,31630.210907,https://charts-cdn.checkonchain.com/btconchain/realised/lthsopr_indicator/lthsopr_indicator_light.html,2026-10-06
2022-04-20,31652.013418,https://charts-cdn.checkonchain.com/btconchain/realised/lthsopr_indicator/lthsopr_indicator_light.html,2026-10-06
2022-04-21,31675.744460,https://charts-cdn.checkonchain.com/btconchain/realised/lthsopr_indicator/lthsopr_indicator_light.html,2026-10-06
2022-04-22,31661.404257,https://charts-cdn.checkonchain.com/btconchain/realised/lthsopr_indicator/lthsopr_indicator_light.html,2026-10-06
2022-04-23,31727.183762,https://charts-cdn.checkonchain.com/btconchain/realised/lthsopr_indicator/lthsopr_indicator_light.html,2026-10-06
2022-04-24,31944.608988,https://charts-cdn.checkonchain.com/btconchain/realised/lthsopr_indicator/lthsopr_indicator_light.html,2026-10-06
2022-04-25,31986.284982,https://charts-cdn.checkonchain.com/btconchain/realised/lthsopr_indicator/lthsopr_indicator_light.html,2026-10-06
2022-04-26,31981.422538,https://charts-cdn.checkonchain.com/btconchain/realised/lthsopr_indicator/lthsopr_indicator_light.html,2026-10-06
2022-04-27,32023.034670,https://charts-cdn.checkonchain.com/btconchain/realised/lthsopr_indicator/lthsopr_indicator_light.html,2026-10-06
2022-04-28,32056.867743,https://charts-cdn.checkonchain.com/btconchain/realised/lthsopr_indicator/lthsopr_indicator_light.html,2026-10-06
2022-04-29,32143.068868,https://charts-cdn.checkonchain.com/btconchain/realised/lthsopr_indicator/lthsopr_indicator_light.html,2026-10-06
2022-04-30,32232.456142,https://charts-cdn.checkonchain.com/btconchain/realised/lthsopr_indicator/lthsopr_indicator_light.html,2026-10-06
2022-05-01,32295.376272,https://charts-cdn.checkonchain.com/btconchain/realised/lthsopr_indicator/lthsopr_indicator_light.html,2026-10-06
2022-05-02,32237.178662,https://charts-cdn.checkonchain.com/btconchain/realised/lthsopr_indicator/lthsopr_indicator_light.html,2026-10-06
2022-05-03,32213.186382,https://charts-cdn.checkonchain.com/btconchain/realised/lthsopr_indicator/lthsopr_indicator_light.html,2026-10-06
2022-05-04,32228.557761,https://charts-cdn.checkonchain.com/btconchain/realised/lthsopr_indicator/lthsopr_indicator_light.html,2026-10-06
2022-05-05,32277.910661,https://charts-cdn.checkonchain.com/btconchain/realised/lthsopr_indicator/lthsopr_indicator_light.html,2026-10-06
2022-05-06,32338.611042,https://charts-cdn.checkonchain.com/btconchain/realised/lthsopr_indicator/lthsopr_indicator_light.html,2026-10-06
2022-05-07,32385.171559,https://charts-cdn.checkonchain.com/btconchain/realised/lthsopr_indicator/lthsopr_indicator_light.html,2026-10-06
2022-05-08,32433.917948,https://charts-cdn.checkonchain.com/btconchain/realised/lthsopr_indicator/lthsopr_indicator_light.html,2026-10-06
2022-05-09,32437.154848,https://charts-cdn.checkonchain.com/btconchain/realised/lthsopr_indicator/lthsopr_indicator_light.html,2026-10-06
2022-05-10,32447.933421,https://charts-cdn.checkonchain.com/btconchain/realised/lthsopr_indicator/lthsopr_indicator_light.html,2026-10-06
2022-05-11,32383.584522,https://charts-cdn.checkonchain.com/btconchain/realised/lthsopr_indicator/lthsopr_indicator_light.html,2026-10-06
2022-05-12,32366.789896,https://charts-cdn.checkonchain.com/btconchain/realised/lthsopr_indicator/lthsopr_indicator_light.html,2026-10-06
2022-05-13,32361.949154,https://charts-cdn.checkonchain.com/btconchain/realised/lthsopr_indicator/lthsopr_indicator_light.html,2026-10-06
2022-05-14,32412.994566,https://charts-cdn.checkonchain.com/btconchain/realised/lthsopr_indicator/lthsopr_indicator_light.html,2026-10-06
2022-05-15,32439.504829,https://charts-cdn.checkonchain.com/btconchain/realised/lthsopr_indicator/lthsopr_indicator_light.html,2026-10-06
2022-05-16,32450.417209,https://charts-cdn.checkonchain.com/btconchain/realised/lthsopr_indicator/lthsopr_indicator_light.html,2026-10-06
2022-05-17,32435.100088,https://charts-cdn.checkonchain.com/btconchain/realised/lthsopr_indicator/lthsopr_indicator_light.html,2026-10-06
2022-05-18,32438.673453,https://charts-cdn.checkonchain.com/btconchain/realised/lthsopr_indicator/lthsopr_indicator_light.html,2026-10-06
2022-05-19,32376.536269,https://charts-cdn.checkonchain.com/btconchain/realised/lthsopr_indicator/lthsopr_indicator_light.html,2026-10-06
2022-05-20,32401.061978,https://charts-cdn.checkonchain.com/btconchain/realised/lthsopr_indicator/lthsopr_indicator_light.html,2026-10-06
2022-05-21,32492.414642,https://charts-cdn.checkonchain.com/btconchain/realised/lthsopr_indicator/lthsopr_indicator_light.html,2026-10-06
2022-05-22,32603.720546,https://charts-cdn.checkonchain.com/btconchain/realised/lthsopr_indicator/lthsopr_indicator_light.html,2026-10-06
2022-05-23,32597.028536,https://charts-cdn.checkonchain.com/btconchain/realised/lthsopr_indicator/lthsopr_indicator_light.html,2026-10-06
2022-05-24,32615.232206,https://charts-cdn.checkonchain.com/btconchain/realised/lthsopr_indicator/lthsopr_indicator_light.html,2026-10-06
2022-05-25,32621.994688,https://charts-cdn.checkonchain.com/btconchain/realised/lthsopr_indicator/lthsopr_indicator_light.html,2026-10-06
2022-05-26,32655.090916,https://charts-cdn.checkonchain.com/btconchain/realised/lthsopr_indicator/lthsopr_indicator_light.html,2026-10-06
2022-05-27,32669.076568,https://charts-cdn.checkonchain.com/btconchain/realised/lthsopr_indicator/lthsopr_indicator_light.html,2026-10-06
2022-05-28,32735.474468,https://charts-cdn.checkonchain.com/btconchain/realised/lthsopr_indicator/lthsopr_indicator_light.html,2026-10-06
2022-05-29,32801.421030,https://charts-cdn.checkonchain.com/btconchain/realised/lthsopr_indicator/lthsopr_indicator_light.html,2026-10-06
2022-05-30,32877.314881,https://charts-cdn.checkonchain.com/btconchain/realised/lthsopr_indicator/lthsopr_indicator_light.html,2026-10-06
2022-05-31,32883.084087,https://charts-cdn.checkonchain.com/btconchain/realised/lthsopr_indicator/lthsopr_indicator_light.html,2026-10-06
2022-06-01,32862.291138,https://charts-cdn.checkonchain.com/btconchain/realised/lthsopr_indicator/lthsopr_indicator_light.html,2026-10-06
2022-06-02,32715.146833,https://charts-cdn.checkonchain.com/btconchain/realised/lthsopr_indicator/lthsopr_indicator_light.html,2026-10-06
2022-06-03,32839.955914,https://charts-cdn.checkonchain.com/btconchain/realised/lthsopr_indicator/lthsopr_indicator_light.html,2026-10-06
2022-06-04,32843.478659,https://charts-cdn.checkonchain.com/btconchain/realised/lthsopr_indicator/lthsopr_indicator_light.html,2026-10-06
2022-06-05,32884.104457,https://charts-cdn.checkonchain.com/btconchain/realised/lthsopr_indicator/lthsopr_indicator_light.html,2026-10-06
2022-06-06,32906.079116,https://charts-cdn.checkonchain.com/btconchain/realised/lthsopr_indicator/lthsopr_indicator_light.html,2026-10-06
2022-06-07,32810.068117,https://charts-cdn.checkonchain.com/btconchain/realised/lthsopr_indicator/lthsopr_indicator_light.html,2026-10-06
2022-06-08,32822.800198,https://charts-cdn.checkonchain.com/btconchain/realised/lthsopr_indicator/lthsopr_indicator_light.html,2026-10-06
2022-06-09,32763.296001,https://charts-cdn.checkonchain.com/btconchain/realised/lthsopr_indicator/lthsopr_indicator_light.html,2026-10-06
2022-06-10,32755.195324,https://charts-cdn.checkonchain.com/btconchain/realised/lthsopr_indicator/lthsopr_indicator_light.html,2026-10-06
2022-06-11,32738.192578,https://charts-cdn.checkonchain.com/btconchain/realised/lthsopr_indicator/lthsopr_indicator_light.html,2026-10-06
2022-06-12,32745.817448,https://charts-cdn.checkonchain.com/btconchain/realised/lthsopr_indicator/lthsopr_indicator_light.html,2026-10-06
2022-06-13,32683.900533,https://charts-cdn.checkonchain.com/btconchain/realised/lthsopr_indicator/lthsopr_indicator_light.html,2026-10-06
2022-06-14,32606.101802,https://charts-cdn.checkonchain.com/btconchain/realised/lthsopr_indicator/lthsopr_indicator_light.html,2026-10-06
2022-06-15,32468.369630,https://charts-cdn.checkonchain.com/btconchain/realised/lthsopr_indicator/lthsopr_indicator_light.html,2026-10-06
2022-06-16,32456.269318,https://charts-cdn.checkonchain.com/btconchain/realised/lthsopr_indicator/lthsopr_indicator_light.html,2026-10-06
2022-06-17,32352.159992,https://charts-cdn.checkonchain.com/btconchain/realised/lthsopr_indicator/lthsopr_indicator_light.html,2026-10-06
2022-06-18,32335.535895,https://charts-cdn.checkonchain.com/btconchain/realised/lthsopr_indicator/lthsopr_indicator_light.html,2026-10-06
2022-06-19,32345.424462,https://charts-cdn.checkonchain.com/btconchain/realised/lthsopr_indicator/lthsopr_indicator_light.html,2026-10-06
2022-06-20,32386.252984,https://charts-cdn.checkonchain.com/btconchain/realised/lthsopr_indicator/lthsopr_indicator_light.html,2026-10-06
2022-06-21,32361.151721,https://charts-cdn.checkonchain.com/btconchain/realised/lthsopr_indicator/lthsopr_indicator_light.html,2026-10-06
2022-06-22,32361.433797,https://charts-cdn.checkonchain.com/btconchain/realised/lthsopr_indicator/lthsopr_indicator_light.html,2026-10-06
2022-06-23,32374.036416,https://charts-cdn.checkonchain.com/btconchain/realised/lthsopr_indicator/lthsopr_indicator_light.html,2026-10-06
2022-06-24,32380.467286,https://charts-cdn.checkonchain.com/btconchain/realised/lthsopr_indicator/lthsopr_indicator_light.html,2026-10-06
2022-06-25,32405.290461,https://charts-cdn.checkonchain.com/btconchain/realised/lthsopr_indicator/lthsopr_indicator_light.html,2026-10-06
2022-06-26,32441.445428,https://charts-cdn.checkonchain.com/btconchain/realised/lthsopr_indicator/lthsopr_indicator_light.html,2026-10-06
2022-06-27,32437.692883,https://charts-cdn.checkonchain.com/btconchain/realised/lthsopr_indicator/lthsopr_indicator_light.html,2026-10-06
2022-06-28,32448.464339,https://charts-cdn.checkonchain.com/btconchain/realised/lthsopr_indicator/lthsopr_indicator_light.html,2026-10-06
2022-06-29,32457.865605,https://charts-cdn.checkonchain.com/btconchain/realised/lthsopr_indicator/lthsopr_indicator_light.html,2026-10-06
2022-06-30,32410.190628,https://charts-cdn.checkonchain.com/btconchain/realised/lthsopr_indicator/lthsopr_indicator_light.html,2026-10-06
2022-07-01,32594.806763,https://charts-cdn.checkonchain.com/btconchain/realised/lthsopr_indicator/lthsopr_indicator_light.html,2026-10-06
2022-07-02,32605.335099,https://charts-cdn.checkonchain.com/btconchain/realised/lthsopr_indicator/lthsopr_indicator_light.html,2026-10-06
2022-07-03,32611.428171,https://charts-cdn.checkonchain.com/btconchain/realised/lthsopr_indicator/lthsopr_indicator_light.html,2026-10-06
2022-07-04,32627.811638,https://charts-cdn.checkonchain.com/btconchain/realised/lthsopr_indicator/lthsopr_indicator_light.html,2026-10-06
2022-07-05,32651.410814,https://charts-cdn.checkonchain.com/btconchain/realised/lthsopr_indicator/lthsopr_indicator_light.html,2026-10-06
2022-07-06,32635.342171,https://charts-cdn.checkonchain.com/btconchain/realised/lthsopr_indicator/lthsopr_indicator_light.html,2026-10-06
2022-07-07,32660.284660,https://charts-cdn.checkonchain.com/btconchain/realised/lthsopr_indicator/lthsopr_indicator_light.html,2026-10-06
2022-07-08,32705.292029,https://charts-cdn.checkonchain.com/btconchain/realised/lthsopr_indicator/lthsopr_indicator_light.html,2026-10-06
2022-07-09,32727.245184,https://charts-cdn.checkonchain.com/btconchain/realised/lthsopr_indicator/lthsopr_indicator_light.html,2026-10-06
2022-07-10,32753.860573,https://charts-cdn.checkonchain.com/btconchain/realised/lthsopr_indicator/lthsopr_indicator_light.html,2026-10-06
2022-07-11,32673.673443,https://charts-cdn.checkonchain.com/btconchain/realised/lthsopr_indicator/lthsopr_indicator_light.html,2026-10-06
2022-07-12,32682.877425,https://charts-cdn.checkonchain.com/btconchain/realised/lthsopr_indicator/lthsopr_indicator_light.html,2026-10-06
2022-07-13,32702.366184,https://charts-cdn.checkonchain.com/btconchain/realised/lthsopr_indicator/lthsopr_indicator_light.html,2026-10-06
2022-07-14,32686.923101,https://charts-cdn.checkonchain.com/btconchain/realised/lthsopr_indicator/lthsopr_indicator_light.html,2026-10-06
2022-07-15,32591.291407,https://charts-cdn.checkonchain.com/btconchain/realised/lthsopr_indicator/lthsopr_indicator_light.html,2026-10-06
2022-07-16,32618.201453,https://charts-cdn.checkonchain.com/btconchain/realised/lthsopr_indicator/lthsopr_indicator_light.html,2026-10-06
2022-07-17,32640.616684,https://charts-cdn.checkonchain.com/btconchain/realised/lthsopr_indicator/lthsopr_indicator_light.html,2026-10-06
2022-07-18,32650.808285,https://charts-cdn.checkonchain.com/btconchain/realised/lthsopr_indicator/lthsopr_indicator_light.html,2026-10-06
2022-07-19,32550.955980,https://charts-cdn.checkonchain.com/btconchain/realised/lthsopr_indicator/lthsopr_indicator_light.html,2026-10-06
2022-07-20,32560.574316,https://charts-cdn.checkonchain.com/btconchain/realised/lthsopr_indicator/lthsopr_indicator_light.html,2026-10-06
2022-07-21,32480.438031,https://charts-cdn.checkonchain.com/btconchain/realised/lthsopr_indicator/lthsopr_indicator_light.html,2026-10-06
2022-07-22,32397.983044,https://charts-cdn.checkonchain.com/btconchain/realised/lthsopr_indicator/lthsopr_indicator_light.html,2026-10-06
2022-07-23,32400.142045,https://charts-cdn.checkonchain.com/btconchain/realised/lthsopr_indicator/lthsopr_indicator_light.html,2026-10-06
2022-07-24,32417.212609,https://charts-cdn.checkonchain.com/btconchain/realised/lthsopr_indicator/lthsopr_indicator_light.html,2026-10-06
2022-07-25,32416.525527,https://charts-cdn.checkonchain.com/btconchain/realised/lthsopr_indicator/lthsopr_indicator_light.html,2026-10-06
2022-07-26,32431.279265,https://charts-cdn.checkonchain.com/btconchain/realised/lthsopr_indicator/lthsopr_indicator_light.html,2026-10-06
2022-07-27,32451.793928,https://charts-cdn.checkonchain.com/btconchain/realised/lthsopr_indicator/lthsopr_indicator_light.html,2026-10-06
2022-07-28,33001.318984,https://charts-cdn.checkonchain.com/btconchain/realised/lthsopr_indicator/lthsopr_indicator_light.html,2026-10-06
2022-07-29,33025.067927,https://charts-cdn.checkonchain.com/btconchain/realised/lthsopr_indicator/lthsopr_indicator_light.html,2026-10-06
2022-07-30,33091.339856,https://charts-cdn.checkonchain.com/btconchain/realised/lthsopr_indicator/lthsopr_indicator_light.html,2026-10-06
2022-07-31,33141.238019,https://charts-cdn.checkonchain.com/btconchain/realised/lthsopr_indicator/lthsopr_indicator_light.html,2026-10-06
2022-08-01,33167.555279,https://charts-cdn.checkonchain.com/btconchain/realised/lthsopr_indicator/lthsopr_indicator_light.html,2026-10-06
2022-08-02,33168.330842,https://charts-cdn.checkonchain.com/btconchain/realised/lthsopr_indicator/lthsopr_indicator_light.html,2026-10-06
2022-08-03,33177.820674,https://charts-cdn.checkonchain.com/btconchain/realised/lthsopr_indicator/lthsopr_indicator_light.html,2026-10-06
2022-08-04,33183.660667,https://charts-cdn.checkonchain.com/btconchain/realised/lthsopr_indicator/lthsopr_indicator_light.html,2026-10-06
2022-08-05,33195.352192,https://charts-cdn.checkonchain.com/btconchain/realised/lthsopr_indicator/lthsopr_indicator_light.html,2026-10-06
2022-08-06,33233.291690,https://charts-cdn.checkonchain.com/btconchain/realised/lthsopr_indicator/lthsopr_indicator_light.html,2026-10-06
2022-08-07,33256.729209,https://charts-cdn.checkonchain.com/btconchain/realised/lthsopr_indicator/lthsopr_indicator_light.html,2026-10-06
2022-08-08,33286.882222,https://charts-cdn.checkonchain.com/btconchain/realised/lthsopr_indicator/lthsopr_indicator_light.html,2026-10-06
2022-08-09,33244.757410,https://charts-cdn.checkonchain.com/btconchain/realised/lthsopr_indicator/lthsopr_indicator_light.html,2026-10-06
2022-08-10,33259.658937,https://charts-cdn.checkonchain.com/btconchain/realised/lthsopr_indicator/lthsopr_indicator_light.html,2026-10-06
2022-08-11,33264.546928,https://charts-cdn.checkonchain.com/btconchain/realised/lthsopr_indicator/lthsopr_indicator_light.html,2026-10-06
2022-08-12,33284.911213,https://charts-cdn.checkonchain.com/btconchain/realised/lthsopr_indicator/lthsopr_indicator_light.html,2026-10-06
2022-08-13,33316.303836,https://charts-cdn.checkonchain.com/btconchain/realised/lthsopr_indicator/lthsopr_indicator_light.html,2026-10-06
2022-08-14,33332.643980,https://charts-cdn.checkonchain.com/btconchain/realised/lthsopr_indicator/lthsopr_indicator_light.html,2026-10-06
2022-08-15,33413.771225,https://charts-cdn.checkonchain.com/btconchain/realised/lthsopr_indicator/lthsopr_indicator_light.html,2026-10-06
2022-08-16,33428.781426,https://charts-cdn.checkonchain.com/btconchain/realised/lthsopr_indicator/lthsopr_indicator_light.html,2026-10-06
2022-08-17,33420.450028,https://charts-cdn.checkonchain.com/btconchain/realised/lthsopr_indicator/lthsopr_indicator_light.html,2026-10-06
2022-08-18,33466.756929,https://charts-cdn.checkonchain.com/btconchain/realised/lthsopr_indicator/lthsopr_indicator_light.html,2026-10-06
2022-08-19,33476.215476,https://charts-cdn.checkonchain.com/btconchain/realised/lthsopr_indicator/lthsopr_indicator_light.html,2026-10-06
2022-08-20,33502.871239,https://charts-cdn.checkonchain.com/btconchain/realised/lthsopr_indicator/lthsopr_indicator_light.html,2026-10-06
2022-08-21,33528.853794,https://charts-cdn.checkonchain.com/btconchain/realised/lthsopr_indicator/lthsopr_indicator_light.html,2026-10-06
2022-08-22,33694.458507,https://charts-cdn.checkonchain.com/btconchain/realised/lthsopr_indicator/lthsopr_indicator_light.html,2026-10-06
2022-08-23,33711.199991,https://charts-cdn.checkonchain.com/btconchain/realised/lthsopr_indicator/lthsopr_indicator_light.html,2026-10-06
2022-08-24,33730.458196,https://charts-cdn.checkonchain.com/btconchain/realised/lthsopr_indicator/lthsopr_indicator_light.html,2026-10-06
2022-08-25,33786.314315,https://charts-cdn.checkonchain.com/btconchain/realised/lthsopr_indicator/lthsopr_indicator_light.html,2026-10-06
2022-08-26,33813.071270,https://charts-cdn.checkonchain.com/btconchain/realised/lthsopr_indicator/lthsopr_indicator_light.html,2026-10-06
2022-08-27,33838.654818,https://charts-cdn.checkonchain.com/btconchain/realised/lthsopr_indicator/lthsopr_indicator_light.html,2026-10-06
2022-08-28,33891.270866,https://charts-cdn.checkonchain.com/btconchain/realised/lthsopr_indicator/lthsopr_indicator_light.html,2026-10-06
2022-08-29,33918.298089,https://charts-cdn.checkonchain.com/btconchain/realised/lthsopr_indicator/lthsopr_indicator_light.html,2026-10-06
2022-08-30,33913.634848,https://charts-cdn.checkonchain.com/btconchain/realised/lthsopr_indicator/lthsopr_indicator_light.html,2026-10-06
2022-08-31,33935.288071,https://charts-cdn.checkonchain.com/btconchain/realised/lthsopr_indicator/lthsopr_indicator_light.html,2026-10-06
2022-09-01,33959.213949,https://charts-cdn.checkonchain.com/btconchain/realised/lthsopr_indicator/lthsopr_indicator_light.html,2026-10-06
2022-09-02,34008.675224,https://charts-cdn.checkonchain.com/btconchain/realised/lthsopr_indicator/lthsopr_indicator_light.html,2026-10-06
2022-09-03,34045.651747,https://charts-cdn.checkonchain.com/btconchain/realised/lthsopr_indicator/lthsopr_indicator_light.html,2026-10-06
2022-09-04,34069.612388,https://charts-cdn.checkonchain.com/btconchain/realised/lthsopr_indicator/lthsopr_indicator_light.html,2026-10-06
2022-09-05,34090.350980,https://charts-cdn.checkonchain.com/btconchain/realised/lthsopr_indicator/lthsopr_indicator_light.html,2026-10-06
2022-09-06,34085.211789,https://charts-cdn.checkonchain.com/btconchain/realised/lthsopr_indicator/lthsopr_indicator_light.html,2026-10-06
2022-09-07,34093.743888,https://charts-cdn.checkonchain.com/btconchain/realised/lthsopr_indicator/lthsopr_indicator_light.html,2026-10-06
2022-09-08,34098.956482,https://charts-cdn.checkonchain.com/btconchain/realised/lthsopr_indicator/lthsopr_indicator_light.html,2026-10-06
2022-09-09,34115.115369,https://charts-cdn.checkonchain.com/btconchain/realised/lthsopr_indicator/lthsopr_indicator_light.html,2026-10-06
2022-09-10,34148.856950,https://charts-cdn.checkonchain.com/btconchain/realised/lthsopr_indicator/lthsopr_indicator_light.html,2026-10-06
2022-09-11,34180.869707,https://charts-cdn.checkonchain.com/btconchain/realised/lthsopr_indicator/lthsopr_indicator_light.html,2026-10-06
2022-09-12,34187.740760,https://charts-cdn.checkonchain.com/btconchain/realised/lthsopr_indicator/lthsopr_indicator_light.html,2026-10-06
2022-09-13,34141.644221,https://charts-cdn.checkonchain.com/btconchain/realised/lthsopr_indicator/lthsopr_indicator_light.html,2026-10-06
2022-09-14,34124.273723,https://charts-cdn.checkonchain.com/btconchain/realised/lthsopr_indicator/lthsopr_indicator_light.html,2026-10-06
2022-09-15,34112.532029,https://charts-cdn.checkonchain.com/btconchain/realised/lthsopr_indicator/lthsopr_indicator_light.html,2026-10-06
2022-09-16,34136.906710,https://charts-cdn.checkonchain.com/btconchain/realised/lthsopr_indicator/lthsopr_indicator_light.html,2026-10-06
2022-09-17,34171.063343,https://charts-cdn.checkonchain.com/btconchain/realised/lthsopr_indicator/lthsopr_indicator_light.html,2026-10-06
2022-09-18,34275.601688,https://charts-cdn.checkonchain.com/btconchain/realised/lthsopr_indicator/lthsopr_indicator_light.html,2026-10-06
2022-09-19,34299.987019,https://charts-cdn.checkonchain.com/btconchain/realised/lthsopr_indicator/lthsopr_indicator_light.html,2026-10-06
2022-09-20,34374.676311,https://charts-cdn.checkonchain.com/btconchain/realised/lthsopr_indicator/lthsopr_indicator_light.html,2026-10-06
2022-09-21,34377.929987,https://charts-cdn.checkonchain.com/btconchain/realised/lthsopr_indicator/lthsopr_indicator_light.html,2026-10-06
2022-09-22,34393.751997,https://charts-cdn.checkonchain.com/btconchain/realised/lthsopr_indicator/lthsopr_indicator_light.html,2026-10-06
2022-09-23,34409.826928,https://charts-cdn.checkonchain.com/btconchain/realised/lthsopr_indicator/lthsopr_indicator_light.html,2026-10-06
2022-09-24,34431.358814,https://charts-cdn.checkonchain.com/btconchain/realised/lthsopr_indicator/lthsopr_indicator_light.html,2026-10-06
2022-09-25,34453.491171,https://charts-cdn.checkonchain.com/btconchain/realised/lthsopr_indicator/lthsopr_indicator_light.html,2026-10-06
2022-09-26,34474.471037,https://charts-cdn.checkonchain.com/btconchain/realised/lthsopr_indicator/lthsopr_indicator_light.html,2026-10-06
2022-09-27,34482.255400,https://charts-cdn.checkonchain.com/btconchain/realised/lthsopr_indicator/lthsopr_indicator_light.html,2026-10-06
2022-09-28,34476.481718,https://charts-cdn.checkonchain.com/btconchain/realised/lthsopr_indicator/lthsopr_indicator_light.html,2026-10-06
2022-09-29,34491.457571,https://charts-cdn.checkonchain.com/btconchain/realised/lthsopr_indicator/lthsopr_indicator_light.html,2026-10-06
2022-09-30,34493.697692,https://charts-cdn.checkonchain.com/btconchain/realised/lthsopr_indicator/lthsopr_indicator_light.html,2026-10-06
2022-10-01,34525.387138,https://charts-cdn.checkonchain.com/btconchain/realised/lthsopr_indicator/lthsopr_indicator_light.html,2026-10-06
2022-10-02,34550.676774,https://charts-cdn.checkonchain.com/btconchain/realised/lthsopr_indicator/lthsopr_indicator_light.html,2026-10-06
2022-10-03,34561.494008,https://charts-cdn.checkonchain.com/btconchain/realised/lthsopr_indicator/lthsopr_indicator_light.html,2026-10-06
2022-10-04,34566.032842,https://charts-cdn.checkonchain.com/btconchain/realised/lthsopr_indicator/lthsopr_indicator_light.html,2026-10-06
2022-10-05,34569.126366,https://charts-cdn.checkonchain.com/btconchain/realised/lthsopr_indicator/lthsopr_indicator_light.html,2026-10-06
2022-10-06,34594.372782,https://charts-cdn.checkonchain.com/btconchain/realised/lthsopr_indicator/lthsopr_indicator_light.html,2026-10-06
2022-10-07,34620.515417,https://charts-cdn.checkonchain.com/btconchain/realised/lthsopr_indicator/lthsopr_indicator_light.html,2026-10-06
2022-10-08,34633.145857,https://charts-cdn.checkonchain.com/btconchain/realised/lthsopr_indicator/lthsopr_indicator_light.html,2026-10-06
2022-10-09,34665.287435,https://charts-cdn.checkonchain.com/btconchain/realised/lthsopr_indicator/lthsopr_indicator_light.html,2026-10-06
2022-10-10,34716.261178,https://charts-cdn.checkonchain.com/btconchain/realised/lthsopr_indicator/lthsopr_indicator_light.html,2026-10-06
2022-10-11,34736.404857,https://charts-cdn.checkonchain.com/btconchain/realised/lthsopr_indicator/lthsopr_indicator_light.html,2026-10-06
2022-10-12,34717.250068,https://charts-cdn.checkonchain.com/btconchain/realised/lthsopr_indicator/lthsopr_indicator_light.html,2026-10-06
2022-10-13,34731.797339,https://charts-cdn.checkonchain.com/btconchain/realised/lthsopr_indicator/lthsopr_indicator_light.html,2026-10-06
2022-10-14,34747.102715,https://charts-cdn.checkonchain.com/btconchain/realised/lthsopr_indicator/lthsopr_indicator_light.html,2026-10-06
2022-10-15,34763.455595,https://charts-cdn.checkonchain.com/btconchain/realised/lthsopr_indicator/lthsopr_indicator_light.html,2026-10-06
2022-10-16,34782.365272,https://charts-cdn.checkonchain.com/btconchain/realised/lthsopr_indicator/lthsopr_indicator_light.html,2026-10-06
2022-10-17,34749.654667,https://charts-cdn.checkonchain.com/btconchain/realised/lthsopr_indicator/lthsopr_indicator_light.html,2026-10-06
2022-10-18,34759.227625,https://charts-cdn.checkonchain.com/btconchain/realised/lthsopr_indicator/lthsopr_indicator_light.html,2026-10-06
2022-10-19,34758.348850,https://charts-cdn.checkonchain.com/btconchain/realised/lthsopr_indicator/lthsopr_indicator_light.html,2026-10-06
2022-10-20,34770.230675,https://charts-cdn.checkonchain.com/btconchain/realised/lthsopr_indicator/lthsopr_indicator_light.html,2026-10-06
2022-10-21,34777.620542,https://charts-cdn.checkonchain.com/btconchain/realised/lthsopr_indicator/lthsopr_indicator_light.html,2026-10-06
2022-10-22,34760.468998,https://charts-cdn.checkonchain.com/btconchain/realised/lthsopr_indicator/lthsopr_indicator_light.html,2026-10-06
2022-10-23,34775.710031,https://charts-cdn.checkonchain.com/btconchain/realised/lthsopr_indicator/lthsopr_indicator_light.html,2026-10-06
2022-10-24,34788.671579,https://charts-cdn.checkonchain.com/btconchain/realised/lthsopr_indicator/lthsopr_indicator_light.html,2026-10-06
2022-10-25,34794.318709,https://charts-cdn.checkonchain.com/btconchain/realised/lthsopr_indicator/lthsopr_indicator_light.html,2026-10-06
2022-10-26,34777.902318,https://charts-cdn.checkonchain.com/btconchain/realised/lthsopr_indicator/lthsopr_indicator_light.html,2026-10-06
2022-10-27,34790.033669,https://charts-cdn.checkonchain.com/btconchain/realised/lthsopr_indicator/lthsopr_indicator_light.html,2026-10-06
2022-10-28,34809.807968,https://charts-cdn.checkonchain.com/btconchain/realised/lthsopr_indicator/lthsopr_indicator_light.html,2026-10-06
2022-10-29,34823.467347,https://charts-cdn.checkonchain.com/btconchain/realised/lthsopr_indicator/lthsopr_indicator_light.html,2026-10-06
2022-10-30,34830.621186,https://charts-cdn.checkonchain.com/btconchain/realised/lthsopr_indicator/lthsopr_indicator_light.html,2026-10-06
2022-10-31,34848.659478,https://charts-cdn.checkonchain.com/btconchain/realised/lthsopr_indicator/lthsopr_indicator_light.html,2026-10-06
2022-11-01,34853.411524,https://charts-cdn.checkonchain.com/btconchain/realised/lthsopr_indicator/lthsopr_indicator_light.html,2026-10-06
2022-11-02,34851.172601,https://charts-cdn.checkonchain.com/btconchain/realised/lthsopr_indicator/lthsopr_indicator_light.html,2026-10-06
2022-11-03,34874.710600,https://charts-cdn.checkonchain.com/btconchain/realised/lthsopr_indicator/lthsopr_indicator_light.html,2026-10-06
2022-11-04,34893.642256,https://charts-cdn.checkonchain.com/btconchain/realised/lthsopr_indicator/lthsopr_indicator_light.html,2026-10-06
2022-11-05,34900.856475,https://charts-cdn.checkonchain.com/btconchain/realised/lthsopr_indicator/lthsopr_indicator_light.html,2026-10-06
2022-11-06,34904.701316,https://charts-cdn.checkonchain.com/btconchain/realised/lthsopr_indicator/lthsopr_indicator_light.html,2026-10-06
2022-11-07,34809.385262,https://charts-cdn.checkonchain.com/btconchain/realised/lthsopr_indicator/lthsopr_indicator_light.html,2026-10-06
2022-11-08,34790.977127,https://charts-cdn.checkonchain.com/btconchain/realised/lthsopr_indicator/lthsopr_indicator_light.html,2026-10-06
2022-11-09,34706.251677,https://charts-cdn.checkonchain.com/btconchain/realised/lthsopr_indicator/lthsopr_indicator_light.html,2026-10-06
2022-11-10,34675.004349,https://charts-cdn.checkonchain.com/btconchain/realised/lthsopr_indicator/lthsopr_indicator_light.html,2026-10-06
2022-11-11,34645.474260,https://charts-cdn.checkonchain.com/btconchain/realised/lthsopr_indicator/lthsopr_indicator_light.html,2026-10-06
2022-11-12,34568.969079,https://charts-cdn.checkonchain.com/btconchain/realised/lthsopr_indicator/lthsopr_indicator_light.html,2026-10-06
2022-11-13,34566.298554,https://charts-cdn.checkonchain.com/btconchain/realised/lthsopr_indicator/lthsopr_indicator_light.html,2026-10-06
2022-11-14,34533.319919,https://charts-cdn.checkonchain.com/btconchain/realised/lthsopr_indicator/lthsopr_indicator_light.html,2026-10-06
2022-11-15,34478.913527,https://charts-cdn.checkonchain.com/btconchain/realised/lthsopr_indicator/lthsopr_indicator_light.html,2026-10-06
2022-11-16,34416.804051,https://charts-cdn.checkonchain.com/btconchain/realised/lthsopr_indicator/lthsopr_indicator_light.html,2026-10-06
2022-11-17,34302.596704,https://charts-cdn.checkonchain.com/btconchain/realised/lthsopr_indicator/lthsopr_indicator_light.html,2026-10-06
2022-11-18,33865.391607,https://charts-cdn.checkonchain.com/btconchain/realised/lthsopr_indicator/lthsopr_indicator_light.html,2026-10-06
2022-11-19,33856.371956,https://charts-cdn.checkonchain.com/btconchain/realised/lthsopr_indicator/lthsopr_indicator_light.html,2026-10-06
2022-11-20,33843.132150,https://charts-cdn.checkonchain.com/btconchain/realised/lthsopr_indicator/lthsopr_indicator_light.html,2026-10-06
2022-11-21,33804.765058,https://charts-cdn.checkonchain.com/btconchain/realised/lthsopr_indicator/lthsopr_indicator_light.html,2026-10-06
2022-11-22,33773.249609,https://charts-cdn.checkonchain.com/btconchain/realised/lthsopr_indicator/lthsopr_indicator_light.html,2026-10-06
2022-11-23,33767.852469,https://charts-cdn.checkonchain.com/btconchain/realised/lthsopr_indicator/lthsopr_indicator_light.html,2026-10-06
2022-11-24,33759.043792,https://charts-cdn.checkonchain.com/btconchain/realised/lthsopr_indicator/lthsopr_indicator_light.html,2026-10-06
2022-11-25,33750.705160,https://charts-cdn.checkonchain.com/btconchain/realised/lthsopr_indicator/lthsopr_indicator_light.html,2026-10-06
2022-11-26,33733.056662,https://charts-cdn.checkonchain.com/btconchain/realised/lthsopr_indicator/lthsopr_indicator_light.html,2026-10-06
2022-11-27,33730.805722,https://charts-cdn.checkonchain.com/btconchain/realised/lthsopr_indicator/lthsopr_indicator_light.html,2026-10-06
2022-11-28,33700.595480,https://charts-cdn.checkonchain.com/btconchain/realised/lthsopr_indicator/lthsopr_indicator_light.html,2026-10-06
2022-11-29,33695.490700,https://charts-cdn.checkonchain.com/btconchain/realised/lthsopr_indicator/lthsopr_indicator_light.html,2026-10-06
2022-11-30,33675.731841,https://charts-cdn.checkonchain.com/btconchain/realised/lthsopr_indicator/lthsopr_indicator_light.html,2026-10-06
2022-12-01,33660.847997,https://charts-cdn.checkonchain.com/btconchain/realised/lthsopr_indicator/lthsopr_indicator_light.html,2026-10-06
2022-12-02,33639.709369,https://charts-cdn.checkonchain.com/btconchain/realised/lthsopr_indicator/lthsopr_indicator_light.html,2026-10-06
2022-12-03,33637.869825,https://charts-cdn.checkonchain.com/btconchain/realised/lthsopr_indicator/lthsopr_indicator_light.html,2026-10-06
2022-12-04,33623.971075,https://charts-cdn.checkonchain.com/btconchain/realised/lthsopr_indicator/lthsopr_indicator_light.html,2026-10-06
2022-12-05,33526.587811,https://charts-cdn.checkonchain.com/btconchain/realised/lthsopr_indicator/lthsopr_indicator_light.html,2026-10-06
2022-12-06,33497.325371,https://charts-cdn.checkonchain.com/btconchain/realised/lthsopr_indicator/lthsopr_indicator_light.html,2026-10-06
2022-12-07,33502.832151,https://charts-cdn.checkonchain.com/btconchain/realised/lthsopr_indicator/lthsopr_indicator_light.html,2026-10-06
2022-12-08,33492.746424,https://charts-cdn.checkonchain.com/btconchain/realised/lthsopr_indicator/lthsopr_indicator_light.html,2026-10-06
2022-12-09,33465.522563,https://charts-cdn.checkonchain.com/btconchain/realised/lthsopr_indicator/lthsopr_indicator_light.html,2026-10-06
2022-12-10,33471.868760,https://charts-cdn.checkonchain.com/btconchain/realised/lthsopr_indicator/lthsopr_indicator_light.html,2026-10-06
2022-12-11,33466.600671,https://charts-cdn.checkonchain.com/btconchain/realised/lthsopr_indicator/lthsopr_indicator_light.html,2026-10-06
2022-12-12,33463.972307,https://charts-cdn.checkonchain.com/btconchain/realised/lthsopr_indicator/lthsopr_indicator_light.html,2026-10-06
2022-12-13,33440.974973,https://charts-cdn.checkonchain.com/btconchain/realised/lthsopr_indicator/lthsopr_indicator_light.html,2026-10-06
2022-12-14,33403.868712,https://charts-cdn.checkonchain.com/btconchain/realised/lthsopr_indicator/lthsopr_indicator_light.html,2026-10-06
2022-12-15,33402.988785,https://charts-cdn.checkonchain.com/btconchain/realised/lthsopr_indicator/lthsopr_indicator_light.html,2026-10-06
2022-12-16,33412.252885,https://charts-cdn.checkonchain.com/btconchain/realised/lthsopr_indicator/lthsopr_indicator_light.html,2026-10-06
2022-12-17,33413.946989,https://charts-cdn.checkonchain.com/btconchain/realised/lthsopr_indicator/lthsopr_indicator_light.html,2026-10-06
2022-12-18,33440.088663,https://charts-cdn.checkonchain.com/btconchain/realised/lthsopr_indicator/lthsopr_indicator_light.html,2026-10-06
2022-12-19,33430.674743,https://charts-cdn.checkonchain.com/btconchain/realised/lthsopr_indicator/lthsopr_indicator_light.html,2026-10-06
2022-12-20,33429.427548,https://charts-cdn.checkonchain.com/btconchain/realised/lthsopr_indicator/lthsopr_indicator_light.html,2026-10-06
2022-12-21,33414.832599,https://charts-cdn.checkonchain.com/btconchain/realised/lthsopr_indicator/lthsopr_indicator_light.html,2026-10-06
2022-12-22,33411.079336,https://charts-cdn.checkonchain.com/btconchain/realised/lthsopr_indicator/lthsopr_indicator_light.html,2026-10-06
2022-12-23,33408.003355,https://charts-cdn.checkonchain.com/btconchain/realised/lthsopr_indicator/lthsopr_indicator_light.html,2026-10-06
2022-12-24,33405.990646,https://charts-cdn.checkonchain.com/btconchain/realised/lthsopr_indicator/lthsopr_indicator_light.html,2026-10-06
2022-12-25,33395.273815,https://charts-cdn.checkonchain.com/btconchain/realised/lthsopr_indicator/lthsopr_indicator_light.html,2026-10-06
2022-12-26,33402.387082,https://charts-cdn.checkonchain.com/btconchain/realised/lthsopr_indicator/lthsopr_indicator_light.html,2026-10-06
2022-12-27,33393.156912,https://charts-cdn.checkonchain.com/btconchain/realised/lthsopr_indicator/lthsopr_indicator_light.html,2026-10-06
2022-12-28,33358.190446,https://charts-cdn.checkonchain.com/btconchain/realised/lthsopr_indicator/lthsopr_indicator_light.html,2026-10-06
2022-12-29,33330.239366,https://charts-cdn.checkonchain.com/btconchain/realised/lthsopr_indicator/lthsopr_indicator_light.html,2026-10-06
2022-12-30,33329.126530,https://charts-cdn.checkonchain.com/btconchain/realised/lthsopr_indicator/lthsopr_indicator_light.html,2026-10-06
2022-12-31,33253.412999,https://charts-cdn.checkonchain.com/btconchain/realised/lthsopr_indicator/lthsopr_indicator_light.html,2026-10-06
2023-01-01,33260.240377,https://charts-cdn.checkonchain.com/btconchain/realised/lthsopr_indicator/lthsopr_indicator_light.html,2026-10-06
2023-01-02,33266.757405,https://charts-cdn.checkonchain.com/btconchain/realised/lthsopr_indicator/lthsopr_indicator_light.html,2026-10-06
2023-01-03,33259.859569,https://charts-cdn.checkonchain.com/btconchain/realised/lthsopr_indicator/lthsopr_indicator_light.html,2026-10-06
2023-01-04,33246.568582,https://charts-cdn.checkonchain.com/btconchain/realised/lthsopr_indicator/lthsopr_indicator_light.html,2026-10-06
2023-01-05,33233.946415,https://charts-cdn.checkonchain.com/btconchain/realised/lthsopr_indicator/lthsopr_indicator_light.html,2026-10-06
2023-01-06,33226.789062,https://charts-cdn.checkonchain.com/btconchain/realised/lthsopr_indicator/lthsopr_indicator_light.html,2026-10-06
2023-01-07,33229.611172,https://charts-cdn.checkonchain.com/btconchain/realised/lthsopr_indicator/lthsopr_indicator_light.html,2026-10-06
2023-01-08,33237.475179,https://charts-cdn.checkonchain.com/btconchain/realised/lthsopr_indicator/lthsopr_indicator_light.html,2026-10-06
2023-01-09,33240.096633,https://charts-cdn.checkonchain.com/btconchain/realised/lthsopr_indicator/lthsopr_indicator_light.html,2026-10-06
2023-01-10,33222.497145,https://charts-cdn.checkonchain.com/btconchain/realised/lthsopr_indicator/lthsopr_indicator_light.html,2026-10-06
2023-01-11,33192.541606,https://charts-cdn.checkonchain.com/btconchain/realised/lthsopr_indicator/lthsopr_indicator_light.html,2026-10-06
2023-01-12,33190.230799,https://charts-cdn.checkonchain.com/btconchain/realised/lthsopr_indicator/lthsopr_indicator_light.html,2026-10-06
2023-01-13,33182.859197,https://charts-cdn.checkonchain.com/btconchain/realised/lthsopr_indicator/lthsopr_indicator_light.html,2026-10-06
2023-01-14,33180.419156,https://charts-cdn.checkonchain.com/btconchain/realised/lthsopr_indicator/lthsopr_indicator_light.html,2026-10-06
2023-01-15,33177.656284,https://charts-cdn.checkonchain.com/btconchain/realised/lthsopr_indicator/lthsopr_indicator_light.html,2026-10-06
2023-01-16,33173.140321,https://charts-cdn.checkonchain.com/btconchain/realised/lthsopr_indicator/lthsopr_indicator_light.html,2026-10-06
2023-01-17,33163.614938,https://charts-cdn.checkonchain.com/btconchain/realised/lthsopr_indicator/lthsopr_indicator_light.html,2026-10-06
2023-01-18,33145.753119,https://charts-cdn.checkonchain.com/btconchain/realised/lthsopr_indicator/lthsopr_indicator_light.html,2026-10-06
2023-01-19,33120.327304,https://charts-cdn.checkonchain.com/btconchain/realised/lthsopr_indicator/lthsopr_indicator_light.html,2026-10-06
2023-01-20,33110.128433,https://charts-cdn.checkonchain.com/btconchain/realised/lthsopr_indicator/lthsopr_indicator_light.html,2026-10-06
2023-01-21,33104.490708,https://charts-cdn.checkonchain.com/btconchain/realised/lthsopr_indicator/lthsopr_indicator_light.html,2026-10-06
2023-01-22,33109.671270,https://charts-cdn.checkonchain.com/btconchain/realised/lthsopr_indicator/lthsopr_indicator_light.html,2026-10-06
2023-01-23,33100.457843,https://charts-cdn.checkonchain.com/btconchain/realised/lthsopr_indicator/lthsopr_indicator_light.html,2026-10-06
2023-01-24,33096.166647,https://charts-cdn.checkonchain.com/btconchain/realised/lthsopr_indicator/lthsopr_indicator_light.html,2026-10-06
2023-01-25,33093.725505,https://charts-cdn.checkonchain.com/btconchain/realised/lthsopr_indicator/lthsopr_indicator_light.html,2026-10-06
2023-01-26,33001.445828,https://charts-cdn.checkonchain.com/btconchain/realised/lthsopr_indicator/lthsopr_indicator_light.html,2026-10-06
2023-01-27,32947.497114,https://charts-cdn.checkonchain.com/btconchain/realised/lthsopr_indicator/lthsopr_indicator_light.html,2026-10-06
2023-01-28,32953.321816,https://charts-cdn.checkonchain.com/btconchain/realised/lthsopr_indicator/lthsopr_indicator_light.html,2026-10-06
2023-01-29,32955.271534,https://charts-cdn.checkonchain.com/btconchain/realised/lthsopr_indicator/lthsopr_indicator_light.html,2026-10-06
2023-01-30,32954.435852,https://charts-cdn.checkonchain.com/btconchain/realised/lthsopr_indicator/lthsopr_indicator_light.html,2026-10-06
2023-01-31,32948.428157,https://charts-cdn.checkonchain.com/btconchain/realised/lthsopr_indicator/lthsopr_indicator_light.html,2026-10-06
2023-02-01,32941.858848,https://charts-cdn.checkonchain.com/btconchain/realised/lthsopr_indicator/lthsopr_indicator_light.html,2026-10-06
2023-02-02,32939.154749,https://charts-cdn.checkonchain.com/btconchain/realised/lthsopr_indicator/lthsopr_indicator_light.html,2026-10-06
2023-02-03,32926.126206,https://charts-cdn.checkonchain.com/btconchain/realised/lthsopr_indicator/lthsopr_indicator_light.html,2026-10-06
2023-02-04,32928.163720,https://charts-cdn.checkonchain.com/btconchain/realised/lthsopr_indicator/lthsopr_indicator_light.html,2026-10-06
2023-02-05,32928.692912,https://charts-cdn.checkonchain.com/btconchain/realised/lthsopr_indicator/lthsopr_indicator_light.html,2026-10-06
2023-02-06,32931.797611,https://charts-cdn.checkonchain.com/btconchain/realised/lthsopr_indicator/lthsopr_indicator_light.html,2026-10-06
2023-02-07,32929.085576,https://charts-cdn.checkonchain.com/btconchain/realised/lthsopr_indicator/lthsopr_indicator_light.html,2026-10-06
2023-02-08,32932.592516,https://charts-cdn.checkonchain.com/btconchain/realised/lthsopr_indicator/lthsopr_indicator_light.html,2026-10-06
2023-02-09,32930.831744,https://charts-cdn.checkonchain.com/btconchain/realised/lthsopr_indicator/lthsopr_indicator_light.html,2026-10-06
2023-02-10,32928.844373,https://charts-cdn.checkonchain.com/btconchain/realised/lthsopr_indicator/lthsopr_indicator_light.html,2026-10-06
2023-02-11,32932.202704,https://charts-cdn.checkonchain.com/btconchain/realised/lthsopr_indicator/lthsopr_indicator_light.html,2026-10-06
2023-02-12,32932.987593,https://charts-cdn.checkonchain.com/btconchain/realised/lthsopr_indicator/lthsopr_indicator_light.html,2026-10-06
2023-02-13,32932.290848,https://charts-cdn.checkonchain.com/btconchain/realised/lthsopr_indicator/lthsopr_indicator_light.html,2026-10-06
2023-02-14,32935.846753,https://charts-cdn.checkonchain.com/btconchain/realised/lthsopr_indicator/lthsopr_indicator_light.html,2026-10-06
2023-02-15,32931.321148,https://charts-cdn.checkonchain.com/btconchain/realised/lthsopr_indicator/lthsopr_indicator_light.html,2026-10-06
2023-02-16,32929.166219,https://charts-cdn.checkonchain.com/btconchain/realised/lthsopr_indicator/lthsopr_indicator_light.html,2026-10-06
2023-02-17,32926.196678,https://charts-cdn.checkonchain.com/btconchain/realised/lthsopr_indicator/lthsopr_indicator_light.html,2026-10-06
2023-02-18,32930.001239,https://charts-cdn.checkonchain.com/btconchain/realised/lthsopr_indicator/lthsopr_indicator_light.html,2026-10-06
2023-02-19,32932.484387,https://charts-cdn.checkonchain.com/btconchain/realised/lthsopr_indicator/lthsopr_indicator_light.html,2026-10-06
2023-02-20,32935.151367,https://charts-cdn.checkonchain.com/btconchain/realised/lthsopr_indicator/lthsopr_indicator_light.html,2026-10-06
2023-02-21,32933.281453,https://charts-cdn.checkonchain.com/btconchain/realised/lthsopr_indicator/lthsopr_indicator_light.html,2026-10-06
2023-02-22,32910.514137,https://charts-cdn.checkonchain.com/btconchain/realised/lthsopr_indicator/lthsopr_indicator_light.html,2026-10-06
2023-02-23,32914.704542,https://charts-cdn.checkonchain.com/btconchain/realised/lthsopr_indicator/lthsopr_indicator_light.html,2026-10-06
2023-02-24,32897.996243,https://charts-cdn.checkonchain.com/btconchain/realised/lthsopr_indicator/lthsopr_indicator_light.html,2026-10-06
2023-02-25,32893.112292,https://charts-cdn.checkonchain.com/btconchain/realised/lthsopr_indicator/lthsopr_indicator_light.html,2026-10-06
2023-02-26,32897.823129,https://charts-cdn.checkonchain.com/btconchain/realised/lthsopr_indicator/lthsopr_indicator_light.html,2026-10-06
2023-02-27,32894.043082,https://charts-cdn.checkonchain.com/btconchain/realised/lthsopr_indicator/lthsopr_indicator_light.html,2026-10-06
2023-02-28,32840.550279,https://charts-cdn.checkonchain.com/btconchain/realised/lthsopr_indicator/lthsopr_indicator_light.html,2026-10-06
2023-03-01,32797.260135,https://charts-cdn.checkonchain.com/btconchain/realised/lthsopr_indicator/lthsopr_indicator_light.html,2026-10-06
2023-03-02,32791.255311,https://charts-cdn.checkonchain.com/btconchain/realised/lthsopr_indicator/lthsopr_indicator_light.html,2026-10-06
2023-03-03,32793.762264,https://charts-cdn.checkonchain.com/btconchain/realised/lthsopr_indicator/lthsopr_indicator_light.html,2026-10-06
2023-03-04,32800.761249,https://charts-cdn.checkonchain.com/btconchain/realised/lthsopr_indicator/lthsopr_indicator_light.html,2026-10-06
2023-03-05,32771.431312,https://charts-cdn.checkonchain.com/btconchain/realised/lthsopr_indicator/lthsopr_indicator_light.html,2026-10-06
2023-03-06,32762.638274,https://charts-cdn.checkonchain.com/btconchain/realised/lthsopr_indicator/lthsopr_indicator_light.html,2026-10-06
2023-03-07,32598.050269,https://charts-cdn.checkonchain.com/btconchain/realised/lthsopr_indicator/lthsopr_indicator_light.html,2026-10-06
2023-03-08,32598.480616,https://charts-cdn.checkonchain.com/btconchain/realised/lthsopr_indicator/lthsopr_indicator_light.html,2026-10-06
2023-03-09,32593.163761,https://charts-cdn.checkonchain.com/btconchain/realised/lthsopr_indicator/lthsopr_indicator_light.html,2026-10-06
2023-03-10,32592.675309,https://charts-cdn.checkonchain.com/btconchain/realised/lthsopr_indicator/lthsopr_indicator_light.html,2026-10-06
2023-03-11,32593.377519,https://charts-cdn.checkonchain.com/btconchain/realised/lthsopr_indicator/lthsopr_indicator_light.html,2026-10-06
2023-03-12,32595.256404,https://charts-cdn.checkonchain.com/btconchain/realised/lthsopr_indicator/lthsopr_indicator_light.html,2026-10-06
2023-03-13,32587.072988,https://charts-cdn.checkonchain.com/btconchain/realised/lthsopr_indicator/lthsopr_indicator_light.html,2026-10-06
2023-03-14,32575.922219,https://charts-cdn.checkonchain.com/btconchain/realised/lthsopr_indicator/lthsopr_indicator_light.html,2026-10-06
2023-03-15,32560.616791,https://charts-cdn.checkonchain.com/btconchain/realised/lthsopr_indicator/lthsopr_indicator_light.html,2026-10-06
2023-03-16,32555.699503,https://charts-cdn.checkonchain.com/btconchain/realised/lthsopr_indicator/lthsopr_indicator_light.html,2026-10-06
2023-03-17,32546.355077,https://charts-cdn.checkonchain.com/btconchain/realised/lthsopr_indicator/lthsopr_indicator_light.html,2026-10-06
2023-03-18,32549.594357,https://charts-cdn.checkonchain.com/btconchain/realised/lthsopr_indicator/lthsopr_indicator_light.html,2026-10-06
2023-03-19,32546.728998,https://charts-cdn.checkonchain.com/btconchain/realised/lthsopr_indicator/lthsopr_indicator_light.html,2026-10-06
2023-03-20,32539.651371,https://charts-cdn.checkonchain.com/btconchain/realised/lthsopr_indicator/lthsopr_indicator_light.html,2026-10-06
2023-03-21,32537.760205,https://charts-cdn.checkonchain.com/btconchain/realised/lthsopr_indicator/lthsopr_indicator_light.html,2026-10-06
2023-03-22,32528.941008,https://charts-cdn.checkonchain.com/btconchain/realised/lthsopr_indicator/lthsopr_indicator_light.html,2026-10-06
2023-03-23,32522.357898,https://charts-cdn.checkonchain.com/btconchain/realised/lthsopr_indicator/lthsopr_indicator_light.html,2026-10-06
2023-03-24,32520.215930,https://charts-cdn.checkonchain.com/btconchain/realised/lthsopr_indicator/lthsopr_indicator_light.html,2026-10-06
2023-03-25,32523.691894,https://charts-cdn.checkonchain.com/btconchain/realised/lthsopr_indicator/lthsopr_indicator_light.html,2026-10-06
2023-03-26,32527.813258,https://charts-cdn.checkonchain.com/btconchain/realised/lthsopr_indicator/lthsopr_indicator_light.html,2026-10-06
2023-03-27,32519.490611,https://charts-cdn.checkonchain.com/btconchain/realised/lthsopr_indicator/lthsopr_indicator_light.html,2026-10-06
2023-03-28,32519.867513,https://charts-cdn.checkonchain.com/btconchain/realised/lthsopr_indicator/lthsopr_indicator_light.html,2026-10-06
2023-03-29,32520.111015,https://charts-cdn.checkonchain.com/btconchain/realised/lthsopr_indicator/lthsopr_indicator_light.html,2026-10-06
2023-03-30,31622.818161,https://charts-cdn.checkonchain.com/btconchain/realised/lthsopr_indicator/lthsopr_indicator_light.html,2026-10-06
2023-03-31,31615.017418,https://charts-cdn.checkonchain.com/btconchain/realised/lthsopr_indicator/lthsopr_indicator_light.html,2026-10-06
2023-04-01,31619.101393,https://charts-cdn.checkonchain.com/btconchain/realised/lthsopr_indicator/lthsopr_indicator_light.html,2026-10-06
2023-04-02,31625.425110,https://charts-cdn.checkonchain.com/btconchain/realised/lthsopr_indicator/lthsopr_indicator_light.html,2026-10-06
2023-04-03,31647.253928,https://charts-cdn.checkonchain.com/btconchain/realised/lthsopr_indicator/lthsopr_indicator_light.html,2026-10-06
2023-04-04,31626.043665,https://charts-cdn.checkonchain.com/btconchain/realised/lthsopr_indicator/lthsopr_indicator_light.html,2026-10-06
2023-04-05,31600.953398,https://charts-cdn.checkonchain.com/btconchain/realised/lthsopr_indicator/lthsopr_indicator_light.html,2026-10-06
2023-04-06,31569.946000,https://charts-cdn.checkonchain.com/btconchain/realised/lthsopr_indicator/lthsopr_indicator_light.html,2026-10-06
2023-04-07,31544.798792,https://charts-cdn.checkonchain.com/btconchain/realised/lthsopr_indicator/lthsopr_indicator_light.html,2026-10-06
2023-04-08,31539.853428,https://charts-cdn.checkonchain.com/btconchain/realised/lthsopr_indicator/lthsopr_indicator_light.html,2026-10-06
2023-04-09,31534.787937,https://charts-cdn.checkonchain.com/btconchain/realised/lthsopr_indicator/lthsopr_indicator_light.html,2026-10-06
2023-04-10,31507.100516,https://charts-cdn.checkonchain.com/btconchain/realised/lthsopr_indicator/lthsopr_indicator_light.html,2026-10-06
2023-04-11,31444.133621,https://charts-cdn.checkonchain.com/btconchain/realised/lthsopr_indicator/lthsopr_indicator_light.html,2026-10-06
2023-04-12,31373.696208,https://charts-cdn.checkonchain.com/btconchain/realised/lthsopr_indicator/lthsopr_indicator_light.html,2026-10-06
2023-04-13,31354.534242,https://charts-cdn.checkonchain.com/btconchain/realised/lthsopr_indicator/lthsopr_indicator_light.html,2026-10-06
2023-04-14,31339.660803,https://charts-cdn.checkonchain.com/btconchain/realised/lthsopr_indicator/lthsopr_indicator_light.html,2026-10-06
2023-04-15,31331.533674,https://charts-cdn.checkonchain.com/btconchain/realised/lthsopr_indicator/lthsopr_indicator_light.html,2026-10-06
2023-04-16,31319.090019,https://charts-cdn.checkonchain.com/btconchain/realised/lthsopr_indicator/lthsopr_indicator_light.html,2026-10-06
2023-04-17,31292.111255,https://charts-cdn.checkonchain.com/btconchain/realised/lthsopr_indicator/lthsopr_indicator_light.html,2026-10-06
2023-04-18,31289.531353,https://charts-cdn.checkonchain.com/btconchain/realised/lthsopr_indicator/lthsopr_indicator_light.html,2026-10-06
2023-04-19,31281.843533,https://charts-cdn.checkonchain.com/btconchain/realised/lthsopr_indicator/lthsopr_indicator_light.html,2026-10-06
2023-04-20,31275.657518,https://charts-cdn.checkonchain.com/btconchain/realised/lthsopr_indicator/lthsopr_indicator_light.html,2026-10-06
2023-04-21,31262.459703,https://charts-cdn.checkonchain.com/btconchain/realised/lthsopr_indicator/lthsopr_indicator_light.html,2026-10-06
2023-04-22,31261.314583,https://charts-cdn.checkonchain.com/btconchain/realised/lthsopr_indicator/lthsopr_indicator_light.html,2026-10-06
2023-04-23,31263.155950,https://charts-cdn.checkonchain.com/btconchain/realised/lthsopr_indicator/lthsopr_indicator_light.html,2026-10-06
2023-04-24,31262.358936,https://charts-cdn.checkonchain.com/btconchain/realised/lthsopr_indicator/lthsopr_indicator_light.html,2026-10-06
2023-04-25,31257.682131,https://charts-cdn.checkonchain.com/btconchain/realised/lthsopr_indicator/lthsopr_indicator_light.html,2026-10-06
2023-04-26,31255.517206,https://charts-cdn.checkonchain.com/btconchain/realised/lthsopr_indicator/lthsopr_indicator_light.html,2026-10-06
2023-04-27,31216.519365,https://charts-cdn.checkonchain.com/btconchain/realised/lthsopr_indicator/lthsopr_indicator_light.html,2026-10-06
2023-04-28,31214.687467,https://charts-cdn.checkonchain.com/btconchain/realised/lthsopr_indicator/lthsopr_indicator_light.html,2026-10-06
2023-04-29,31210.794338,https://charts-cdn.checkonchain.com/btconchain/realised/lthsopr_indicator/lthsopr_indicator_light.html,2026-10-06
2023-04-30,31211.600784,https://charts-cdn.checkonchain.com/btconchain/realised/lthsopr_indicator/lthsopr_indicator_light.html,2026-10-06
2023-05-01,31211.631203,https://charts-cdn.checkonchain.com/btconchain/realised/lthsopr_indicator/lthsopr_indicator_light.html,2026-10-06
2023-05-02,31210.570351,https://charts-cdn.checkonchain.com/btconchain/realised/lthsopr_indicator/lthsopr_indicator_light.html,2026-10-06
2023-05-03,31200.566948,https://charts-cdn.checkonchain.com/btconchain/realised/lthsopr_indicator/lthsopr_indicator_light.html,2026-10-06
2023-05-04,31199.814172,https://charts-cdn.checkonchain.com/btconchain/realised/lthsopr_indicator/lthsopr_indicator_light.html,2026-10-06
2023-05-05,31196.559582,https://charts-cdn.checkonchain.com/btconchain/realised/lthsopr_indicator/lthsopr_indicator_light.html,2026-10-06
2023-05-06,31200.266554,https://charts-cdn.checkonchain.com/btconchain/realised/lthsopr_indicator/lthsopr_indicator_light.html,2026-10-06
2023-05-07,31220.565498,https://charts-cdn.checkonchain.com/btconchain/realised/lthsopr_indicator/lthsopr_indicator_light.html,2026-10-06
2023-05-08,31216.654241,https://charts-cdn.checkonchain.com/btconchain/realised/lthsopr_indicator/lthsopr_indicator_light.html,2026-10-06
2023-05-09,31220.418131,https://charts-cdn.checkonchain.com/btconchain/realised/lthsopr_indicator/lthsopr_indicator_light.html,2026-10-06
2023-05-10,31215.573844,https://charts-cdn.checkonchain.com/btconchain/realised/lthsopr_indicator/lthsopr_indicator_light.html,2026-10-06
2023-05-11,31206.846451,https://charts-cdn.checkonchain.com/btconchain/realised/lthsopr_indicator/lthsopr_indicator_light.html,2026-10-06
2023-05-12,31202.308693,https://charts-cdn.checkonchain.com/btconchain/realised/lthsopr_indicator/lthsopr_indicator_light.html,2026-10-06
2023-05-13,31203.457245,https://charts-cdn.checkonchain.com/btconchain/realised/lthsopr_indicator/lthsopr_indicator_light.html,2026-10-06
2023-05-14,31206.045621,https://charts-cdn.checkonchain.com/btconchain/realised/lthsopr_indicator/lthsopr_indicator_light.html,2026-10-06
2023-05-15,31206.608466,https://charts-cdn.checkonchain.com/btconchain/realised/lthsopr_indicator/lthsopr_indicator_light.html,2026-10-06
2023-05-16,31202.642221,https://charts-cdn.checkonchain.com/btconchain/realised/lthsopr_indicator/lthsopr_indicator_light.html,2026-10-06
2023-05-17,31200.223675,https://charts-cdn.checkonchain.com/btconchain/realised/lthsopr_indicator/lthsopr_indicator_light.html,2026-10-06
2023-05-18,31185.243437,https://charts-cdn.checkonchain.com/btconchain/realised/lthsopr_indicator/lthsopr_indicator_light.html,2026-10-06
2023-05-19,31185.678356,https://charts-cdn.checkonchain.com/btconchain/realised/lthsopr_indicator/lthsopr_indicator_light.html,2026-10-06
2023-05-20,31185.659023,https://charts-cdn.checkonchain.com/btconchain/realised/lthsopr_indicator/lthsopr_indicator_light.html,2026-10-06
2023-05-21,31185.639409,https://charts-cdn.checkonchain.com/btconchain/realised/lthsopr_indicator/lthsopr_indicator_light.html,2026-10-06
2023-05-22,31168.187861,https://charts-cdn.checkonchain.com/btconchain/realised/lthsopr_indicator/lthsopr_indicator_light.html,2026-10-06
2023-05-23,31163.332790,https://charts-cdn.checkonchain.com/btconchain/realised/lthsopr_indicator/lthsopr_indicator_light.html,2026-10-06
2023-05-24,31160.368681,https://charts-cdn.checkonchain.com/btconchain/realised/lthsopr_indicator/lthsopr_indicator_light.html,2026-10-06
2023-05-25,31127.871805,https://charts-cdn.checkonchain.com/btconchain/realised/lthsopr_indicator/lthsopr_indicator_light.html,2026-10-06
2023-05-26,31122.530200,https://charts-cdn.checkonchain.com/btconchain/realised/lthsopr_indicator/lthsopr_indicator_light.html,2026-10-06
2023-05-27,31118.104840,https://charts-cdn.checkonchain.com/btconchain/realised/lthsopr_indicator/lthsopr_indicator_light.html,2026-10-06
2023-05-28,31119.792695,https://charts-cdn.checkonchain.com/btconchain/realised/lthsopr_indicator/lthsopr_indicator_light.html,2026-10-06
2023-05-29,31113.173522,https://charts-cdn.checkonchain.com/btconchain/realised/lthsopr_indicator/lthsopr_indicator_light.html,2026-10-06
2023-05-30,31105.023694,https://charts-cdn.checkonchain.com/btconchain/realised/lthsopr_indicator/lthsopr_indicator_light.html,2026-10-06
2023-05-31,31098.520456,https://charts-cdn.checkonchain.com/btconchain/realised/lthsopr_indicator/lthsopr_indicator_light.html,2026-10-06
2023-06-01,31084.319375,https://charts-cdn.checkonchain.com/btconchain/realised/lthsopr_indicator/lthsopr_indicator_light.html,2026-10-06
2023-06-02,31081.673530,https://charts-cdn.checkonchain.com/btconchain/realised/lthsopr_indicator/lthsopr_indicator_light.html,2026-10-06
2023-06-03,31080.108493,https://charts-cdn.checkonchain.com/btconchain/realised/lthsopr_indicator/lthsopr_indicator_light.html,2026-10-06
2023-06-04,31077.530341,https://charts-cdn.checkonchain.com/btconchain/realised/lthsopr_indicator/lthsopr_indicator_light.html,2026-10-06
2023-06-05,31067.673834,https://charts-cdn.checkonchain.com/btconchain/realised/lthsopr_indicator/lthsopr_indicator_light.html,2026-10-06
2023-06-06,31066.467606,https://charts-cdn.checkonchain.com/btconchain/realised/lthsopr_indicator/lthsopr_indicator_light.html,2026-10-06
2023-06-07,31066.809845,https://charts-cdn.checkonchain.com/btconchain/realised/lthsopr_indicator/lthsopr_indicator_light.html,2026-10-06
2023-06-08,31066.229307,https://charts-cdn.checkonchain.com/btconchain/realised/lthsopr_indicator/lthsopr_indicator_light.html,2026-10-06
2023-06-09,31069.105002,https://charts-cdn.checkonchain.com/btconchain/realised/lthsopr_indicator/lthsopr_indicator_light.html,2026-10-06
2023-06-10,31059.162667,https://charts-cdn.checkonchain.com/btconchain/realised/lthsopr_indicator/lthsopr_indicator_light.html,2026-10-06
2023-06-11,31062.961813,https://charts-cdn.checkonchain.com/btconchain/realised/lthsopr_indicator/lthsopr_indicator_light.html,2026-10-06
2023-06-12,31064.443968,https://charts-cdn.checkonchain.com/btconchain/realised/lthsopr_indicator/lthsopr_indicator_light.html,2026-10-06
2023-06-13,31063.245652,https://charts-cdn.checkonchain.com/btconchain/realised/lthsopr_indicator/lthsopr_indicator_light.html,2026-10-06
2023-06-14,31055.521288,https://charts-cdn.checkonchain.com/btconchain/realised/lthsopr_indicator/lthsopr_indicator_light.html,2026-10-06
2023-06-15,31048.721590,https://charts-cdn.checkonchain.com/btconchain/realised/lthsopr_indicator/lthsopr_indicator_light.html,2026-10-06
2023-06-16,31055.542031,https://charts-cdn.checkonchain.com/btconchain/realised/lthsopr_indicator/lthsopr_indicator_light.html,2026-10-06
2023-06-17,31061.754208,https://charts-cdn.checkonchain.com/btconchain/realised/lthsopr_indicator/lthsopr_indicator_light.html,2026-10-06
2023-06-18,31065.892900,https://charts-cdn.checkonchain.com/btconchain/realised/lthsopr_indicator/lthsopr_indicator_light.html,2026-10-06
2023-06-19,31069.684639,https://charts-cdn.checkonchain.com/btconchain/realised/lthsopr_indicator/lthsopr_indicator_light.html,2026-10-06
2023-06-20,31023.452855,https://charts-cdn.checkonchain.com/btconchain/realised/lthsopr_indicator/lthsopr_indicator_light.html,2026-10-06
2023-06-21,30980.685946,https://charts-cdn.checkonchain.com/btconchain/realised/lthsopr_indicator/lthsopr_indicator_light.html,2026-10-06
2023-06-22,30981.399387,https://charts-cdn.checkonchain.com/btconchain/realised/lthsopr_indicator/lthsopr_indicator_light.html,2026-10-06
2023-06-23,30955.748438,https://charts-cdn.checkonchain.com/btconchain/realised/lthsopr_indicator/lthsopr_indicator_light.html,2026-10-06
2023-06-24,30964.196435,https://charts-cdn.checkonchain.com/btconchain/realised/lthsopr_indicator/lthsopr_indicator_light.html,2026-10-06
2023-06-25,30979.020795,https://charts-cdn.checkonchain.com/btconchain/realised/lthsopr_indicator/lthsopr_indicator_light.html,2026-10-06
2023-06-26,30986.291161,https://charts-cdn.checkonchain.com/btconchain/realised/lthsopr_indicator/lthsopr_indicator_light.html,2026-10-06
2023-06-27,30985.869593,https://charts-cdn.checkonchain.com/btconchain/realised/lthsopr_indicator/lthsopr_indicator_light.html,2026-10-06
2023-06-28,30988.442964,https://charts-cdn.checkonchain.com/btconchain/realised/lthsopr_indicator/lthsopr_indicator_light.html,2026-10-06
2023-06-29,30935.661138,https://charts-cdn.checkonchain.com/btconchain/realised/lthsopr_indicator/lthsopr_indicator_light.html,2026-10-06
2023-06-30,30944.395975,https://charts-cdn.checkonchain.com/btconchain/realised/lthsopr_indicator/lthsopr_indicator_light.html,2026-10-06
2023-07-01,30953.836394,https://charts-cdn.checkonchain.com/btconchain/realised/lthsopr_indicator/lthsopr_indicator_light.html,2026-10-06
2023-07-02,30966.095238,https://charts-cdn.checkonchain.com/btconchain/realised/lthsopr_indicator/lthsopr_indicator_light.html,2026-10-06
2023-07-03,30969.861079,https://charts-cdn.checkonchain.com/btconchain/realised/lthsopr_indicator/lthsopr_indicator_light.html,2026-10-06
2023-07-04,30972.948978,https://charts-cdn.checkonchain.com/btconchain/realised/lthsopr_indicator/lthsopr_indicator_light.html,2026-10-06
2023-07-05,30975.418790,https://charts-cdn.checkonchain.com/btconchain/realised/lthsopr_indicator/lthsopr_indicator_light.html,2026-10-06
2023-07-06,30867.055283,https://charts-cdn.checkonchain.com/btconchain/realised/lthsopr_indicator/lthsopr_indicator_light.html,2026-10-06
2023-07-07,30872.984055,https://charts-cdn.checkonchain.com/btconchain/realised/lthsopr_indicator/lthsopr_indicator_light.html,2026-10-06
2023-07-08,30882.679053,https://charts-cdn.checkonchain.com/btconchain/realised/lthsopr_indicator/lthsopr_indicator_light.html,2026-10-06
2023-07-09,30891.006329,https://charts-cdn.checkonchain.com/btconchain/realised/lthsopr_indicator/lthsopr_indicator_light.html,2026-10-06
2023-07-10,30886.378954,https://charts-cdn.checkonchain.com/btconchain/realised/lthsopr_indicator/lthsopr_indicator_light.html,2026-10-06
2023-07-11,30886.050264,https://charts-cdn.checkonchain.com/btconchain/realised/lthsopr_indicator/lthsopr_indicator_light.html,2026-10-06
2023-07-12,30885.506420,https://charts-cdn.checkonchain.com/btconchain/realised/lthsopr_indicator/lthsopr_indicator_light.html,2026-10-06
2023-07-13,30850.694965,https://charts-cdn.checkonchain.com/btconchain/realised/lthsopr_indicator/lthsopr_indicator_light.html,2026-10-06
2023-07-14,30849.898913,https://charts-cdn.checkonchain.com/btconchain/realised/lthsopr_indicator/lthsopr_indicator_light.html,2026-10-06
2023-07-15,30858.686606,https://charts-cdn.checkonchain.com/btconchain/realised/lthsopr_indicator/lthsopr_indicator_light.html,2026-10-06
2023-07-16,30869.437772,https://charts-cdn.checkonchain.com/btconchain/realised/lthsopr_indicator/lthsopr_indicator_light.html,2026-10-06
2023-07-17,30846.196498,https://charts-cdn.checkonchain.com/btconchain/realised/lthsopr_indicator/lthsopr_indicator_light.html,2026-10-06
2023-07-18,30847.409392,https://charts-cdn.checkonchain.com/btconchain/realised/lthsopr_indicator/lthsopr_indicator_light.html,2026-10-06
2023-07-19,30847.483820,https://charts-cdn.checkonchain.com/btconchain/realised/lthsopr_indicator/lthsopr_indicator_light.html,2026-10-06
2023-07-20,30847.710255,https://charts-cdn.checkonchain.com/btconchain/realised/lthsopr_indicator/lthsopr_indicator_light.html,2026-10-06
2023-07-21,30821.313295,https://charts-cdn.checkonchain.com/btconchain/realised/lthsopr_indicator/lthsopr_indicator_light.html,2026-10-06
2023-07-22,30830.244684,https://charts-cdn.checkonchain.com/btconchain/realised/lthsopr_indicator/lthsopr_indicator_light.html,2026-10-06
2023-07-23,30840.055859,https://charts-cdn.checkonchain.com/btconchain/realised/lthsopr_indicator/lthsopr_indicator_light.html,2026-10-06
2023-07-24,30843.395149,https://charts-cdn.checkonchain.com/btconchain/realised/lthsopr_indicator/lthsopr_indicator_light.html,2026-10-06
2023-07-25,30841.750765,https://charts-cdn.checkonchain.com/btconchain/realised/lthsopr_indicator/lthsopr_indicator_light.html,2026-10-06
2023-07-26,30846.064697,https://charts-cdn.checkonchain.com/btconchain/realised/lthsopr_indicator/lthsopr_indicator_light.html,2026-10-06
2023-07-27,30762.580169,https://charts-cdn.checkonchain.com/btconchain/realised/lthsopr_indicator/lthsopr_indicator_light.html,2026-10-06
2023-07-28,30475.457720,https://charts-cdn.checkonchain.com/btconchain/realised/lthsopr_indicator/lthsopr_indicator_light.html,2026-10-06
2023-07-29,30496.830530,https://charts-cdn.checkonchain.com/btconchain/realised/lthsopr_indicator/lthsopr_indicator_light.html,2026-10-06
2023-07-30,30505.169006,https://charts-cdn.checkonchain.com/btconchain/realised/lthsopr_indicator/lthsopr_indicator_light.html,2026-10-06
2023-07-31,30497.196806,https://charts-cdn.checkonchain.com/btconchain/realised/lthsopr_indicator/lthsopr_indicator_light.html,2026-10-06
2023-08-01,30500.570226,https://charts-cdn.checkonchain.com/btconchain/realised/lthsopr_indicator/lthsopr_indicator_light.html,2026-10-06
2023-08-02,30483.117346,https://charts-cdn.checkonchain.com/btconchain/realised/lthsopr_indicator/lthsopr_indicator_light.html,2026-10-06
2023-08-03,30490.905470,https://charts-cdn.checkonchain.com/btconchain/realised/lthsopr_indicator/lthsopr_indicator_light.html,2026-10-06
2023-08-04,30506.455929,https://charts-cdn.checkonchain.com/btconchain/realised/lthsopr_indicator/lthsopr_indicator_light.html,2026-10-06
2023-08-05,30515.700811,https://charts-cdn.checkonchain.com/btconchain/realised/lthsopr_indicator/lthsopr_indicator_light.html,2026-10-06
2023-08-06,30524.514190,https://charts-cdn.checkonchain.com/btconchain/realised/lthsopr_indicator/lthsopr_indicator_light.html,2026-10-06
2023-08-07,30526.063404,https://charts-cdn.checkonchain.com/btconchain/realised/lthsopr_indicator/lthsopr_indicator_light.html,2026-10-06
2023-08-08,30512.325532,https://charts-cdn.checkonchain.com/btconchain/realised/lthsopr_indicator/lthsopr_indicator_light.html,2026-10-06
2023-08-09,30515.438961,https://charts-cdn.checkonchain.com/btconchain/realised/lthsopr_indicator/lthsopr_indicator_light.html,2026-10-06
2023-08-10,30516.964924,https://charts-cdn.checkonchain.com/btconchain/realised/lthsopr_indicator/lthsopr_indicator_light.html,2026-10-06
2023-08-11,30534.339483,https://charts-cdn.checkonchain.com/btconchain/realised/lthsopr_indicator/lthsopr_indicator_light.html,2026-10-06
2023-08-12,30548.203789,https://charts-cdn.checkonchain.com/btconchain/realised/lthsopr_indicator/lthsopr_indicator_light.html,2026-10-06
2023-08-13,30560.173402,https://charts-cdn.checkonchain.com/btconchain/realised/lthsopr_indicator/lthsopr_indicator_light.html,2026-10-06
2023-08-14,30562.957658,https://charts-cdn.checkonchain.com/btconchain/realised/lthsopr_indicator/lthsopr_indicator_light.html,2026-10-06
2023-08-15,30571.887578,https://charts-cdn.checkonchain.com/btconchain/realised/lthsopr_indicator/lthsopr_indicator_light.html,2026-10-06
2023-08-16,30574.558379,https://charts-cdn.checkonchain.com/btconchain/realised/lthsopr_indicator/lthsopr_indicator_light.html,2026-10-06
2023-08-17,30588.395068,https://charts-cdn.checkonchain.com/btconchain/realised/lthsopr_indicator/lthsopr_indicator_light.html,2026-10-06
2023-08-18,30590.163420,https://charts-cdn.checkonchain.com/btconchain/realised/lthsopr_indicator/lthsopr_indicator_light.html,2026-10-06
2023-08-19,30607.661757,https://charts-cdn.checkonchain.com/btconchain/realised/lthsopr_indicator/lthsopr_indicator_light.html,2026-10-06
2023-08-20,30634.393840,https://charts-cdn.checkonchain.com/btconchain/realised/lthsopr_indicator/lthsopr_indicator_light.html,2026-10-06
2023-08-21,30645.429519,https://charts-cdn.checkonchain.com/btconchain/realised/lthsopr_indicator/lthsopr_indicator_light.html,2026-10-06
2023-08-22,30650.484246,https://charts-cdn.checkonchain.com/btconchain/realised/lthsopr_indicator/lthsopr_indicator_light.html,2026-10-06
2023-08-23,30659.837672,https://charts-cdn.checkonchain.com/btconchain/realised/lthsopr_indicator/lthsopr_indicator_light.html,2026-10-06
2023-08-24,30671.559325,https://charts-cdn.checkonchain.com/btconchain/realised/lthsopr_indicator/lthsopr_indicator_light.html,2026-10-06
2023-08-25,30683.812354,https://charts-cdn.checkonchain.com/btconchain/realised/lthsopr_indicator/lthsopr_indicator_light.html,2026-10-06
2023-08-26,30700.454343,https://charts-cdn.checkonchain.com/btconchain/realised/lthsopr_indicator/lthsopr_indicator_light.html,2026-10-06
2023-08-27,30901.869855,https://charts-cdn.checkonchain.com/btconchain/realised/lthsopr_indicator/lthsopr_indicator_light.html,2026-10-06
2023-08-28,30918.975673,https://charts-cdn.checkonchain.com/btconchain/realised/lthsopr_indicator/lthsopr_indicator_light.html,2026-10-06
2023-08-29,30884.612350,https://charts-cdn.checkonchain.com/btconchain/realised/lthsopr_indicator/lthsopr_indicator_light.html,2026-10-06
2023-08-30,30888.923265,https://charts-cdn.checkonchain.com/btconchain/realised/lthsopr_indicator/lthsopr_indicator_light.html,2026-10-06
2023-08-31,30895.923795,https://charts-cdn.checkonchain.com/btconchain/realised/lthsopr_indicator/lthsopr_indicator_light.html,2026-10-06
2023-09-01,30905.492366,https://charts-cdn.checkonchain.com/btconchain/realised/lthsopr_indicator/lthsopr_indicator_light.html,2026-10-06
2023-09-02,30919.767399,https://charts-cdn.checkonchain.com/btconchain/realised/lthsopr_indicator/lthsopr_indicator_light.html,2026-10-06
2023-09-03,30958.393430,https://charts-cdn.checkonchain.com/btconchain/realised/lthsopr_indicator/lthsopr_indicator_light.html,2026-10-06
2023-09-04,30965.687279,https://charts-cdn.checkonchain.com/btconchain/realised/lthsopr_indicator/lthsopr_indicator_light.html,2026-10-06
2023-09-05,30968.311767,https://charts-cdn.checkonchain.com/btconchain/realised/lthsopr_indicator/lthsopr_indicator_light.html,2026-10-06
2023-09-06,30973.220831,https://charts-cdn.checkonchain.com/btconchain/realised/lthsopr_indicator/lthsopr_indicator_light.html,2026-10-06
2023-09-07,31014.694147,https://charts-cdn.checkonchain.com/btconchain/realised/lthsopr_indicator/lthsopr_indicator_light.html,2026-10-06
2023-09-08,31051.559544,https://charts-cdn.checkonchain.com/btconchain/realised/lthsopr_indicator/lthsopr_indicator_light.html,2026-10-06
2023-09-09,31078.647979,https://charts-cdn.checkonchain.com/btconchain/realised/lthsopr_indicator/lthsopr_indicator_light.html,2026-10-06
2023-09-10,31103.205558,https://charts-cdn.checkonchain.com/btconchain/realised/lthsopr_indicator/lthsopr_indicator_light.html,2026-10-06
2023-09-11,31117.725462,https://charts-cdn.checkonchain.com/btconchain/realised/lthsopr_indicator/lthsopr_indicator_light.html,2026-10-06
2023-09-12,31118.420594,https://charts-cdn.checkonchain.com/btconchain/realised/lthsopr_indicator/lthsopr_indicator_light.html,2026-10-06
2023-09-13,31127.073571,https://charts-cdn.checkonchain.com/btconchain/realised/lthsopr_indicator/lthsopr_indicator_light.html,2026-10-06
2023-09-14,31154.422848,https://charts-cdn.checkonchain.com/btconchain/realised/lthsopr_indicator/lthsopr_indicator_light.html,2026-10-06
2023-09-15,31173.834355,https://charts-cdn.checkonchain.com/btconchain/realised/lthsopr_indicator/lthsopr_indicator_light.html,2026-10-06
2023-09-16,31188.645897,https://charts-cdn.checkonchain.com/btconchain/realised/lthsopr_indicator/lthsopr_indicator_light.html,2026-10-06
2023-09-17,31208.260762,https://charts-cdn.checkonchain.com/btconchain/realised/lthsopr_indicator/lthsopr_indicator_light.html,2026-10-06
2023-09-18,31220.934430,https://charts-cdn.checkonchain.com/btconchain/realised/lthsopr_indicator/lthsopr_indicator_light.html,2026-10-06
2023-09-19,31224.361855,https://charts-cdn.checkonchain.com/btconchain/realised/lthsopr_indicator/lthsopr_indicator_light.html,2026-10-06
2023-09-20,31234.242582,https://charts-cdn.checkonchain.com/btconchain/realised/lthsopr_indicator/lthsopr_indicator_light.html,2026-10-06
2023-09-21,31242.204030,https://charts-cdn.checkonchain.com/btconchain/realised/lthsopr_indicator/lthsopr_indicator_light.html,2026-10-06
2023-09-22,31253.437867,https://charts-cdn.checkonchain.com/btconchain/realised/lthsopr_indicator/lthsopr_indicator_light.html,2026-10-06
2023-09-23,31265.712107,https://charts-cdn.checkonchain.com/btconchain/realised/lthsopr_indicator/lthsopr_indicator_light.html,2026-10-06
2023-09-24,31279.992400,https://charts-cdn.checkonchain.com/btconchain/realised/lthsopr_indicator/lthsopr_indicator_light.html,2026-10-06
2023-09-25,31290.449655,https://charts-cdn.checkonchain.com/btconchain/realised/lthsopr_indicator/lthsopr_indicator_light.html,2026-10-06
2023-09-26,31297.400794,https://charts-cdn.checkonchain.com/btconchain/realised/lthsopr_indicator/lthsopr_indicator_light.html,2026-10-06
2023-09-27,31302.634575,https://charts-cdn.checkonchain.com/btconchain/realised/lthsopr_indicator/lthsopr_indicator_light.html,2026-10-06
2023-09-28,31309.764992,https://charts-cdn.checkonchain.com/btconchain/realised/lthsopr_indicator/lthsopr_indicator_light.html,2026-10-06
2023-09-29,31311.079767,https://charts-cdn.checkonchain.com/btconchain/realised/lthsopr_indicator/lthsopr_indicator_light.html,2026-10-06
2023-09-30,31324.469375,https://charts-cdn.checkonchain.com/btconchain/realised/lthsopr_indicator/lthsopr_indicator_light.html,2026-10-06
2023-10-01,31351.019664,https://charts-cdn.checkonchain.com/btconchain/realised/lthsopr_indicator/lthsopr_indicator_light.html,2026-10-06
2023-10-02,31327.321804,https://charts-cdn.checkonchain.com/btconchain/realised/lthsopr_indicator/lthsopr_indicator_light.html,2026-10-06
2023-10-03,31333.984097,https://charts-cdn.checkonchain.com/btconchain/realised/lthsopr_indicator/lthsopr_indicator_light.html,2026-10-06
2023-10-04,31410.682113,https://charts-cdn.checkonchain.com/btconchain/realised/lthsopr_indicator/lthsopr_indicator_light.html,2026-10-06
2023-10-05,31395.619828,https://charts-cdn.checkonchain.com/btconchain/realised/lthsopr_indicator/lthsopr_indicator_light.html,2026-10-06
2023-10-06,31406.403885,https://charts-cdn.checkonchain.com/btconchain/realised/lthsopr_indicator/lthsopr_indicator_light.html,2026-10-06
2023-10-07,31428.995823,https://charts-cdn.checkonchain.com/btconchain/realised/lthsopr_indicator/lthsopr_indicator_light.html,2026-10-06
2023-10-08,31447.567014,https://charts-cdn.checkonchain.com/btconchain/realised/lthsopr_indicator/lthsopr_indicator_light.html,2026-10-06
2023-10-09,31467.169526,https://charts-cdn.checkonchain.com/btconchain/realised/lthsopr_indicator/lthsopr_indicator_light.html,2026-10-06
2023-10-10,31473.523552,https://charts-cdn.checkonchain.com/btconchain/realised/lthsopr_indicator/lthsopr_indicator_light.html,2026-10-06
2023-10-11,31459.513454,https://charts-cdn.checkonchain.com/btconchain/realised/lthsopr_indicator/lthsopr_indicator_light.html,2026-10-06
2023-10-12,31471.486125,https://charts-cdn.checkonchain.com/btconchain/realised/lthsopr_indicator/lthsopr_indicator_light.html,2026-10-06
2023-10-13,31494.985990,https://charts-cdn.checkonchain.com/btconchain/realised/lthsopr_indicator/lthsopr_indicator_light.html,2026-10-06
2023-10-14,31495.676289,https://charts-cdn.checkonchain.com/btconchain/realised/lthsopr_indicator/lthsopr_indicator_light.html,2026-10-06
2023-10-15,31505.509772,https://charts-cdn.checkonchain.com/btconchain/realised/lthsopr_indicator/lthsopr_indicator_light.html,2026-10-06
2023-10-16,31508.077859,https://charts-cdn.checkonchain.com/btconchain/realised/lthsopr_indicator/lthsopr_indicator_light.html,2026-10-06
2023-10-17,31506.730790,https://charts-cdn.checkonchain.com/btconchain/realised/lthsopr_indicator/lthsopr_indicator_light.html,2026-10-06
2023-10-18,31507.984229,https://charts-cdn.checkonchain.com/btconchain/realised/lthsopr_indicator/lthsopr_indicator_light.html,2026-10-06
2023-10-19,31504.201360,https://charts-cdn.checkonchain.com/btconchain/realised/lthsopr_indicator/lthsopr_indicator_light.html,2026-10-06
2023-10-20,31518.996362,https://charts-cdn.checkonchain.com/btconchain/realised/lthsopr_indicator/lthsopr_indicator_light.html,2026-10-06
2023-10-21,31544.098516,https://charts-cdn.checkonchain.com/btconchain/realised/lthsopr_indicator/lthsopr_indicator_light.html,2026-10-06
2023-10-22,31562.043150,https://charts-cdn.checkonchain.com/btconchain/realised/lthsopr_indicator/lthsopr_indicator_light.html,2026-10-06
2023-10-23,31551.468156,https://charts-cdn.checkonchain.com/btconchain/realised/lthsopr_indicator/lthsopr_indicator_light.html,2026-10-06
2023-10-24,31510.843687,https://charts-cdn.checkonchain.com/btconchain/realised/lthsopr_indicator/lthsopr_indicator_light.html,2026-10-06
2023-10-25,31508.337280,https://charts-cdn.checkonchain.com/btconchain/realised/lthsopr_indicator/lthsopr_indicator_light.html,2026-10-06
2023-10-26,31509.403107,https://charts-cdn.checkonchain.com/btconchain/realised/lthsopr_indicator/lthsopr_indicator_light.html,2026-10-06
2023-10-27,31509.570868,https://charts-cdn.checkonchain.com/btconchain/realised/lthsopr_indicator/lthsopr_indicator_light.html,2026-10-06
2023-10-28,31528.427535,https://charts-cdn.checkonchain.com/btconchain/realised/lthsopr_indicator/lthsopr_indicator_light.html,2026-10-06
2023-10-29,31537.201129,https://charts-cdn.checkonchain.com/btconchain/realised/lthsopr_indicator/lthsopr_indicator_light.html,2026-10-06
2023-10-30,31557.573011,https://charts-cdn.checkonchain.com/btconchain/realised/lthsopr_indicator/lthsopr_indicator_light.html,2026-10-06
2023-10-31,31551.139095,https://charts-cdn.checkonchain.com/btconchain/realised/lthsopr_indicator/lthsopr_indicator_light.html,2026-10-06
2023-11-01,31555.864149,https://charts-cdn.checkonchain.com/btconchain/realised/lthsopr_indicator/lthsopr_indicator_light.html,2026-10-06
2023-11-02,31558.455523,https://charts-cdn.checkonchain.com/btconchain/realised/lthsopr_indicator/lthsopr_indicator_light.html,2026-10-06
2023-11-03,31554.588294,https://charts-cdn.checkonchain.com/btconchain/realised/lthsopr_indicator/lthsopr_indicator_light.html,2026-10-06
2023-11-04,31566.546067,https://charts-cdn.checkonchain.com/btconchain/realised/lthsopr_indicator/lthsopr_indicator_light.html,2026-10-06
2023-11-05,31579.779980,https://charts-cdn.checkonchain.com/btconchain/realised/lthsopr_indicator/lthsopr_indicator_light.html,2026-10-06
2023-11-06,31587.134755,https://charts-cdn.checkonchain.com/btconchain/realised/lthsopr_indicator/lthsopr_indicator_light.html,2026-10-06
2023-11-07,31591.769578,https://charts-cdn.checkonchain.com/btconchain/realised/lthsopr_indicator/lthsopr_indicator_light.html,2026-10-06
2023-11-08,31606.081316,https://charts-cdn.checkonchain.com/btconchain/realised/lthsopr_indicator/lthsopr_indicator_light.html,2026-10-06
2023-11-09,31529.758470,https://charts-cdn.checkonchain.com/btconchain/realised/lthsopr_indicator/lthsopr_indicator_light.html,2026-10-06
2023-11-10,31538.691396,https://charts-cdn.checkonchain.com/btconchain/realised/lthsopr_indicator/lthsopr_indicator_light.html,2026-10-06
2023-11-11,31549.968438,https://charts-cdn.checkonchain.com/btconchain/realised/lthsopr_indicator/lthsopr_indicator_light.html,2026-10-06
2023-11-12,31574.695502,https://charts-cdn.checkonchain.com/btconchain/realised/lthsopr_indicator/lthsopr_indicator_light.html,2026-10-06
2023-11-13,31584.257128,https://charts-cdn.checkonchain.com/btconchain/realised/lthsopr_indicator/lthsopr_indicator_light.html,2026-10-06
2023-11-14,31587.063370,https://charts-cdn.checkonchain.com/btconchain/realised/lthsopr_indicator/lthsopr_indicator_light.html,2026-10-06
2023-11-15,31584.391432,https://charts-cdn.checkonchain.com/btconchain/realised/lthsopr_indicator/lthsopr_indicator_light.html,2026-10-06
2023-11-16,31670.627954,https://charts-cdn.checkonchain.com/btconchain/realised/lthsopr_indicator/lthsopr_indicator_light.html,2026-10-06
2023-11-17,31682.215051,https://charts-cdn.checkonchain.com/btconchain/realised/lthsopr_indicator/lthsopr_indicator_light.html,2026-10-06
2023-11-18,31717.350947,https://charts-cdn.checkonchain.com/btconchain/realised/lthsopr_indicator/lthsopr_indicator_light.html,2026-10-06
2023-11-19,31735.540738,https://charts-cdn.checkonchain.com/btconchain/realised/lthsopr_indicator/lthsopr_indicator_light.html,2026-10-06
2023-11-20,31768.138238,https://charts-cdn.checkonchain.com/btconchain/realised/lthsopr_indicator/lthsopr_indicator_light.html,2026-10-06
2023-11-21,31766.708691,https://charts-cdn.checkonchain.com/btconchain/realised/lthsopr_indicator/lthsopr_indicator_light.html,2026-10-06
2023-11-22,31743.278163,https://charts-cdn.checkonchain.com/btconchain/realised/lthsopr_indicator/lthsopr_indicator_light.html,2026-10-06
2023-11-23,31758.425381,https://charts-cdn.checkonchain.com/btconchain/realised/lthsopr_indicator/lthsopr_indicator_light.html,2026-10-06
2023-11-24,31806.934168,https://charts-cdn.checkonchain.com/btconchain/realised/lthsopr_indicator/lthsopr_indicator_light.html,2026-10-06
2023-11-25,31851.510756,https://charts-cdn.checkonchain.com/btconchain/realised/lthsopr_indicator/lthsopr_indicator_light.html,2026-10-06
2023-11-26,31882.500955,https://charts-cdn.checkonchain.com/btconchain/realised/lthsopr_indicator/lthsopr_indicator_light.html,2026-10-06
2023-11-27,31905.591906,https://charts-cdn.checkonchain.com/btconchain/realised/lthsopr_indicator/lthsopr_indicator_light.html,2026-10-06
2023-11-28,31914.653229,https://charts-cdn.checkonchain.com/btconchain/realised/lthsopr_indicator/lthsopr_indicator_light.html,2026-10-06
2023-11-29,31916.522556,https://charts-cdn.checkonchain.com/btconchain/realised/lthsopr_indicator/lthsopr_indicator_light.html,2026-10-06
2023-11-30,31851.058953,https://charts-cdn.checkonchain.com/btconchain/realised/lthsopr_indicator/lthsopr_indicator_light.html,2026-10-06
2023-12-01,31857.691321,https://charts-cdn.checkonchain.com/btconchain/realised/lthsopr_indicator/lthsopr_indicator_light.html,2026-10-06
2023-12-02,31871.585551,https://charts-cdn.checkonchain.com/btconchain/realised/lthsopr_indicator/lthsopr_indicator_light.html,2026-10-06
2023-12-03,31915.976506,https://charts-cdn.checkonchain.com/btconchain/realised/lthsopr_indicator/lthsopr_indicator_light.html,2026-10-06
2023-12-04,31907.136729,https://charts-cdn.checkonchain.com/btconchain/realised/lthsopr_indicator/lthsopr_indicator_light.html,2026-10-06
2023-12-05,31894.085782,https://charts-cdn.checkonchain.com/btconchain/realised/lthsopr_indicator/lthsopr_indicator_light.html,2026-10-06
2023-12-06,31855.034873,https://charts-cdn.checkonchain.com/btconchain/realised/lthsopr_indicator/lthsopr_indicator_light.html,2026-10-06
2023-12-07,31853.989718,https://charts-cdn.checkonchain.com/btconchain/realised/lthsopr_indicator/lthsopr_indicator_light.html,2026-10-06
2023-12-08,31851.512182,https://charts-cdn.checkonchain.com/btconchain/realised/lthsopr_indicator/lthsopr_indicator_light.html,2026-10-06
2023-12-09,31872.089432,https://charts-cdn.checkonchain.com/btconchain/realised/lthsopr_indicator/lthsopr_indicator_light.html,2026-10-06
2023-12-10,31914.040910,https://charts-cdn.checkonchain.com/btconchain/realised/lthsopr_indicator/lthsopr_indicator_light.html,2026-10-06
2023-12-11,31923.249645,https://charts-cdn.checkonchain.com/btconchain/realised/lthsopr_indicator/lthsopr_indicator_light.html,2026-10-06
2023-12-12,31913.057134,https://charts-cdn.checkonchain.com/btconchain/realised/lthsopr_indicator/lthsopr_indicator_light.html,2026-10-06
2023-12-13,31918.994217,https://charts-cdn.checkonchain.com/btconchain/realised/lthsopr_indicator/lthsopr_indicator_light.html,2026-10-06
2023-12-14,31939.481704,https://charts-cdn.checkonchain.com/btconchain/realised/lthsopr_indicator/lthsopr_indicator_light.html,2026-10-06
2023-12-15,31934.346535,https://charts-cdn.checkonchain.com/btconchain/realised/lthsopr_indicator/lthsopr_indicator_light.html,2026-10-06
2023-12-16,31936.520379,https://charts-cdn.checkonchain.com/btconchain/realised/lthsopr_indicator/lthsopr_indicator_light.html,2026-10-06
2023-12-17,31953.979701,https://charts-cdn.checkonchain.com/btconchain/realised/lthsopr_indicator/lthsopr_indicator_light.html,2026-10-06
2023-12-18,31979.859893,https://charts-cdn.checkonchain.com/btconchain/realised/lthsopr_indicator/lthsopr_indicator_light.html,2026-10-06
2023-12-19,31971.616727,https://charts-cdn.checkonchain.com/btconchain/realised/lthsopr_indicator/lthsopr_indicator_light.html,2026-10-06
2023-12-20,31959.398370,https://charts-cdn.checkonchain.com/btconchain/realised/lthsopr_indicator/lthsopr_indicator_light.html,2026-10-06
2023-12-21,31959.384563,https://charts-cdn.checkonchain.com/btconchain/realised/lthsopr_indicator/lthsopr_indicator_light.html,2026-10-06
2023-12-22,31936.970296,https://charts-cdn.checkonchain.com/btconchain/realised/lthsopr_indicator/lthsopr_indicator_light.html,2026-10-06
2023-12-23,31943.722379,https://charts-cdn.checkonchain.com/btconchain/realised/lthsopr_indicator/lthsopr_indicator_light.html,2026-10-06
2023-12-24,32001.577364,https://charts-cdn.checkonchain.com/btconchain/realised/lthsopr_indicator/lthsopr_indicator_light.html,2026-10-06
2023-12-25,32128.293373,https://charts-cdn.checkonchain.com/btconchain/realised/lthsopr_indicator/lthsopr_indicator_light.html,2026-10-06
2023-12-26,32131.473900,https://charts-cdn.checkonchain.com/btconchain/realised/lthsopr_indicator/lthsopr_indicator_light.html,2026-10-06
2023-12-27,32110.677860,https://charts-cdn.checkonchain.com/btconchain/realised/lthsopr_indicator/lthsopr_indicator_light.html,2026-10-06
2023-12-28,32114.252344,https://charts-cdn.checkonchain.com/btconchain/realised/lthsopr_indicator/lthsopr_indicator_light.html,2026-10-06
2023-12-29,32041.309585,https://charts-cdn.checkonchain.com/btconchain/realised/lthsopr_indicator/lthsopr_indicator_light.html,2026-10-06
2023-12-30,32053.966019,https://charts-cdn.checkonchain.com/btconchain/realised/lthsopr_indicator/lthsopr_indicator_light.html,2026-10-06
2023-12-31,32058.858006,https://charts-cdn.checkonchain.com/btconchain/realised/lthsopr_indicator/lthsopr_indicator_light.html,2026-10-06
2024-01-01,32065.724699,https://charts-cdn.checkonchain.com/btconchain/realised/lthsopr_indicator/lthsopr_indicator_light.html,2026-10-06
2024-01-02,32050.405707,https://charts-cdn.checkonchain.com/btconchain/realised/lthsopr_indicator/lthsopr_indicator_light.html,2026-10-06
2024-01-03,32045.995493,https://charts-cdn.checkonchain.com/btconchain/realised/lthsopr_indicator/lthsopr_indicator_light.html,2026-10-06
2024-01-04,31821.147377,https://charts-cdn.checkonchain.com/btconchain/realised/lthsopr_indicator/lthsopr_indicator_light.html,2026-10-06
2024-01-05,31806.692949,https://charts-cdn.checkonchain.com/btconchain/realised/lthsopr_indicator/lthsopr_indicator_light.html,2026-10-06
2024-01-06,31819.233615,https://charts-cdn.checkonchain.com/btconchain/realised/lthsopr_indicator/lthsopr_indicator_light.html,2026-10-06
2024-01-07,31824.229951,https://charts-cdn.checkonchain.com/btconchain/realised/lthsopr_indicator/lthsopr_indicator_light.html,2026-10-06
2024-01-08,31822.154675,https://charts-cdn.checkonchain.com/btconchain/realised/lthsopr_indicator/lthsopr_indicator_light.html,2026-10-06
2024-01-09,31811.440768,https://charts-cdn.checkonchain.com/btconchain/realised/lthsopr_indicator/lthsopr_indicator_light.html,2026-10-06
2024-01-10,31803.382244,https://charts-cdn.checkonchain.com/btconchain/realised/lthsopr_indicator/lthsopr_indicator_light.html,2026-10-06
2024-01-11,31802.547078,https://charts-cdn.checkonchain.com/btconchain/realised/lthsopr_indicator/lthsopr_indicator_light.html,2026-10-06
2024-01-12,31796.808622,https://charts-cdn.checkonchain.com/btconchain/realised/lthsopr_indicator/lthsopr_indicator_light.html,2026-10-06
2024-01-13,31806.862453,https://charts-cdn.checkonchain.com/btconchain/realised/lthsopr_indicator/lthsopr_indicator_light.html,2026-10-06
2024-01-14,31819.015160,https://charts-cdn.checkonchain.com/btconchain/realised/lthsopr_indicator/lthsopr_indicator_light.html,2026-10-06
2024-01-15,31832.618714,https://charts-cdn.checkonchain.com/btconchain/realised/lthsopr_indicator/lthsopr_indicator_light.html,2026-10-06
2024-01-16,31825.825407,https://charts-cdn.checkonchain.com/btconchain/realised/lthsopr_indicator/lthsopr_indicator_light.html,2026-10-06
2024-01-17,31779.539849,https://charts-cdn.checkonchain.com/btconchain/realised/lthsopr_indicator/lthsopr_indicator_light.html,2026-10-06
2024-01-18,31760.049259,https://charts-cdn.checkonchain.com/btconchain/realised/lthsopr_indicator/lthsopr_indicator_light.html,2026-10-06
2024-01-19,31743.939807,https://charts-cdn.checkonchain.com/btconchain/realised/lthsopr_indicator/lthsopr_indicator_light.html,2026-10-06
2024-01-20,31755.286494,https://charts-cdn.checkonchain.com/btconchain/realised/lthsopr_indicator/lthsopr_indicator_light.html,2026-10-06
2024-01-21,31765.174907,https://charts-cdn.checkonchain.com/btconchain/realised/lthsopr_indicator/lthsopr_indicator_light.html,2026-10-06
2024-01-22,31734.809483,https://charts-cdn.checkonchain.com/btconchain/realised/lthsopr_indicator/lthsopr_indicator_light.html,2026-10-06
2024-01-23,31700.608915,https://charts-cdn.checkonchain.com/btconchain/realised/lthsopr_indicator/lthsopr_indicator_light.html,2026-10-06
2024-01-24,31659.548987,https://charts-cdn.checkonchain.com/btconchain/realised/lthsopr_indicator/lthsopr_indicator_light.html,2026-10-06
2024-01-25,31653.121011,https://charts-cdn.checkonchain.com/btconchain/realised/lthsopr_indicator/lthsopr_indicator_light.html,2026-10-06
2024-01-26,31643.287886,https://charts-cdn.checkonchain.com/btconchain/realised/lthsopr_indicator/lthsopr_indicator_light.html,2026-10-06
2024-01-27,31653.019172,https://charts-cdn.checkonchain.com/btconchain/realised/lthsopr_indicator/lthsopr_indicator_light.html,2026-10-06
2024-01-28,31664.298559,https://charts-cdn.checkonchain.com/btconchain/realised/lthsopr_indicator/lthsopr_indicator_light.html,2026-10-06
2024-01-29,31641.137760,https://charts-cdn.checkonchain.com/btconchain/realised/lthsopr_indicator/lthsopr_indicator_light.html,2026-10-06
2024-01-30,31592.307307,https://charts-cdn.checkonchain.com/btconchain/realised/lthsopr_indicator/lthsopr_indicator_light.html,2026-10-06
2024-01-31,31576.733085,https://charts-cdn.checkonchain.com/btconchain/realised/lthsopr_indicator/lthsopr_indicator_light.html,2026-10-06
2024-02-01,31568.186784,https://charts-cdn.checkonchain.com/btconchain/realised/lthsopr_indicator/lthsopr_indicator_light.html,2026-10-06
2024-02-02,31561.640442,https://charts-cdn.checkonchain.com/btconchain/realised/lthsopr_indicator/lthsopr_indicator_light.html,2026-10-06
2024-02-03,31575.630360,https://charts-cdn.checkonchain.com/btconchain/realised/lthsopr_indicator/lthsopr_indicator_light.html,2026-10-06
2024-02-04,31579.631126,https://charts-cdn.checkonchain.com/btconchain/realised/lthsopr_indicator/lthsopr_indicator_light.html,2026-10-06
2024-02-05,31575.732979,https://charts-cdn.checkonchain.com/btconchain/realised/lthsopr_indicator/lthsopr_indicator_light.html,2026-10-06
2024-02-06,31573.340294,https://charts-cdn.checkonchain.com/btconchain/realised/lthsopr_indicator/lthsopr_indicator_light.html,2026-10-06
2024-02-07,31569.839898,https://charts-cdn.checkonchain.com/btconchain/realised/lthsopr_indicator/lthsopr_indicator_light.html,2026-10-06
2024-02-08,31565.469187,https://charts-cdn.checkonchain.com/btconchain/realised/lthsopr_indicator/lthsopr_indicator_light.html,2026-10-06
2024-02-09,31556.028186,https://charts-cdn.checkonchain.com/btconchain/realised/lthsopr_indicator/lthsopr_indicator_light.html,2026-10-06
2024-02-10,31559.559837,https://charts-cdn.checkonchain.com/btconchain/realised/lthsopr_indicator/lthsopr_indicator_light.html,2026-10-06
2024-02-11,31561.854464,https://charts-cdn.checkonchain.com/btconchain/realised/lthsopr_indicator/lthsopr_indicator_light.html,2026-10-06
2024-02-12,31543.030345,https://charts-cdn.checkonchain.com/btconchain/realised/lthsopr_indicator/lthsopr_indicator_light.html,2026-10-06
2024-02-13,31530.975222,https://charts-cdn.checkonchain.com/btconchain/realised/lthsopr_indicator/lthsopr_indicator_light.html,2026-10-06
2024-02-14,31473.346841,https://charts-cdn.checkonchain.com/btconchain/realised/lthsopr_indicator/lthsopr_indicator_light.html,2026-10-06
2024-02-15,31458.708652,https://charts-cdn.checkonchain.com/btconchain/realised/lthsopr_indicator/lthsopr_indicator_light.html,2026-10-06
2024-02-16,31449.362939,https://charts-cdn.checkonchain.com/btconchain/realised/lthsopr_indicator/lthsopr_indicator_light.html,2026-10-06
2024-02-17,31455.382352,https://charts-cdn.checkonchain.com/btconchain/realised/lthsopr_indicator/lthsopr_indicator_light.html,2026-10-06
2024-02-18,31459.429276,https://charts-cdn.checkonchain.com/btconchain/realised/lthsopr_indicator/lthsopr_indicator_light.html,2026-10-06
2024-02-19,31458.257214,https://charts-cdn.checkonchain.com/btconchain/realised/lthsopr_indicator/lthsopr_indicator_light.html,2026-10-06
2024-02-20,31462.016897,https://charts-cdn.checkonchain.com/btconchain/realised/lthsopr_indicator/lthsopr_indicator_light.html,2026-10-06
2024-02-21,31433.253109,https://charts-cdn.checkonchain.com/btconchain/realised/lthsopr_indicator/lthsopr_indicator_light.html,2026-10-06
2024-02-22,31426.354972,https://charts-cdn.checkonchain.com/btconchain/realised/lthsopr_indicator/lthsopr_indicator_light.html,2026-10-06
2024-02-23,31385.104098,https://charts-cdn.checkonchain.com/btconchain/realised/lthsopr_indicator/lthsopr_indicator_light.html,2026-10-06
2024-02-24,31390.984322,https://charts-cdn.checkonchain.com/btconchain/realised/lthsopr_indicator/lthsopr_indicator_light.html,2026-10-06
2024-02-25,31400.655445,https://charts-cdn.checkonchain.com/btconchain/realised/lthsopr_indicator/lthsopr_indicator_light.html,2026-10-06
2024-02-26,31397.742801,https://charts-cdn.checkonchain.com/btconchain/realised/lthsopr_indicator/lthsopr_indicator_light.html,2026-10-06
2024-02-27,31372.541838,https://charts-cdn.checkonchain.com/btconchain/realised/lthsopr_indicator/lthsopr_indicator_light.html,2026-10-06
2024-02-28,31284.420687,https://charts-cdn.checkonchain.com/btconchain/realised/lthsopr_indicator/lthsopr_indicator_light.html,2026-10-06
2024-02-29,31248.229691,https://charts-cdn.checkonchain.com/btconchain/realised/lthsopr_indicator/lthsopr_indicator_light.html,2026-10-06
2024-03-01,31209.443414,https://charts-cdn.checkonchain.com/btconchain/realised/lthsopr_indicator/lthsopr_indicator_light.html,2026-10-06
2024-03-02,31210.212023,https://charts-cdn.checkonchain.com/btconchain/realised/lthsopr_indicator/lthsopr_indicator_light.html,2026-10-06
2024-03-03,31214.195870,https://charts-cdn.checkonchain.com/btconchain/realised/lthsopr_indicator/lthsopr_indicator_light.html,2026-10-06
2024-03-04,31160.118911,https://charts-cdn.checkonchain.com/btconchain/realised/lthsopr_indicator/lthsopr_indicator_light.html,2026-10-06
2024-03-05,31081.814816,https://charts-cdn.checkonchain.com/btconchain/realised/lthsopr_indicator/lthsopr_indicator_light.html,2026-10-06
2024-03-06,30926.176752,https://charts-cdn.checkonchain.com/btconchain/realised/lthsopr_indicator/lthsopr_indicator_light.html,2026-10-06
2024-03-07,30900.566811,https://charts-cdn.checkonchain.com/btconchain/realised/lthsopr_indicator/lthsopr_indicator_light.html,2026-10-06
2024-03-08,30864.527901,https://charts-cdn.checkonchain.com/btconchain/realised/lthsopr_indicator/lthsopr_indicator_light.html,2026-10-06
2024-03-09,30863.370919,https://charts-cdn.checkonchain.com/btconchain/realised/lthsopr_indicator/lthsopr_indicator_light.html,2026-10-06
2024-03-10,30856.500781,https://charts-cdn.checkonchain.com/btconchain/realised/lthsopr_indicator/lthsopr_indicator_light.html,2026-10-06
2024-03-11,30807.684303,https://charts-cdn.checkonchain.com/btconchain/realised/lthsopr_indicator/lthsopr_indicator_light.html,2026-10-06
2024-03-12,30774.685532,https://charts-cdn.checkonchain.com/btconchain/realised/lthsopr_indicator/lthsopr_indicator_light.html,2026-10-06
2024-03-13,30749.330841,https://charts-cdn.checkonchain.com/btconchain/realised/lthsopr_indicator/lthsopr_indicator_light.html,2026-10-06
2024-03-14,30734.022337,https://charts-cdn.checkonchain.com/btconchain/realised/lthsopr_indicator/lthsopr_indicator_light.html,2026-10-06
2024-03-15,30713.374931,https://charts-cdn.checkonchain.com/btconchain/realised/lthsopr_indicator/lthsopr_indicator_light.html,2026-10-06
2024-03-16,30719.566718,https://charts-cdn.checkonchain.com/btconchain/realised/lthsopr_indicator/lthsopr_indicator_light.html,2026-10-06
2024-03-17,30789.563705,https://charts-cdn.checkonchain.com/btconchain/realised/lthsopr_indicator/lthsopr_indicator_light.html,2026-10-06
2024-03-18,30770.418000,https://charts-cdn.checkonchain.com/btconchain/realised/lthsopr_indicator/lthsopr_indicator_light.html,2026-10-06
2024-03-19,30750.353343,https://charts-cdn.checkonchain.com/btconchain/realised/lthsopr_indicator/lthsopr_indicator_light.html,2026-10-06
2024-03-20,30719.348743,https://charts-cdn.checkonchain.com/btconchain/realised/lthsopr_indicator/lthsopr_indicator_light.html,2026-10-06
2024-03-21,30679.524143,https://charts-cdn.checkonchain.com/btconchain/realised/lthsopr_indicator/lthsopr_indicator_light.html,2026-10-06
2024-03-22,30711.094827,https://charts-cdn.checkonchain.com/btconchain/realised/lthsopr_indicator/lthsopr_indicator_light.html,2026-10-06
2024-03-23,30711.092643,https://charts-cdn.checkonchain.com/btconchain/realised/lthsopr_indicator/lthsopr_indicator_light.html,2026-10-06
2024-03-24,30737.548794,https://charts-cdn.checkonchain.com/btconchain/realised/lthsopr_indicator/lthsopr_indicator_light.html,2026-10-06
2024-03-25,30577.055625,https://charts-cdn.checkonchain.com/btconchain/realised/lthsopr_indicator/lthsopr_indicator_light.html,2026-10-06
2024-03-26,30559.204653,https://charts-cdn.checkonchain.com/btconchain/realised/lthsopr_indicator/lthsopr_indicator_light.html,2026-10-06
2024-03-27,30552.862249,https://charts-cdn.checkonchain.com/btconchain/realised/lthsopr_indicator/lthsopr_indicator_light.html,2026-10-06
2024-03-28,30563.368493,https://charts-cdn.checkonchain.com/btconchain/realised/lthsopr_indicator/lthsopr_indicator_light.html,2026-10-06
2024-03-29,30571.939844,https://charts-cdn.checkonchain.com/btconchain/realised/lthsopr_indicator/lthsopr_indicator_light.html,2026-10-06
2024-03-30,30595.314415,https://charts-cdn.checkonchain.com/btconchain/realised/lthsopr_indicator/lthsopr_indicator_light.html,2026-10-06
2024-03-31,30603.153132,https://charts-cdn.checkonchain.com/btconchain/realised/lthsopr_indicator/lthsopr_indicator_light.html,2026-10-06
2024-04-01,30517.774751,https://charts-cdn.checkonchain.com/btconchain/realised/lthsopr_indicator/lthsopr_indicator_light.html,2026-10-06
2024-04-02,30486.532494,https://charts-cdn.checkonchain.com/btconchain/realised/lthsopr_indicator/lthsopr_indicator_light.html,2026-10-06
2024-04-03,30479.142369,https://charts-cdn.checkonchain.com/btconchain/realised/lthsopr_indicator/lthsopr_indicator_light.html,2026-10-06
2024-04-04,30479.001432,https://charts-cdn.checkonchain.com/btconchain/realised/lthsopr_indicator/lthsopr_indicator_light.html,2026-10-06
2024-04-05,30490.229096,https://charts-cdn.checkonchain.com/btconchain/realised/lthsopr_indicator/lthsopr_indicator_light.html,2026-10-06
2024-04-06,30503.114366,https://charts-cdn.checkonchain.com/btconchain/realised/lthsopr_indicator/lthsopr_indicator_light.html,2026-10-06
2024-04-07,30530.962993,https://charts-cdn.checkonchain.com/btconchain/realised/lthsopr_indicator/lthsopr_indicator_light.html,2026-10-06
2024-04-08,30543.882840,https://charts-cdn.checkonchain.com/btconchain/realised/lthsopr_indicator/lthsopr_indicator_light.html,2026-10-06
2024-04-09,30529.257668,https://charts-cdn.checkonchain.com/btconchain/realised/lthsopr_indicator/lthsopr_indicator_light.html,2026-10-06
2024-04-10,30529.582031,https://charts-cdn.checkonchain.com/btconchain/realised/lthsopr_indicator/lthsopr_indicator_light.html,2026-10-06
2024-04-11,30535.933787,https://charts-cdn.checkonchain.com/btconchain/realised/lthsopr_indicator/lthsopr_indicator_light.html,2026-10-06
2024-04-12,30545.510240,https://charts-cdn.checkonchain.com/btconchain/realised/lthsopr_indicator/lthsopr_indicator_light.html,2026-10-06
2024-04-13,30572.535838,https://charts-cdn.checkonchain.com/btconchain/realised/lthsopr_indicator/lthsopr_indicator_light.html,2026-10-06
2024-04-14,30596.484180,https://charts-cdn.checkonchain.com/btconchain/realised/lthsopr_indicator/lthsopr_indicator_light.html,2026-10-06
2024-04-15,30593.546009,https://charts-cdn.checkonchain.com/btconchain/realised/lthsopr_indicator/lthsopr_indicator_light.html,2026-10-06
2024-04-16,30588.501330,https://charts-cdn.checkonchain.com/btconchain/realised/lthsopr_indicator/lthsopr_indicator_light.html,2026-10-06
2024-04-17,30595.217480,https://charts-cdn.checkonchain.com/btconchain/realised/lthsopr_indicator/lthsopr_indicator_light.html,2026-10-06
2024-04-18,30581.243845,https://charts-cdn.checkonchain.com/btconchain/realised/lthsopr_indicator/lthsopr_indicator_light.html,2026-10-06
2024-04-19,30592.685018,https://charts-cdn.checkonchain.com/btconchain/realised/lthsopr_indicator/lthsopr_indicator_light.html,2026-10-06
2024-04-20,30632.050810,https://charts-cdn.checkonchain.com/btconchain/realised/lthsopr_indicator/lthsopr_indicator_light.html,2026-10-06
2024-04-21,30671.278947,https://charts-cdn.checkonchain.com/btconchain/realised/lthsopr_indicator/lthsopr_indicator_light.html,2026-10-06
2024-04-22,30685.761838,https://charts-cdn.checkonchain.com/btconchain/realised/lthsopr_indicator/lthsopr_indicator_light.html,2026-10-06
2024-04-23,30687.772695,https://charts-cdn.checkonchain.com/btconchain/realised/lthsopr_indicator/lthsopr_indicator_light.html,2026-10-06
2024-04-24,30614.985329,https://charts-cdn.checkonchain.com/btconchain/realised/lthsopr_indicator/lthsopr_indicator_light.html,2026-10-06
2024-04-25,30627.853489,https://charts-cdn.checkonchain.com/btconchain/realised/lthsopr_indicator/lthsopr_indicator_light.html,2026-10-06
2024-04-26,30631.251424,https://charts-cdn.checkonchain.com/btconchain/realised/lthsopr_indicator/lthsopr_indicator_light.html,2026-10-06
2024-04-27,30652.457279,https://charts-cdn.checkonchain.com/btconchain/realised/lthsopr_indicator/lthsopr_indicator_light.html,2026-10-06
2024-04-28,30699.311482,https://charts-cdn.checkonchain.com/btconchain/realised/lthsopr_indicator/lthsopr_indicator_light.html,2026-10-06
2024-04-29,30712.424190,https://charts-cdn.checkonchain.com/btconchain/realised/lthsopr_indicator/lthsopr_indicator_light.html,2026-10-06
2024-04-30,30700.770580,https://charts-cdn.checkonchain.com/btconchain/realised/lthsopr_indicator/lthsopr_indicator_light.html,2026-10-06
2024-05-01,30700.989577,https://charts-cdn.checkonchain.com/btconchain/realised/lthsopr_indicator/lthsopr_indicator_light.html,2026-10-06
2024-05-02,30730.780160,https://charts-cdn.checkonchain.com/btconchain/realised/lthsopr_indicator/lthsopr_indicator_light.html,2026-10-06
2024-05-03,30750.361345,https://charts-cdn.checkonchain.com/btconchain/realised/lthsopr_indicator/lthsopr_indicator_light.html,2026-10-06
2024-05-04,30826.732629,https://charts-cdn.checkonchain.com/btconchain/realised/lthsopr_indicator/lthsopr_indicator_light.html,2026-10-06
2024-05-05,30872.196966,https://charts-cdn.checkonchain.com/btconchain/realised/lthsopr_indicator/lthsopr_indicator_light.html,2026-10-06
2024-05-06,30906.286723,https://charts-cdn.checkonchain.com/btconchain/realised/lthsopr_indicator/lthsopr_indicator_light.html,2026-10-06
2024-05-07,30922.718505,https://charts-cdn.checkonchain.com/btconchain/realised/lthsopr_indicator/lthsopr_indicator_light.html,2026-10-06
2024-05-08,30940.629157,https://charts-cdn.checkonchain.com/btconchain/realised/lthsopr_indicator/lthsopr_indicator_light.html,2026-10-06
2024-05-09,30991.030822,https://charts-cdn.checkonchain.com/btconchain/realised/lthsopr_indicator/lthsopr_indicator_light.html,2026-10-06
2024-05-10,31110.766616,https://charts-cdn.checkonchain.com/btconchain/realised/lthsopr_indicator/lthsopr_indicator_light.html,2026-10-06
2024-05-11,31134.741082,https://charts-cdn.checkonchain.com/btconchain/realised/lthsopr_indicator/lthsopr_indicator_light.html,2026-10-06
2024-05-12,31155.759738,https://charts-cdn.checkonchain.com/btconchain/realised/lthsopr_indicator/lthsopr_indicator_light.html,2026-10-06
2024-05-13,31178.188218,https://charts-cdn.checkonchain.com/btconchain/realised/lthsopr_indicator/lthsopr_indicator_light.html,2026-10-06
2024-05-14,31184.270803,https://charts-cdn.checkonchain.com/btconchain/realised/lthsopr_indicator/lthsopr_indicator_light.html,2026-10-06
2024-05-15,31180.172021,https://charts-cdn.checkonchain.com/btconchain/realised/lthsopr_indicator/lthsopr_indicator_light.html,2026-10-06
2024-05-16,31212.280088,https://charts-cdn.checkonchain.com/btconchain/realised/lthsopr_indicator/lthsopr_indicator_light.html,2026-10-06
2024-05-17,31230.032012,https://charts-cdn.checkonchain.com/btconchain/realised/lthsopr_indicator/lthsopr_indicator_light.html,2026-10-06
2024-05-18,31267.831085,https://charts-cdn.checkonchain.com/btconchain/realised/lthsopr_indicator/lthsopr_indicator_light.html,2026-10-06
2024-05-19,31300.965643,https://charts-cdn.checkonchain.com/btconchain/realised/lthsopr_indicator/lthsopr_indicator_light.html,2026-10-06
2024-05-20,31347.253197,https://charts-cdn.checkonchain.com/btconchain/realised/lthsopr_indicator/lthsopr_indicator_light.html,2026-10-06
2024-05-21,31350.735783,https://charts-cdn.checkonchain.com/btconchain/realised/lthsopr_indicator/lthsopr_indicator_light.html,2026-10-06
2024-05-22,31378.780921,https://charts-cdn.checkonchain.com/btconchain/realised/lthsopr_indicator/lthsopr_indicator_light.html,2026-10-06
2024-05-23,31374.802313,https://charts-cdn.checkonchain.com/btconchain/realised/lthsopr_indicator/lthsopr_indicator_light.html,2026-10-06
2024-05-24,31414.108208,https://charts-cdn.checkonchain.com/btconchain/realised/lthsopr_indicator/lthsopr_indicator_light.html,2026-10-06
2024-05-25,31462.617695,https://charts-cdn.checkonchain.com/btconchain/realised/lthsopr_indicator/lthsopr_indicator_light.html,2026-10-06
2024-05-26,31507.159479,https://charts-cdn.checkonchain.com/btconchain/realised/lthsopr_indicator/lthsopr_indicator_light.html,2026-10-06
2024-05-27,31545.497334,https://charts-cdn.checkonchain.com/btconchain/realised/lthsopr_indicator/lthsopr_indicator_light.html,2026-10-06
2024-05-28,31523.886546,https://charts-cdn.checkonchain.com/btconchain/realised/lthsopr_indicator/lthsopr_indicator_light.html,2026-10-06
2024-05-29,31558.723082,https://charts-cdn.checkonchain.com/btconchain/realised/lthsopr_indicator/lthsopr_indicator_light.html,2026-10-06
2024-05-30,31565.528789,https://charts-cdn.checkonchain.com/btconchain/realised/lthsopr_indicator/lthsopr_indicator_light.html,2026-10-06
2024-05-31,31596.524419,https://charts-cdn.checkonchain.com/btconchain/realised/lthsopr_indicator/lthsopr_indicator_light.html,2026-10-06
2024-06-01,31642.281081,https://charts-cdn.checkonchain.com/btconchain/realised/lthsopr_indicator/lthsopr_indicator_light.html,2026-10-06
2024-06-02,31697.548568,https://charts-cdn.checkonchain.com/btconchain/realised/lthsopr_indicator/lthsopr_indicator_light.html,2026-10-06
2024-06-03,31718.193179,https://charts-cdn.checkonchain.com/btconchain/realised/lthsopr_indicator/lthsopr_indicator_light.html,2026-10-06
2024-06-04,31750.147635,https://charts-cdn.checkonchain.com/btconchain/realised/lthsopr_indicator/lthsopr_indicator_light.html,2026-10-06
2024-06-05,31763.129167,https://charts-cdn.checkonchain.com/btconchain/realised/lthsopr_indicator/lthsopr_indicator_light.html,2026-10-06
2024-06-06,31745.648625,https://charts-cdn.checkonchain.com/btconchain/realised/lthsopr_indicator/lthsopr_indicator_light.html,2026-10-06
2024-06-07,31783.393714,https://charts-cdn.checkonchain.com/btconchain/realised/lthsopr_indicator/lthsopr_indicator_light.html,2026-10-06
2024-06-08,31830.454507,https://charts-cdn.checkonchain.com/btconchain/realised/lthsopr_indicator/lthsopr_indicator_light.html,2026-10-06
2024-06-09,31888.096467,https://charts-cdn.checkonchain.com/btconchain/realised/lthsopr_indicator/lthsopr_indicator_light.html,2026-10-06
2024-06-10,31916.167509,https://charts-cdn.checkonchain.com/btconchain/realised/lthsopr_indicator/lthsopr_indicator_light.html,2026-10-06
2024-06-11,31911.395585,https://charts-cdn.checkonchain.com/btconchain/realised/lthsopr_indicator/lthsopr_indicator_light.html,2026-10-06
2024-06-12,31905.758018,https://charts-cdn.checkonchain.com/btconchain/realised/lthsopr_indicator/lthsopr_indicator_light.html,2026-10-06
2024-06-13,31943.245899,https://charts-cdn.checkonchain.com/btconchain/realised/lthsopr_indicator/lthsopr_indicator_light.html,2026-10-06
2024-06-14,32080.736379,https://charts-cdn.checkonchain.com/btconchain/realised/lthsopr_indicator/lthsopr_indicator_light.html,2026-10-06
2024-06-15,32111.899488,https://charts-cdn.checkonchain.com/btconchain/realised/lthsopr_indicator/lthsopr_indicator_light.html,2026-10-06
2024-06-16,32283.670233,https://charts-cdn.checkonchain.com/btconchain/realised/lthsopr_indicator/lthsopr_indicator_light.html,2026-10-06
2024-06-17,32299.810542,https://charts-cdn.checkonchain.com/btconchain/realised/lthsopr_indicator/lthsopr_indicator_light.html,2026-10-06
2024-06-18,32306.707261,https://charts-cdn.checkonchain.com/btconchain/realised/lthsopr_indicator/lthsopr_indicator_light.html,2026-10-06
2024-06-19,32289.761773,https://charts-cdn.checkonchain.com/btconchain/realised/lthsopr_indicator/lthsopr_indicator_light.html,2026-10-06
2024-06-20,32313.539954,https://charts-cdn.checkonchain.com/btconchain/realised/lthsopr_indicator/lthsopr_indicator_light.html,2026-10-06
2024-06-21,32372.986331,https://charts-cdn.checkonchain.com/btconchain/realised/lthsopr_indicator/lthsopr_indicator_light.html,2026-10-06
2024-06-22,32352.208080,https://charts-cdn.checkonchain.com/btconchain/realised/lthsopr_indicator/lthsopr_indicator_light.html,2026-10-06
2024-06-23,32377.574331,https://charts-cdn.checkonchain.com/btconchain/realised/lthsopr_indicator/lthsopr_indicator_light.html,2026-10-06
2024-06-24,32373.625573,https://charts-cdn.checkonchain.com/btconchain/realised/lthsopr_indicator/lthsopr_indicator_light.html,2026-10-06
2024-06-25,32380.789868,https://charts-cdn.checkonchain.com/btconchain/realised/lthsopr_indicator/lthsopr_indicator_light.html,2026-10-06
2024-06-26,32376.635748,https://charts-cdn.checkonchain.com/btconchain/realised/lthsopr_indicator/lthsopr_indicator_light.html,2026-10-06
2024-06-27,32355.057154,https://charts-cdn.checkonchain.com/btconchain/realised/lthsopr_indicator/lthsopr_indicator_light.html,2026-10-06
2024-06-28,32372.340613,https://charts-cdn.checkonchain.com/btconchain/realised/lthsopr_indicator/lthsopr_indicator_light.html,2026-10-06
2024-06-29,32427.424613,https://charts-cdn.checkonchain.com/btconchain/realised/lthsopr_indicator/lthsopr_indicator_light.html,2026-10-06
2024-06-30,32438.869667,https://charts-cdn.checkonchain.com/btconchain/realised/lthsopr_indicator/lthsopr_indicator_light.html,2026-10-06
2024-07-01,32447.490358,https://charts-cdn.checkonchain.com/btconchain/realised/lthsopr_indicator/lthsopr_indicator_light.html,2026-10-06
2024-07-02,32455.914200,https://charts-cdn.checkonchain.com/btconchain/realised/lthsopr_indicator/lthsopr_indicator_light.html,2026-10-06
2024-07-03,32470.608670,https://charts-cdn.checkonchain.com/btconchain/realised/lthsopr_indicator/lthsopr_indicator_light.html,2026-10-06
2024-07-04,32375.574540,https://charts-cdn.checkonchain.com/btconchain/realised/lthsopr_indicator/lthsopr_indicator_light.html,2026-10-06
2024-07-05,32376.465557,https://charts-cdn.checkonchain.com/btconchain/realised/lthsopr_indicator/lthsopr_indicator_light.html,2026-10-06
2024-07-06,32422.115495,https://charts-cdn.checkonchain.com/btconchain/realised/lthsopr_indicator/lthsopr_indicator_light.html,2026-10-06
2024-07-07,32457.580579,https://charts-cdn.checkonchain.com/btconchain/realised/lthsopr_indicator/lthsopr_indicator_light.html,2026-10-06
2024-07-08,32490.806066,https://charts-cdn.checkonchain.com/btconchain/realised/lthsopr_indicator/lthsopr_indicator_light.html,2026-10-06
2024-07-09,32496.290533,https://charts-cdn.checkonchain.com/btconchain/realised/lthsopr_indicator/lthsopr_indicator_light.html,2026-10-06
2024-07-10,32517.962765,https://charts-cdn.checkonchain.com/btconchain/realised/lthsopr_indicator/lthsopr_indicator_light.html,2026-10-06
2024-07-11,32565.386783,https://charts-cdn.checkonchain.com/btconchain/realised/lthsopr_indicator/lthsopr_indicator_light.html,2026-10-06
2024-07-12,32597.760140,https://charts-cdn.checkonchain.com/btconchain/realised/lthsopr_indicator/lthsopr_indicator_light.html,2026-10-06
2024-07-13,32710.551905,https://charts-cdn.checkonchain.com/btconchain/realised/lthsopr_indicator/lthsopr_indicator_light.html,2026-10-06
2024-07-14,32806.790446,https://charts-cdn.checkonchain.com/btconchain/realised/lthsopr_indicator/lthsopr_indicator_light.html,2026-10-06
2024-07-15,32850.581639,https://charts-cdn.checkonchain.com/btconchain/realised/lthsopr_indicator/lthsopr_indicator_light.html,2026-10-06
2024-07-16,32871.078819,https://charts-cdn.checkonchain.com/btconchain/realised/lthsopr_indicator/lthsopr_indicator_light.html,2026-10-06
2024-07-17,32889.654844,https://charts-cdn.checkonchain.com/btconchain/realised/lthsopr_indicator/lthsopr_indicator_light.html,2026-10-06
2024-07-18,32895.303346,https://charts-cdn.checkonchain.com/btconchain/realised/lthsopr_indicator/lthsopr_indicator_light.html,2026-10-06
2024-07-19,32915.726348,https://charts-cdn.checkonchain.com/btconchain/realised/lthsopr_indicator/lthsopr_indicator_light.html,2026-10-06
2024-07-20,32952.026065,https://charts-cdn.checkonchain.com/btconchain/realised/lthsopr_indicator/lthsopr_indicator_light.html,2026-10-06
2024-07-21,33037.157430,https://charts-cdn.checkonchain.com/btconchain/realised/lthsopr_indicator/lthsopr_indicator_light.html,2026-10-06
2024-07-22,33070.773771,https://charts-cdn.checkonchain.com/btconchain/realised/lthsopr_indicator/lthsopr_indicator_light.html,2026-10-06
2024-07-23,33065.867039,https://charts-cdn.checkonchain.com/btconchain/realised/lthsopr_indicator/lthsopr_indicator_light.html,2026-10-06
2024-07-24,33080.240819,https://charts-cdn.checkonchain.com/btconchain/realised/lthsopr_indicator/lthsopr_indicator_light.html,2026-10-06
2024-07-25,33116.564852,https://charts-cdn.checkonchain.com/btconchain/realised/lthsopr_indicator/lthsopr_indicator_light.html,2026-10-06
2024-07-26,33269.288558,https://charts-cdn.checkonchain.com/btconchain/realised/lthsopr_indicator/lthsopr_indicator_light.html,2026-10-06
2024-07-27,33950.412268,https://charts-cdn.checkonchain.com/btconchain/realised/lthsopr_indicator/lthsopr_indicator_light.html,2026-10-06
2024-07-28,34144.024995,https://charts-cdn.checkonchain.com/btconchain/realised/lthsopr_indicator/lthsopr_indicator_light.html,2026-10-06
2024-07-29,34307.144010,https://charts-cdn.checkonchain.com/btconchain/realised/lthsopr_indicator/lthsopr_indicator_light.html,2026-10-06
2024-07-30,34202.457351,https://charts-cdn.checkonchain.com/btconchain/realised/lthsopr_indicator/lthsopr_indicator_light.html,2026-10-06
2024-07-31,34238.529423,https://charts-cdn.checkonchain.com/btconchain/realised/lthsopr_indicator/lthsopr_indicator_light.html,2026-10-06
2024-08-01,34386.612855,https://charts-cdn.checkonchain.com/btconchain/realised/lthsopr_indicator/lthsopr_indicator_light.html,2026-10-06
2024-08-02,34748.840429,https://charts-cdn.checkonchain.com/btconchain/realised/lthsopr_indicator/lthsopr_indicator_light.html,2026-10-06
2024-08-03,35339.068067,https://charts-cdn.checkonchain.com/btconchain/realised/lthsopr_indicator/lthsopr_indicator_light.html,2026-10-06
2024-08-04,35621.321076,https://charts-cdn.checkonchain.com/btconchain/realised/lthsopr_indicator/lthsopr_indicator_light.html,2026-10-06
2024-08-05,35726.527991,https://charts-cdn.checkonchain.com/btconchain/realised/lthsopr_indicator/lthsopr_indicator_light.html,2026-10-06
2024-08-06,35774.220244,https://charts-cdn.checkonchain.com/btconchain/realised/lthsopr_indicator/lthsopr_indicator_light.html,2026-10-06
2024-08-07,35836.089467,https://charts-cdn.checkonchain.com/btconchain/realised/lthsopr_indicator/lthsopr_indicator_light.html,2026-10-06
2024-08-08,36268.199057,https://charts-cdn.checkonchain.com/btconchain/realised/lthsopr_indicator/lthsopr_indicator_light.html,2026-10-06
2024-08-09,36428.877528,https://charts-cdn.checkonchain.com/btconchain/realised/lthsopr_indicator/lthsopr_indicator_light.html,2026-10-06
2024-08-10,36898.885357,https://charts-cdn.checkonchain.com/btconchain/realised/lthsopr_indicator/lthsopr_indicator_light.html,2026-10-06
2024-08-11,37247.477048,https://charts-cdn.checkonchain.com/btconchain/realised/lthsopr_indicator/lthsopr_indicator_light.html,2026-10-06
2024-08-12,37348.676688,https://charts-cdn.checkonchain.com/btconchain/realised/lthsopr_indicator/lthsopr_indicator_light.html,2026-10-06
2024-08-13,37380.686674,https://charts-cdn.checkonchain.com/btconchain/realised/lthsopr_indicator/lthsopr_indicator_light.html,2026-10-06
2024-08-14,37438.050504,https://charts-cdn.checkonchain.com/btconchain/realised/lthsopr_indicator/lthsopr_indicator_light.html,2026-10-06
2024-08-15,37585.962450,https://charts-cdn.checkonchain.com/btconchain/realised/lthsopr_indicator/lthsopr_indicator_light.html,2026-10-06
2024-08-16,37675.004120,https://charts-cdn.checkonchain.com/btconchain/realised/lthsopr_indicator/lthsopr_indicator_light.html,2026-10-06
2024-08-17,37759.045144,https://charts-cdn.checkonchain.com/btconchain/realised/lthsopr_indicator/lthsopr_indicator_light.html,2026-10-06
2024-08-18,37867.276860,https://charts-cdn.checkonchain.com/btconchain/realised/lthsopr_indicator/lthsopr_indicator_light.html,2026-10-06
2024-08-19,37969.191590,https://charts-cdn.checkonchain.com/btconchain/realised/lthsopr_indicator/lthsopr_indicator_light.html,2026-10-06
2024-08-20,38383.259068,https://charts-cdn.checkonchain.com/btconchain/realised/lthsopr_indicator/lthsopr_indicator_light.html,2026-10-06
2024-08-21,38431.861602,https://charts-cdn.checkonchain.com/btconchain/realised/lthsopr_indicator/lthsopr_indicator_light.html,2026-10-06
2024-08-22,38828.593511,https://charts-cdn.checkonchain.com/btconchain/realised/lthsopr_indicator/lthsopr_indicator_light.html,2026-10-06
2024-08-23,38943.183803,https://charts-cdn.checkonchain.com/btconchain/realised/lthsopr_indicator/lthsopr_indicator_light.html,2026-10-06
2024-08-24,39011.941693,https://charts-cdn.checkonchain.com/btconchain/realised/lthsopr_indicator/lthsopr_indicator_light.html,2026-10-06
2024-08-25,39138.314280,https://charts-cdn.checkonchain.com/btconchain/realised/lthsopr_indicator/lthsopr_indicator_light.html,2026-10-06
2024-08-26,39168.792183,https://charts-cdn.checkonchain.com/btconchain/realised/lthsopr_indicator/lthsopr_indicator_light.html,2026-10-06
2024-08-27,38865.929977,https://charts-cdn.checkonchain.com/btconchain/realised/lthsopr_indicator/lthsopr_indicator_light.html,2026-10-06
2024-08-28,38897.407243,https://charts-cdn.checkonchain.com/btconchain/realised/lthsopr_indicator/lthsopr_indicator_light.html,2026-10-06
2024-08-29,39937.356985,https://charts-cdn.checkonchain.com/btconchain/realised/lthsopr_indicator/lthsopr_indicator_light.html,2026-10-06
2024-08-30,39993.607822,https://charts-cdn.checkonchain.com/btconchain/realised/lthsopr_indicator/lthsopr_indicator_light.html,2026-10-06
2024-08-31,40056.782071,https://charts-cdn.checkonchain.com/btconchain/realised/lthsopr_indicator/lthsopr_indicator_light.html,2026-10-06
2024-09-01,40166.578973,https://charts-cdn.checkonchain.com/btconchain/realised/lthsopr_indicator/lthsopr_indicator_light.html,2026-10-06
2024-09-02,40215.747330,https://charts-cdn.checkonchain.com/btconchain/realised/lthsopr_indicator/lthsopr_indicator_light.html,2026-10-06
2024-09-03,40235.076184,https://charts-cdn.checkonchain.com/btconchain/realised/lthsopr_indicator/lthsopr_indicator_light.html,2026-10-06
2024-09-04,40253.628014,https://charts-cdn.checkonchain.com/btconchain/realised/lthsopr_indicator/lthsopr_indicator_light.html,2026-10-06
2024-09-05,40317.520881,https://charts-cdn.checkonchain.com/btconchain/realised/lthsopr_indicator/lthsopr_indicator_light.html,2026-10-06
2024-09-06,40365.411952,https://charts-cdn.checkonchain.com/btconchain/realised/lthsopr_indicator/lthsopr_indicator_light.html,2026-10-06
2024-09-07,40421.468358,https://charts-cdn.checkonchain.com/btconchain/realised/lthsopr_indicator/lthsopr_indicator_light.html,2026-10-06
2024-09-08,40480.636118,https://charts-cdn.checkonchain.com/btconchain/realised/lthsopr_indicator/lthsopr_indicator_light.html,2026-10-06
2024-09-09,40529.449011,https://charts-cdn.checkonchain.com/btconchain/realised/lthsopr_indicator/lthsopr_indicator_light.html,2026-10-06
2024-09-10,40542.083300,https://charts-cdn.checkonchain.com/btconchain/realised/lthsopr_indicator/lthsopr_indicator_light.html,2026-10-06
2024-09-11,40558.687452,https://charts-cdn.checkonchain.com/btconchain/realised/lthsopr_indicator/lthsopr_indicator_light.html,2026-10-06
2024-09-12,40591.676113,https://charts-cdn.checkonchain.com/btconchain/realised/lthsopr_indicator/lthsopr_indicator_light.html,2026-10-06
2024-09-13,40620.884279,https://charts-cdn.checkonchain.com/btconchain/realised/lthsopr_indicator/lthsopr_indicator_light.html,2026-10-06
2024-09-14,40653.523781,https://charts-cdn.checkonchain.com/btconchain/realised/lthsopr_indicator/lthsopr_indicator_light.html,2026-10-06
2024-09-15,40771.606422,https://charts-cdn.checkonchain.com/btconchain/realised/lthsopr_indicator/lthsopr_indicator_light.html,2026-10-06
2024-09-16,40822.684236,https://charts-cdn.checkonchain.com/btconchain/realised/lthsopr_indicator/lthsopr_indicator_light.html,2026-10-06
2024-09-17,40823.742726,https://charts-cdn.checkonchain.com/btconchain/realised/lthsopr_indicator/lthsopr_indicator_light.html,2026-10-06
2024-09-18,40820.378957,https://charts-cdn.checkonchain.com/btconchain/realised/lthsopr_indicator/lthsopr_indicator_light.html,2026-10-06
2024-09-19,40850.788588,https://charts-cdn.checkonchain.com/btconchain/realised/lthsopr_indicator/lthsopr_indicator_light.html,2026-10-06
2024-09-20,40857.574987,https://charts-cdn.checkonchain.com/btconchain/realised/lthsopr_indicator/lthsopr_indicator_light.html,2026-10-06
2024-09-21,40905.409179,https://charts-cdn.checkonchain.com/btconchain/realised/lthsopr_indicator/lthsopr_indicator_light.html,2026-10-06
2024-09-22,40943.201884,https://charts-cdn.checkonchain.com/btconchain/realised/lthsopr_indicator/lthsopr_indicator_light.html,2026-10-06
2024-09-23,40897.865659,https://charts-cdn.checkonchain.com/btconchain/realised/lthsopr_indicator/lthsopr_indicator_light.html,2026-10-06
2024-09-24,40911.204554,https://charts-cdn.checkonchain.com/btconchain/realised/lthsopr_indicator/lthsopr_indicator_light.html,2026-10-06
2024-09-25,40889.910362,https://charts-cdn.checkonchain.com/btconchain/realised/lthsopr_indicator/lthsopr_indicator_light.html,2026-10-06
2024-09-26,40912.354491,https://charts-cdn.checkonchain.com/btconchain/realised/lthsopr_indicator/lthsopr_indicator_light.html,2026-10-06
2024-09-27,40929.394698,https://charts-cdn.checkonchain.com/btconchain/realised/lthsopr_indicator/lthsopr_indicator_light.html,2026-10-06
2024-09-28,40955.580806,https://charts-cdn.checkonchain.com/btconchain/realised/lthsopr_indicator/lthsopr_indicator_light.html,2026-10-06
2024-09-29,41046.999444,https://charts-cdn.checkonchain.com/btconchain/realised/lthsopr_indicator/lthsopr_indicator_light.html,2026-10-06
2024-09-30,41066.917716,https://charts-cdn.checkonchain.com/btconchain/realised/lthsopr_indicator/lthsopr_indicator_light.html,2026-10-06
2024-10-01,41082.135435,https://charts-cdn.checkonchain.com/btconchain/realised/lthsopr_indicator/lthsopr_indicator_light.html,2026-10-06
2024-10-02,41076.133657,https://charts-cdn.checkonchain.com/btconchain/realised/lthsopr_indicator/lthsopr_indicator_light.html,2026-10-06
2024-10-03,41089.410181,https://charts-cdn.checkonchain.com/btconchain/realised/lthsopr_indicator/lthsopr_indicator_light.html,2026-10-06
2024-10-04,41114.396326,https://charts-cdn.checkonchain.com/btconchain/realised/lthsopr_indicator/lthsopr_indicator_light.html,2026-10-06
2024-10-05,41192.741301,https://charts-cdn.checkonchain.com/btconchain/realised/lthsopr_indicator/lthsopr_indicator_light.html,2026-10-06
2024-10-06,41219.168341,https://charts-cdn.checkonchain.com/btconchain/realised/lthsopr_indicator/lthsopr_indicator_light.html,2026-10-06
2024-10-07,41240.329983,https://charts-cdn.checkonchain.com/btconchain/realised/lthsopr_indicator/lthsopr_indicator_light.html,2026-10-06
2024-10-08,40993.121743,https://charts-cdn.checkonchain.com/btconchain/realised/lthsopr_indicator/lthsopr_indicator_light.html,2026-10-06
2024-10-09,40931.224014,https://charts-cdn.checkonchain.com/btconchain/realised/lthsopr_indicator/lthsopr_indicator_light.html,2026-10-06
2024-10-10,40912.872180,https://charts-cdn.checkonchain.com/btconchain/realised/lthsopr_indicator/lthsopr_indicator_light.html,2026-10-06
2024-10-11,40839.126519,https://charts-cdn.checkonchain.com/btconchain/realised/lthsopr_indicator/lthsopr_indicator_light.html,2026-10-06
2024-10-12,40918.619141,https://charts-cdn.checkonchain.com/btconchain/realised/lthsopr_indicator/lthsopr_indicator_light.html,2026-10-06
2024-10-13,40957.687222,https://charts-cdn.checkonchain.com/btconchain/realised/lthsopr_indicator/lthsopr_indicator_light.html,2026-10-06
2024-10-14,40981.741763,https://charts-cdn.checkonchain.com/btconchain/realised/lthsopr_indicator/lthsopr_indicator_light.html,2026-10-06
2024-10-15,40977.097577,https://charts-cdn.checkonchain.com/btconchain/realised/lthsopr_indicator/lthsopr_indicator_light.html,2026-10-06
2024-10-16,40988.205158,https://charts-cdn.checkonchain.com/btconchain/realised/lthsopr_indicator/lthsopr_indicator_light.html,2026-10-06
2024-10-17,41031.458723,https://charts-cdn.checkonchain.com/btconchain/realised/lthsopr_indicator/lthsopr_indicator_light.html,2026-10-06
2024-10-18,41072.537622,https://charts-cdn.checkonchain.com/btconchain/realised/lthsopr_indicator/lthsopr_indicator_light.html,2026-10-06
2024-10-19,41114.999965,https://charts-cdn.checkonchain.com/btconchain/realised/lthsopr_indicator/lthsopr_indicator_light.html,2026-10-06
2024-10-20,41134.843805,https://charts-cdn.checkonchain.com/btconchain/realised/lthsopr_indicator/lthsopr_indicator_light.html,2026-10-06
2024-10-21,41162.695538,https://charts-cdn.checkonchain.com/btconchain/realised/lthsopr_indicator/lthsopr_indicator_light.html,2026-10-06
2024-10-22,41173.970081,https://charts-cdn.checkonchain.com/btconchain/realised/lthsopr_indicator/lthsopr_indicator_light.html,2026-10-06
2024-10-23,41208.589069,https://charts-cdn.checkonchain.com/btconchain/realised/lthsopr_indicator/lthsopr_indicator_light.html,2026-10-06
2024-10-24,41239.531697,https://charts-cdn.checkonchain.com/btconchain/realised/lthsopr_indicator/lthsopr_indicator_light.html,2026-10-06
2024-10-25,41280.773418,https://charts-cdn.checkonchain.com/btconchain/realised/lthsopr_indicator/lthsopr_indicator_light.html,2026-10-06
2024-10-26,41312.421189,https://charts-cdn.checkonchain.com/btconchain/realised/lthsopr_indicator/lthsopr_indicator_light.html,2026-10-06
2024-10-27,41475.980251,https://charts-cdn.checkonchain.com/btconchain/realised/lthsopr_indicator/lthsopr_indicator_light.html,2026-10-06
2024-10-28,41583.251627,https://charts-cdn.checkonchain.com/btconchain/realised/lthsopr_indicator/lthsopr_indicator_light.html,2026-10-06
2024-10-29,41564.131314,https://charts-cdn.checkonchain.com/btconchain/realised/lthsopr_indicator/lthsopr_indicator_light.html,2026-10-06
2024-10-30,41565.343472,https://charts-cdn.checkonchain.com/btconchain/realised/lthsopr_indicator/lthsopr_indicator_light.html,2026-10-06
2024-10-31,41607.863600,https://charts-cdn.checkonchain.com/btconchain/realised/lthsopr_indicator/lthsopr_indicator_light.html,2026-10-06
2024-11-01,41692.326447,https://charts-cdn.checkonchain.com/btconchain/realised/lthsopr_indicator/lthsopr_indicator_light.html,2026-10-06
2024-11-02,41768.141109,https://charts-cdn.checkonchain.com/btconchain/realised/lthsopr_indicator/lthsopr_indicator_light.html,2026-10-06
2024-11-03,41981.307746,https://charts-cdn.checkonchain.com/btconchain/realised/lthsopr_indicator/lthsopr_indicator_light.html,2026-10-06
2024-11-04,42048.280390,https://charts-cdn.checkonchain.com/btconchain/realised/lthsopr_indicator/lthsopr_indicator_light.html,2026-10-06
2024-11-05,42030.699566,https://charts-cdn.checkonchain.com/btconchain/realised/lthsopr_indicator/lthsopr_indicator_light.html,2026-10-06
2024-11-06,41150.085623,https://charts-cdn.checkonchain.com/btconchain/realised/lthsopr_indicator/lthsopr_indicator_light.html,2026-10-06
2024-11-07,41164.454554,https://charts-cdn.checkonchain.com/btconchain/realised/lthsopr_indicator/lthsopr_indicator_light.html,2026-10-06
2024-11-08,41189.931256,https://charts-cdn.checkonchain.com/btconchain/realised/lthsopr_indicator/lthsopr_indicator_light.html,2026-10-06
2024-11-09,41249.996645,https://charts-cdn.checkonchain.com/btconchain/realised/lthsopr_indicator/lthsopr_indicator_light.html,2026-10-06
2024-11-10,41268.195293,https://charts-cdn.checkonchain.com/btconchain/realised/lthsopr_indicator/lthsopr_indicator_light.html,2026-10-06
2024-11-11,41226.763993,https://charts-cdn.checkonchain.com/btconchain/realised/lthsopr_indicator/lthsopr_indicator_light.html,2026-10-06
2024-11-12,41139.028363,https://charts-cdn.checkonchain.com/btconchain/realised/lthsopr_indicator/lthsopr_indicator_light.html,2026-10-06
2024-11-13,41085.764942,https://charts-cdn.checkonchain.com/btconchain/realised/lthsopr_indicator/lthsopr_indicator_light.html,2026-10-06
2024-11-14,40851.331938,https://charts-cdn.checkonchain.com/btconchain/realised/lthsopr_indicator/lthsopr_indicator_light.html,2026-10-06
2024-11-15,40870.417675,https://charts-cdn.checkonchain.com/btconchain/realised/lthsopr_indicator/lthsopr_indicator_light.html,2026-10-06
2024-11-16,40882.788416,https://charts-cdn.checkonchain.com/btconchain/realised/lthsopr_indicator/lthsopr_indicator_light.html,2026-10-06
2024-11-17,40896.085082,https://charts-cdn.checkonchain.com/btconchain/realised/lthsopr_indicator/lthsopr_indicator_light.html,2026-10-06
2024-11-18,40903.854015,https://charts-cdn.checkonchain.com/btconchain/realised/lthsopr_indicator/lthsopr_indicator_light.html,2026-10-06
2024-11-19,40965.613884,https://charts-cdn.checkonchain.com/btconchain/realised/lthsopr_indicator/lthsopr_indicator_light.html,2026-10-06
2024-11-20,40849.510663,https://charts-cdn.checkonchain.com/btconchain/realised/lthsopr_indicator/lthsopr_indicator_light.html,2026-10-06
2024-11-21,40745.755746,https://charts-cdn.checkonchain.com/btconchain/realised/lthsopr_indicator/lthsopr_indicator_light.html,2026-10-06
2024-11-22,40570.153048,https://charts-cdn.checkonchain.com/btconchain/realised/lthsopr_indicator/lthsopr_indicator_light.html,2026-10-06
2024-11-23,40540.902325,https://charts-cdn.checkonchain.com/btconchain/realised/lthsopr_indicator/lthsopr_indicator_light.html,2026-10-06
2024-11-24,40779.183097,https://charts-cdn.checkonchain.com/btconchain/realised/lthsopr_indicator/lthsopr_indicator_light.html,2026-10-06
2024-11-25,40661.980736,https://charts-cdn.checkonchain.com/btconchain/realised/lthsopr_indicator/lthsopr_indicator_light.html,2026-10-06
2024-11-26,40635.832977,https://charts-cdn.checkonchain.com/btconchain/realised/lthsopr_indicator/lthsopr_indicator_light.html,2026-10-06
2024-11-27,40622.431684,https://charts-cdn.checkonchain.com/btconchain/realised/lthsopr_indicator/lthsopr_indicator_light.html,2026-10-06
2024-11-28,40652.626630,https://charts-cdn.checkonchain.com/btconchain/realised/lthsopr_indicator/lthsopr_indicator_light.html,2026-10-06
2024-11-29,40671.514022,https://charts-cdn.checkonchain.com/btconchain/realised/lthsopr_indicator/lthsopr_indicator_light.html,2026-10-06
2024-11-30,40691.203313,https://charts-cdn.checkonchain.com/btconchain/realised/lthsopr_indicator/lthsopr_indicator_light.html,2026-10-06
2024-12-01,40740.002763,https://charts-cdn.checkonchain.com/btconchain/realised/lthsopr_indicator/lthsopr_indicator_light.html,2026-10-06
2024-12-02,40883.014271,https://charts-cdn.checkonchain.com/btconchain/realised/lthsopr_indicator/lthsopr_indicator_light.html,2026-10-06
2024-12-03,40919.858690,https://charts-cdn.checkonchain.com/btconchain/realised/lthsopr_indicator/lthsopr_indicator_light.html,2026-10-06
2024-12-04,40888.601984,https://charts-cdn.checkonchain.com/btconchain/realised/lthsopr_indicator/lthsopr_indicator_light.html,2026-10-06
2024-12-05,40429.984318,https://charts-cdn.checkonchain.com/btconchain/realised/lthsopr_indicator/lthsopr_indicator_light.html,2026-10-06
2024-12-06,39834.008766,https://charts-cdn.checkonchain.com/btconchain/realised/lthsopr_indicator/lthsopr_indicator_light.html,2026-10-06
2024-12-07,39851.158979,https://charts-cdn.checkonchain.com/btconchain/realised/lthsopr_indicator/lthsopr_indicator_light.html,2026-10-06
2024-12-08,39861.234712,https://charts-cdn.checkonchain.com/btconchain/realised/lthsopr_indicator/lthsopr_indicator_light.html,2026-10-06
2024-12-09,39761.537697,https://charts-cdn.checkonchain.com/btconchain/realised/lthsopr_indicator/lthsopr_indicator_light.html,2026-10-06
2024-12-10,39730.666828,https://charts-cdn.checkonchain.com/btconchain/realised/lthsopr_indicator/lthsopr_indicator_light.html,2026-10-06
2024-12-11,39692.239300,https://charts-cdn.checkonchain.com/btconchain/realised/lthsopr_indicator/lthsopr_indicator_light.html,2026-10-06
2024-12-12,39697.341986,https://charts-cdn.checkonchain.com/btconchain/realised/lthsopr_indicator/lthsopr_indicator_light.html,2026-10-06
2024-12-13,39672.322143,https://charts-cdn.checkonchain.com/btconchain/realised/lthsopr_indicator/lthsopr_indicator_light.html,2026-10-06
2024-12-14,39703.893637,https://charts-cdn.checkonchain.com/btconchain/realised/lthsopr_indicator/lthsopr_indicator_light.html,2026-10-06
2024-12-15,39648.465989,https://charts-cdn.checkonchain.com/btconchain/realised/lthsopr_indicator/lthsopr_indicator_light.html,2026-10-06
2024-12-16,39698.077524,https://charts-cdn.checkonchain.com/btconchain/realised/lthsopr_indicator/lthsopr_indicator_light.html,2026-10-06
2024-12-17,39484.391161,https://charts-cdn.checkonchain.com/btconchain/realised/lthsopr_indicator/lthsopr_indicator_light.html,2026-10-06
2024-12-18,39454.215398,https://charts-cdn.checkonchain.com/btconchain/realised/lthsopr_indicator/lthsopr_indicator_light.html,2026-10-06
2024-12-19,39270.004103,https://charts-cdn.checkonchain.com/btconchain/realised/lthsopr_indicator/lthsopr_indicator_light.html,2026-10-06
2024-12-20,39364.085420,https://charts-cdn.checkonchain.com/btconchain/realised/lthsopr_indicator/lthsopr_indicator_light.html,2026-10-06
2024-12-21,39385.602627,https://charts-cdn.checkonchain.com/btconchain/realised/lthsopr_indicator/lthsopr_indicator_light.html,2026-10-06
2024-12-22,39494.626524,https://charts-cdn.checkonchain.com/btconchain/realised/lthsopr_indicator/lthsopr_indicator_light.html,2026-10-06
2024-12-23,39325.814955,https://charts-cdn.checkonchain.com/btconchain/realised/lthsopr_indicator/lthsopr_indicator_light.html,2026-10-06
2024-12-24,39304.648310,https://charts-cdn.checkonchain.com/btconchain/realised/lthsopr_indicator/lthsopr_indicator_light.html,2026-10-06
2024-12-25,39321.635700,https://charts-cdn.checkonchain.com/btconchain/realised/lthsopr_indicator/lthsopr_indicator_light.html,2026-10-06
2024-12-26,39345.604228,https://charts-cdn.checkonchain.com/btconchain/realised/lthsopr_indicator/lthsopr_indicator_light.html,2026-10-06
2024-12-27,39374.133633,https://charts-cdn.checkonchain.com/btconchain/realised/lthsopr_indicator/lthsopr_indicator_light.html,2026-10-06
2024-12-28,39487.294291,https://charts-cdn.checkonchain.com/btconchain/realised/lthsopr_indicator/lthsopr_indicator_light.html,2026-10-06
2024-12-29,39545.473780,https://charts-cdn.checkonchain.com/btconchain/realised/lthsopr_indicator/lthsopr_indicator_light.html,2026-10-06
2024-12-30,39457.781580,https://charts-cdn.checkonchain.com/btconchain/realised/lthsopr_indicator/lthsopr_indicator_light.html,2026-10-06
2024-12-31,39433.930284,https://charts-cdn.checkonchain.com/btconchain/realised/lthsopr_indicator/lthsopr_indicator_light.html,2026-10-06
2025-01-01,39454.877096,https://charts-cdn.checkonchain.com/btconchain/realised/lthsopr_indicator/lthsopr_indicator_light.html,2026-10-06
2025-01-02,39525.755823,https://charts-cdn.checkonchain.com/btconchain/realised/lthsopr_indicator/lthsopr_indicator_light.html,2026-10-06
2025-01-03,39551.656686,https://charts-cdn.checkonchain.com/btconchain/realised/lthsopr_indicator/lthsopr_indicator_light.html,2026-10-06
2025-01-04,39595.528517,https://charts-cdn.checkonchain.com/btconchain/realised/lthsopr_indicator/lthsopr_indicator_light.html,2026-10-06
2025-01-05,39648.570882,https://charts-cdn.checkonchain.com/btconchain/realised/lthsopr_indicator/lthsopr_indicator_light.html,2026-10-06
2025-01-06,39719.461740,https://charts-cdn.checkonchain.com/btconchain/realised/lthsopr_indicator/lthsopr_indicator_light.html,2026-10-06
2025-01-07,39582.449838,https://charts-cdn.checkonchain.com/btconchain/realised/lthsopr_indicator/lthsopr_indicator_light.html,2026-10-06
2025-01-08,39583.098849,https://charts-cdn.checkonchain.com/btconchain/realised/lthsopr_indicator/lthsopr_indicator_light.html,2026-10-06
2025-01-09,39601.239958,https://charts-cdn.checkonchain.com/btconchain/realised/lthsopr_indicator/lthsopr_indicator_light.html,2026-10-06
2025-01-10,39610.813967,https://charts-cdn.checkonchain.com/btconchain/realised/lthsopr_indicator/lthsopr_indicator_light.html,2026-10-06
2025-01-11,39631.342414,https://charts-cdn.checkonchain.com/btconchain/realised/lthsopr_indicator/lthsopr_indicator_light.html,2026-10-06
2025-01-12,39669.585847,https://charts-cdn.checkonchain.com/btconchain/realised/lthsopr_indicator/lthsopr_indicator_light.html,2026-10-06
2025-01-13,39680.881430,https://charts-cdn.checkonchain.com/btconchain/realised/lthsopr_indicator/lthsopr_indicator_light.html,2026-10-06
2025-01-14,39685.103019,https://charts-cdn.checkonchain.com/btconchain/realised/lthsopr_indicator/lthsopr_indicator_light.html,2026-10-06
2025-01-15,39675.434319,https://charts-cdn.checkonchain.com/btconchain/realised/lthsopr_indicator/lthsopr_indicator_light.html,2026-10-06
2025-01-16,39693.159754,https://charts-cdn.checkonchain.com/btconchain/realised/lthsopr_indicator/lthsopr_indicator_light.html,2026-10-06
2025-01-17,39744.922679,https://charts-cdn.checkonchain.com/btconchain/realised/lthsopr_indicator/lthsopr_indicator_light.html,2026-10-06
2025-01-18,39766.208544,https://charts-cdn.checkonchain.com/btconchain/realised/lthsopr_indicator/lthsopr_indicator_light.html,2026-10-06
2025-01-19,39782.312183,https://charts-cdn.checkonchain.com/btconchain/realised/lthsopr_indicator/lthsopr_indicator_light.html,2026-10-06
2025-01-20,39809.129120,https://charts-cdn.checkonchain.com/btconchain/realised/lthsopr_indicator/lthsopr_indicator_light.html,2026-10-06
2025-01-21,39795.379972,https://charts-cdn.checkonchain.com/btconchain/realised/lthsopr_indicator/lthsopr_indicator_light.html,2026-10-06
2025-01-22,39789.756043,https://charts-cdn.checkonchain.com/btconchain/realised/lthsopr_indicator/lthsopr_indicator_light.html,2026-10-06
2025-01-23,39762.050237,https://charts-cdn.checkonchain.com/btconchain/realised/lthsopr_indicator/lthsopr_indicator_light.html,2026-10-06
2025-01-24,39991.111859,https://charts-cdn.checkonchain.com/btconchain/realised/lthsopr_indicator/lthsopr_indicator_light.html,2026-10-06
2025-01-25,40027.571701,https://charts-cdn.checkonchain.com/btconchain/realised/lthsopr_indicator/lthsopr_indicator_light.html,2026-10-06
2025-01-26,40084.715526,https://charts-cdn.checkonchain.com/btconchain/realised/lthsopr_indicator/lthsopr_indicator_light.html,2026-10-06
2025-01-27,40033.941358,https://charts-cdn.checkonchain.com/btconchain/realised/lthsopr_indicator/lthsopr_indicator_light.html,2026-10-06
2025-01-28,40045.473136,https://charts-cdn.checkonchain.com/btconchain/realised/lthsopr_indicator/lthsopr_indicator_light.html,2026-10-06
2025-01-29,40056.078131,https://charts-cdn.checkonchain.com/btconchain/realised/lthsopr_indicator/lthsopr_indicator_light.html,2026-10-06
2025-01-30,40058.780197,https://charts-cdn.checkonchain.com/btconchain/realised/lthsopr_indicator/lthsopr_indicator_light.html,2026-10-06
2025-01-31,40055.352975,https://charts-cdn.checkonchain.com/btconchain/realised/lthsopr_indicator/lthsopr_indicator_light.html,2026-10-06
2025-02-01,40083.332148,https://charts-cdn.checkonchain.com/btconchain/realised/lthsopr_indicator/lthsopr_indicator_light.html,2026-10-06
2025-02-02,40107.893473,https://charts-cdn.checkonchain.com/btconchain/realised/lthsopr_indicator/lthsopr_indicator_light.html,2026-10-06
2025-02-03,40110.018252,https://charts-cdn.checkonchain.com/btconchain/realised/lthsopr_indicator/lthsopr_indicator_light.html,2026-10-06
2025-02-04,39854.556737,https://charts-cdn.checkonchain.com/btconchain/realised/lthsopr_indicator/lthsopr_indicator_light.html,2026-10-06
2025-02-05,39859.213973,https://charts-cdn.checkonchain.com/btconchain/realised/lthsopr_indicator/lthsopr_indicator_light.html,2026-10-06
2025-02-06,39870.911479,https://charts-cdn.checkonchain.com/btconchain/realised/lthsopr_indicator/lthsopr_indicator_light.html,2026-10-06
2025-02-07,39864.228754,https://charts-cdn.checkonchain.com/btconchain/realised/lthsopr_indicator/lthsopr_indicator_light.html,2026-10-06
2025-02-08,39862.576700,https://charts-cdn.checkonchain.com/btconchain/realised/lthsopr_indicator/lthsopr_indicator_light.html,2026-10-06
2025-02-09,39897.568298,https://charts-cdn.checkonchain.com/btconchain/realised/lthsopr_indicator/lthsopr_indicator_light.html,2026-10-06
2025-02-10,39946.253670,https://charts-cdn.checkonchain.com/btconchain/realised/lthsopr_indicator/lthsopr_indicator_light.html,2026-10-06
2025-02-11,39949.328812,https://charts-cdn.checkonchain.com/btconchain/realised/lthsopr_indicator/lthsopr_indicator_light.html,2026-10-06
2025-02-12,39952.992616,https://charts-cdn.checkonchain.com/btconchain/realised/lthsopr_indicator/lthsopr_indicator_light.html,2026-10-06
2025-02-13,39981.490675,https://charts-cdn.checkonchain.com/btconchain/realised/lthsopr_indicator/lthsopr_indicator_light.html,2026-10-06
2025-02-14,39999.474070,https://charts-cdn.checkonchain.com/btconchain/realised/lthsopr_indicator/lthsopr_indicator_light.html,2026-10-06
2025-02-15,40032.142970,https://charts-cdn.checkonchain.com/btconchain/realised/lthsopr_indicator/lthsopr_indicator_light.html,2026-10-06
2025-02-16,40070.988906,https://charts-cdn.checkonchain.com/btconchain/realised/lthsopr_indicator/lthsopr_indicator_light.html,2026-10-06
2025-02-17,40128.911845,https://charts-cdn.checkonchain.com/btconchain/realised/lthsopr_indicator/lthsopr_indicator_light.html,2026-10-06
2025-02-18,40140.768055,https://charts-cdn.checkonchain.com/btconchain/realised/lthsopr_indicator/lthsopr_indicator_light.html,2026-10-06
2025-02-19,40157.794100,https://charts-cdn.checkonchain.com/btconchain/realised/lthsopr_indicator/lthsopr_indicator_light.html,2026-10-06
2025-02-20,40184.277331,https://charts-cdn.checkonchain.com/btconchain/realised/lthsopr_indicator/lthsopr_indicator_light.html,2026-10-06
2025-02-21,40211.437939,https://charts-cdn.checkonchain.com/btconchain/realised/lthsopr_indicator/lthsopr_indicator_light.html,2026-10-06
2025-02-22,40292.857071,https://charts-cdn.checkonchain.com/btconchain/realised/lthsopr_indicator/lthsopr_indicator_light.html,2026-10-06
2025-02-23,40335.253572,https://charts-cdn.checkonchain.com/btconchain/realised/lthsopr_indicator/lthsopr_indicator_light.html,2026-10-06
2025-02-24,40363.679224,https://charts-cdn.checkonchain.com/btconchain/realised/lthsopr_indicator/lthsopr_indicator_light.html,2026-10-06
2025-02-25,40350.587691,https://charts-cdn.checkonchain.com/btconchain/realised/lthsopr_indicator/lthsopr_indicator_light.html,2026-10-06
2025-02-26,40325.358893,https://charts-cdn.checkonchain.com/btconchain/realised/lthsopr_indicator/lthsopr_indicator_light.html,2026-10-06
2025-02-27,40271.505398,https://charts-cdn.checkonchain.com/btconchain/realised/lthsopr_indicator/lthsopr_indicator_light.html,2026-10-06
2025-02-28,40249.082626,https://charts-cdn.checkonchain.com/btconchain/realised/lthsopr_indicator/lthsopr_indicator_light.html,2026-10-06
2025-03-01,40269.243563,https://charts-cdn.checkonchain.com/btconchain/realised/lthsopr_indicator/lthsopr_indicator_light.html,2026-10-06
2025-03-02,40294.962263,https://charts-cdn.checkonchain.com/btconchain/realised/lthsopr_indicator/lthsopr_indicator_light.html,2026-10-06
2025-03-03,40308.812813,https://charts-cdn.checkonchain.com/btconchain/realised/lthsopr_indicator/lthsopr_indicator_light.html,2026-10-06
2025-03-04,40297.786997,https://charts-cdn.checkonchain.com/btconchain/realised/lthsopr_indicator/lthsopr_indicator_light.html,2026-10-06
2025-03-05,40308.758949,https://charts-cdn.checkonchain.com/btconchain/realised/lthsopr_indicator/lthsopr_indicator_light.html,2026-10-06
2025-03-06,40352.518904,https://charts-cdn.checkonchain.com/btconchain/realised/lthsopr_indicator/lthsopr_indicator_light.html,2026-10-06
2025-03-07,40905.856944,https://charts-cdn.checkonchain.com/btconchain/realised/lthsopr_indicator/lthsopr_indicator_light.html,2026-10-06
2025-03-08,41182.411545,https://charts-cdn.checkonchain.com/btconchain/realised/lthsopr_indicator/lthsopr_indicator_light.html,2026-10-06
2025-03-09,41315.593338,https://charts-cdn.checkonchain.com/btconchain/realised/lthsopr_indicator/lthsopr_indicator_light.html,2026-10-06
2025-03-10,41517.195845,https://charts-cdn.checkonchain.com/btconchain/realised/lthsopr_indicator/lthsopr_indicator_light.html,2026-10-06
2025-03-11,41477.621725,https://charts-cdn.checkonchain.com/btconchain/realised/lthsopr_indicator/lthsopr_indicator_light.html,2026-10-06
2025-03-12,41339.185193,https://charts-cdn.checkonchain.com/btconchain/realised/lthsopr_indicator/lthsopr_indicator_light.html,2026-10-06
2025-03-13,41411.015920,https://charts-cdn.checkonchain.com/btconchain/realised/lthsopr_indicator/lthsopr_indicator_light.html,2026-10-06
2025-03-14,41478.598408,https://charts-cdn.checkonchain.com/btconchain/realised/lthsopr_indicator/lthsopr_indicator_light.html,2026-10-06
2025-03-15,41519.733720,https://charts-cdn.checkonchain.com/btconchain/realised/lthsopr_indicator/lthsopr_indicator_light.html,2026-10-06
2025-03-16,41558.057987,https://charts-cdn.checkonchain.com/btconchain/realised/lthsopr_indicator/lthsopr_indicator_light.html,2026-10-06
2025-03-17,41587.550662,https://charts-cdn.checkonchain.com/btconchain/realised/lthsopr_indicator/lthsopr_indicator_light.html,2026-10-06
2025-03-18,41596.771656,https://charts-cdn.checkonchain.com/btconchain/realised/lthsopr_indicator/lthsopr_indicator_light.html,2026-10-06
2025-03-19,41757.907812,https://charts-cdn.checkonchain.com/btconchain/realised/lthsopr_indicator/lthsopr_indicator_light.html,2026-10-06
2025-03-20,41926.576025,https://charts-cdn.checkonchain.com/btconchain/realised/lthsopr_indicator/lthsopr_indicator_light.html,2026-10-06
2025-03-21,41959.166302,https://charts-cdn.checkonchain.com/btconchain/realised/lthsopr_indicator/lthsopr_indicator_light.html,2026-10-06
2025-03-22,42005.986988,https://charts-cdn.checkonchain.com/btconchain/realised/lthsopr_indicator/lthsopr_indicator_light.html,2026-10-06
2025-03-23,42050.151451,https://charts-cdn.checkonchain.com/btconchain/realised/lthsopr_indicator/lthsopr_indicator_light.html,2026-10-06
2025-03-24,42083.656588,https://charts-cdn.checkonchain.com/btconchain/realised/lthsopr_indicator/lthsopr_indicator_light.html,2026-10-06
2025-03-25,42098.219796,https://charts-cdn.checkonchain.com/btconchain/realised/lthsopr_indicator/lthsopr_indicator_light.html,2026-10-06
2025-03-26,42110.775802,https://charts-cdn.checkonchain.com/btconchain/realised/lthsopr_indicator/lthsopr_indicator_light.html,2026-10-06
2025-03-27,42156.777485,https://charts-cdn.checkonchain.com/btconchain/realised/lthsopr_indicator/lthsopr_indicator_light.html,2026-10-06
2025-03-28,42186.995993,https://charts-cdn.checkonchain.com/btconchain/realised/lthsopr_indicator/lthsopr_indicator_light.html,2026-10-06
2025-03-29,42241.822381,https://charts-cdn.checkonchain.com/btconchain/realised/lthsopr_indicator/lthsopr_indicator_light.html,2026-10-06
2025-03-30,42289.373526,https://charts-cdn.checkonchain.com/btconchain/realised/lthsopr_indicator/lthsopr_indicator_light.html,2026-10-06
2025-03-31,42330.722738,https://charts-cdn.checkonchain.com/btconchain/realised/lthsopr_indicator/lthsopr_indicator_light.html,2026-10-06
2025-04-01,42349.962406,https://charts-cdn.checkonchain.com/btconchain/realised/lthsopr_indicator/lthsopr_indicator_light.html,2026-10-06
2025-04-02,42303.750483,https://charts-cdn.checkonchain.com/btconchain/realised/lthsopr_indicator/lthsopr_indicator_light.html,2026-10-06
2025-04-03,42333.273065,https://charts-cdn.checkonchain.com/btconchain/realised/lthsopr_indicator/lthsopr_indicator_light.html,2026-10-06
2025-04-04,42401.844789,https://charts-cdn.checkonchain.com/btconchain/realised/lthsopr_indicator/lthsopr_indicator_light.html,2026-10-06
2025-04-05,42529.957888,https://charts-cdn.checkonchain.com/btconchain/realised/lthsopr_indicator/lthsopr_indicator_light.html,2026-10-06
2025-04-06,42597.064252,https://charts-cdn.checkonchain.com/btconchain/realised/lthsopr_indicator/lthsopr_indicator_light.html,2026-10-06
2025-04-07,42652.466110,https://charts-cdn.checkonchain.com/btconchain/realised/lthsopr_indicator/lthsopr_indicator_light.html,2026-10-06
2025-04-08,42668.085088,https://charts-cdn.checkonchain.com/btconchain/realised/lthsopr_indicator/lthsopr_indicator_light.html,2026-10-06
2025-04-09,42683.866473,https://charts-cdn.checkonchain.com/btconchain/realised/lthsopr_indicator/lthsopr_indicator_light.html,2026-10-06
2025-04-10,42817.243972,https://charts-cdn.checkonchain.com/btconchain/realised/lthsopr_indicator/lthsopr_indicator_light.html,2026-10-06
2025-04-11,43102.633909,https://charts-cdn.checkonchain.com/btconchain/realised/lthsopr_indicator/lthsopr_indicator_light.html,2026-10-06
2025-04-12,43345.335753,https://charts-cdn.checkonchain.com/btconchain/realised/lthsopr_indicator/lthsopr_indicator_light.html,2026-10-06
2025-04-13,43644.689684,https://charts-cdn.checkonchain.com/btconchain/realised/lthsopr_indicator/lthsopr_indicator_light.html,2026-10-06
2025-04-14,43767.502614,https://charts-cdn.checkonchain.com/btconchain/realised/lthsopr_indicator/lthsopr_indicator_light.html,2026-10-06
2025-04-15,43835.531647,https://charts-cdn.checkonchain.com/btconchain/realised/lthsopr_indicator/lthsopr_indicator_light.html,2026-10-06
2025-04-16,43844.351744,https://charts-cdn.checkonchain.com/btconchain/realised/lthsopr_indicator/lthsopr_indicator_light.html,2026-10-06
2025-04-17,43941.353500,https://charts-cdn.checkonchain.com/btconchain/realised/lthsopr_indicator/lthsopr_indicator_light.html,2026-10-06
2025-04-18,44080.602692,https://charts-cdn.checkonchain.com/btconchain/realised/lthsopr_indicator/lthsopr_indicator_light.html,2026-10-06
2025-04-19,44454.869982,https://charts-cdn.checkonchain.com/btconchain/realised/lthsopr_indicator/lthsopr_indicator_light.html,2026-10-06
2025-04-20,44955.753464,https://charts-cdn.checkonchain.com/btconchain/realised/lthsopr_indicator/lthsopr_indicator_light.html,2026-10-06
2025-04-21,45524.545670,https://charts-cdn.checkonchain.com/btconchain/realised/lthsopr_indicator/lthsopr_indicator_light.html,2026-10-06
2025-04-22,45759.772815,https://charts-cdn.checkonchain.com/btconchain/realised/lthsopr_indicator/lthsopr_indicator_light.html,2026-10-06
2025-04-23,45921.033388,https://charts-cdn.checkonchain.com/btconchain/realised/lthsopr_indicator/lthsopr_indicator_light.html,2026-10-06
2025-04-24,46440.902150,https://charts-cdn.checkonchain.com/btconchain/realised/lthsopr_indicator/lthsopr_indicator_light.html,2026-10-06
2025-04-25,46522.051817,https://charts-cdn.checkonchain.com/btconchain/realised/lthsopr_indicator/lthsopr_indicator_light.html,2026-10-06
2025-04-26,46606.904392,https://charts-cdn.checkonchain.com/btconchain/realised/lthsopr_indicator/lthsopr_indicator_light.html,2026-10-06
2025-04-27,46699.843572,https://charts-cdn.checkonchain.com/btconchain/realised/lthsopr_indicator/lthsopr_indicator_light.html,2026-10-06
2025-04-28,46700.253336,https://charts-cdn.checkonchain.com/btconchain/realised/lthsopr_indicator/lthsopr_indicator_light.html,2026-10-06
2025-04-29,46741.121367,https://charts-cdn.checkonchain.com/btconchain/realised/lthsopr_indicator/lthsopr_indicator_light.html,2026-10-06
2025-04-30,46724.329557,https://charts-cdn.checkonchain.com/btconchain/realised/lthsopr_indicator/lthsopr_indicator_light.html,2026-10-06
2025-05-01,46823.929290,https://charts-cdn.checkonchain.com/btconchain/realised/lthsopr_indicator/lthsopr_indicator_light.html,2026-10-06
2025-05-02,46916.210753,https://charts-cdn.checkonchain.com/btconchain/realised/lthsopr_indicator/lthsopr_indicator_light.html,2026-10-06
2025-05-03,47116.440010,https://charts-cdn.checkonchain.com/btconchain/realised/lthsopr_indicator/lthsopr_indicator_light.html,2026-10-06
2025-05-04,48254.673296,https://charts-cdn.checkonchain.com/btconchain/realised/lthsopr_indicator/lthsopr_indicator_light.html,2026-10-06
2025-05-05,49494.229244,https://charts-cdn.checkonchain.com/btconchain/realised/lthsopr_indicator/lthsopr_indicator_light.html,2026-10-06
2025-05-06,49545.081888,https://charts-cdn.checkonchain.com/btconchain/realised/lthsopr_indicator/lthsopr_indicator_light.html,2026-10-06
2025-05-07,49552.621526,https://charts-cdn.checkonchain.com/btconchain/realised/lthsopr_indicator/lthsopr_indicator_light.html,2026-10-06
2025-05-08,50499.244566,https://charts-cdn.checkonchain.com/btconchain/realised/lthsopr_indicator/lthsopr_indicator_light.html,2026-10-06
2025-05-09,51122.466254,https://charts-cdn.checkonchain.com/btconchain/realised/lthsopr_indicator/lthsopr_indicator_light.html,2026-10-06
2025-05-10,51540.180131,https://charts-cdn.checkonchain.com/btconchain/realised/lthsopr_indicator/lthsopr_indicator_light.html,2026-10-06
2025-05-11,51920.521863,https://charts-cdn.checkonchain.com/btconchain/realised/lthsopr_indicator/lthsopr_indicator_light.html,2026-10-06
2025-05-12,52138.537137,https://charts-cdn.checkonchain.com/btconchain/realised/lthsopr_indicator/lthsopr_indicator_light.html,2026-10-06
2025-05-13,52139.760327,https://charts-cdn.checkonchain.com/btconchain/realised/lthsopr_indicator/lthsopr_indicator_light.html,2026-10-06
2025-05-14,52261.898916,https://charts-cdn.checkonchain.com/btconchain/realised/lthsopr_indicator/lthsopr_indicator_light.html,2026-10-06
2025-05-15,52822.764292,https://charts-cdn.checkonchain.com/btconchain/realised/lthsopr_indicator/lthsopr_indicator_light.html,2026-10-06
2025-05-16,53361.420722,https://charts-cdn.checkonchain.com/btconchain/realised/lthsopr_indicator/lthsopr_indicator_light.html,2026-10-06
2025-05-17,53523.964907,https://charts-cdn.checkonchain.com/btconchain/realised/lthsopr_indicator/lthsopr_indicator_light.html,2026-10-06
2025-05-18,53706.033724,https://charts-cdn.checkonchain.com/btconchain/realised/lthsopr_indicator/lthsopr_indicator_light.html,2026-10-06
2025-05-19,53854.366363,https://charts-cdn.checkonchain.com/btconchain/realised/lthsopr_indicator/lthsopr_indicator_light.html,2026-10-06
2025-05-20,53892.588821,https://charts-cdn.checkonchain.com/btconchain/realised/lthsopr_indicator/lthsopr_indicator_light.html,2026-10-06
2025-05-21,53872.615916,https://charts-cdn.checkonchain.com/btconchain/realised/lthsopr_indicator/lthsopr_indicator_light.html,2026-10-06
2025-05-22,53970.419729,https://charts-cdn.checkonchain.com/btconchain/realised/lthsopr_indicator/lthsopr_indicator_light.html,2026-10-06
2025-05-23,54006.478900,https://charts-cdn.checkonchain.com/btconchain/realised/lthsopr_indicator/lthsopr_indicator_light.html,2026-10-06
2025-05-24,54062.103550,https://charts-cdn.checkonchain.com/btconchain/realised/lthsopr_indicator/lthsopr_indicator_light.html,2026-10-06
2025-05-25,54123.665165,https://charts-cdn.checkonchain.com/btconchain/realised/lthsopr_indicator/lthsopr_indicator_light.html,2026-10-06
2025-05-26,54143.958666,https://charts-cdn.checkonchain.com/btconchain/realised/lthsopr_indicator/lthsopr_indicator_light.html,2026-10-06
2025-05-27,54059.704957,https://charts-cdn.checkonchain.com/btconchain/realised/lthsopr_indicator/lthsopr_indicator_light.html,2026-10-06
2025-05-28,54151.868358,https://charts-cdn.checkonchain.com/btconchain/realised/lthsopr_indicator/lthsopr_indicator_light.html,2026-10-06
2025-05-29,54350.921919,https://charts-cdn.checkonchain.com/btconchain/realised/lthsopr_indicator/lthsopr_indicator_light.html,2026-10-06
2025-05-30,55008.558001,https://charts-cdn.checkonchain.com/btconchain/realised/lthsopr_indicator/lthsopr_indicator_light.html,2026-10-06
2025-05-31,55058.557014,https://charts-cdn.checkonchain.com/btconchain/realised/lthsopr_indicator/lthsopr_indicator_light.html,2026-10-06
2025-06-01,55154.047787,https://charts-cdn.checkonchain.com/btconchain/realised/lthsopr_indicator/lthsopr_indicator_light.html,2026-10-06
2025-06-02,55200.122279,https://charts-cdn.checkonchain.com/btconchain/realised/lthsopr_indicator/lthsopr_indicator_light.html,2026-10-06
2025-06-03,55214.949676,https://charts-cdn.checkonchain.com/btconchain/realised/lthsopr_indicator/lthsopr_indicator_light.html,2026-10-06
2025-06-04,55219.190243,https://charts-cdn.checkonchain.com/btconchain/realised/lthsopr_indicator/lthsopr_indicator_light.html,2026-10-06
2025-06-05,55305.149885,https://charts-cdn.checkonchain.com/btconchain/realised/lthsopr_indicator/lthsopr_indicator_light.html,2026-10-06
2025-06-06,55532.922672,https://charts-cdn.checkonchain.com/btconchain/realised/lthsopr_indicator/lthsopr_indicator_light.html,2026-10-06
2025-06-07,55658.958404,https://charts-cdn.checkonchain.com/btconchain/realised/lthsopr_indicator/lthsopr_indicator_light.html,2026-10-06
2025-06-08,55725.496143,https://charts-cdn.checkonchain.com/btconchain/realised/lthsopr_indicator/lthsopr_indicator_light.html,2026-10-06
2025-06-09,56020.460924,https://charts-cdn.checkonchain.com/btconchain/realised/lthsopr_indicator/lthsopr_indicator_light.html,2026-10-06
2025-06-10,56083.231521,https://charts-cdn.checkonchain.com/btconchain/realised/lthsopr_indicator/lthsopr_indicator_light.html,2026-10-06
2025-06-11,56048.833906,https://charts-cdn.checkonchain.com/btconchain/realised/lthsopr_indicator/lthsopr_indicator_light.html,2026-10-06
2025-06-12,56081.849026,https://charts-cdn.checkonchain.com/btconchain/realised/lthsopr_indicator/lthsopr_indicator_light.html,2026-10-06
2025-06-13,56147.993380,https://charts-cdn.checkonchain.com/btconchain/realised/lthsopr_indicator/lthsopr_indicator_light.html,2026-10-06
2025-06-14,56286.505447,https://charts-cdn.checkonchain.com/btconchain/realised/lthsopr_indicator/lthsopr_indicator_light.html,2026-10-06
2025-06-15,56369.662573,https://charts-cdn.checkonchain.com/btconchain/realised/lthsopr_indicator/lthsopr_indicator_light.html,2026-10-06
2025-06-16,56401.959674,https://charts-cdn.checkonchain.com/btconchain/realised/lthsopr_indicator/lthsopr_indicator_light.html,2026-10-06
2025-06-17,56462.761499,https://charts-cdn.checkonchain.com/btconchain/realised/lthsopr_indicator/lthsopr_indicator_light.html,2026-10-06
2025-06-18,56497.036971,https://charts-cdn.checkonchain.com/btconchain/realised/lthsopr_indicator/lthsopr_indicator_light.html,2026-10-06
2025-06-19,56652.555887,https://charts-cdn.checkonchain.com/btconchain/realised/lthsopr_indicator/lthsopr_indicator_light.html,2026-10-06
2025-06-20,56741.977401,https://charts-cdn.checkonchain.com/btconchain/realised/lthsopr_indicator/lthsopr_indicator_light.html,2026-10-06
2025-06-21,56874.518098,https://charts-cdn.checkonchain.com/btconchain/realised/lthsopr_indicator/lthsopr_indicator_light.html,2026-10-06
2025-06-22,56997.862469,https://charts-cdn.checkonchain.com/btconchain/realised/lthsopr_indicator/lthsopr_indicator_light.html,2026-10-06
2025-06-23,57115.015985,https://charts-cdn.checkonchain.com/btconchain/realised/lthsopr_indicator/lthsopr_indicator_light.html,2026-10-06
2025-06-24,57113.242388,https://charts-cdn.checkonchain.com/btconchain/realised/lthsopr_indicator/lthsopr_indicator_light.html,2026-10-06
2025-06-25,57114.153743,https://charts-cdn.checkonchain.com/btconchain/realised/lthsopr_indicator/lthsopr_indicator_light.html,2026-10-06
2025-06-26,57207.354545,https://charts-cdn.checkonchain.com/btconchain/realised/lthsopr_indicator/lthsopr_indicator_light.html,2026-10-06
2025-06-27,57212.199511,https://charts-cdn.checkonchain.com/btconchain/realised/lthsopr_indicator/lthsopr_indicator_light.html,2026-10-06
2025-06-28,57253.343487,https://charts-cdn.checkonchain.com/btconchain/realised/lthsopr_indicator/lthsopr_indicator_light.html,2026-10-06
2025-06-29,57321.833722,https://charts-cdn.checkonchain.com/btconchain/realised/lthsopr_indicator/lthsopr_indicator_light.html,2026-10-06
2025-06-30,57389.028637,https://charts-cdn.checkonchain.com/btconchain/realised/lthsopr_indicator/lthsopr_indicator_light.html,2026-10-06
2025-07-01,57419.108106,https://charts-cdn.checkonchain.com/btconchain/realised/lthsopr_indicator/lthsopr_indicator_light.html,2026-10-06
2025-07-02,57446.958053,https://charts-cdn.checkonchain.com/btconchain/realised/lthsopr_indicator/lthsopr_indicator_light.html,2026-10-06
2025-07-03,57748.522273,https://charts-cdn.checkonchain.com/btconchain/realised/lthsopr_indicator/lthsopr_indicator_light.html,2026-10-06
2025-07-04,57699.531747,https://charts-cdn.checkonchain.com/btconchain/realised/lthsopr_indicator/lthsopr_indicator_light.html,2026-10-06
2025-07-05,57912.309318,https://charts-cdn.checkonchain.com/btconchain/realised/lthsopr_indicator/lthsopr_indicator_light.html,2026-10-06
2025-07-06,57971.696494,https://charts-cdn.checkonchain.com/btconchain/realised/lthsopr_indicator/lthsopr_indicator_light.html,2026-10-06
2025-07-07,58034.311950,https://charts-cdn.checkonchain.com/btconchain/realised/lthsopr_indicator/lthsopr_indicator_light.html,2026-10-06
2025-07-08,58037.313175,https://charts-cdn.checkonchain.com/btconchain/realised/lthsopr_indicator/lthsopr_indicator_light.html,2026-10-06
2025-07-09,58059.984686,https://charts-cdn.checkonchain.com/btconchain/realised/lthsopr_indicator/lthsopr_indicator_light.html,2026-10-06
2025-07-10,58109.636701,https://charts-cdn.checkonchain.com/btconchain/realised/lthsopr_indicator/lthsopr_indicator_light.html,2026-10-06
2025-07-11,58058.036523,https://charts-cdn.checkonchain.com/btconchain/realised/lthsopr_indicator/lthsopr_indicator_light.html,2026-10-06
2025-07-12,58145.038880,https://charts-cdn.checkonchain.com/btconchain/realised/lthsopr_indicator/lthsopr_indicator_light.html,2026-10-06
2025-07-13,58187.356448,https://charts-cdn.checkonchain.com/btconchain/realised/lthsopr_indicator/lthsopr_indicator_light.html,2026-10-06
2025-07-14,58220.821378,https://charts-cdn.checkonchain.com/btconchain/realised/lthsopr_indicator/lthsopr_indicator_light.html,2026-10-06
2025-07-15,58222.441058,https://charts-cdn.checkonchain.com/btconchain/realised/lthsopr_indicator/lthsopr_indicator_light.html,2026-10-06
2025-07-16,57673.588478,https://charts-cdn.checkonchain.com/btconchain/realised/lthsopr_indicator/lthsopr_indicator_light.html,2026-10-06
2025-07-17,57500.390189,https://charts-cdn.checkonchain.com/btconchain/realised/lthsopr_indicator/lthsopr_indicator_light.html,2026-10-06
2025-07-18,57488.591167,https://charts-cdn.checkonchain.com/btconchain/realised/lthsopr_indicator/lthsopr_indicator_light.html,2026-10-06
2025-07-19,57539.188645,https://charts-cdn.checkonchain.com/btconchain/realised/lthsopr_indicator/lthsopr_indicator_light.html,2026-10-06
2025-07-20,57608.105271,https://charts-cdn.checkonchain.com/btconchain/realised/lthsopr_indicator/lthsopr_indicator_light.html,2026-10-06
2025-07-21,57664.353972,https://charts-cdn.checkonchain.com/btconchain/realised/lthsopr_indicator/lthsopr_indicator_light.html,2026-10-06
2025-07-22,57644.685879,https://charts-cdn.checkonchain.com/btconchain/realised/lthsopr_indicator/lthsopr_indicator_light.html,2026-10-06
2025-07-23,57667.089129,https://charts-cdn.checkonchain.com/btconchain/realised/lthsopr_indicator/lthsopr_indicator_light.html,2026-10-06
2025-07-24,57681.566112,https://charts-cdn.checkonchain.com/btconchain/realised/lthsopr_indicator/lthsopr_indicator_light.html,2026-10-06
2025-07-25,57800.587551,https://charts-cdn.checkonchain.com/btconchain/realised/lthsopr_indicator/lthsopr_indicator_light.html,2026-10-06
2025-07-26,57902.857911,https://charts-cdn.checkonchain.com/btconchain/realised/lthsopr_indicator/lthsopr_indicator_light.html,2026-10-06
2025-07-27,58005.945134,https://charts-cdn.checkonchain.com/btconchain/realised/lthsopr_indicator/lthsopr_indicator_light.html,2026-10-06
2025-07-28,58097.398765,https://charts-cdn.checkonchain.com/btconchain/realised/lthsopr_indicator/lthsopr_indicator_light.html,2026-10-06
2025-07-29,58046.567375,https://charts-cdn.checkonchain.com/btconchain/realised/lthsopr_indicator/lthsopr_indicator_light.html,2026-10-06
2025-07-30,58066.342380,https://charts-cdn.checkonchain.com/btconchain/realised/lthsopr_indicator/lthsopr_indicator_light.html,2026-10-06
2025-07-31,58113.266365,https://charts-cdn.checkonchain.com/btconchain/realised/lthsopr_indicator/lthsopr_indicator_light.html,2026-10-06
2025-08-01,58145.145402,https://charts-cdn.checkonchain.com/btconchain/realised/lthsopr_indicator/lthsopr_indicator_light.html,2026-10-06
2025-08-02,58206.980845,https://charts-cdn.checkonchain.com/btconchain/realised/lthsopr_indicator/lthsopr_indicator_light.html,2026-10-06
2025-08-03,58260.857806,https://charts-cdn.checkonchain.com/btconchain/realised/lthsopr_indicator/lthsopr_indicator_light.html,2026-10-06
2025-08-04,58287.359479,https://charts-cdn.checkonchain.com/btconchain/realised/lthsopr_indicator/lthsopr_indicator_light.html,2026-10-06
2025-08-05,58294.042290,https://charts-cdn.checkonchain.com/btconchain/realised/lthsopr_indicator/lthsopr_indicator_light.html,2026-10-06
2025-08-06,58311.705339,https://charts-cdn.checkonchain.com/btconchain/realised/lthsopr_indicator/lthsopr_indicator_light.html,2026-10-06
2025-08-07,58377.338431,https://charts-cdn.checkonchain.com/btconchain/realised/lthsopr_indicator/lthsopr_indicator_light.html,2026-10-06
2025-08-08,58457.943134,https://charts-cdn.checkonchain.com/btconchain/realised/lthsopr_indicator/lthsopr_indicator_light.html,2026-10-06
2025-08-09,58655.767588,https://charts-cdn.checkonchain.com/btconchain/realised/lthsopr_indicator/lthsopr_indicator_light.html,2026-10-06
2025-08-10,58855.802028,https://charts-cdn.checkonchain.com/btconchain/realised/lthsopr_indicator/lthsopr_indicator_light.html,2026-10-06
2025-08-11,58889.040135,https://charts-cdn.checkonchain.com/btconchain/realised/lthsopr_indicator/lthsopr_indicator_light.html,2026-10-06
2025-08-12,58823.852514,https://charts-cdn.checkonchain.com/btconchain/realised/lthsopr_indicator/lthsopr_indicator_light.html,2026-10-06
2025-08-13,58762.897483,https://charts-cdn.checkonchain.com/btconchain/realised/lthsopr_indicator/lthsopr_indicator_light.html,2026-10-06
2025-08-14,58716.160194,https://charts-cdn.checkonchain.com/btconchain/realised/lthsopr_indicator/lthsopr_indicator_light.html,2026-10-06
2025-08-15,58654.713370,https://charts-cdn.checkonchain.com/btconchain/realised/lthsopr_indicator/lthsopr_indicator_light.html,2026-10-06
2025-08-16,58693.023618,https://charts-cdn.checkonchain.com/btconchain/realised/lthsopr_indicator/lthsopr_indicator_light.html,2026-10-06
2025-08-17,58747.321471,https://charts-cdn.checkonchain.com/btconchain/realised/lthsopr_indicator/lthsopr_indicator_light.html,2026-10-06
2025-08-18,58792.985842,https://charts-cdn.checkonchain.com/btconchain/realised/lthsopr_indicator/lthsopr_indicator_light.html,2026-10-06
2025-08-19,58715.414809,https://charts-cdn.checkonchain.com/btconchain/realised/lthsopr_indicator/lthsopr_indicator_light.html,2026-10-06
2025-08-20,58669.360320,https://charts-cdn.checkonchain.com/btconchain/realised/lthsopr_indicator/lthsopr_indicator_light.html,2026-10-06
2025-08-21,58639.763385,https://charts-cdn.checkonchain.com/btconchain/realised/lthsopr_indicator/lthsopr_indicator_light.html,2026-10-06
2025-08-22,58667.424733,https://charts-cdn.checkonchain.com/btconchain/realised/lthsopr_indicator/lthsopr_indicator_light.html,2026-10-06
2025-08-23,58650.219987,https://charts-cdn.checkonchain.com/btconchain/realised/lthsopr_indicator/lthsopr_indicator_light.html,2026-10-06
2025-08-24,58697.716517,https://charts-cdn.checkonchain.com/btconchain/realised/lthsopr_indicator/lthsopr_indicator_light.html,2026-10-06
2025-08-25,58794.142513,https://charts-cdn.checkonchain.com/btconchain/realised/lthsopr_indicator/lthsopr_indicator_light.html,2026-10-06
2025-08-26,58806.754163,https://charts-cdn.checkonchain.com/btconchain/realised/lthsopr_indicator/lthsopr_indicator_light.html,2026-10-06
2025-08-27,58754.805471,https://charts-cdn.checkonchain.com/btconchain/realised/lthsopr_indicator/lthsopr_indicator_light.html,2026-10-06
2025-08-28,58624.231624,https://charts-cdn.checkonchain.com/btconchain/realised/lthsopr_indicator/lthsopr_indicator_light.html,2026-10-06
2025-08-29,58328.219696,https://charts-cdn.checkonchain.com/btconchain/realised/lthsopr_indicator/lthsopr_indicator_light.html,2026-10-06
2025-08-30,58427.433520,https://charts-cdn.checkonchain.com/btconchain/realised/lthsopr_indicator/lthsopr_indicator_light.html,2026-10-06
2025-08-31,58552.540447,https://charts-cdn.checkonchain.com/btconchain/realised/lthsopr_indicator/lthsopr_indicator_light.html,2026-10-06
2025-09-01,58631.344059,https://charts-cdn.checkonchain.com/btconchain/realised/lthsopr_indicator/lthsopr_indicator_light.html,2026-10-06
2025-09-02,58640.318686,https://charts-cdn.checkonchain.com/btconchain/realised/lthsopr_indicator/lthsopr_indicator_light.html,2026-10-06
2025-09-03,58612.771629,https://charts-cdn.checkonchain.com/btconchain/realised/lthsopr_indicator/lthsopr_indicator_light.html,2026-10-06
2025-09-04,58629.694339,https://charts-cdn.checkonchain.com/btconchain/realised/lthsopr_indicator/lthsopr_indicator_light.html,2026-10-06
2025-09-05,58515.395718,https://charts-cdn.checkonchain.com/btconchain/realised/lthsopr_indicator/lthsopr_indicator_light.html,2026-10-06
2025-09-06,58533.294995,https://charts-cdn.checkonchain.com/btconchain/realised/lthsopr_indicator/lthsopr_indicator_light.html,2026-10-06
2025-09-07,58616.329842,https://charts-cdn.checkonchain.com/btconchain/realised/lthsopr_indicator/lthsopr_indicator_light.html,2026-10-06
2025-09-08,58671.354614,https://charts-cdn.checkonchain.com/btconchain/realised/lthsopr_indicator/lthsopr_indicator_light.html,2026-10-06
2025-09-09,58627.808328,https://charts-cdn.checkonchain.com/btconchain/realised/lthsopr_indicator/lthsopr_indicator_light.html,2026-10-06
2025-09-10,58581.664421,https://charts-cdn.checkonchain.com/btconchain/realised/lthsopr_indicator/lthsopr_indicator_light.html,2026-10-06
2025-09-11,58550.290654,https://charts-cdn.checkonchain.com/btconchain/realised/lthsopr_indicator/lthsopr_indicator_light.html,2026-10-06
2025-09-12,58481.961029,https://charts-cdn.checkonchain.com/btconchain/realised/lthsopr_indicator/lthsopr_indicator_light.html,2026-10-06
2025-09-13,58483.021641,https://charts-cdn.checkonchain.com/btconchain/realised/lthsopr_indicator/lthsopr_indicator_light.html,2026-10-06
2025-09-14,58574.416089,https://charts-cdn.checkonchain.com/btconchain/realised/lthsopr_indicator/lthsopr_indicator_light.html,2026-10-06
2025-09-15,58577.240921,https://charts-cdn.checkonchain.com/btconchain/realised/lthsopr_indicator/lthsopr_indicator_light.html,2026-10-06
2025-09-16,58512.401738,https://charts-cdn.checkonchain.com/btconchain/realised/lthsopr_indicator/lthsopr_indicator_light.html,2026-10-06
2025-09-17,58451.111994,https://charts-cdn.checkonchain.com/btconchain/realised/lthsopr_indicator/lthsopr_indicator_light.html,2026-10-06
2025-09-18,58444.969965,https://charts-cdn.checkonchain.com/btconchain/realised/lthsopr_indicator/lthsopr_indicator_light.html,2026-10-06
2025-09-19,58496.142010,https://charts-cdn.checkonchain.com/btconchain/realised/lthsopr_indicator/lthsopr_indicator_light.html,2026-10-06
2025-09-20,58626.278602,https://charts-cdn.checkonchain.com/btconchain/realised/lthsopr_indicator/lthsopr_indicator_light.html,2026-10-06
2025-09-21,58714.591306,https://charts-cdn.checkonchain.com/btconchain/realised/lthsopr_indicator/lthsopr_indicator_light.html,2026-10-06
2025-09-22,58855.018915,https://charts-cdn.checkonchain.com/btconchain/realised/lthsopr_indicator/lthsopr_indicator_light.html,2026-10-06
2025-09-23,58821.392134,https://charts-cdn.checkonchain.com/btconchain/realised/lthsopr_indicator/lthsopr_indicator_light.html,2026-10-06
2025-09-24,58780.975081,https://charts-cdn.checkonchain.com/btconchain/realised/lthsopr_indicator/lthsopr_indicator_light.html,2026-10-06
2025-09-25,58750.837037,https://charts-cdn.checkonchain.com/btconchain/realised/lthsopr_indicator/lthsopr_indicator_light.html,2026-10-06
2025-09-26,58780.637160,https://charts-cdn.checkonchain.com/btconchain/realised/lthsopr_indicator/lthsopr_indicator_light.html,2026-10-06
2025-09-27,58766.140879,https://charts-cdn.checkonchain.com/btconchain/realised/lthsopr_indicator/lthsopr_indicator_light.html,2026-10-06
2025-09-28,58878.898991,https://charts-cdn.checkonchain.com/btconchain/realised/lthsopr_indicator/lthsopr_indicator_light.html,2026-10-06
2025-09-29,59002.159543,https://charts-cdn.checkonchain.com/btconchain/realised/lthsopr_indicator/lthsopr_indicator_light.html,2026-10-06
2025-09-30,59055.415529,https://charts-cdn.checkonchain.com/btconchain/realised/lthsopr_indicator/lthsopr_indicator_light.html,2026-10-06
2025-10-01,58899.930954,https://charts-cdn.checkonchain.com/btconchain/realised/lthsopr_indicator/lthsopr_indicator_light.html,2026-10-06
2025-10-02,58822.755716,https://charts-cdn.checkonchain.com/btconchain/realised/lthsopr_indicator/lthsopr_indicator_light.html,2026-10-06
2025-10-03,58763.260668,https://charts-cdn.checkonchain.com/btconchain/realised/lthsopr_indicator/lthsopr_indicator_light.html,2026-10-06
2025-10-04,58764.075533,https://charts-cdn.checkonchain.com/btconchain/realised/lthsopr_indicator/lthsopr_indicator_light.html,2026-10-06
2025-10-05,58839.808720,https://charts-cdn.checkonchain.com/btconchain/realised/lthsopr_indicator/lthsopr_indicator_light.html,2026-10-06
2025-10-06,58903.965669,https://charts-cdn.checkonchain.com/btconchain/realised/lthsopr_indicator/lthsopr_indicator_light.html,2026-10-06
2025-10-07,58798.673893,https://charts-cdn.checkonchain.com/btconchain/realised/lthsopr_indicator/lthsopr_indicator_light.html,2026-10-06
2025-10-08,58761.256508,https://charts-cdn.checkonchain.com/btconchain/realised/lthsopr_indicator/lthsopr_indicator_light.html,2026-10-06
2025-10-09,58769.048121,https://charts-cdn.checkonchain.com/btconchain/realised/lthsopr_indicator/lthsopr_indicator_light.html,2026-10-06
2025-10-10,58810.434547,https://charts-cdn.checkonchain.com/btconchain/realised/lthsopr_indicator/lthsopr_indicator_light.html,2026-10-06
2025-10-11,58850.504567,https://charts-cdn.checkonchain.com/btconchain/realised/lthsopr_indicator/lthsopr_indicator_light.html,2026-10-06
2025-10-12,58963.458889,https://charts-cdn.checkonchain.com/btconchain/realised/lthsopr_indicator/lthsopr_indicator_light.html,2026-10-06
2025-10-13,59062.931858,https://charts-cdn.checkonchain.com/btconchain/realised/lthsopr_indicator/lthsopr_indicator_light.html,2026-10-06
2025-10-14,58803.496400,https://charts-cdn.checkonchain.com/btconchain/realised/lthsopr_indicator/lthsopr_indicator_light.html,2026-10-06
2025-10-15,58728.200259,https://charts-cdn.checkonchain.com/btconchain/realised/lthsopr_indicator/lthsopr_indicator_light.html,2026-10-06
2025-10-16,58830.129805,https://charts-cdn.checkonchain.com/btconchain/realised/lthsopr_indicator/lthsopr_indicator_light.html,2026-10-06
2025-10-17,58927.946075,https://charts-cdn.checkonchain.com/btconchain/realised/lthsopr_indicator/lthsopr_indicator_light.html,2026-10-06
2025-10-18,59055.490848,https://charts-cdn.checkonchain.com/btconchain/realised/lthsopr_indicator/lthsopr_indicator_light.html,2026-10-06
2025-10-19,59289.258596,https://charts-cdn.checkonchain.com/btconchain/realised/lthsopr_indicator/lthsopr_indicator_light.html,2026-10-06
2025-10-20,59558.247919,https://charts-cdn.checkonchain.com/btconchain/realised/lthsopr_indicator/lthsopr_indicator_light.html,2026-10-06
2025-10-21,59527.859530,https://charts-cdn.checkonchain.com/btconchain/realised/lthsopr_indicator/lthsopr_indicator_light.html,2026-10-06
2025-10-22,59478.950181,https://charts-cdn.checkonchain.com/btconchain/realised/lthsopr_indicator/lthsopr_indicator_light.html,2026-10-06
2025-10-23,59482.386422,https://charts-cdn.checkonchain.com/btconchain/realised/lthsopr_indicator/lthsopr_indicator_light.html,2026-10-06
2025-10-24,59608.450569,https://charts-cdn.checkonchain.com/btconchain/realised/lthsopr_indicator/lthsopr_indicator_light.html,2026-10-06
2025-10-25,59686.093473,https://charts-cdn.checkonchain.com/btconchain/realised/lthsopr_indicator/lthsopr_indicator_light.html,2026-10-06
2025-10-26,59805.590966,https://charts-cdn.checkonchain.com/btconchain/realised/lthsopr_indicator/lthsopr_indicator_light.html,2026-10-06
2025-10-27,59948.959188,https://charts-cdn.checkonchain.com/btconchain/realised/lthsopr_indicator/lthsopr_indicator_light.html,2026-10-06
2025-10-28,59838.600181,https://charts-cdn.checkonchain.com/btconchain/realised/lthsopr_indicator/lthsopr_indicator_light.html,2026-10-06
2025-10-29,59705.738713,https://charts-cdn.checkonchain.com/btconchain/realised/lthsopr_indicator/lthsopr_indicator_light.html,2026-10-06
2025-10-30,59638.591569,https://charts-cdn.checkonchain.com/btconchain/realised/lthsopr_indicator/lthsopr_indicator_light.html,2026-10-06
2025-10-31,60516.303388,https://charts-cdn.checkonchain.com/btconchain/realised/lthsopr_indicator/lthsopr_indicator_light.html,2026-10-06
2025-11-01,60588.231751,https://charts-cdn.checkonchain.com/btconchain/realised/lthsopr_indicator/lthsopr_indicator_light.html,2026-10-06
2025-11-02,60655.212874,https://charts-cdn.checkonchain.com/btconchain/realised/lthsopr_indicator/lthsopr_indicator_light.html,2026-10-06
2025-11-03,60671.021935,https://charts-cdn.checkonchain.com/btconchain/realised/lthsopr_indicator/lthsopr_indicator_light.html,2026-10-06
2025-11-04,60505.473966,https://charts-cdn.checkonchain.com/btconchain/realised/lthsopr_indicator/lthsopr_indicator_light.html,2026-10-06
2025-11-05,60342.556647,https://charts-cdn.checkonchain.com/btconchain/realised/lthsopr_indicator/lthsopr_indicator_light.html,2026-10-06
2025-11-06,60234.987839,https://charts-cdn.checkonchain.com/btconchain/realised/lthsopr_indicator/lthsopr_indicator_light.html,2026-10-06
2025-11-07,60156.931041,https://charts-cdn.checkonchain.com/btconchain/realised/lthsopr_indicator/lthsopr_indicator_light.html,2026-10-06
2025-11-08,60290.923146,https://charts-cdn.checkonchain.com/btconchain/realised/lthsopr_indicator/lthsopr_indicator_light.html,2026-10-06
2025-11-09,60404.124936,https://charts-cdn.checkonchain.com/btconchain/realised/lthsopr_indicator/lthsopr_indicator_light.html,2026-10-06
2025-11-10,60417.439737,https://charts-cdn.checkonchain.com/btconchain/realised/lthsopr_indicator/lthsopr_indicator_light.html,2026-10-06
2025-11-11,60313.867483,https://charts-cdn.checkonchain.com/btconchain/realised/lthsopr_indicator/lthsopr_indicator_light.html,2026-10-06
2025-11-12,60242.208452,https://charts-cdn.checkonchain.com/btconchain/realised/lthsopr_indicator/lthsopr_indicator_light.html,2026-10-06
2025-11-13,60231.575585,https://charts-cdn.checkonchain.com/btconchain/realised/lthsopr_indicator/lthsopr_indicator_light.html,2026-10-06
2025-11-14,60121.305788,https://charts-cdn.checkonchain.com/btconchain/realised/lthsopr_indicator/lthsopr_indicator_light.html,2026-10-06
2025-11-15,60218.696655,https://charts-cdn.checkonchain.com/btconchain/realised/lthsopr_indicator/lthsopr_indicator_light.html,2026-10-06
2025-11-16,60266.173561,https://charts-cdn.checkonchain.com/btconchain/realised/lthsopr_indicator/lthsopr_indicator_light.html,2026-10-06
2025-11-17,60219.276446,https://charts-cdn.checkonchain.com/btconchain/realised/lthsopr_indicator/lthsopr_indicator_light.html,2026-10-06
2025-11-18,59944.341688,https://charts-cdn.checkonchain.com/btconchain/realised/lthsopr_indicator/lthsopr_indicator_light.html,2026-10-06
2025-11-19,59863.211835,https://charts-cdn.checkonchain.com/btconchain/realised/lthsopr_indicator/lthsopr_indicator_light.html,2026-10-06
2025-11-20,59811.972315,https://charts-cdn.checkonchain.com/btconchain/realised/lthsopr_indicator/lthsopr_indicator_light.html,2026-10-06
2025-11-21,59815.629025,https://charts-cdn.checkonchain.com/btconchain/realised/lthsopr_indicator/lthsopr_indicator_light.html,2026-10-06
2025-11-22,57474.849089,https://charts-cdn.checkonchain.com/btconchain/realised/lthsopr_indicator/lthsopr_indicator_light.html,2026-10-06
2025-11-23,57243.471735,https://charts-cdn.checkonchain.com/btconchain/realised/lthsopr_indicator/lthsopr_indicator_light.html,2026-10-06
2025-11-24,57362.496371,https://charts-cdn.checkonchain.com/btconchain/realised/lthsopr_indicator/lthsopr_indicator_light.html,2026-10-06
2025-11-25,57382.657148,https://charts-cdn.checkonchain.com/btconchain/realised/lthsopr_indicator/lthsopr_indicator_light.html,2026-10-06
2025-11-26,57223.109869,https://charts-cdn.checkonchain.com/btconchain/realised/lthsopr_indicator/lthsopr_indicator_light.html,2026-10-06
2025-11-27,57482.828341,https://charts-cdn.checkonchain.com/btconchain/realised/lthsopr_indicator/lthsopr_indicator_light.html,2026-10-06
2025-11-28,57544.129544,https://charts-cdn.checkonchain.com/btconchain/realised/lthsopr_indicator/lthsopr_indicator_light.html,2026-10-06
2025-11-29,57623.562162,https://charts-cdn.checkonchain.com/btconchain/realised/lthsopr_indicator/lthsopr_indicator_light.html,2026-10-06
2025-11-30,57787.035068,https://charts-cdn.checkonchain.com/btconchain/realised/lthsopr_indicator/lthsopr_indicator_light.html,2026-10-06
2025-12-01,57773.875740,https://charts-cdn.checkonchain.com/btconchain/realised/lthsopr_indicator/lthsopr_indicator_light.html,2026-10-06
2025-12-02,57769.243919,https://charts-cdn.checkonchain.com/btconchain/realised/lthsopr_indicator/lthsopr_indicator_light.html,2026-10-06
2025-12-03,57594.210762,https://charts-cdn.checkonchain.com/btconchain/realised/lthsopr_indicator/lthsopr_indicator_light.html,2026-10-06
2025-12-04,57622.244029,https://charts-cdn.checkonchain.com/btconchain/realised/lthsopr_indicator/lthsopr_indicator_light.html,2026-10-06
2025-12-05,57739.037379,https://charts-cdn.checkonchain.com/btconchain/realised/lthsopr_indicator/lthsopr_indicator_light.html,2026-10-06
2025-12-06,57942.096751,https://charts-cdn.checkonchain.com/btconchain/realised/lthsopr_indicator/lthsopr_indicator_light.html,2026-10-06
2025-12-07,58033.331350,https://charts-cdn.checkonchain.com/btconchain/realised/lthsopr_indicator/lthsopr_indicator_light.html,2026-10-06
2025-12-08,58268.287888,https://charts-cdn.checkonchain.com/btconchain/realised/lthsopr_indicator/lthsopr_indicator_light.html,2026-10-06
2025-12-09,58247.896111,https://charts-cdn.checkonchain.com/btconchain/realised/lthsopr_indicator/lthsopr_indicator_light.html,2026-10-06
2025-12-10,58090.464922,https://charts-cdn.checkonchain.com/btconchain/realised/lthsopr_indicator/lthsopr_indicator_light.html,2026-10-06
2025-12-11,58347.891611,https://charts-cdn.checkonchain.com/btconchain/realised/lthsopr_indicator/lthsopr_indicator_light.html,2026-10-06
2025-12-12,58497.426103,https://charts-cdn.checkonchain.com/btconchain/realised/lthsopr_indicator/lthsopr_indicator_light.html,2026-10-06
2025-12-13,58676.364153,https://charts-cdn.checkonchain.com/btconchain/realised/lthsopr_indicator/lthsopr_indicator_light.html,2026-10-06
2025-12-14,59029.358557,https://charts-cdn.checkonchain.com/btconchain/realised/lthsopr_indicator/lthsopr_indicator_light.html,2026-10-06
2025-12-15,59348.090252,https://charts-cdn.checkonchain.com/btconchain/realised/lthsopr_indicator/lthsopr_indicator_light.html,2026-10-06
2025-12-16,59219.191516,https://charts-cdn.checkonchain.com/btconchain/realised/lthsopr_indicator/lthsopr_indicator_light.html,2026-10-06
2025-12-17,59076.876600,https://charts-cdn.checkonchain.com/btconchain/realised/lthsopr_indicator/lthsopr_indicator_light.html,2026-10-06
2025-12-18,59307.183489,https://charts-cdn.checkonchain.com/btconchain/realised/lthsopr_indicator/lthsopr_indicator_light.html,2026-10-06
2025-12-19,59538.848449,https://charts-cdn.checkonchain.com/btconchain/realised/lthsopr_indicator/lthsopr_indicator_light.html,2026-10-06
2025-12-20,59302.022006,https://charts-cdn.checkonchain.com/btconchain/realised/lthsopr_indicator/lthsopr_indicator_light.html,2026-10-06
2025-12-21,59372.108249,https://charts-cdn.checkonchain.com/btconchain/realised/lthsopr_indicator/lthsopr_indicator_light.html,2026-10-06
2025-12-22,59544.492011,https://charts-cdn.checkonchain.com/btconchain/realised/lthsopr_indicator/lthsopr_indicator_light.html,2026-10-06
2025-12-23,59460.295994,https://charts-cdn.checkonchain.com/btconchain/realised/lthsopr_indicator/lthsopr_indicator_light.html,2026-10-06
2025-12-24,59487.716977,https://charts-cdn.checkonchain.com/btconchain/realised/lthsopr_indicator/lthsopr_indicator_light.html,2026-10-06
2025-12-25,59619.674476,https://charts-cdn.checkonchain.com/btconchain/realised/lthsopr_indicator/lthsopr_indicator_light.html,2026-10-06
2025-12-26,59790.287160,https://charts-cdn.checkonchain.com/btconchain/realised/lthsopr_indicator/lthsopr_indicator_light.html,2026-10-06
2025-12-27,59927.159189,https://charts-cdn.checkonchain.com/btconchain/realised/lthsopr_indicator/lthsopr_indicator_light.html,2026-10-06
2025-12-28,60040.498891,https://charts-cdn.checkonchain.com/btconchain/realised/lthsopr_indicator/lthsopr_indicator_light.html,2026-10-06
2025-12-29,60127.899090,https://charts-cdn.checkonchain.com/btconchain/realised/lthsopr_indicator/lthsopr_indicator_light.html,2026-10-06
2025-12-30,60064.983282,https://charts-cdn.checkonchain.com/btconchain/realised/lthsopr_indicator/lthsopr_indicator_light.html,2026-10-06
2025-12-31,59863.754633,https://charts-cdn.checkonchain.com/btconchain/realised/lthsopr_indicator/lthsopr_indicator_light.html,2026-10-06
2026-01-01,59922.227339,https://charts-cdn.checkonchain.com/btconchain/realised/lthsopr_indicator/lthsopr_indicator_light.html,2026-10-06
2026-01-02,60028.042140,https://charts-cdn.checkonchain.com/btconchain/realised/lthsopr_indicator/lthsopr_indicator_light.html,2026-10-06
2026-01-03,60369.311177,https://charts-cdn.checkonchain.com/btconchain/realised/lthsopr_indicator/lthsopr_indicator_light.html,2026-10-06
2026-01-04,60540.944818,https://charts-cdn.checkonchain.com/btconchain/realised/lthsopr_indicator/lthsopr_indicator_light.html,2026-10-06
2026-01-05,60621.261620,https://charts-cdn.checkonchain.com/btconchain/realised/lthsopr_indicator/lthsopr_indicator_light.html,2026-10-06
2026-01-06,60657.564716,https://charts-cdn.checkonchain.com/btconchain/realised/lthsopr_indicator/lthsopr_indicator_light.html,2026-10-06
2026-01-07,60409.121785,https://charts-cdn.checkonchain.com/btconchain/realised/lthsopr_indicator/lthsopr_indicator_light.html,2026-10-06
2026-01-08,60474.444074,https://charts-cdn.checkonchain.com/btconchain/realised/lthsopr_indicator/lthsopr_indicator_light.html,2026-10-06
2026-01-09,60472.058425,https://charts-cdn.checkonchain.com/btconchain/realised/lthsopr_indicator/lthsopr_indicator_light.html,2026-10-06
2026-01-10,60587.100527,https://charts-cdn.checkonchain.com/btconchain/realised/lthsopr_indicator/lthsopr_indicator_light.html,2026-10-06
2026-01-11,60913.874589,https://charts-cdn.checkonchain.com/btconchain/realised/lthsopr_indicator/lthsopr_indicator_light.html,2026-10-06
2026-01-12,61090.091355,https://charts-cdn.checkonchain.com/btconchain/realised/lthsopr_indicator/lthsopr_indicator_light.html,2026-10-06
2026-01-13,61073.694453,https://charts-cdn.checkonchain.com/btconchain/realised/lthsopr_indicator/lthsopr_indicator_light.html,2026-10-06
2026-01-14,61143.448127,https://charts-cdn.checkonchain.com/btconchain/realised/lthsopr_indicator/lthsopr_indicator_light.html,2026-10-06
2026-01-15,61165.374229,https://charts-cdn.checkonchain.com/btconchain/realised/lthsopr_indicator/lthsopr_indicator_light.html,2026-10-06
2026-01-16,61350.966217,https://charts-cdn.checkonchain.com/btconchain/realised/lthsopr_indicator/lthsopr_indicator_light.html,2026-10-06
2026-01-17,61510.853739,https://charts-cdn.checkonchain.com/btconchain/realised/lthsopr_indicator/lthsopr_indicator_light.html,2026-10-06
2026-01-18,61729.512727,https://charts-cdn.checkonchain.com/btconchain/realised/lthsopr_indicator/lthsopr_indicator_light.html,2026-10-06
2026-01-19,61927.680391,https://charts-cdn.checkonchain.com/btconchain/realised/lthsopr_indicator/lthsopr_indicator_light.html,2026-10-06
2026-01-20,62008.417472,https://charts-cdn.checkonchain.com/btconchain/realised/lthsopr_indicator/lthsopr_indicator_light.html,2026-10-06
2026-01-21,62078.077017,https://charts-cdn.checkonchain.com/btconchain/realised/lthsopr_indicator/lthsopr_indicator_light.html,2026-10-06
2026-01-22,62121.789007,https://charts-cdn.checkonchain.com/btconchain/realised/lthsopr_indicator/lthsopr_indicator_light.html,2026-10-06
2026-01-23,62208.841771,https://charts-cdn.checkonchain.com/btconchain/realised/lthsopr_indicator/lthsopr_indicator_light.html,2026-10-06
2026-01-24,62347.527143,https://charts-cdn.checkonchain.com/btconchain/realised/lthsopr_indicator/lthsopr_indicator_light.html,2026-10-06
2026-01-25,62473.218680,https://charts-cdn.checkonchain.com/btconchain/realised/lthsopr_indicator/lthsopr_indicator_light.html,2026-10-06
2026-01-26,62766.089753,https://charts-cdn.checkonchain.com/btconchain/realised/lthsopr_indicator/lthsopr_indicator_light.html,2026-10-06
2026-01-27,62928.292854,https://charts-cdn.checkonchain.com/btconchain/realised/lthsopr_indicator/lthsopr_indicator_light.html,2026-10-06
2026-01-28,62900.878366,https://charts-cdn.checkonchain.com/btconchain/realised/lthsopr_indicator/lthsopr_indicator_light.html,2026-10-06
2026-01-29,63075.338143,https://charts-cdn.checkonchain.com/btconchain/realised/lthsopr_indicator/lthsopr_indicator_light.html,2026-10-06
2026-01-30,63202.321656,https://charts-cdn.checkonchain.com/btconchain/realised/lthsopr_indicator/lthsopr_indicator_light.html,2026-10-06
2026-01-31,63326.031308,https://charts-cdn.checkonchain.com/btconchain/realised/lthsopr_indicator/lthsopr_indicator_light.html,2026-10-06
2026-02-01,63501.675325,https://charts-cdn.checkonchain.com/btconchain/realised/lthsopr_indicator/lthsopr_indicator_light.html,2026-10-06
2026-02-02,63540.304407,https://charts-cdn.checkonchain.com/btconchain/realised/lthsopr_indicator/lthsopr_indicator_light.html,2026-10-06
2026-02-03,63563.798924,https://charts-cdn.checkonchain.com/btconchain/realised/lthsopr_indicator/lthsopr_indicator_light.html,2026-10-06
2026-02-04,63515.673895,https://charts-cdn.checkonchain.com/btconchain/realised/lthsopr_indicator/lthsopr_indicator_light.html,2026-10-06
2026-02-05,63331.068617,https://charts-cdn.checkonchain.com/btconchain/realised/lthsopr_indicator/lthsopr_indicator_light.html,2026-10-06
2026-02-06,63306.847961,https://charts-cdn.checkonchain.com/btconchain/realised/lthsopr_indicator/lthsopr_indicator_light.html,2026-10-06
2026-02-07,63423.335940,https://charts-cdn.checkonchain.com/btconchain/realised/lthsopr_indicator/lthsopr_indicator_light.html,2026-10-06
2026-02-08,63615.067521,https://charts-cdn.checkonchain.com/btconchain/realised/lthsopr_indicator/lthsopr_indicator_light.html,2026-10-06
2026-02-09,63718.503752,https://charts-cdn.checkonchain.com/btconchain/realised/lthsopr_indicator/lthsopr_indicator_light.html,2026-10-06
2026-02-10,63766.381004,https://charts-cdn.checkonchain.com/btconchain/realised/lthsopr_indicator/lthsopr_indicator_light.html,2026-10-06
2026-02-11,63720.190205,https://charts-cdn.checkonchain.com/btconchain/realised/lthsopr_indicator/lthsopr_indicator_light.html,2026-10-06
2026-02-12,63835.727468,https://charts-cdn.checkonchain.com/btconchain/realised/lthsopr_indicator/lthsopr_indicator_light.html,2026-10-06
2026-02-13,63939.729750,https://charts-cdn.checkonchain.com/btconchain/realised/lthsopr_indicator/lthsopr_indicator_light.html,2026-10-06
2026-02-14,64264.321568,https://charts-cdn.checkonchain.com/btconchain/realised/lthsopr_indicator/lthsopr_indicator_light.html,2026-10-06
2026-02-15,64496.258705,https://charts-cdn.checkonchain.com/btconchain/realised/lthsopr_indicator/lthsopr_indicator_light.html,2026-10-06
2026-02-16,64644.079825,https://charts-cdn.checkonchain.com/btconchain/realised/lthsopr_indicator/lthsopr_indicator_light.html,2026-10-06
2026-02-17,64801.826640,https://charts-cdn.checkonchain.com/btconchain/realised/lthsopr_indicator/lthsopr_indicator_light.html,2026-10-06
2026-02-18,64779.232767,https://charts-cdn.checkonchain.com/btconchain/realised/lthsopr_indicator/lthsopr_indicator_light.html,2026-10-06
2026-02-19,65042.036711,https://charts-cdn.checkonchain.com/btconchain/realised/lthsopr_indicator/lthsopr_indicator_light.html,2026-10-06
2026-02-20,65160.271159,https://charts-cdn.checkonchain.com/btconchain/realised/lthsopr_indicator/lthsopr_indicator_light.html,2026-10-06
2026-02-21,65338.742646,https://charts-cdn.checkonchain.com/btconchain/realised/lthsopr_indicator/lthsopr_indicator_light.html,2026-10-06
2026-02-22,65555.276327,https://charts-cdn.checkonchain.com/btconchain/realised/lthsopr_indicator/lthsopr_indicator_light.html,2026-10-06
2026-02-23,65735.196315,https://charts-cdn.checkonchain.com/btconchain/realised/lthsopr_indicator/lthsopr_indicator_light.html,2026-10-06
2026-02-24,65794.991492,https://charts-cdn.checkonchain.com/btconchain/realised/lthsopr_indicator/lthsopr_indicator_light.html,2026-10-06
2026-02-25,65814.128973,https://charts-cdn.checkonchain.com/btconchain/realised/lthsopr_indicator/lthsopr_indicator_light.html,2026-10-06
2026-02-26,65913.246960,https://charts-cdn.checkonchain.com/btconchain/realised/lthsopr_indicator/lthsopr_indicator_light.html,2026-10-06
2026-02-27,66001.705081,https://charts-cdn.checkonchain.com/btconchain/realised/lthsopr_indicator/lthsopr_indicator_light.html,2026-10-06
2026-02-28,66104.279616,https://charts-cdn.checkonchain.com/btconchain/realised/lthsopr_indicator/lthsopr_indicator_light.html,2026-10-06
2026-03-01,66267.395528,https://charts-cdn.checkonchain.com/btconchain/realised/lthsopr_indicator/lthsopr_indicator_light.html,2026-10-06
2026-03-02,66544.508643,https://charts-cdn.checkonchain.com/btconchain/realised/lthsopr_indicator/lthsopr_indicator_light.html,2026-10-06
2026-03-03,66667.841287,https://charts-cdn.checkonchain.com/btconchain/realised/lthsopr_indicator/lthsopr_indicator_light.html,2026-10-06
2026-03-04,66723.884911,https://charts-cdn.checkonchain.com/btconchain/realised/lthsopr_indicator/lthsopr_indicator_light.html,2026-10-06
2026-03-05,66773.467285,https://charts-cdn.checkonchain.com/btconchain/realised/lthsopr_indicator/lthsopr_indicator_light.html,2026-10-06
2026-03-06,66881.138257,https://charts-cdn.checkonchain.com/btconchain/realised/lthsopr_indicator/lthsopr_indicator_light.html,2026-10-06
2026-03-07,67079.126427,https://charts-cdn.checkonchain.com/btconchain/realised/lthsopr_indicator/lthsopr_indicator_light.html,2026-10-06
2026-03-08,67357.288142,https://charts-cdn.checkonchain.com/btconchain/realised/lthsopr_indicator/lthsopr_indicator_light.html,2026-10-06
2026-03-09,67481.394210,https://charts-cdn.checkonchain.com/btconchain/realised/lthsopr_indicator/lthsopr_indicator_light.html,2026-10-06
2026-03-10,67594.032441,https://charts-cdn.checkonchain.com/btconchain/realised/lthsopr_indicator/lthsopr_indicator_light.html,2026-10-06
2026-03-11,67465.678926,https://charts-cdn.checkonchain.com/btconchain/realised/lthsopr_indicator/lthsopr_indicator_light.html,2026-10-06
2026-03-12,67469.224843,https://charts-cdn.checkonchain.com/btconchain/realised/lthsopr_indicator/lthsopr_indicator_light.html,2026-10-06
2026-03-13,67681.440703,https://charts-cdn.checkonchain.com/btconchain/realised/lthsopr_indicator/lthsopr_indicator_light.html,2026-10-06
2026-03-14,68049.820360,https://charts-cdn.checkonchain.com/btconchain/realised/lthsopr_indicator/lthsopr_indicator_light.html,2026-10-06
2026-03-15,68240.600862,https://charts-cdn.checkonchain.com/btconchain/realised/lthsopr_indicator/lthsopr_indicator_light.html,2026-10-06
2026-03-16,68360.352240,https://charts-cdn.checkonchain.com/btconchain/realised/lthsopr_indicator/lthsopr_indicator_light.html,2026-10-06
2026-03-17,68405.548982,https://charts-cdn.checkonchain.com/btconchain/realised/lthsopr_indicator/lthsopr_indicator_light.html,2026-10-06
2026-03-18,68445.786363,https://charts-cdn.checkonchain.com/btconchain/realised/lthsopr_indicator/lthsopr_indicator_light.html,2026-10-06
2026-03-19,68465.838225,https://charts-cdn.checkonchain.com/btconchain/realised/lthsopr_indicator/lthsopr_indicator_light.html,2026-10-06
2026-03-20,68509.594171,https://charts-cdn.checkonchain.com/btconchain/realised/lthsopr_indicator/lthsopr_indicator_light.html,2026-10-06
2026-03-21,68755.698302,https://charts-cdn.checkonchain.com/btconchain/realised/lthsopr_indicator/lthsopr_indicator_light.html,2026-10-06
2026-03-22,68975.418020,https://charts-cdn.checkonchain.com/btconchain/realised/lthsopr_indicator/lthsopr_indicator_light.html,2026-10-06
2026-03-23,69093.931853,https://charts-cdn.checkonchain.com/btconchain/realised/lthsopr_indicator/lthsopr_indicator_light.html,2026-10-06
2026-03-24,69182.436171,https://charts-cdn.checkonchain.com/btconchain/realised/lthsopr_indicator/lthsopr_indicator_light.html,2026-10-06
2026-03-25,69243.816526,https://charts-cdn.checkonchain.com/btconchain/realised/lthsopr_indicator/lthsopr_indicator_light.html,2026-10-06
2026-03-26,69340.252674,https://charts-cdn.checkonchain.com/btconchain/realised/lthsopr_indicator/lthsopr_indicator_light.html,2026-10-06
2026-03-27,69578.394493,https://charts-cdn.checkonchain.com/btconchain/realised/lthsopr_indicator/lthsopr_indicator_light.html,2026-10-06
2026-03-28,69826.434567,https://charts-cdn.checkonchain.com/btconchain/realised/lthsopr_indicator/lthsopr_indicator_light.html,2026-10-06
2026-03-29,70100.143265,https://charts-cdn.checkonchain.com/btconchain/realised/lthsopr_indicator/lthsopr_indicator_light.html,2026-10-06
2026-03-30,70108.111848,https://charts-cdn.checkonchain.com/btconchain/realised/lthsopr_indicator/lthsopr_indicator_light.html,2026-10-06
2026-03-31,70158.044117,https://charts-cdn.checkonchain.com/btconchain/realised/lthsopr_indicator/lthsopr_indicator_light.html,2026-10-06
2026-04-01,70188.267987,https://charts-cdn.checkonchain.com/btconchain/realised/lthsopr_indicator/lthsopr_indicator_light.html,2026-10-06
2026-04-02,70253.701887,https://charts-cdn.checkonchain.com/btconchain/realised/lthsopr_indicator/lthsopr_indicator_light.html,2026-10-06
2026-04-03,70489.367130,https://charts-cdn.checkonchain.com/btconchain/realised/lthsopr_indicator/lthsopr_indicator_light.html,2026-10-06
2026-04-04,70728.026609,https://charts-cdn.checkonchain.com/btconchain/realised/lthsopr_indicator/lthsopr_indicator_light.html,2026-10-06
2026-04-05,70945.822392,https://charts-cdn.checkonchain.com/btconchain/realised/lthsopr_indicator/lthsopr_indicator_light.html,2026-10-06
2026-04-06,71136.714433,https://charts-cdn.checkonchain.com/btconchain/realised/lthsopr_indicator/lthsopr_indicator_light.html,2026-10-06
2026-04-07,71175.387247,https://charts-cdn.checkonchain.com/btconchain/realised/lthsopr_indicator/lthsopr_indicator_light.html,2026-10-06
2026-04-08,71178.454941,https://charts-cdn.checkonchain.com/btconchain/realised/lthsopr_indicator/lthsopr_indicator_light.html,2026-10-06
2026-04-09,71313.210325,https://charts-cdn.checkonchain.com/btconchain/realised/lthsopr_indicator/lthsopr_indicator_light.html,2026-10-06
2026-04-10,71468.133447,https://charts-cdn.checkonchain.com/btconchain/realised/lthsopr_indicator/lthsopr_indicator_light.html,2026-10-06
2026-04-11,71603.033909,https://charts-cdn.checkonchain.com/btconchain/realised/lthsopr_indicator/lthsopr_indicator_light.html,2026-10-06
2026-04-12,71749.793181,https://charts-cdn.checkonchain.com/btconchain/realised/lthsopr_indicator/lthsopr_indicator_light.html,2026-10-06
2026-04-13,71928.169599,https://charts-cdn.checkonchain.com/btconchain/realised/lthsopr_indicator/lthsopr_indicator_light.html,2026-10-06
2026-04-14,71790.702442,https://charts-cdn.checkonchain.com/btconchain/realised/lthsopr_indicator/lthsopr_indicator_light.html,2026-10-06
2026-04-15,71762.466441,https://charts-cdn.checkonchain.com/btconchain/realised/lthsopr_indicator/lthsopr_indicator_light.html,2026-10-06
2026-04-16,71893.145974,https://charts-cdn.checkonchain.com/btconchain/realised/lthsopr_indicator/lthsopr_indicator_light.html,2026-10-06
2026-04-17,72147.000103,https://charts-cdn.checkonchain.com/btconchain/realised/lthsopr_indicator/lthsopr_indicator_light.html,2026-10-06
2026-04-18,72296.125128,https://charts-cdn.checkonchain.com/btconchain/realised/lthsopr_indicator/lthsopr_indicator_light.html,2026-10-06
2026-04-19,72418.966446,https://charts-cdn.checkonchain.com/btconchain/realised/lthsopr_indicator/lthsopr_indicator_light.html,2026-10-06
2026-04-20,72627.398302,https://charts-cdn.checkonchain.com/btconchain/realised/lthsopr_indicator/lthsopr_indicator_light.html,2026-10-06
2026-04-21,74908.328802,https://charts-cdn.checkonchain.com/btconchain/realised/lthsopr_indicator/lthsopr_indicator_light.html,2026-10-06
2026-04-22,75359.916172,https://charts-cdn.checkonchain.com/btconchain/realised/lthsopr_indicator/lthsopr_indicator_light.html,2026-10-06
2026-04-23,75398.523110,https://charts-cdn.checkonchain.com/btconchain/realised/lthsopr_indicator/lthsopr_indicator_light.html,2026-10-06
2026-04-24,75367.025927,https://charts-cdn.checkonchain.com/btconchain/realised/lthsopr_indicator/lthsopr_indicator_light.html,2026-10-06
2026-04-25,75429.107027,https://charts-cdn.checkonchain.com/btconchain/realised/lthsopr_indicator/lthsopr_indicator_light.html,2026-10-06
2026-04-26,75474.215252,https://charts-cdn.checkonchain.com/btconchain/realised/lthsopr_indicator/lthsopr_indicator_light.html,2026-10-06
2026-04-27,75504.625840,https://charts-cdn.checkonchain.com/btconchain/realised/lthsopr_indicator/lthsopr_indicator_light.html,2026-10-06
2026-04-28,75504.193972,https://charts-cdn.checkonchain.com/btconchain/realised/lthsopr_indicator/lthsopr_indicator_light.html,2026-10-06
2026-04-29,75429.673508,https://charts-cdn.checkonchain.com/btconchain/realised/lthsopr_indicator/lthsopr_indicator_light.html,2026-10-06
2026-04-30,75427.565497,https://charts-cdn.checkonchain.com/btconchain/realised/lthsopr_indicator/lthsopr_indicator_light.html,2026-10-06
2026-05-01,75473.304346,https://charts-cdn.checkonchain.com/btconchain/realised/lthsopr_indicator/lthsopr_indicator_light.html,2026-10-06
2026-05-02,75563.874523,https://charts-cdn.checkonchain.com/btconchain/realised/lthsopr_indicator/lthsopr_indicator_light.html,2026-10-06
2026-05-03,75680.815623,https://charts-cdn.checkonchain.com/btconchain/realised/lthsopr_indicator/lthsopr_indicator_light.html,2026-10-06
2026-05-04,75880.488244,https://charts-cdn.checkonchain.com/btconchain/realised/lthsopr_indicator/lthsopr_indicator_light.html,2026-10-06
2026-05-05,75880.235679,https://charts-cdn.checkonchain.com/btconchain/realised/lthsopr_indicator/lthsopr_indicator_light.html,2026-10-06
2026-05-06,75881.024305,https://charts-cdn.checkonchain.com/btconchain/realised/lthsopr_indicator/lthsopr_indicator_light.html,2026-10-06
2026-05-07,76009.747050,https://charts-cdn.checkonchain.com/btconchain/realised/lthsopr_indicator/lthsopr_indicator_light.html,2026-10-06
2026-05-08,76092.839605,https://charts-cdn.checkonchain.com/btconchain/realised/lthsopr_indicator/lthsopr_indicator_light.html,2026-10-06
2026-05-09,76268.877786,https://charts-cdn.checkonchain.com/btconchain/realised/lthsopr_indicator/lthsopr_indicator_light.html,2026-10-06
2026-05-10,76315.953983,https://charts-cdn.checkonchain.com/btconchain/realised/lthsopr_indicator/lthsopr_indicator_light.html,2026-10-06
2026-05-11,76418.806999,https://charts-cdn.checkonchain.com/btconchain/realised/lthsopr_indicator/lthsopr_indicator_light.html,2026-10-06
2026-05-12,76452.797722,https://charts-cdn.checkonchain.com/btconchain/realised/lthsopr_indicator/lthsopr_indicator_light.html,2026-10-06
2026-05-13,76439.354667,https://charts-cdn.checkonchain.com/btconchain/realised/lthsopr_indicator/lthsopr_indicator_light.html,2026-10-06
2026-05-14,76526.891005,https://charts-cdn.checkonchain.com/btconchain/realised/lthsopr_indicator/lthsopr_indicator_light.html,2026-10-06
2026-05-15,76563.416673,https://charts-cdn.checkonchain.com/btconchain/realised/lthsopr_indicator/lthsopr_indicator_light.html,2026-10-06
2026-05-16,76621.047798,https://charts-cdn.checkonchain.com/btconchain/realised/lthsopr_indicator/lthsopr_indicator_light.html,2026-10-06
2026-05-17,76656.091709,https://charts-cdn.checkonchain.com/btconchain/realised/lthsopr_indicator/lthsopr_indicator_light.html,2026-10-06
2026-05-18,76670.977980,https://charts-cdn.checkonchain.com/btconchain/realised/lthsopr_indicator/lthsopr_indicator_light.html,2026-10-06
2026-05-19,76670.361761,https://charts-cdn.checkonchain.com/btconchain/realised/lthsopr_indicator/lthsopr_indicator_light.html,2026-10-06
2026-05-20,76653.881934,https://charts-cdn.checkonchain.com/btconchain/realised/lthsopr_indicator/lthsopr_indicator_light.html,2026-10-06
2026-05-21,76664.104526,https://charts-cdn.checkonchain.com/btconchain/realised/lthsopr_indicator/lthsopr_indicator_light.html,2026-10-06
2026-05-22,76702.514545,https://charts-cdn.checkonchain.com/btconchain/realised/lthsopr_indicator/lthsopr_indicator_light.html,2026-10-06
2026-05-23,76899.325489,https://charts-cdn.checkonchain.com/btconchain/realised/lthsopr_indicator/lthsopr_indicator_light.html,2026-10-06
2026-05-24,76898.361722,https://charts-cdn.checkonchain.com/btconchain/realised/lthsopr_indicator/lthsopr_indicator_light.html,2026-10-06
2026-05-25,76982.056466,https://charts-cdn.checkonchain.com/btconchain/realised/lthsopr_indicator/lthsopr_indicator_light.html,2026-10-06
2026-05-26,76975.488592,https://charts-cdn.checkonchain.com/btconchain/realised/lthsopr_indicator/lthsopr_indicator_light.html,2026-10-06
2026-05-27,76975.743196,https://charts-cdn.checkonchain.com/btconchain/realised/lthsopr_indicator/lthsopr_indicator_light.html,2026-10-06
2026-05-28,76946.331190,https://charts-cdn.checkonchain.com/btconchain/realised/lthsopr_indicator/lthsopr_indicator_light.html,2026-10-06
2026-05-29,77034.177630,https://charts-cdn.checkonchain.com/btconchain/realised/lthsopr_indicator/lthsopr_indicator_light.html,2026-10-06
2026-05-30,77159.051860,https://charts-cdn.checkonchain.com/btconchain/realised/lthsopr_indicator/lthsopr_indicator_light.html,2026-10-06
2026-05-31,77284.126514,https://charts-cdn.checkonchain.com/btconchain/realised/lthsopr_indicator/lthsopr_indicator_light.html,2026-10-06
2026-06-01,77292.954786,https://charts-cdn.checkonchain.com/btconchain/realised/lthsopr_indicator/lthsopr_indicator_light.html,2026-10-06
2026-06-02,77171.243530,https://charts-cdn.checkonchain.com/btconchain/realised/lthsopr_indicator/lthsopr_indicator_light.html,2026-10-06
2026-06-03,77093.822847,https://charts-cdn.checkonchain.com/btconchain/realised/lthsopr_indicator/lthsopr_indicator_light.html,2026-10-06
2026-06-04,77118.612953,https://charts-cdn.checkonchain.com/btconchain/realised/lthsopr_indicator/lthsopr_indicator_light.html,2026-10-06
2026-06-05,77180.722338,https://charts-cdn.checkonchain.com/btconchain/realised/lthsopr_indicator/lthsopr_indicator_light.html,2026-10-06
2026-06-06,77563.556217,https://charts-cdn.checkonchain.com/btconchain/realised/lthsopr_indicator/lthsopr_indicator_light.html,2026-10-06
2026-06-07,77598.545668,https://charts-cdn.checkonchain.com/btconchain/realised/lthsopr_indicator/lthsopr_indicator_light.html,2026-10-06
2026-06-08,77694.008653,https://charts-cdn.checkonchain.com/btconchain/realised/lthsopr_indicator/lthsopr_indicator_light.html,2026-10-06
2026-06-09,77840.744222,https://charts-cdn.checkonchain.com/btconchain/realised/lthsopr_indicator/lthsopr_indicator_light.html,2026-10-06
2026-06-10,77906.366468,https://charts-cdn.checkonchain.com/btconchain/realised/lthsopr_indicator/lthsopr_indicator_light.html,2026-10-06
2026-06-11,77965.771189,https://charts-cdn.checkonchain.com/btconchain/realised/lthsopr_indicator/lthsopr_indicator_light.html,2026-10-06
2026-06-12,78046.841260,https://charts-cdn.checkonchain.com/btconchain/realised/lthsopr_indicator/lthsopr_indicator_light.html,2026-10-06
2026-06-13,78151.870083,https://charts-cdn.checkonchain.com/btconchain/realised/lthsopr_indicator/lthsopr_indicator_light.html,2026-10-06
2026-06-14,78264.104499,https://charts-cdn.checkonchain.com/btconchain/realised/lthsopr_indicator/lthsopr_indicator_light.html,2026-10-06
2026-06-15,78345.709392,https://charts-cdn.checkonchain.com/btconchain/realised/lthsopr_indicator/lthsopr_indicator_light.html,2026-10-06
2026-06-16,78388.159637,https://charts-cdn.checkonchain.com/btconchain/realised/lthsopr_indicator/lthsopr_indicator_light.html,2026-10-06
2026-06-17,78401.861382,https://charts-cdn.checkonchain.com/btconchain/realised/lthsopr_indicator/lthsopr_indicator_light.html,2026-10-06
2026-06-18,78421.203882,https://charts-cdn.checkonchain.com/btconchain/realised/lthsopr_indicator/lthsopr_indicator_light.html,2026-10-06
2026-06-19,78506.997199,https://charts-cdn.checkonchain.com/btconchain/realised/lthsopr_indicator/lthsopr_indicator_light.html,2026-10-06
2026-06-20,78601.371316,https://charts-cdn.checkonchain.com/btconchain/realised/lthsopr_indicator/lthsopr_indicator_light.html,2026-10-06
2026-06-21,78676.980748,https://charts-cdn.checkonchain.com/btconchain/realised/lthsopr_indicator/lthsopr_indicator_light.html,2026-10-06
2026-06-22,78742.976483,https://charts-cdn.checkonchain.com/btconchain/realised/lthsopr_indicator/lthsopr_indicator_light.html,2026-10-06
2026-06-23,78709.404173,https://charts-cdn.checkonchain.com/btconchain/realised/lthsopr_indicator/lthsopr_indicator_light.html,2026-10-06
2026-06-24,78695.547896,https://charts-cdn.checkonchain.com/btconchain/realised/lthsopr_indicator/lthsopr_indicator_light.html,2026-10-06
2026-06-25,78729.351568,https://charts-cdn.checkonchain.com/btconchain/realised/lthsopr_indicator/lthsopr_indicator_light.html,2026-10-06
2026-06-26,78705.795697,https://charts-cdn.checkonchain.com/btconchain/realised/lthsopr_indicator/lthsopr_indicator_light.html,2026-10-06
2026-06-27,78741.936553,https://charts-cdn.checkonchain.com/btconchain/realised/lthsopr_indicator/lthsopr_indicator_light.html,2026-10-06
2026-06-28,78774.788402,https://charts-cdn.checkonchain.com/btconchain/realised/lthsopr_indicator/lthsopr_indicator_light.html,2026-10-06
2026-06-29,78788.812624,https://charts-cdn.checkonchain.com/btconchain/realised/lthsopr_indicator/lthsopr_indicator_light.html,2026-10-06
2026-06-30,78706.536224,https://charts-cdn.checkonchain.com/btconchain/realised/lthsopr_indicator/lthsopr_indicator_light.html,2026-10-06
2026-07-01,78687.031361,https://charts-cdn.checkonchain.com/btconchain/realised/lthsopr_indicator/lthsopr_indicator_light.html,2026-10-06
2026-07-02,78652.313908,https://charts-cdn.checkonchain.com/btconchain/realised/lthsopr_indicator/lthsopr_indicator_light.html,2026-10-06
2026-07-03,78701.958683,https://charts-cdn.checkonchain.com/btconchain/realised/lthsopr_indicator/lthsopr_indicator_light.html,2026-10-06
2026-07-04,78742.820956,https://charts-cdn.checkonchain.com/btconchain/realised/lthsopr_indicator/lthsopr_indicator_light.html,2026-10-06
2026-07-05,78829.823279,https://charts-cdn.checkonchain.com/btconchain/realised/lthsopr_indicator/lthsopr_indicator_light.html,2026-10-06
2026-07-06,78871.017132,https://charts-cdn.checkonchain.com/btconchain/realised/lthsopr_indicator/lthsopr_indicator_light.html,2026-10-06
2026-07-07,78875.144053,https://charts-cdn.checkonchain.com/btconchain/realised/lthsopr_indicator/lthsopr_indicator_light.html,2026-10-06
2026-07-08,78887.637474,https://charts-cdn.checkonchain.com/btconchain/realised/lthsopr_indicator/lthsopr_indicator_light.html,2026-10-06
2026-07-09,78917.394996,https://charts-cdn.checkonchain.com/btconchain/realised/lthsopr_indicator/lthsopr_indicator_light.html,2026-10-06
2026-07-10,78897.979208,https://charts-cdn.checkonchain.com/btconchain/realised/lthsopr_indicator/lthsopr_indicator_light.html,2026-10-06
2026-07-11,78926.538025,https://charts-cdn.checkonchain.com/btconchain/realised/lthsopr_indicator/lthsopr_indicator_light.html,2026-10-06
2026-07-12,78976.660471,https://charts-cdn.checkonchain.com/btconchain/realised/lthsopr_indicator/lthsopr_indicator_light.html,2026-10-06
2026-07-13,78982.579723,https://charts-cdn.checkonchain.com/btconchain/realised/lthsopr_indicator/lthsopr_indicator_light.html,2026-10-06
2026-07-14,78908.872167,https://charts-cdn.checkonchain.com/btconchain/realised/lthsopr_indicator/lthsopr_indicator_light.html,2026-10-06
2026-07-15,78856.415999,https://charts-cdn.checkonchain.com/btconchain/realised/lthsopr_indicator/lthsopr_indicator_light.html,2026-10-06
2026-07-16,78856.910639,https://charts-cdn.checkonchain.com/btconchain/realised/lthsopr_indicator/lthsopr_indicator_light.html,2026-10-06
2026-07-17,78845.530300,https://charts-cdn.checkonchain.com/btconchain/realised/lthsopr_indicator/lthsopr_indicator_light.html,2026-10-06
2026-07-18,78885.919580,https://charts-cdn.checkonchain.com/btconchain/realised/lthsopr_indicator/lthsopr_indicator_light.html,2026-10-06
2026-07-19,78910.294532,https://charts-cdn.checkonchain.com/btconchain/realised/lthsopr_indicator/lthsopr_indicator_light.html,2026-10-06
2026-07-20,78913.305847,https://charts-cdn.checkonchain.com/btconchain/realised/lthsopr_indicator/lthsopr_indicator_light.html,2026-10-06
2026-07-21,78920.936165,https://charts-cdn.checkonchain.com/btconchain/realised/lthsopr_indicator/lthsopr_indicator_light.html,2026-10-06
2026-07-22,78899.508580,https://charts-cdn.checkonchain.com/btconchain/realised/lthsopr_indicator/lthsopr_indicator_light.html,2026-10-06
2026-07-23,78914.133371,https://charts-cdn.checkonchain.com/btconchain/realised/lthsopr_indicator/lthsopr_indicator_light.html,2026-10-06
2026-07-24,78911.528609,https://charts-cdn.checkonchain.com/btconchain/realised/lthsopr_indicator/lthsopr_indicator_light.html,2026-10-06
2026-07-25,78937.879691,https://charts-cdn.checkonchain.com/btconchain/realised/lthsopr_indicator/lthsopr_indicator_light.html,2026-10-06
2026-07-26,78963.531768,https://charts-cdn.checkonchain.com/btconchain/realised/lthsopr_indicator/lthsopr_indicator_light.html,2026-10-06
2026-07-27,78963.354337,https://charts-cdn.checkonchain.com/btconchain/realised/lthsopr_indicator/lthsopr_indicator_light.html,2026-10-06
2026-07-28,78961.994559,https://charts-cdn.checkonchain.com/btconchain/realised/lthsopr_indicator/lthsopr_indicator_light.html,2026-10-06
2026-07-29,78946.701213,https://charts-cdn.checkonchain.com/btconchain/realised/lthsopr_indicator/lthsopr_indicator_light.html,2026-10-06
2026-07-30,78907.303389,https://charts-cdn.checkonchain.com/btconchain/realised/lthsopr_indicator/lthsopr_indicator_light.html,2026-10-06
2026-07-31,78778.823185,https://charts-cdn.checkonchain.com/btconchain/realised/lthsopr_indicator/lthsopr_indicator_light.html,2026-10-06
2026-08-01,78606.439635,https://charts-cdn.checkonchain.com/btconchain/realised/lthsopr_indicator/lthsopr_indicator_light.html,2026-10-06
2026-08-02,78597.002999,https://charts-cdn.checkonchain.com/btconchain/realised/lthsopr_indicator/lthsopr_indicator_light.html,2026-10-06
2026-08-03,78495.420613,https://charts-cdn.checkonchain.com/btconchain/realised/lthsopr_indicator/lthsopr_indicator_light.html,2026-10-06
2026-08-04,78428.793280,https://charts-cdn.checkonchain.com/btconchain/realised/lthsopr_indicator/lthsopr_indicator_light.html,2026-10-06
2026-08-05,78349.378100,https://charts-cdn.checkonchain.com/btconchain/realised/lthsopr_indicator/lthsopr_indicator_light.html,2026-10-06
2026-08-06,78334.463674,https://charts-cdn.checkonchain.com/btconchain/realised/lthsopr_indicator/lthsopr_indicator_light.html,2026-10-06
2026-08-07,78324.059088,https://charts-cdn.checkonchain.com/btconchain/realised/lthsopr_indicator/lthsopr_indicator_light.html,2026-10-06
2026-08-08,78345.673901,https://charts-cdn.checkonchain.com/btconchain/realised/lthsopr_indicator/lthsopr_indicator_light.html,2026-10-06
2026-08-09,78368.326457,https://charts-cdn.checkonchain.com/btconchain/realised/lthsopr_indicator/lthsopr_indicator_light.html,2026-10-06
2026-08-10,78375.186210,https://charts-cdn.checkonchain.com/btconchain/realised/lthsopr_indicator/lthsopr_indicator_light.html,2026-10-06
2026-08-11,78357.972371,https://charts-cdn.checkonchain.com/btconchain/realised/lthsopr_indicator/lthsopr_indicator_light.html,2026-10-06
2026-08-12,78307.111864,https://charts-cdn.checkonchain.com/btconchain/realised/lthsopr_indicator/lthsopr_indicator_light.html,2026-10-06
2026-08-13,78337.704859,https://charts-cdn.checkonchain.com/btconchain/realised/lthsopr_indicator/lthsopr_indicator_light.html,2026-10-06
2026-08-14,78402.776444,https://charts-cdn.checkonchain.com/btconchain/realised/lthsopr_indicator/lthsopr_indicator_light.html,2026-10-06
2026-08-15,78436.000842,https://charts-cdn.checkonchain.com/btconchain/realised/lthsopr_indicator/lthsopr_indicator_light.html,2026-10-06
2026-08-16,78434.122502,https://charts-cdn.checkonchain.com/btconchain/realised/lthsopr_indicator/lthsopr_indicator_light.html,2026-10-06
2026-08-17,78426.439671,https://charts-cdn.checkonchain.com/btconchain/realised/lthsopr_indicator/lthsopr_indicator_light.html,2026-10-06
2026-08-18,78382.586648,https://charts-cdn.checkonchain.com/btconchain/realised/lthsopr_indicator/lthsopr_indicator_light.html,2026-10-06
2026-08-19,78321.082733,https://charts-cdn.checkonchain.com/btconchain/realised/lthsopr_indicator/lthsopr_indicator_light.html,2026-10-06
2026-08-20,78231.112747,https://charts-cdn.checkonchain.com/btconchain/realised/lthsopr_indicator/lthsopr_indicator_light.html,2026-10-06
2026-08-21,78188.297685,https://charts-cdn.checkonchain.com/btconchain/realised/lthsopr_indicator/lthsopr_indicator_light.html,2026-10-06
2026-08-22,78209.657262,https://charts-cdn.checkonchain.com/btconchain/realised/lthsopr_indicator/lthsopr_indicator_light.html,2026-10-06
2026-08-23,78252.201031,https://charts-cdn.checkonchain.com/btconchain/realised/lthsopr_indicator/lthsopr_indicator_light.html,2026-10-06
2026-08-24,78224.477968,https://charts-cdn.checkonchain.com/btconchain/realised/lthsopr_indicator/lthsopr_indicator_light.html,2026-10-06
2026-08-25,78155.396263,https://charts-cdn.checkonchain.com/btconchain/realised/lthsopr_indicator/lthsopr_indicator_light.html,2026-10-06
2026-08-26,78100.402648,https://charts-cdn.checkonchain.com/btconchain/realised/lthsopr_indicator/lthsopr_indicator_light.html,2026-10-06
2026-08-27,78018.911847,https://charts-cdn.checkonchain.com/btconchain/realised/lthsopr_indicator/lthsopr_indicator_light.html,2026-10-06
2026-08-28,77954.836731,https://charts-cdn.checkonchain.com/btconchain/realised/lthsopr_indicator/lthsopr_indicator_light.html,2026-10-06
2026-08-29,77961.774004,https://charts-cdn.checkonchain.com/btconchain/realised/lthsopr_indicator/lthsopr_indicator_light.html,2026-10-06
2026-08-30,77975.052174,https://charts-cdn.checkonchain.com/btconchain/realised/lthsopr_indicator/lthsopr_indicator_light.html,2026-10-06
2026-08-31,77957.652993,https://charts-cdn.checkonchain.com/btconchain/realised/lthsopr_indicator/lthsopr_indicator_light.html,2026-10-06
2026-09-01,77925.366615,https://charts-cdn.checkonchain.com/btconchain/realised/lthsopr_indicator/lthsopr_indicator_light.html,2026-10-06
2026-09-02,77893.914974,https://charts-cdn.checkonchain.com/btconchain/realised/lthsopr_indicator/lthsopr_indicator_light.html,2026-10-06
2026-09-03,77880.159348,https://charts-cdn.checkonchain.com/btconchain/realised/lthsopr_indicator/lthsopr_indicator_light.html,2026-10-06
2026-09-04,77825.474228,https://charts-cdn.checkonchain.com/btconchain/realised/lthsopr_indicator/lthsopr_indicator_light.html,2026-10-06
2026-09-05,77831.764472,https://charts-cdn.checkonchain.com/btconchain/realised/lthsopr_indicator/lthsopr_indicator_light.html,2026-10-06
2026-09-06,77852.291189,https://charts-cdn.checkonchain.com/btconchain/realised/lthsopr_indicator/lthsopr_indicator_light.html,2026-10-06
2026-09-07,77866.846919,https://charts-cdn.checkonchain.com/btconchain/realised/lthsopr_indicator/lthsopr_indicator_light.html,2026-10-06
2026-09-08,77871.360313,https://charts-cdn.checkonchain.com/btconchain/realised/lthsopr_indicator/lthsopr_indicator_light.html,2026-10-06
2026-09-09,77833.723067,https://charts-cdn.checkonchain.com/btconchain/realised/lthsopr_indicator/lthsopr_indicator_light.html,2026-10-06
2026-09-10,77832.932785,https://charts-cdn.checkonchain.com/btconchain/realised/lthsopr_indicator/lthsopr_indicator_light.html,2026-10-06
2026-09-11,77889.451076,https://charts-cdn.checkonchain.com/btconchain/realised/lthsopr_indicator/lthsopr_indicator_light.html,2026-10-06
2026-09-12,77929.383523,https://charts-cdn.checkonchain.com/btconchain/realised/lthsopr_indicator/lthsopr_indicator_light.html,2026-10-06
2026-09-13,77961.052713,https://charts-cdn.checkonchain.com/btconchain/realised/lthsopr_indicator/lthsopr_indicator_light.html,2026-10-06
2026-09-14,77997.862994,https://charts-cdn.checkonchain.com/btconchain/realised/lthsopr_indicator/lthsopr_indicator_light.html,2026-10-06
2026-09-15,78000.034260,https://charts-cdn.checkonchain.com/btconchain/realised/lthsopr_indicator/lthsopr_indicator_light.html,2026-10-06
2026-09-16,77902.450001,https://charts-cdn.checkonchain.com/btconchain/realised/lthsopr_indicator/lthsopr_indicator_light.html,2026-10-06
2026-09-17,77877.024551,https://charts-cdn.checkonchain.com/btconchain/realised/lthsopr_indicator/lthsopr_indicator_light.html,2026-10-06
2026-09-18,77869.052474,https://charts-cdn.checkonchain.com/btconchain/realised/lthsopr_indicator/lthsopr_indicator_light.html,2026-10-06
2026-09-19,77948.188639,https://charts-cdn.checkonchain.com/btconchain/realised/lthsopr_indicator/lthsopr_indicator_light.html,2026-10-06
2026-09-20,78005.419524,https://charts-cdn.checkonchain.com/btconchain/realised/lthsopr_indicator/lthsopr_indicator_light.html,2026-10-06
2026-09-21,78058.758685,https://charts-cdn.checkonchain.com/btconchain/realised/lthsopr_indicator/lthsopr_indicator_light.html,2026-10-06
2026-09-22,78002.768118,https://charts-cdn.checkonchain.com/btconchain/realised/lthsopr_indicator/lthsopr_indicator_light.html,2026-10-06
2026-09-23,77991.811223,https://charts-cdn.checkonchain.com/btconchain/realised/lthsopr_indicator/lthsopr_indicator_light.html,2026-10-06
2026-09-24,77966.490692,https://charts-cdn.checkonchain.com/btconchain/realised/lthsopr_indicator/lthsopr_indicator_light.html,2026-10-06
2026-09-25,77949.517308,https://charts-cdn.checkonchain.com/btconchain/realised/lthsopr_indicator/lthsopr_indicator_light.html,2026-10-06
2026-09-26,78005.152687,https://charts-cdn.checkonchain.com/btconchain/realised/lthsopr_indicator/lthsopr_indicator_light.html,2026-10-06
2026-09-27,78093.088726,https://charts-cdn.checkonchain.com/btconchain/realised/lthsopr_indicator/lthsopr_indicator_light.html,2026-10-06
2026-09-28,78001.442082,https://charts-cdn.checkonchain.com/btconchain/realised/lthsopr_indicator/lthsopr_indicator_light.html,2026-10-06
2026-09-29,77946.857990,https://charts-cdn.checkonchain.com/btconchain/realised/lthsopr_indicator/lthsopr_indicator_light.html,2026-10-06
2026-09-30,77885.377517,https://charts-cdn.checkonchain.com/btconchain/realised/lthsopr_indicator/lthsopr_indicator_light.html,2026-10-06
2026-10-01,77910.150823,https://charts-cdn.checkonchain.com/btconchain/realised/lthsopr_indicator/lthsopr_indicator_light.html,2026-10-06
2026-10-02,77948.429651,https://charts-cdn.checkonchain.com/btconchain/realised/lthsopr_indicator/lthsopr_indicator_light.html,2026-10-06
2026-10-03,77999.873834,https://charts-cdn.checkonchain.com/btconchain/realised/lthsopr_indicator/lthsopr_indicator_light.html,2026-10-06
2026-10-04,78026.614258,https://charts-cdn.checkonchain.com/btconchain/realised/lthsopr_indicator/lthsopr_indicator_light.html,2026-10-06
2026-10-05,78020.436018,https://charts-cdn.checkonchain.com/btconchain/realised/lthsopr_indicator/lthsopr_indicator_light.html,2026-10-06
